Copyright 1986-2022 Xilinx, Inc. All Rights Reserved.
------------------------------------------------------------------------------------------------------------------------------------------------------------------------------------------------------------------
| Tool Version : Vivado v.2022.2 (lin64) Build 3671981 Fri Oct 14 04:59:54 MDT 2022
| Date         : Sat Jan 11 05:00:54 2025
| Host         : karpuz running 64-bit Ubuntu 22.04.5 LTS
| Command      : report_timing_summary -max_paths 10 -report_unconstrained -file air_soc_timing_summary_routed.rpt -pb air_soc_timing_summary_routed.pb -rpx air_soc_timing_summary_routed.rpx -warn_on_violation
| Design       : air_soc
| Device       : 7z045-ffg900
| Speed File   : -2  PRODUCTION 1.12 2019-11-22
------------------------------------------------------------------------------------------------------------------------------------------------------------------------------------------------------------------

Timing Summary Report

------------------------------------------------------------------------------------------------
| Timer Settings
| --------------
------------------------------------------------------------------------------------------------

  Enable Multi Corner Analysis               :  Yes
  Enable Pessimism Removal                   :  Yes
  Pessimism Removal Resolution               :  Nearest Common Node
  Enable Input Delay Default Clock           :  No
  Enable Preset / Clear Arcs                 :  No
  Disable Flight Delays                      :  No
  Ignore I/O Paths                           :  No
  Timing Early Launch at Borrowing Latches   :  No
  Borrow Time for Max Delay Exceptions       :  Yes
  Merge Timing Exceptions                    :  Yes

  Corner  Analyze    Analyze    
  Name    Max Paths  Min Paths  
  ------  ---------  ---------  
  Slow    Yes        Yes        
  Fast    Yes        Yes        


------------------------------------------------------------------------------------------------
| Report Methodology
| ------------------
------------------------------------------------------------------------------------------------

Rule       Severity          Description                                             Violations  
---------  ----------------  ------------------------------------------------------  ----------  
TIMING-14  Critical Warning  LUT on the clock tree                                   35          
TIMING-17  Critical Warning  Non-clocked sequential cell                             32          
DPIR-1     Warning           Asynchronous driver check                               32          
LUTAR-1    Warning           LUT drives async reset alert                            2           
SYNTH-10   Warning           Wide multiplier                                         3           
SYNTH-15   Warning           Byte wide write enable not inferred                     128         
XDCC-7     Warning           Scoped Clock constraint overwritten on the same source  1           
LATCH-1    Advisory          Existing latches in the design                          1           
REQP-1959  Advisory          connects_SERDES_RST_driver_not_FF                       16          

Note: This report is based on the most recent report_methodology run and may not be up-to-date. Run report_methodology on the current design for the latest report.



check_timing report

Table of Contents
-----------------
1. checking no_clock (32)
2. checking constant_clock (0)
3. checking pulse_width_clock (0)
4. checking unconstrained_internal_endpoints (16)
5. checking no_input_delay (18)
6. checking no_output_delay (44)
7. checking multiple_clock (0)
8. checking generated_clocks (0)
9. checking loops (0)
10. checking partial_input_delay (0)
11. checking partial_output_delay (0)
12. checking latch_loops (0)

1. checking no_clock (32)
-------------------------
 There are 16 register/latch pins with no clock driven by root clock pin: ddr3_dqs_p[0] (HIGH)

 There are 16 register/latch pins with no clock driven by root clock pin: ddr3_dqs_p[1] (HIGH)


2. checking constant_clock (0)
------------------------------
 There are 0 register/latch pins with constant_clock.


3. checking pulse_width_clock (0)
---------------------------------
 There are 0 register/latch pins which need pulse_width check


4. checking unconstrained_internal_endpoints (16)
-------------------------------------------------
 There are 16 pins that are not constrained for maximum delay. (HIGH)

 There are 0 pins that are not constrained for maximum delay due to constant clock.


5. checking no_input_delay (18)
-------------------------------
 There are 18 input ports with no input delay specified. (HIGH)

 There are 0 input ports with no input delay but user has a false path constraint.


6. checking no_output_delay (44)
--------------------------------
 There are 44 ports with no output delay specified. (HIGH)

 There are 0 ports with no output delay but user has a false path constraint

 There are 0 ports with no output delay but with a timing clock defined on it or propagating through it


7. checking multiple_clock (0)
------------------------------
 There are 0 register/latch pins with multiple clocks.


8. checking generated_clocks (0)
--------------------------------
 There are 0 generated clocks that are not connected to a clock source.


9. checking loops (0)
---------------------
 There are 0 combinational loops in the design.


10. checking partial_input_delay (0)
------------------------------------
 There are 0 input ports with partial input delay specified.


11. checking partial_output_delay (0)
-------------------------------------
 There are 0 ports with partial output delay specified.


12. checking latch_loops (0)
----------------------------
 There are 0 combinational latch loops in the design through latch input



------------------------------------------------------------------------------------------------
| Design Timing Summary
| ---------------------
------------------------------------------------------------------------------------------------

    WNS(ns)      TNS(ns)  TNS Failing Endpoints  TNS Total Endpoints      WHS(ns)      THS(ns)  THS Failing Endpoints  THS Total Endpoints     WPWS(ns)     TPWS(ns)  TPWS Failing Endpoints  TPWS Total Endpoints  
    -------      -------  ---------------------  -------------------      -------      -------  ---------------------  -------------------     --------     --------  ----------------------  --------------------  
      0.000        0.000                      0                17235        0.054        0.000                      0                17235        0.264        0.000                       0                  5262  


All user specified timing constraints are met.


------------------------------------------------------------------------------------------------
| Clock Summary
| -------------
------------------------------------------------------------------------------------------------

Clock                   Waveform(ns)         Period(ns)      Frequency(MHz)
-----                   ------------         ----------      --------------
clk_200mhz_p            {0.000 2.500}        5.000           200.000         
  clk_out1_clk_wiz_1_1  {0.000 5.000}        10.000          100.000         
  clk_out2_clk_wiz_1_1  {0.000 1.250}        2.500           400.000         
  clk_out3_clk_wiz_1_1  {0.000 2.500}        5.000           200.000         
  clk_out4_clk_wiz_1_1  {0.625 1.875}        2.500           400.000         
  clk_out5_clk_wiz_1_1  {0.000 10.000}       20.000          50.000          
  clkfbout_clk_wiz_1_1  {0.000 2.500}        5.000           200.000         


------------------------------------------------------------------------------------------------
| Intra Clock Table
| -----------------
------------------------------------------------------------------------------------------------

Clock                       WNS(ns)      TNS(ns)  TNS Failing Endpoints  TNS Total Endpoints      WHS(ns)      THS(ns)  THS Failing Endpoints  THS Total Endpoints     WPWS(ns)     TPWS(ns)  TPWS Failing Endpoints  TPWS Total Endpoints  
-----                       -------      -------  ---------------------  -------------------      -------      -------  ---------------------  -------------------     --------     --------  ----------------------  --------------------  
clk_200mhz_p                                                                                                                                                              1.100        0.000                       0                     1  
  clk_out1_clk_wiz_1_1        4.804        0.000                      0                  914        0.074        0.000                      0                  914        4.232        0.000                       0                   568  
  clk_out2_clk_wiz_1_1                                                                                                                                                    1.092        0.000                       0                    20  
  clk_out3_clk_wiz_1_1                                                                                                                                                    0.264        0.000                       0                     3  
  clk_out4_clk_wiz_1_1                                                                                                                                                    1.092        0.000                       0                     4  
  clk_out5_clk_wiz_1_1        0.000        0.000                      0                12663        0.107        0.000                      0                12663        9.232        0.000                       0                  4663  
  clkfbout_clk_wiz_1_1                                                                                                                                                    3.592        0.000                       0                     3  


------------------------------------------------------------------------------------------------
| Inter Clock Table
| -----------------
------------------------------------------------------------------------------------------------

From Clock            To Clock                  WNS(ns)      TNS(ns)  TNS Failing Endpoints  TNS Total Endpoints      WHS(ns)      THS(ns)  THS Failing Endpoints  THS Total Endpoints  
----------            --------                  -------      -------  ---------------------  -------------------      -------      -------  ---------------------  -------------------  
clk_out5_clk_wiz_1_1  clk_out1_clk_wiz_1_1        0.532        0.000                      0                  827        0.088        0.000                      0                  827  
clk_out1_clk_wiz_1_1  clk_out5_clk_wiz_1_1        3.839        0.000                      0                   36        0.054        0.000                      0                   36  


------------------------------------------------------------------------------------------------
| Other Path Groups Table
| -----------------------
------------------------------------------------------------------------------------------------

Path Group            From Clock            To Clock                  WNS(ns)      TNS(ns)  TNS Failing Endpoints  TNS Total Endpoints      WHS(ns)      THS(ns)  THS Failing Endpoints  THS Total Endpoints  
----------            ----------            --------                  -------      -------  ---------------------  -------------------      -------      -------  ---------------------  -------------------  
**async_default**     clk_out5_clk_wiz_1_1  clk_out5_clk_wiz_1_1        4.202        0.000                      0                 3110        0.485        0.000                      0                 3110  


------------------------------------------------------------------------------------------------
| User Ignored Path Table
| -----------------------
------------------------------------------------------------------------------------------------

Path Group    From Clock    To Clock    
----------    ----------    --------    


------------------------------------------------------------------------------------------------
| Unconstrained Path Table
| ------------------------
------------------------------------------------------------------------------------------------

Path Group            From Clock            To Clock            
----------            ----------            --------            
(none)                                                            
(none)                clk_out1_clk_wiz_1_1                        
(none)                clk_out2_clk_wiz_1_1                        
(none)                clk_out3_clk_wiz_1_1                        
(none)                clk_out4_clk_wiz_1_1                        
(none)                clk_out5_clk_wiz_1_1                        
(none)                clkfbout_clk_wiz_1_1                        
(none)                                      clk_out1_clk_wiz_1_1  
(none)                                      clk_out5_clk_wiz_1_1  


------------------------------------------------------------------------------------------------
| Timing Details
| --------------
------------------------------------------------------------------------------------------------


---------------------------------------------------------------------------------------------------
From Clock:  clk_200mhz_p
  To Clock:  clk_200mhz_p

Setup :           NA  Failing Endpoints,  Worst Slack           NA  ,  Total Violation           NA
Hold  :           NA  Failing Endpoints,  Worst Slack           NA  ,  Total Violation           NA
PW    :            0  Failing Endpoints,  Worst Slack        1.100ns,  Total Violation        0.000ns
---------------------------------------------------------------------------------------------------


Pulse Width Checks
--------------------------------------------------------------------------------------
Clock Name:         clk_200mhz_p
Waveform(ns):       { 0.000 2.500 }
Period(ns):         5.000
Sources:            { clk_p }

Check Type        Corner  Lib Pin            Reference Pin  Required(ns)  Actual(ns)  Slack(ns)  Location         Pin
Min Period        n/a     MMCME2_ADV/CLKIN1  n/a            1.071         5.000       3.929      MMCME2_ADV_X1Y5  u_pll/inst/mmcm_adv_inst/CLKIN1
Max Period        n/a     MMCME2_ADV/CLKIN1  n/a            100.000       5.000       95.000     MMCME2_ADV_X1Y5  u_pll/inst/mmcm_adv_inst/CLKIN1
Low Pulse Width   Slow    MMCME2_ADV/CLKIN1  n/a            1.400         2.500       1.100      MMCME2_ADV_X1Y5  u_pll/inst/mmcm_adv_inst/CLKIN1
Low Pulse Width   Fast    MMCME2_ADV/CLKIN1  n/a            1.400         2.500       1.100      MMCME2_ADV_X1Y5  u_pll/inst/mmcm_adv_inst/CLKIN1
High Pulse Width  Slow    MMCME2_ADV/CLKIN1  n/a            1.400         2.500       1.100      MMCME2_ADV_X1Y5  u_pll/inst/mmcm_adv_inst/CLKIN1
High Pulse Width  Fast    MMCME2_ADV/CLKIN1  n/a            1.400         2.500       1.100      MMCME2_ADV_X1Y5  u_pll/inst/mmcm_adv_inst/CLKIN1



---------------------------------------------------------------------------------------------------
From Clock:  clk_out1_clk_wiz_1_1
  To Clock:  clk_out1_clk_wiz_1_1

Setup :            0  Failing Endpoints,  Worst Slack        4.804ns,  Total Violation        0.000ns
Hold  :            0  Failing Endpoints,  Worst Slack        0.074ns,  Total Violation        0.000ns
PW    :            0  Failing Endpoints,  Worst Slack        4.232ns,  Total Violation        0.000ns
---------------------------------------------------------------------------------------------------


Max Delay Paths
--------------------------------------------------------------------------------------
Slack (MET) :             4.804ns  (required time - arrival time)
  Source:                 dram_dut/dram_iface_dut/controller/u_ddr_core/refresh_timer_q_reg[6]/C
                            (rising edge-triggered cell FDSE clocked by clk_out1_clk_wiz_1_1  {rise@0.000ns fall@5.000ns period=10.000ns})
  Destination:            dram_dut/dram_iface_dut/controller/u_ddr_core/u_seq/u_write_fifo/ram_reg_0_3_12_17/RAMA/WE
                            (rising edge-triggered cell RAMD32 clocked by clk_out1_clk_wiz_1_1  {rise@0.000ns fall@5.000ns period=10.000ns})
  Path Group:             clk_out1_clk_wiz_1_1
  Path Type:              Setup (Max at Slow Process Corner)
  Requirement:            10.000ns  (clk_out1_clk_wiz_1_1 rise@10.000ns - clk_out1_clk_wiz_1_1 rise@0.000ns)
  Data Path Delay:        4.834ns  (logic 0.708ns (14.647%)  route 4.126ns (85.353%))
  Logic Levels:           5  (LUT4=2 LUT6=3)
  Clock Path Skew:        0.008ns (DCD - SCD + CPR)
    Destination Clock Delay (DCD):    -1.539ns = ( 8.461 - 10.000 ) 
    Source Clock Delay      (SCD):    -2.180ns
    Clock Pessimism Removal (CPR):    -0.633ns
  Clock Uncertainty:      0.067ns  ((TSJ^2 + DJ^2)^1/2) / 2 + PE
    Total System Jitter     (TSJ):    0.071ns
    Discrete Jitter          (DJ):    0.114ns
    Phase Error              (PE):    0.000ns

    Location             Delay type                Incr(ns)  Path(ns)    Netlist Resource(s)
  -------------------------------------------------------------------    -------------------
                         (clock clk_out1_clk_wiz_1_1 rise edge)
                                                      0.000     0.000 r  
    H9                                                0.000     0.000 r  clk_p (IN)
                         net (fo=0)                   0.000     0.000    u_pll/inst/clk_in1_p
    H9                   IBUFDS (Prop_ibufds_I_O)     0.880     0.880 r  u_pll/inst/clkin1_ibufgds/O
                         net (fo=1, routed)           1.081     1.961    u_pll/inst/clk_in1_clk_wiz_1
    MMCME2_ADV_X1Y5      MMCME2_ADV (Prop_mmcme2_adv_CLKIN1_CLKOUT0)
                                                     -7.639    -5.678 r  u_pll/inst/mmcm_adv_inst/CLKOUT0
                         net (fo=1, routed)           1.948    -3.730    u_pll/inst/clk_out1_clk_wiz_1
    BUFGCTRL_X0Y16       BUFG (Prop_bufg_I_O)         0.093    -3.637 r  u_pll/inst/clkout1_buf/O
                         net (fo=567, routed)         1.457    -2.180    dram_dut/dram_iface_dut/controller/u_ddr_core/clk_out1
    SLICE_X163Y226       FDSE                                         r  dram_dut/dram_iface_dut/controller/u_ddr_core/refresh_timer_q_reg[6]/C
  -------------------------------------------------------------------    -------------------
    SLICE_X163Y226       FDSE (Prop_fdse_C_Q)         0.204    -1.976 f  dram_dut/dram_iface_dut/controller/u_ddr_core/refresh_timer_q_reg[6]/Q
                         net (fo=17, routed)          0.827    -1.149    dram_dut/dram_iface_dut/controller/u_ddr_core/u_seq/u_write_fifo/i__i_1[6]
    SLICE_X160Y224       LUT6 (Prop_lut6_I2_O)        0.126    -1.023 f  dram_dut/dram_iface_dut/controller/u_ddr_core/u_seq/u_write_fifo/delay_q[5]_i_16/O
                         net (fo=3, routed)           0.370    -0.653    dram_dut/dram_iface_dut/controller/u_ddr_core/u_seq/u_write_fifo/refresh_timer_q_reg[4]
    SLICE_X161Y225       LUT4 (Prop_lut4_I3_O)        0.051    -0.602 f  dram_dut/dram_iface_dut/controller/u_ddr_core/u_seq/u_write_fifo/wr_ptr[1]_i_9/O
                         net (fo=1, routed)           0.549    -0.053    dram_dut/dram_iface_dut/controller/u_ddr_core/u_seq/u_write_fifo/wr_ptr[1]_i_9_n_0
    SLICE_X161Y224       LUT6 (Prop_lut6_I0_O)        0.136     0.083 r  dram_dut/dram_iface_dut/controller/u_ddr_core/u_seq/u_write_fifo/wr_ptr[1]_i_7/O
                         net (fo=7, routed)           0.728     0.811    dram_dut/dram_iface_dut/controller/u_ddr_core/u_seq/u_write_fifo/refresh_timer_q_reg[11]
    SLICE_X164Y219       LUT4 (Prop_lut4_I0_O)        0.054     0.865 r  dram_dut/dram_iface_dut/controller/u_ddr_core/u_seq/u_write_fifo/wr_ptr[1]_i_4/O
                         net (fo=12, routed)          1.079     1.944    dram_dut/dram_iface_dut/controller/u_ddr_core/u_seq/u_write_fifo/state_q_reg[2]_0
    SLICE_X165Y229       LUT6 (Prop_lut6_I3_O)        0.137     2.081 r  dram_dut/dram_iface_dut/controller/u_ddr_core/u_seq/u_write_fifo/ram_reg_0_3_0_5_i_1/O
                         net (fo=60, routed)          0.573     2.654    dram_dut/dram_iface_dut/controller/u_ddr_core/u_seq/u_write_fifo/ram_reg_0_3_12_17/WE
    SLICE_X170Y226       RAMD32                                       r  dram_dut/dram_iface_dut/controller/u_ddr_core/u_seq/u_write_fifo/ram_reg_0_3_12_17/RAMA/WE
  -------------------------------------------------------------------    -------------------

                         (clock clk_out1_clk_wiz_1_1 rise edge)
                                                     10.000    10.000 r  
    H9                                                0.000    10.000 r  clk_p (IN)
                         net (fo=0)                   0.000    10.000    u_pll/inst/clk_in1_p
    H9                   IBUFDS (Prop_ibufds_I_O)     0.778    10.778 r  u_pll/inst/clkin1_ibufgds/O
                         net (fo=1, routed)           0.986    11.764    u_pll/inst/clk_in1_clk_wiz_1
    MMCME2_ADV_X1Y5      MMCME2_ADV (Prop_mmcme2_adv_CLKIN1_CLKOUT0)
                                                     -6.516     5.248 r  u_pll/inst/mmcm_adv_inst/CLKOUT0
                         net (fo=1, routed)           1.788     7.036    u_pll/inst/clk_out1_clk_wiz_1
    BUFGCTRL_X0Y16       BUFG (Prop_bufg_I_O)         0.083     7.119 r  u_pll/inst/clkout1_buf/O
                         net (fo=567, routed)         1.342     8.461    dram_dut/dram_iface_dut/controller/u_ddr_core/u_seq/u_write_fifo/ram_reg_0_3_12_17/WCLK
    SLICE_X170Y226       RAMD32                                       r  dram_dut/dram_iface_dut/controller/u_ddr_core/u_seq/u_write_fifo/ram_reg_0_3_12_17/RAMA/CLK
                         clock pessimism             -0.633     7.828    
                         clock uncertainty           -0.067     7.761    
    SLICE_X170Y226       RAMD32 (Setup_ramd32_CLK_WE)
                                                     -0.303     7.458    dram_dut/dram_iface_dut/controller/u_ddr_core/u_seq/u_write_fifo/ram_reg_0_3_12_17/RAMA
  -------------------------------------------------------------------
                         required time                          7.458    
                         arrival time                          -2.654    
  -------------------------------------------------------------------
                         slack                                  4.804    

Slack (MET) :             4.804ns  (required time - arrival time)
  Source:                 dram_dut/dram_iface_dut/controller/u_ddr_core/refresh_timer_q_reg[6]/C
                            (rising edge-triggered cell FDSE clocked by clk_out1_clk_wiz_1_1  {rise@0.000ns fall@5.000ns period=10.000ns})
  Destination:            dram_dut/dram_iface_dut/controller/u_ddr_core/u_seq/u_write_fifo/ram_reg_0_3_12_17/RAMA_D1/WE
                            (rising edge-triggered cell RAMD32 clocked by clk_out1_clk_wiz_1_1  {rise@0.000ns fall@5.000ns period=10.000ns})
  Path Group:             clk_out1_clk_wiz_1_1
  Path Type:              Setup (Max at Slow Process Corner)
  Requirement:            10.000ns  (clk_out1_clk_wiz_1_1 rise@10.000ns - clk_out1_clk_wiz_1_1 rise@0.000ns)
  Data Path Delay:        4.834ns  (logic 0.708ns (14.647%)  route 4.126ns (85.353%))
  Logic Levels:           5  (LUT4=2 LUT6=3)
  Clock Path Skew:        0.008ns (DCD - SCD + CPR)
    Destination Clock Delay (DCD):    -1.539ns = ( 8.461 - 10.000 ) 
    Source Clock Delay      (SCD):    -2.180ns
    Clock Pessimism Removal (CPR):    -0.633ns
  Clock Uncertainty:      0.067ns  ((TSJ^2 + DJ^2)^1/2) / 2 + PE
    Total System Jitter     (TSJ):    0.071ns
    Discrete Jitter          (DJ):    0.114ns
    Phase Error              (PE):    0.000ns

    Location             Delay type                Incr(ns)  Path(ns)    Netlist Resource(s)
  -------------------------------------------------------------------    -------------------
                         (clock clk_out1_clk_wiz_1_1 rise edge)
                                                      0.000     0.000 r  
    H9                                                0.000     0.000 r  clk_p (IN)
                         net (fo=0)                   0.000     0.000    u_pll/inst/clk_in1_p
    H9                   IBUFDS (Prop_ibufds_I_O)     0.880     0.880 r  u_pll/inst/clkin1_ibufgds/O
                         net (fo=1, routed)           1.081     1.961    u_pll/inst/clk_in1_clk_wiz_1
    MMCME2_ADV_X1Y5      MMCME2_ADV (Prop_mmcme2_adv_CLKIN1_CLKOUT0)
                                                     -7.639    -5.678 r  u_pll/inst/mmcm_adv_inst/CLKOUT0
                         net (fo=1, routed)           1.948    -3.730    u_pll/inst/clk_out1_clk_wiz_1
    BUFGCTRL_X0Y16       BUFG (Prop_bufg_I_O)         0.093    -3.637 r  u_pll/inst/clkout1_buf/O
                         net (fo=567, routed)         1.457    -2.180    dram_dut/dram_iface_dut/controller/u_ddr_core/clk_out1
    SLICE_X163Y226       FDSE                                         r  dram_dut/dram_iface_dut/controller/u_ddr_core/refresh_timer_q_reg[6]/C
  -------------------------------------------------------------------    -------------------
    SLICE_X163Y226       FDSE (Prop_fdse_C_Q)         0.204    -1.976 f  dram_dut/dram_iface_dut/controller/u_ddr_core/refresh_timer_q_reg[6]/Q
                         net (fo=17, routed)          0.827    -1.149    dram_dut/dram_iface_dut/controller/u_ddr_core/u_seq/u_write_fifo/i__i_1[6]
    SLICE_X160Y224       LUT6 (Prop_lut6_I2_O)        0.126    -1.023 f  dram_dut/dram_iface_dut/controller/u_ddr_core/u_seq/u_write_fifo/delay_q[5]_i_16/O
                         net (fo=3, routed)           0.370    -0.653    dram_dut/dram_iface_dut/controller/u_ddr_core/u_seq/u_write_fifo/refresh_timer_q_reg[4]
    SLICE_X161Y225       LUT4 (Prop_lut4_I3_O)        0.051    -0.602 f  dram_dut/dram_iface_dut/controller/u_ddr_core/u_seq/u_write_fifo/wr_ptr[1]_i_9/O
                         net (fo=1, routed)           0.549    -0.053    dram_dut/dram_iface_dut/controller/u_ddr_core/u_seq/u_write_fifo/wr_ptr[1]_i_9_n_0
    SLICE_X161Y224       LUT6 (Prop_lut6_I0_O)        0.136     0.083 r  dram_dut/dram_iface_dut/controller/u_ddr_core/u_seq/u_write_fifo/wr_ptr[1]_i_7/O
                         net (fo=7, routed)           0.728     0.811    dram_dut/dram_iface_dut/controller/u_ddr_core/u_seq/u_write_fifo/refresh_timer_q_reg[11]
    SLICE_X164Y219       LUT4 (Prop_lut4_I0_O)        0.054     0.865 r  dram_dut/dram_iface_dut/controller/u_ddr_core/u_seq/u_write_fifo/wr_ptr[1]_i_4/O
                         net (fo=12, routed)          1.079     1.944    dram_dut/dram_iface_dut/controller/u_ddr_core/u_seq/u_write_fifo/state_q_reg[2]_0
    SLICE_X165Y229       LUT6 (Prop_lut6_I3_O)        0.137     2.081 r  dram_dut/dram_iface_dut/controller/u_ddr_core/u_seq/u_write_fifo/ram_reg_0_3_0_5_i_1/O
                         net (fo=60, routed)          0.573     2.654    dram_dut/dram_iface_dut/controller/u_ddr_core/u_seq/u_write_fifo/ram_reg_0_3_12_17/WE
    SLICE_X170Y226       RAMD32                                       r  dram_dut/dram_iface_dut/controller/u_ddr_core/u_seq/u_write_fifo/ram_reg_0_3_12_17/RAMA_D1/WE
  -------------------------------------------------------------------    -------------------

                         (clock clk_out1_clk_wiz_1_1 rise edge)
                                                     10.000    10.000 r  
    H9                                                0.000    10.000 r  clk_p (IN)
                         net (fo=0)                   0.000    10.000    u_pll/inst/clk_in1_p
    H9                   IBUFDS (Prop_ibufds_I_O)     0.778    10.778 r  u_pll/inst/clkin1_ibufgds/O
                         net (fo=1, routed)           0.986    11.764    u_pll/inst/clk_in1_clk_wiz_1
    MMCME2_ADV_X1Y5      MMCME2_ADV (Prop_mmcme2_adv_CLKIN1_CLKOUT0)
                                                     -6.516     5.248 r  u_pll/inst/mmcm_adv_inst/CLKOUT0
                         net (fo=1, routed)           1.788     7.036    u_pll/inst/clk_out1_clk_wiz_1
    BUFGCTRL_X0Y16       BUFG (Prop_bufg_I_O)         0.083     7.119 r  u_pll/inst/clkout1_buf/O
                         net (fo=567, routed)         1.342     8.461    dram_dut/dram_iface_dut/controller/u_ddr_core/u_seq/u_write_fifo/ram_reg_0_3_12_17/WCLK
    SLICE_X170Y226       RAMD32                                       r  dram_dut/dram_iface_dut/controller/u_ddr_core/u_seq/u_write_fifo/ram_reg_0_3_12_17/RAMA_D1/CLK
                         clock pessimism             -0.633     7.828    
                         clock uncertainty           -0.067     7.761    
    SLICE_X170Y226       RAMD32 (Setup_ramd32_CLK_WE)
                                                     -0.303     7.458    dram_dut/dram_iface_dut/controller/u_ddr_core/u_seq/u_write_fifo/ram_reg_0_3_12_17/RAMA_D1
  -------------------------------------------------------------------
                         required time                          7.458    
                         arrival time                          -2.654    
  -------------------------------------------------------------------
                         slack                                  4.804    

Slack (MET) :             4.804ns  (required time - arrival time)
  Source:                 dram_dut/dram_iface_dut/controller/u_ddr_core/refresh_timer_q_reg[6]/C
                            (rising edge-triggered cell FDSE clocked by clk_out1_clk_wiz_1_1  {rise@0.000ns fall@5.000ns period=10.000ns})
  Destination:            dram_dut/dram_iface_dut/controller/u_ddr_core/u_seq/u_write_fifo/ram_reg_0_3_12_17/RAMB/WE
                            (rising edge-triggered cell RAMD32 clocked by clk_out1_clk_wiz_1_1  {rise@0.000ns fall@5.000ns period=10.000ns})
  Path Group:             clk_out1_clk_wiz_1_1
  Path Type:              Setup (Max at Slow Process Corner)
  Requirement:            10.000ns  (clk_out1_clk_wiz_1_1 rise@10.000ns - clk_out1_clk_wiz_1_1 rise@0.000ns)
  Data Path Delay:        4.834ns  (logic 0.708ns (14.647%)  route 4.126ns (85.353%))
  Logic Levels:           5  (LUT4=2 LUT6=3)
  Clock Path Skew:        0.008ns (DCD - SCD + CPR)
    Destination Clock Delay (DCD):    -1.539ns = ( 8.461 - 10.000 ) 
    Source Clock Delay      (SCD):    -2.180ns
    Clock Pessimism Removal (CPR):    -0.633ns
  Clock Uncertainty:      0.067ns  ((TSJ^2 + DJ^2)^1/2) / 2 + PE
    Total System Jitter     (TSJ):    0.071ns
    Discrete Jitter          (DJ):    0.114ns
    Phase Error              (PE):    0.000ns

    Location             Delay type                Incr(ns)  Path(ns)    Netlist Resource(s)
  -------------------------------------------------------------------    -------------------
                         (clock clk_out1_clk_wiz_1_1 rise edge)
                                                      0.000     0.000 r  
    H9                                                0.000     0.000 r  clk_p (IN)
                         net (fo=0)                   0.000     0.000    u_pll/inst/clk_in1_p
    H9                   IBUFDS (Prop_ibufds_I_O)     0.880     0.880 r  u_pll/inst/clkin1_ibufgds/O
                         net (fo=1, routed)           1.081     1.961    u_pll/inst/clk_in1_clk_wiz_1
    MMCME2_ADV_X1Y5      MMCME2_ADV (Prop_mmcme2_adv_CLKIN1_CLKOUT0)
                                                     -7.639    -5.678 r  u_pll/inst/mmcm_adv_inst/CLKOUT0
                         net (fo=1, routed)           1.948    -3.730    u_pll/inst/clk_out1_clk_wiz_1
    BUFGCTRL_X0Y16       BUFG (Prop_bufg_I_O)         0.093    -3.637 r  u_pll/inst/clkout1_buf/O
                         net (fo=567, routed)         1.457    -2.180    dram_dut/dram_iface_dut/controller/u_ddr_core/clk_out1
    SLICE_X163Y226       FDSE                                         r  dram_dut/dram_iface_dut/controller/u_ddr_core/refresh_timer_q_reg[6]/C
  -------------------------------------------------------------------    -------------------
    SLICE_X163Y226       FDSE (Prop_fdse_C_Q)         0.204    -1.976 f  dram_dut/dram_iface_dut/controller/u_ddr_core/refresh_timer_q_reg[6]/Q
                         net (fo=17, routed)          0.827    -1.149    dram_dut/dram_iface_dut/controller/u_ddr_core/u_seq/u_write_fifo/i__i_1[6]
    SLICE_X160Y224       LUT6 (Prop_lut6_I2_O)        0.126    -1.023 f  dram_dut/dram_iface_dut/controller/u_ddr_core/u_seq/u_write_fifo/delay_q[5]_i_16/O
                         net (fo=3, routed)           0.370    -0.653    dram_dut/dram_iface_dut/controller/u_ddr_core/u_seq/u_write_fifo/refresh_timer_q_reg[4]
    SLICE_X161Y225       LUT4 (Prop_lut4_I3_O)        0.051    -0.602 f  dram_dut/dram_iface_dut/controller/u_ddr_core/u_seq/u_write_fifo/wr_ptr[1]_i_9/O
                         net (fo=1, routed)           0.549    -0.053    dram_dut/dram_iface_dut/controller/u_ddr_core/u_seq/u_write_fifo/wr_ptr[1]_i_9_n_0
    SLICE_X161Y224       LUT6 (Prop_lut6_I0_O)        0.136     0.083 r  dram_dut/dram_iface_dut/controller/u_ddr_core/u_seq/u_write_fifo/wr_ptr[1]_i_7/O
                         net (fo=7, routed)           0.728     0.811    dram_dut/dram_iface_dut/controller/u_ddr_core/u_seq/u_write_fifo/refresh_timer_q_reg[11]
    SLICE_X164Y219       LUT4 (Prop_lut4_I0_O)        0.054     0.865 r  dram_dut/dram_iface_dut/controller/u_ddr_core/u_seq/u_write_fifo/wr_ptr[1]_i_4/O
                         net (fo=12, routed)          1.079     1.944    dram_dut/dram_iface_dut/controller/u_ddr_core/u_seq/u_write_fifo/state_q_reg[2]_0
    SLICE_X165Y229       LUT6 (Prop_lut6_I3_O)        0.137     2.081 r  dram_dut/dram_iface_dut/controller/u_ddr_core/u_seq/u_write_fifo/ram_reg_0_3_0_5_i_1/O
                         net (fo=60, routed)          0.573     2.654    dram_dut/dram_iface_dut/controller/u_ddr_core/u_seq/u_write_fifo/ram_reg_0_3_12_17/WE
    SLICE_X170Y226       RAMD32                                       r  dram_dut/dram_iface_dut/controller/u_ddr_core/u_seq/u_write_fifo/ram_reg_0_3_12_17/RAMB/WE
  -------------------------------------------------------------------    -------------------

                         (clock clk_out1_clk_wiz_1_1 rise edge)
                                                     10.000    10.000 r  
    H9                                                0.000    10.000 r  clk_p (IN)
                         net (fo=0)                   0.000    10.000    u_pll/inst/clk_in1_p
    H9                   IBUFDS (Prop_ibufds_I_O)     0.778    10.778 r  u_pll/inst/clkin1_ibufgds/O
                         net (fo=1, routed)           0.986    11.764    u_pll/inst/clk_in1_clk_wiz_1
    MMCME2_ADV_X1Y5      MMCME2_ADV (Prop_mmcme2_adv_CLKIN1_CLKOUT0)
                                                     -6.516     5.248 r  u_pll/inst/mmcm_adv_inst/CLKOUT0
                         net (fo=1, routed)           1.788     7.036    u_pll/inst/clk_out1_clk_wiz_1
    BUFGCTRL_X0Y16       BUFG (Prop_bufg_I_O)         0.083     7.119 r  u_pll/inst/clkout1_buf/O
                         net (fo=567, routed)         1.342     8.461    dram_dut/dram_iface_dut/controller/u_ddr_core/u_seq/u_write_fifo/ram_reg_0_3_12_17/WCLK
    SLICE_X170Y226       RAMD32                                       r  dram_dut/dram_iface_dut/controller/u_ddr_core/u_seq/u_write_fifo/ram_reg_0_3_12_17/RAMB/CLK
                         clock pessimism             -0.633     7.828    
                         clock uncertainty           -0.067     7.761    
    SLICE_X170Y226       RAMD32 (Setup_ramd32_CLK_WE)
                                                     -0.303     7.458    dram_dut/dram_iface_dut/controller/u_ddr_core/u_seq/u_write_fifo/ram_reg_0_3_12_17/RAMB
  -------------------------------------------------------------------
                         required time                          7.458    
                         arrival time                          -2.654    
  -------------------------------------------------------------------
                         slack                                  4.804    

Slack (MET) :             4.804ns  (required time - arrival time)
  Source:                 dram_dut/dram_iface_dut/controller/u_ddr_core/refresh_timer_q_reg[6]/C
                            (rising edge-triggered cell FDSE clocked by clk_out1_clk_wiz_1_1  {rise@0.000ns fall@5.000ns period=10.000ns})
  Destination:            dram_dut/dram_iface_dut/controller/u_ddr_core/u_seq/u_write_fifo/ram_reg_0_3_12_17/RAMB_D1/WE
                            (rising edge-triggered cell RAMD32 clocked by clk_out1_clk_wiz_1_1  {rise@0.000ns fall@5.000ns period=10.000ns})
  Path Group:             clk_out1_clk_wiz_1_1
  Path Type:              Setup (Max at Slow Process Corner)
  Requirement:            10.000ns  (clk_out1_clk_wiz_1_1 rise@10.000ns - clk_out1_clk_wiz_1_1 rise@0.000ns)
  Data Path Delay:        4.834ns  (logic 0.708ns (14.647%)  route 4.126ns (85.353%))
  Logic Levels:           5  (LUT4=2 LUT6=3)
  Clock Path Skew:        0.008ns (DCD - SCD + CPR)
    Destination Clock Delay (DCD):    -1.539ns = ( 8.461 - 10.000 ) 
    Source Clock Delay      (SCD):    -2.180ns
    Clock Pessimism Removal (CPR):    -0.633ns
  Clock Uncertainty:      0.067ns  ((TSJ^2 + DJ^2)^1/2) / 2 + PE
    Total System Jitter     (TSJ):    0.071ns
    Discrete Jitter          (DJ):    0.114ns
    Phase Error              (PE):    0.000ns

    Location             Delay type                Incr(ns)  Path(ns)    Netlist Resource(s)
  -------------------------------------------------------------------    -------------------
                         (clock clk_out1_clk_wiz_1_1 rise edge)
                                                      0.000     0.000 r  
    H9                                                0.000     0.000 r  clk_p (IN)
                         net (fo=0)                   0.000     0.000    u_pll/inst/clk_in1_p
    H9                   IBUFDS (Prop_ibufds_I_O)     0.880     0.880 r  u_pll/inst/clkin1_ibufgds/O
                         net (fo=1, routed)           1.081     1.961    u_pll/inst/clk_in1_clk_wiz_1
    MMCME2_ADV_X1Y5      MMCME2_ADV (Prop_mmcme2_adv_CLKIN1_CLKOUT0)
                                                     -7.639    -5.678 r  u_pll/inst/mmcm_adv_inst/CLKOUT0
                         net (fo=1, routed)           1.948    -3.730    u_pll/inst/clk_out1_clk_wiz_1
    BUFGCTRL_X0Y16       BUFG (Prop_bufg_I_O)         0.093    -3.637 r  u_pll/inst/clkout1_buf/O
                         net (fo=567, routed)         1.457    -2.180    dram_dut/dram_iface_dut/controller/u_ddr_core/clk_out1
    SLICE_X163Y226       FDSE                                         r  dram_dut/dram_iface_dut/controller/u_ddr_core/refresh_timer_q_reg[6]/C
  -------------------------------------------------------------------    -------------------
    SLICE_X163Y226       FDSE (Prop_fdse_C_Q)         0.204    -1.976 f  dram_dut/dram_iface_dut/controller/u_ddr_core/refresh_timer_q_reg[6]/Q
                         net (fo=17, routed)          0.827    -1.149    dram_dut/dram_iface_dut/controller/u_ddr_core/u_seq/u_write_fifo/i__i_1[6]
    SLICE_X160Y224       LUT6 (Prop_lut6_I2_O)        0.126    -1.023 f  dram_dut/dram_iface_dut/controller/u_ddr_core/u_seq/u_write_fifo/delay_q[5]_i_16/O
                         net (fo=3, routed)           0.370    -0.653    dram_dut/dram_iface_dut/controller/u_ddr_core/u_seq/u_write_fifo/refresh_timer_q_reg[4]
    SLICE_X161Y225       LUT4 (Prop_lut4_I3_O)        0.051    -0.602 f  dram_dut/dram_iface_dut/controller/u_ddr_core/u_seq/u_write_fifo/wr_ptr[1]_i_9/O
                         net (fo=1, routed)           0.549    -0.053    dram_dut/dram_iface_dut/controller/u_ddr_core/u_seq/u_write_fifo/wr_ptr[1]_i_9_n_0
    SLICE_X161Y224       LUT6 (Prop_lut6_I0_O)        0.136     0.083 r  dram_dut/dram_iface_dut/controller/u_ddr_core/u_seq/u_write_fifo/wr_ptr[1]_i_7/O
                         net (fo=7, routed)           0.728     0.811    dram_dut/dram_iface_dut/controller/u_ddr_core/u_seq/u_write_fifo/refresh_timer_q_reg[11]
    SLICE_X164Y219       LUT4 (Prop_lut4_I0_O)        0.054     0.865 r  dram_dut/dram_iface_dut/controller/u_ddr_core/u_seq/u_write_fifo/wr_ptr[1]_i_4/O
                         net (fo=12, routed)          1.079     1.944    dram_dut/dram_iface_dut/controller/u_ddr_core/u_seq/u_write_fifo/state_q_reg[2]_0
    SLICE_X165Y229       LUT6 (Prop_lut6_I3_O)        0.137     2.081 r  dram_dut/dram_iface_dut/controller/u_ddr_core/u_seq/u_write_fifo/ram_reg_0_3_0_5_i_1/O
                         net (fo=60, routed)          0.573     2.654    dram_dut/dram_iface_dut/controller/u_ddr_core/u_seq/u_write_fifo/ram_reg_0_3_12_17/WE
    SLICE_X170Y226       RAMD32                                       r  dram_dut/dram_iface_dut/controller/u_ddr_core/u_seq/u_write_fifo/ram_reg_0_3_12_17/RAMB_D1/WE
  -------------------------------------------------------------------    -------------------

                         (clock clk_out1_clk_wiz_1_1 rise edge)
                                                     10.000    10.000 r  
    H9                                                0.000    10.000 r  clk_p (IN)
                         net (fo=0)                   0.000    10.000    u_pll/inst/clk_in1_p
    H9                   IBUFDS (Prop_ibufds_I_O)     0.778    10.778 r  u_pll/inst/clkin1_ibufgds/O
                         net (fo=1, routed)           0.986    11.764    u_pll/inst/clk_in1_clk_wiz_1
    MMCME2_ADV_X1Y5      MMCME2_ADV (Prop_mmcme2_adv_CLKIN1_CLKOUT0)
                                                     -6.516     5.248 r  u_pll/inst/mmcm_adv_inst/CLKOUT0
                         net (fo=1, routed)           1.788     7.036    u_pll/inst/clk_out1_clk_wiz_1
    BUFGCTRL_X0Y16       BUFG (Prop_bufg_I_O)         0.083     7.119 r  u_pll/inst/clkout1_buf/O
                         net (fo=567, routed)         1.342     8.461    dram_dut/dram_iface_dut/controller/u_ddr_core/u_seq/u_write_fifo/ram_reg_0_3_12_17/WCLK
    SLICE_X170Y226       RAMD32                                       r  dram_dut/dram_iface_dut/controller/u_ddr_core/u_seq/u_write_fifo/ram_reg_0_3_12_17/RAMB_D1/CLK
                         clock pessimism             -0.633     7.828    
                         clock uncertainty           -0.067     7.761    
    SLICE_X170Y226       RAMD32 (Setup_ramd32_CLK_WE)
                                                     -0.303     7.458    dram_dut/dram_iface_dut/controller/u_ddr_core/u_seq/u_write_fifo/ram_reg_0_3_12_17/RAMB_D1
  -------------------------------------------------------------------
                         required time                          7.458    
                         arrival time                          -2.654    
  -------------------------------------------------------------------
                         slack                                  4.804    

Slack (MET) :             4.804ns  (required time - arrival time)
  Source:                 dram_dut/dram_iface_dut/controller/u_ddr_core/refresh_timer_q_reg[6]/C
                            (rising edge-triggered cell FDSE clocked by clk_out1_clk_wiz_1_1  {rise@0.000ns fall@5.000ns period=10.000ns})
  Destination:            dram_dut/dram_iface_dut/controller/u_ddr_core/u_seq/u_write_fifo/ram_reg_0_3_12_17/RAMC/WE
                            (rising edge-triggered cell RAMD32 clocked by clk_out1_clk_wiz_1_1  {rise@0.000ns fall@5.000ns period=10.000ns})
  Path Group:             clk_out1_clk_wiz_1_1
  Path Type:              Setup (Max at Slow Process Corner)
  Requirement:            10.000ns  (clk_out1_clk_wiz_1_1 rise@10.000ns - clk_out1_clk_wiz_1_1 rise@0.000ns)
  Data Path Delay:        4.834ns  (logic 0.708ns (14.647%)  route 4.126ns (85.353%))
  Logic Levels:           5  (LUT4=2 LUT6=3)
  Clock Path Skew:        0.008ns (DCD - SCD + CPR)
    Destination Clock Delay (DCD):    -1.539ns = ( 8.461 - 10.000 ) 
    Source Clock Delay      (SCD):    -2.180ns
    Clock Pessimism Removal (CPR):    -0.633ns
  Clock Uncertainty:      0.067ns  ((TSJ^2 + DJ^2)^1/2) / 2 + PE
    Total System Jitter     (TSJ):    0.071ns
    Discrete Jitter          (DJ):    0.114ns
    Phase Error              (PE):    0.000ns

    Location             Delay type                Incr(ns)  Path(ns)    Netlist Resource(s)
  -------------------------------------------------------------------    -------------------
                         (clock clk_out1_clk_wiz_1_1 rise edge)
                                                      0.000     0.000 r  
    H9                                                0.000     0.000 r  clk_p (IN)
                         net (fo=0)                   0.000     0.000    u_pll/inst/clk_in1_p
    H9                   IBUFDS (Prop_ibufds_I_O)     0.880     0.880 r  u_pll/inst/clkin1_ibufgds/O
                         net (fo=1, routed)           1.081     1.961    u_pll/inst/clk_in1_clk_wiz_1
    MMCME2_ADV_X1Y5      MMCME2_ADV (Prop_mmcme2_adv_CLKIN1_CLKOUT0)
                                                     -7.639    -5.678 r  u_pll/inst/mmcm_adv_inst/CLKOUT0
                         net (fo=1, routed)           1.948    -3.730    u_pll/inst/clk_out1_clk_wiz_1
    BUFGCTRL_X0Y16       BUFG (Prop_bufg_I_O)         0.093    -3.637 r  u_pll/inst/clkout1_buf/O
                         net (fo=567, routed)         1.457    -2.180    dram_dut/dram_iface_dut/controller/u_ddr_core/clk_out1
    SLICE_X163Y226       FDSE                                         r  dram_dut/dram_iface_dut/controller/u_ddr_core/refresh_timer_q_reg[6]/C
  -------------------------------------------------------------------    -------------------
    SLICE_X163Y226       FDSE (Prop_fdse_C_Q)         0.204    -1.976 f  dram_dut/dram_iface_dut/controller/u_ddr_core/refresh_timer_q_reg[6]/Q
                         net (fo=17, routed)          0.827    -1.149    dram_dut/dram_iface_dut/controller/u_ddr_core/u_seq/u_write_fifo/i__i_1[6]
    SLICE_X160Y224       LUT6 (Prop_lut6_I2_O)        0.126    -1.023 f  dram_dut/dram_iface_dut/controller/u_ddr_core/u_seq/u_write_fifo/delay_q[5]_i_16/O
                         net (fo=3, routed)           0.370    -0.653    dram_dut/dram_iface_dut/controller/u_ddr_core/u_seq/u_write_fifo/refresh_timer_q_reg[4]
    SLICE_X161Y225       LUT4 (Prop_lut4_I3_O)        0.051    -0.602 f  dram_dut/dram_iface_dut/controller/u_ddr_core/u_seq/u_write_fifo/wr_ptr[1]_i_9/O
                         net (fo=1, routed)           0.549    -0.053    dram_dut/dram_iface_dut/controller/u_ddr_core/u_seq/u_write_fifo/wr_ptr[1]_i_9_n_0
    SLICE_X161Y224       LUT6 (Prop_lut6_I0_O)        0.136     0.083 r  dram_dut/dram_iface_dut/controller/u_ddr_core/u_seq/u_write_fifo/wr_ptr[1]_i_7/O
                         net (fo=7, routed)           0.728     0.811    dram_dut/dram_iface_dut/controller/u_ddr_core/u_seq/u_write_fifo/refresh_timer_q_reg[11]
    SLICE_X164Y219       LUT4 (Prop_lut4_I0_O)        0.054     0.865 r  dram_dut/dram_iface_dut/controller/u_ddr_core/u_seq/u_write_fifo/wr_ptr[1]_i_4/O
                         net (fo=12, routed)          1.079     1.944    dram_dut/dram_iface_dut/controller/u_ddr_core/u_seq/u_write_fifo/state_q_reg[2]_0
    SLICE_X165Y229       LUT6 (Prop_lut6_I3_O)        0.137     2.081 r  dram_dut/dram_iface_dut/controller/u_ddr_core/u_seq/u_write_fifo/ram_reg_0_3_0_5_i_1/O
                         net (fo=60, routed)          0.573     2.654    dram_dut/dram_iface_dut/controller/u_ddr_core/u_seq/u_write_fifo/ram_reg_0_3_12_17/WE
    SLICE_X170Y226       RAMD32                                       r  dram_dut/dram_iface_dut/controller/u_ddr_core/u_seq/u_write_fifo/ram_reg_0_3_12_17/RAMC/WE
  -------------------------------------------------------------------    -------------------

                         (clock clk_out1_clk_wiz_1_1 rise edge)
                                                     10.000    10.000 r  
    H9                                                0.000    10.000 r  clk_p (IN)
                         net (fo=0)                   0.000    10.000    u_pll/inst/clk_in1_p
    H9                   IBUFDS (Prop_ibufds_I_O)     0.778    10.778 r  u_pll/inst/clkin1_ibufgds/O
                         net (fo=1, routed)           0.986    11.764    u_pll/inst/clk_in1_clk_wiz_1
    MMCME2_ADV_X1Y5      MMCME2_ADV (Prop_mmcme2_adv_CLKIN1_CLKOUT0)
                                                     -6.516     5.248 r  u_pll/inst/mmcm_adv_inst/CLKOUT0
                         net (fo=1, routed)           1.788     7.036    u_pll/inst/clk_out1_clk_wiz_1
    BUFGCTRL_X0Y16       BUFG (Prop_bufg_I_O)         0.083     7.119 r  u_pll/inst/clkout1_buf/O
                         net (fo=567, routed)         1.342     8.461    dram_dut/dram_iface_dut/controller/u_ddr_core/u_seq/u_write_fifo/ram_reg_0_3_12_17/WCLK
    SLICE_X170Y226       RAMD32                                       r  dram_dut/dram_iface_dut/controller/u_ddr_core/u_seq/u_write_fifo/ram_reg_0_3_12_17/RAMC/CLK
                         clock pessimism             -0.633     7.828    
                         clock uncertainty           -0.067     7.761    
    SLICE_X170Y226       RAMD32 (Setup_ramd32_CLK_WE)
                                                     -0.303     7.458    dram_dut/dram_iface_dut/controller/u_ddr_core/u_seq/u_write_fifo/ram_reg_0_3_12_17/RAMC
  -------------------------------------------------------------------
                         required time                          7.458    
                         arrival time                          -2.654    
  -------------------------------------------------------------------
                         slack                                  4.804    

Slack (MET) :             4.804ns  (required time - arrival time)
  Source:                 dram_dut/dram_iface_dut/controller/u_ddr_core/refresh_timer_q_reg[6]/C
                            (rising edge-triggered cell FDSE clocked by clk_out1_clk_wiz_1_1  {rise@0.000ns fall@5.000ns period=10.000ns})
  Destination:            dram_dut/dram_iface_dut/controller/u_ddr_core/u_seq/u_write_fifo/ram_reg_0_3_12_17/RAMC_D1/WE
                            (rising edge-triggered cell RAMD32 clocked by clk_out1_clk_wiz_1_1  {rise@0.000ns fall@5.000ns period=10.000ns})
  Path Group:             clk_out1_clk_wiz_1_1
  Path Type:              Setup (Max at Slow Process Corner)
  Requirement:            10.000ns  (clk_out1_clk_wiz_1_1 rise@10.000ns - clk_out1_clk_wiz_1_1 rise@0.000ns)
  Data Path Delay:        4.834ns  (logic 0.708ns (14.647%)  route 4.126ns (85.353%))
  Logic Levels:           5  (LUT4=2 LUT6=3)
  Clock Path Skew:        0.008ns (DCD - SCD + CPR)
    Destination Clock Delay (DCD):    -1.539ns = ( 8.461 - 10.000 ) 
    Source Clock Delay      (SCD):    -2.180ns
    Clock Pessimism Removal (CPR):    -0.633ns
  Clock Uncertainty:      0.067ns  ((TSJ^2 + DJ^2)^1/2) / 2 + PE
    Total System Jitter     (TSJ):    0.071ns
    Discrete Jitter          (DJ):    0.114ns
    Phase Error              (PE):    0.000ns

    Location             Delay type                Incr(ns)  Path(ns)    Netlist Resource(s)
  -------------------------------------------------------------------    -------------------
                         (clock clk_out1_clk_wiz_1_1 rise edge)
                                                      0.000     0.000 r  
    H9                                                0.000     0.000 r  clk_p (IN)
                         net (fo=0)                   0.000     0.000    u_pll/inst/clk_in1_p
    H9                   IBUFDS (Prop_ibufds_I_O)     0.880     0.880 r  u_pll/inst/clkin1_ibufgds/O
                         net (fo=1, routed)           1.081     1.961    u_pll/inst/clk_in1_clk_wiz_1
    MMCME2_ADV_X1Y5      MMCME2_ADV (Prop_mmcme2_adv_CLKIN1_CLKOUT0)
                                                     -7.639    -5.678 r  u_pll/inst/mmcm_adv_inst/CLKOUT0
                         net (fo=1, routed)           1.948    -3.730    u_pll/inst/clk_out1_clk_wiz_1
    BUFGCTRL_X0Y16       BUFG (Prop_bufg_I_O)         0.093    -3.637 r  u_pll/inst/clkout1_buf/O
                         net (fo=567, routed)         1.457    -2.180    dram_dut/dram_iface_dut/controller/u_ddr_core/clk_out1
    SLICE_X163Y226       FDSE                                         r  dram_dut/dram_iface_dut/controller/u_ddr_core/refresh_timer_q_reg[6]/C
  -------------------------------------------------------------------    -------------------
    SLICE_X163Y226       FDSE (Prop_fdse_C_Q)         0.204    -1.976 f  dram_dut/dram_iface_dut/controller/u_ddr_core/refresh_timer_q_reg[6]/Q
                         net (fo=17, routed)          0.827    -1.149    dram_dut/dram_iface_dut/controller/u_ddr_core/u_seq/u_write_fifo/i__i_1[6]
    SLICE_X160Y224       LUT6 (Prop_lut6_I2_O)        0.126    -1.023 f  dram_dut/dram_iface_dut/controller/u_ddr_core/u_seq/u_write_fifo/delay_q[5]_i_16/O
                         net (fo=3, routed)           0.370    -0.653    dram_dut/dram_iface_dut/controller/u_ddr_core/u_seq/u_write_fifo/refresh_timer_q_reg[4]
    SLICE_X161Y225       LUT4 (Prop_lut4_I3_O)        0.051    -0.602 f  dram_dut/dram_iface_dut/controller/u_ddr_core/u_seq/u_write_fifo/wr_ptr[1]_i_9/O
                         net (fo=1, routed)           0.549    -0.053    dram_dut/dram_iface_dut/controller/u_ddr_core/u_seq/u_write_fifo/wr_ptr[1]_i_9_n_0
    SLICE_X161Y224       LUT6 (Prop_lut6_I0_O)        0.136     0.083 r  dram_dut/dram_iface_dut/controller/u_ddr_core/u_seq/u_write_fifo/wr_ptr[1]_i_7/O
                         net (fo=7, routed)           0.728     0.811    dram_dut/dram_iface_dut/controller/u_ddr_core/u_seq/u_write_fifo/refresh_timer_q_reg[11]
    SLICE_X164Y219       LUT4 (Prop_lut4_I0_O)        0.054     0.865 r  dram_dut/dram_iface_dut/controller/u_ddr_core/u_seq/u_write_fifo/wr_ptr[1]_i_4/O
                         net (fo=12, routed)          1.079     1.944    dram_dut/dram_iface_dut/controller/u_ddr_core/u_seq/u_write_fifo/state_q_reg[2]_0
    SLICE_X165Y229       LUT6 (Prop_lut6_I3_O)        0.137     2.081 r  dram_dut/dram_iface_dut/controller/u_ddr_core/u_seq/u_write_fifo/ram_reg_0_3_0_5_i_1/O
                         net (fo=60, routed)          0.573     2.654    dram_dut/dram_iface_dut/controller/u_ddr_core/u_seq/u_write_fifo/ram_reg_0_3_12_17/WE
    SLICE_X170Y226       RAMD32                                       r  dram_dut/dram_iface_dut/controller/u_ddr_core/u_seq/u_write_fifo/ram_reg_0_3_12_17/RAMC_D1/WE
  -------------------------------------------------------------------    -------------------

                         (clock clk_out1_clk_wiz_1_1 rise edge)
                                                     10.000    10.000 r  
    H9                                                0.000    10.000 r  clk_p (IN)
                         net (fo=0)                   0.000    10.000    u_pll/inst/clk_in1_p
    H9                   IBUFDS (Prop_ibufds_I_O)     0.778    10.778 r  u_pll/inst/clkin1_ibufgds/O
                         net (fo=1, routed)           0.986    11.764    u_pll/inst/clk_in1_clk_wiz_1
    MMCME2_ADV_X1Y5      MMCME2_ADV (Prop_mmcme2_adv_CLKIN1_CLKOUT0)
                                                     -6.516     5.248 r  u_pll/inst/mmcm_adv_inst/CLKOUT0
                         net (fo=1, routed)           1.788     7.036    u_pll/inst/clk_out1_clk_wiz_1
    BUFGCTRL_X0Y16       BUFG (Prop_bufg_I_O)         0.083     7.119 r  u_pll/inst/clkout1_buf/O
                         net (fo=567, routed)         1.342     8.461    dram_dut/dram_iface_dut/controller/u_ddr_core/u_seq/u_write_fifo/ram_reg_0_3_12_17/WCLK
    SLICE_X170Y226       RAMD32                                       r  dram_dut/dram_iface_dut/controller/u_ddr_core/u_seq/u_write_fifo/ram_reg_0_3_12_17/RAMC_D1/CLK
                         clock pessimism             -0.633     7.828    
                         clock uncertainty           -0.067     7.761    
    SLICE_X170Y226       RAMD32 (Setup_ramd32_CLK_WE)
                                                     -0.303     7.458    dram_dut/dram_iface_dut/controller/u_ddr_core/u_seq/u_write_fifo/ram_reg_0_3_12_17/RAMC_D1
  -------------------------------------------------------------------
                         required time                          7.458    
                         arrival time                          -2.654    
  -------------------------------------------------------------------
                         slack                                  4.804    

Slack (MET) :             4.804ns  (required time - arrival time)
  Source:                 dram_dut/dram_iface_dut/controller/u_ddr_core/refresh_timer_q_reg[6]/C
                            (rising edge-triggered cell FDSE clocked by clk_out1_clk_wiz_1_1  {rise@0.000ns fall@5.000ns period=10.000ns})
  Destination:            dram_dut/dram_iface_dut/controller/u_ddr_core/u_seq/u_write_fifo/ram_reg_0_3_12_17/RAMD/WE
                            (rising edge-triggered cell RAMS32 clocked by clk_out1_clk_wiz_1_1  {rise@0.000ns fall@5.000ns period=10.000ns})
  Path Group:             clk_out1_clk_wiz_1_1
  Path Type:              Setup (Max at Slow Process Corner)
  Requirement:            10.000ns  (clk_out1_clk_wiz_1_1 rise@10.000ns - clk_out1_clk_wiz_1_1 rise@0.000ns)
  Data Path Delay:        4.834ns  (logic 0.708ns (14.647%)  route 4.126ns (85.353%))
  Logic Levels:           5  (LUT4=2 LUT6=3)
  Clock Path Skew:        0.008ns (DCD - SCD + CPR)
    Destination Clock Delay (DCD):    -1.539ns = ( 8.461 - 10.000 ) 
    Source Clock Delay      (SCD):    -2.180ns
    Clock Pessimism Removal (CPR):    -0.633ns
  Clock Uncertainty:      0.067ns  ((TSJ^2 + DJ^2)^1/2) / 2 + PE
    Total System Jitter     (TSJ):    0.071ns
    Discrete Jitter          (DJ):    0.114ns
    Phase Error              (PE):    0.000ns

    Location             Delay type                Incr(ns)  Path(ns)    Netlist Resource(s)
  -------------------------------------------------------------------    -------------------
                         (clock clk_out1_clk_wiz_1_1 rise edge)
                                                      0.000     0.000 r  
    H9                                                0.000     0.000 r  clk_p (IN)
                         net (fo=0)                   0.000     0.000    u_pll/inst/clk_in1_p
    H9                   IBUFDS (Prop_ibufds_I_O)     0.880     0.880 r  u_pll/inst/clkin1_ibufgds/O
                         net (fo=1, routed)           1.081     1.961    u_pll/inst/clk_in1_clk_wiz_1
    MMCME2_ADV_X1Y5      MMCME2_ADV (Prop_mmcme2_adv_CLKIN1_CLKOUT0)
                                                     -7.639    -5.678 r  u_pll/inst/mmcm_adv_inst/CLKOUT0
                         net (fo=1, routed)           1.948    -3.730    u_pll/inst/clk_out1_clk_wiz_1
    BUFGCTRL_X0Y16       BUFG (Prop_bufg_I_O)         0.093    -3.637 r  u_pll/inst/clkout1_buf/O
                         net (fo=567, routed)         1.457    -2.180    dram_dut/dram_iface_dut/controller/u_ddr_core/clk_out1
    SLICE_X163Y226       FDSE                                         r  dram_dut/dram_iface_dut/controller/u_ddr_core/refresh_timer_q_reg[6]/C
  -------------------------------------------------------------------    -------------------
    SLICE_X163Y226       FDSE (Prop_fdse_C_Q)         0.204    -1.976 f  dram_dut/dram_iface_dut/controller/u_ddr_core/refresh_timer_q_reg[6]/Q
                         net (fo=17, routed)          0.827    -1.149    dram_dut/dram_iface_dut/controller/u_ddr_core/u_seq/u_write_fifo/i__i_1[6]
    SLICE_X160Y224       LUT6 (Prop_lut6_I2_O)        0.126    -1.023 f  dram_dut/dram_iface_dut/controller/u_ddr_core/u_seq/u_write_fifo/delay_q[5]_i_16/O
                         net (fo=3, routed)           0.370    -0.653    dram_dut/dram_iface_dut/controller/u_ddr_core/u_seq/u_write_fifo/refresh_timer_q_reg[4]
    SLICE_X161Y225       LUT4 (Prop_lut4_I3_O)        0.051    -0.602 f  dram_dut/dram_iface_dut/controller/u_ddr_core/u_seq/u_write_fifo/wr_ptr[1]_i_9/O
                         net (fo=1, routed)           0.549    -0.053    dram_dut/dram_iface_dut/controller/u_ddr_core/u_seq/u_write_fifo/wr_ptr[1]_i_9_n_0
    SLICE_X161Y224       LUT6 (Prop_lut6_I0_O)        0.136     0.083 r  dram_dut/dram_iface_dut/controller/u_ddr_core/u_seq/u_write_fifo/wr_ptr[1]_i_7/O
                         net (fo=7, routed)           0.728     0.811    dram_dut/dram_iface_dut/controller/u_ddr_core/u_seq/u_write_fifo/refresh_timer_q_reg[11]
    SLICE_X164Y219       LUT4 (Prop_lut4_I0_O)        0.054     0.865 r  dram_dut/dram_iface_dut/controller/u_ddr_core/u_seq/u_write_fifo/wr_ptr[1]_i_4/O
                         net (fo=12, routed)          1.079     1.944    dram_dut/dram_iface_dut/controller/u_ddr_core/u_seq/u_write_fifo/state_q_reg[2]_0
    SLICE_X165Y229       LUT6 (Prop_lut6_I3_O)        0.137     2.081 r  dram_dut/dram_iface_dut/controller/u_ddr_core/u_seq/u_write_fifo/ram_reg_0_3_0_5_i_1/O
                         net (fo=60, routed)          0.573     2.654    dram_dut/dram_iface_dut/controller/u_ddr_core/u_seq/u_write_fifo/ram_reg_0_3_12_17/WE
    SLICE_X170Y226       RAMS32                                       r  dram_dut/dram_iface_dut/controller/u_ddr_core/u_seq/u_write_fifo/ram_reg_0_3_12_17/RAMD/WE
  -------------------------------------------------------------------    -------------------

                         (clock clk_out1_clk_wiz_1_1 rise edge)
                                                     10.000    10.000 r  
    H9                                                0.000    10.000 r  clk_p (IN)
                         net (fo=0)                   0.000    10.000    u_pll/inst/clk_in1_p
    H9                   IBUFDS (Prop_ibufds_I_O)     0.778    10.778 r  u_pll/inst/clkin1_ibufgds/O
                         net (fo=1, routed)           0.986    11.764    u_pll/inst/clk_in1_clk_wiz_1
    MMCME2_ADV_X1Y5      MMCME2_ADV (Prop_mmcme2_adv_CLKIN1_CLKOUT0)
                                                     -6.516     5.248 r  u_pll/inst/mmcm_adv_inst/CLKOUT0
                         net (fo=1, routed)           1.788     7.036    u_pll/inst/clk_out1_clk_wiz_1
    BUFGCTRL_X0Y16       BUFG (Prop_bufg_I_O)         0.083     7.119 r  u_pll/inst/clkout1_buf/O
                         net (fo=567, routed)         1.342     8.461    dram_dut/dram_iface_dut/controller/u_ddr_core/u_seq/u_write_fifo/ram_reg_0_3_12_17/WCLK
    SLICE_X170Y226       RAMS32                                       r  dram_dut/dram_iface_dut/controller/u_ddr_core/u_seq/u_write_fifo/ram_reg_0_3_12_17/RAMD/CLK
                         clock pessimism             -0.633     7.828    
                         clock uncertainty           -0.067     7.761    
    SLICE_X170Y226       RAMS32 (Setup_rams32_CLK_WE)
                                                     -0.303     7.458    dram_dut/dram_iface_dut/controller/u_ddr_core/u_seq/u_write_fifo/ram_reg_0_3_12_17/RAMD
  -------------------------------------------------------------------
                         required time                          7.458    
                         arrival time                          -2.654    
  -------------------------------------------------------------------
                         slack                                  4.804    

Slack (MET) :             4.804ns  (required time - arrival time)
  Source:                 dram_dut/dram_iface_dut/controller/u_ddr_core/refresh_timer_q_reg[6]/C
                            (rising edge-triggered cell FDSE clocked by clk_out1_clk_wiz_1_1  {rise@0.000ns fall@5.000ns period=10.000ns})
  Destination:            dram_dut/dram_iface_dut/controller/u_ddr_core/u_seq/u_write_fifo/ram_reg_0_3_12_17/RAMD_D1/WE
                            (rising edge-triggered cell RAMS32 clocked by clk_out1_clk_wiz_1_1  {rise@0.000ns fall@5.000ns period=10.000ns})
  Path Group:             clk_out1_clk_wiz_1_1
  Path Type:              Setup (Max at Slow Process Corner)
  Requirement:            10.000ns  (clk_out1_clk_wiz_1_1 rise@10.000ns - clk_out1_clk_wiz_1_1 rise@0.000ns)
  Data Path Delay:        4.834ns  (logic 0.708ns (14.647%)  route 4.126ns (85.353%))
  Logic Levels:           5  (LUT4=2 LUT6=3)
  Clock Path Skew:        0.008ns (DCD - SCD + CPR)
    Destination Clock Delay (DCD):    -1.539ns = ( 8.461 - 10.000 ) 
    Source Clock Delay      (SCD):    -2.180ns
    Clock Pessimism Removal (CPR):    -0.633ns
  Clock Uncertainty:      0.067ns  ((TSJ^2 + DJ^2)^1/2) / 2 + PE
    Total System Jitter     (TSJ):    0.071ns
    Discrete Jitter          (DJ):    0.114ns
    Phase Error              (PE):    0.000ns

    Location             Delay type                Incr(ns)  Path(ns)    Netlist Resource(s)
  -------------------------------------------------------------------    -------------------
                         (clock clk_out1_clk_wiz_1_1 rise edge)
                                                      0.000     0.000 r  
    H9                                                0.000     0.000 r  clk_p (IN)
                         net (fo=0)                   0.000     0.000    u_pll/inst/clk_in1_p
    H9                   IBUFDS (Prop_ibufds_I_O)     0.880     0.880 r  u_pll/inst/clkin1_ibufgds/O
                         net (fo=1, routed)           1.081     1.961    u_pll/inst/clk_in1_clk_wiz_1
    MMCME2_ADV_X1Y5      MMCME2_ADV (Prop_mmcme2_adv_CLKIN1_CLKOUT0)
                                                     -7.639    -5.678 r  u_pll/inst/mmcm_adv_inst/CLKOUT0
                         net (fo=1, routed)           1.948    -3.730    u_pll/inst/clk_out1_clk_wiz_1
    BUFGCTRL_X0Y16       BUFG (Prop_bufg_I_O)         0.093    -3.637 r  u_pll/inst/clkout1_buf/O
                         net (fo=567, routed)         1.457    -2.180    dram_dut/dram_iface_dut/controller/u_ddr_core/clk_out1
    SLICE_X163Y226       FDSE                                         r  dram_dut/dram_iface_dut/controller/u_ddr_core/refresh_timer_q_reg[6]/C
  -------------------------------------------------------------------    -------------------
    SLICE_X163Y226       FDSE (Prop_fdse_C_Q)         0.204    -1.976 f  dram_dut/dram_iface_dut/controller/u_ddr_core/refresh_timer_q_reg[6]/Q
                         net (fo=17, routed)          0.827    -1.149    dram_dut/dram_iface_dut/controller/u_ddr_core/u_seq/u_write_fifo/i__i_1[6]
    SLICE_X160Y224       LUT6 (Prop_lut6_I2_O)        0.126    -1.023 f  dram_dut/dram_iface_dut/controller/u_ddr_core/u_seq/u_write_fifo/delay_q[5]_i_16/O
                         net (fo=3, routed)           0.370    -0.653    dram_dut/dram_iface_dut/controller/u_ddr_core/u_seq/u_write_fifo/refresh_timer_q_reg[4]
    SLICE_X161Y225       LUT4 (Prop_lut4_I3_O)        0.051    -0.602 f  dram_dut/dram_iface_dut/controller/u_ddr_core/u_seq/u_write_fifo/wr_ptr[1]_i_9/O
                         net (fo=1, routed)           0.549    -0.053    dram_dut/dram_iface_dut/controller/u_ddr_core/u_seq/u_write_fifo/wr_ptr[1]_i_9_n_0
    SLICE_X161Y224       LUT6 (Prop_lut6_I0_O)        0.136     0.083 r  dram_dut/dram_iface_dut/controller/u_ddr_core/u_seq/u_write_fifo/wr_ptr[1]_i_7/O
                         net (fo=7, routed)           0.728     0.811    dram_dut/dram_iface_dut/controller/u_ddr_core/u_seq/u_write_fifo/refresh_timer_q_reg[11]
    SLICE_X164Y219       LUT4 (Prop_lut4_I0_O)        0.054     0.865 r  dram_dut/dram_iface_dut/controller/u_ddr_core/u_seq/u_write_fifo/wr_ptr[1]_i_4/O
                         net (fo=12, routed)          1.079     1.944    dram_dut/dram_iface_dut/controller/u_ddr_core/u_seq/u_write_fifo/state_q_reg[2]_0
    SLICE_X165Y229       LUT6 (Prop_lut6_I3_O)        0.137     2.081 r  dram_dut/dram_iface_dut/controller/u_ddr_core/u_seq/u_write_fifo/ram_reg_0_3_0_5_i_1/O
                         net (fo=60, routed)          0.573     2.654    dram_dut/dram_iface_dut/controller/u_ddr_core/u_seq/u_write_fifo/ram_reg_0_3_12_17/WE
    SLICE_X170Y226       RAMS32                                       r  dram_dut/dram_iface_dut/controller/u_ddr_core/u_seq/u_write_fifo/ram_reg_0_3_12_17/RAMD_D1/WE
  -------------------------------------------------------------------    -------------------

                         (clock clk_out1_clk_wiz_1_1 rise edge)
                                                     10.000    10.000 r  
    H9                                                0.000    10.000 r  clk_p (IN)
                         net (fo=0)                   0.000    10.000    u_pll/inst/clk_in1_p
    H9                   IBUFDS (Prop_ibufds_I_O)     0.778    10.778 r  u_pll/inst/clkin1_ibufgds/O
                         net (fo=1, routed)           0.986    11.764    u_pll/inst/clk_in1_clk_wiz_1
    MMCME2_ADV_X1Y5      MMCME2_ADV (Prop_mmcme2_adv_CLKIN1_CLKOUT0)
                                                     -6.516     5.248 r  u_pll/inst/mmcm_adv_inst/CLKOUT0
                         net (fo=1, routed)           1.788     7.036    u_pll/inst/clk_out1_clk_wiz_1
    BUFGCTRL_X0Y16       BUFG (Prop_bufg_I_O)         0.083     7.119 r  u_pll/inst/clkout1_buf/O
                         net (fo=567, routed)         1.342     8.461    dram_dut/dram_iface_dut/controller/u_ddr_core/u_seq/u_write_fifo/ram_reg_0_3_12_17/WCLK
    SLICE_X170Y226       RAMS32                                       r  dram_dut/dram_iface_dut/controller/u_ddr_core/u_seq/u_write_fifo/ram_reg_0_3_12_17/RAMD_D1/CLK
                         clock pessimism             -0.633     7.828    
                         clock uncertainty           -0.067     7.761    
    SLICE_X170Y226       RAMS32 (Setup_rams32_CLK_WE)
                                                     -0.303     7.458    dram_dut/dram_iface_dut/controller/u_ddr_core/u_seq/u_write_fifo/ram_reg_0_3_12_17/RAMD_D1
  -------------------------------------------------------------------
                         required time                          7.458    
                         arrival time                          -2.654    
  -------------------------------------------------------------------
                         slack                                  4.804    

Slack (MET) :             4.815ns  (required time - arrival time)
  Source:                 dram_dut/dram_iface_dut/controller/u_ddr_core/refresh_timer_q_reg[6]/C
                            (rising edge-triggered cell FDSE clocked by clk_out1_clk_wiz_1_1  {rise@0.000ns fall@5.000ns period=10.000ns})
  Destination:            dram_dut/dram_iface_dut/controller/u_ddr_core/u_seq/u_write_fifo/ram_reg_0_3_30_35/DP/WE
                            (rising edge-triggered cell RAMD32 clocked by clk_out1_clk_wiz_1_1  {rise@0.000ns fall@5.000ns period=10.000ns})
  Path Group:             clk_out1_clk_wiz_1_1
  Path Type:              Setup (Max at Slow Process Corner)
  Requirement:            10.000ns  (clk_out1_clk_wiz_1_1 rise@10.000ns - clk_out1_clk_wiz_1_1 rise@0.000ns)
  Data Path Delay:        4.821ns  (logic 0.708ns (14.687%)  route 4.113ns (85.313%))
  Logic Levels:           5  (LUT4=2 LUT6=3)
  Clock Path Skew:        0.006ns (DCD - SCD + CPR)
    Destination Clock Delay (DCD):    -1.541ns = ( 8.459 - 10.000 ) 
    Source Clock Delay      (SCD):    -2.180ns
    Clock Pessimism Removal (CPR):    -0.633ns
  Clock Uncertainty:      0.067ns  ((TSJ^2 + DJ^2)^1/2) / 2 + PE
    Total System Jitter     (TSJ):    0.071ns
    Discrete Jitter          (DJ):    0.114ns
    Phase Error              (PE):    0.000ns

    Location             Delay type                Incr(ns)  Path(ns)    Netlist Resource(s)
  -------------------------------------------------------------------    -------------------
                         (clock clk_out1_clk_wiz_1_1 rise edge)
                                                      0.000     0.000 r  
    H9                                                0.000     0.000 r  clk_p (IN)
                         net (fo=0)                   0.000     0.000    u_pll/inst/clk_in1_p
    H9                   IBUFDS (Prop_ibufds_I_O)     0.880     0.880 r  u_pll/inst/clkin1_ibufgds/O
                         net (fo=1, routed)           1.081     1.961    u_pll/inst/clk_in1_clk_wiz_1
    MMCME2_ADV_X1Y5      MMCME2_ADV (Prop_mmcme2_adv_CLKIN1_CLKOUT0)
                                                     -7.639    -5.678 r  u_pll/inst/mmcm_adv_inst/CLKOUT0
                         net (fo=1, routed)           1.948    -3.730    u_pll/inst/clk_out1_clk_wiz_1
    BUFGCTRL_X0Y16       BUFG (Prop_bufg_I_O)         0.093    -3.637 r  u_pll/inst/clkout1_buf/O
                         net (fo=567, routed)         1.457    -2.180    dram_dut/dram_iface_dut/controller/u_ddr_core/clk_out1
    SLICE_X163Y226       FDSE                                         r  dram_dut/dram_iface_dut/controller/u_ddr_core/refresh_timer_q_reg[6]/C
  -------------------------------------------------------------------    -------------------
    SLICE_X163Y226       FDSE (Prop_fdse_C_Q)         0.204    -1.976 f  dram_dut/dram_iface_dut/controller/u_ddr_core/refresh_timer_q_reg[6]/Q
                         net (fo=17, routed)          0.827    -1.149    dram_dut/dram_iface_dut/controller/u_ddr_core/u_seq/u_write_fifo/i__i_1[6]
    SLICE_X160Y224       LUT6 (Prop_lut6_I2_O)        0.126    -1.023 f  dram_dut/dram_iface_dut/controller/u_ddr_core/u_seq/u_write_fifo/delay_q[5]_i_16/O
                         net (fo=3, routed)           0.370    -0.653    dram_dut/dram_iface_dut/controller/u_ddr_core/u_seq/u_write_fifo/refresh_timer_q_reg[4]
    SLICE_X161Y225       LUT4 (Prop_lut4_I3_O)        0.051    -0.602 f  dram_dut/dram_iface_dut/controller/u_ddr_core/u_seq/u_write_fifo/wr_ptr[1]_i_9/O
                         net (fo=1, routed)           0.549    -0.053    dram_dut/dram_iface_dut/controller/u_ddr_core/u_seq/u_write_fifo/wr_ptr[1]_i_9_n_0
    SLICE_X161Y224       LUT6 (Prop_lut6_I0_O)        0.136     0.083 r  dram_dut/dram_iface_dut/controller/u_ddr_core/u_seq/u_write_fifo/wr_ptr[1]_i_7/O
                         net (fo=7, routed)           0.728     0.811    dram_dut/dram_iface_dut/controller/u_ddr_core/u_seq/u_write_fifo/refresh_timer_q_reg[11]
    SLICE_X164Y219       LUT4 (Prop_lut4_I0_O)        0.054     0.865 r  dram_dut/dram_iface_dut/controller/u_ddr_core/u_seq/u_write_fifo/wr_ptr[1]_i_4/O
                         net (fo=12, routed)          1.079     1.944    dram_dut/dram_iface_dut/controller/u_ddr_core/u_seq/u_write_fifo/state_q_reg[2]_0
    SLICE_X165Y229       LUT6 (Prop_lut6_I3_O)        0.137     2.081 r  dram_dut/dram_iface_dut/controller/u_ddr_core/u_seq/u_write_fifo/ram_reg_0_3_0_5_i_1/O
                         net (fo=60, routed)          0.560     2.641    dram_dut/dram_iface_dut/controller/u_ddr_core/u_seq/u_write_fifo/ram_reg_0_3_30_35/WE
    SLICE_X166Y225       RAMD32                                       r  dram_dut/dram_iface_dut/controller/u_ddr_core/u_seq/u_write_fifo/ram_reg_0_3_30_35/DP/WE
  -------------------------------------------------------------------    -------------------

                         (clock clk_out1_clk_wiz_1_1 rise edge)
                                                     10.000    10.000 r  
    H9                                                0.000    10.000 r  clk_p (IN)
                         net (fo=0)                   0.000    10.000    u_pll/inst/clk_in1_p
    H9                   IBUFDS (Prop_ibufds_I_O)     0.778    10.778 r  u_pll/inst/clkin1_ibufgds/O
                         net (fo=1, routed)           0.986    11.764    u_pll/inst/clk_in1_clk_wiz_1
    MMCME2_ADV_X1Y5      MMCME2_ADV (Prop_mmcme2_adv_CLKIN1_CLKOUT0)
                                                     -6.516     5.248 r  u_pll/inst/mmcm_adv_inst/CLKOUT0
                         net (fo=1, routed)           1.788     7.036    u_pll/inst/clk_out1_clk_wiz_1
    BUFGCTRL_X0Y16       BUFG (Prop_bufg_I_O)         0.083     7.119 r  u_pll/inst/clkout1_buf/O
                         net (fo=567, routed)         1.340     8.459    dram_dut/dram_iface_dut/controller/u_ddr_core/u_seq/u_write_fifo/ram_reg_0_3_30_35/WCLK
    SLICE_X166Y225       RAMD32                                       r  dram_dut/dram_iface_dut/controller/u_ddr_core/u_seq/u_write_fifo/ram_reg_0_3_30_35/DP/CLK
                         clock pessimism             -0.633     7.826    
                         clock uncertainty           -0.067     7.759    
    SLICE_X166Y225       RAMD32 (Setup_ramd32_CLK_WE)
                                                     -0.303     7.456    dram_dut/dram_iface_dut/controller/u_ddr_core/u_seq/u_write_fifo/ram_reg_0_3_30_35/DP
  -------------------------------------------------------------------
                         required time                          7.456    
                         arrival time                          -2.641    
  -------------------------------------------------------------------
                         slack                                  4.815    

Slack (MET) :             4.815ns  (required time - arrival time)
  Source:                 dram_dut/dram_iface_dut/controller/u_ddr_core/refresh_timer_q_reg[6]/C
                            (rising edge-triggered cell FDSE clocked by clk_out1_clk_wiz_1_1  {rise@0.000ns fall@5.000ns period=10.000ns})
  Destination:            dram_dut/dram_iface_dut/controller/u_ddr_core/u_seq/u_write_fifo/ram_reg_0_3_30_35/SP/WE
                            (rising edge-triggered cell RAMD32 clocked by clk_out1_clk_wiz_1_1  {rise@0.000ns fall@5.000ns period=10.000ns})
  Path Group:             clk_out1_clk_wiz_1_1
  Path Type:              Setup (Max at Slow Process Corner)
  Requirement:            10.000ns  (clk_out1_clk_wiz_1_1 rise@10.000ns - clk_out1_clk_wiz_1_1 rise@0.000ns)
  Data Path Delay:        4.821ns  (logic 0.708ns (14.687%)  route 4.113ns (85.313%))
  Logic Levels:           5  (LUT4=2 LUT6=3)
  Clock Path Skew:        0.006ns (DCD - SCD + CPR)
    Destination Clock Delay (DCD):    -1.541ns = ( 8.459 - 10.000 ) 
    Source Clock Delay      (SCD):    -2.180ns
    Clock Pessimism Removal (CPR):    -0.633ns
  Clock Uncertainty:      0.067ns  ((TSJ^2 + DJ^2)^1/2) / 2 + PE
    Total System Jitter     (TSJ):    0.071ns
    Discrete Jitter          (DJ):    0.114ns
    Phase Error              (PE):    0.000ns

    Location             Delay type                Incr(ns)  Path(ns)    Netlist Resource(s)
  -------------------------------------------------------------------    -------------------
                         (clock clk_out1_clk_wiz_1_1 rise edge)
                                                      0.000     0.000 r  
    H9                                                0.000     0.000 r  clk_p (IN)
                         net (fo=0)                   0.000     0.000    u_pll/inst/clk_in1_p
    H9                   IBUFDS (Prop_ibufds_I_O)     0.880     0.880 r  u_pll/inst/clkin1_ibufgds/O
                         net (fo=1, routed)           1.081     1.961    u_pll/inst/clk_in1_clk_wiz_1
    MMCME2_ADV_X1Y5      MMCME2_ADV (Prop_mmcme2_adv_CLKIN1_CLKOUT0)
                                                     -7.639    -5.678 r  u_pll/inst/mmcm_adv_inst/CLKOUT0
                         net (fo=1, routed)           1.948    -3.730    u_pll/inst/clk_out1_clk_wiz_1
    BUFGCTRL_X0Y16       BUFG (Prop_bufg_I_O)         0.093    -3.637 r  u_pll/inst/clkout1_buf/O
                         net (fo=567, routed)         1.457    -2.180    dram_dut/dram_iface_dut/controller/u_ddr_core/clk_out1
    SLICE_X163Y226       FDSE                                         r  dram_dut/dram_iface_dut/controller/u_ddr_core/refresh_timer_q_reg[6]/C
  -------------------------------------------------------------------    -------------------
    SLICE_X163Y226       FDSE (Prop_fdse_C_Q)         0.204    -1.976 f  dram_dut/dram_iface_dut/controller/u_ddr_core/refresh_timer_q_reg[6]/Q
                         net (fo=17, routed)          0.827    -1.149    dram_dut/dram_iface_dut/controller/u_ddr_core/u_seq/u_write_fifo/i__i_1[6]
    SLICE_X160Y224       LUT6 (Prop_lut6_I2_O)        0.126    -1.023 f  dram_dut/dram_iface_dut/controller/u_ddr_core/u_seq/u_write_fifo/delay_q[5]_i_16/O
                         net (fo=3, routed)           0.370    -0.653    dram_dut/dram_iface_dut/controller/u_ddr_core/u_seq/u_write_fifo/refresh_timer_q_reg[4]
    SLICE_X161Y225       LUT4 (Prop_lut4_I3_O)        0.051    -0.602 f  dram_dut/dram_iface_dut/controller/u_ddr_core/u_seq/u_write_fifo/wr_ptr[1]_i_9/O
                         net (fo=1, routed)           0.549    -0.053    dram_dut/dram_iface_dut/controller/u_ddr_core/u_seq/u_write_fifo/wr_ptr[1]_i_9_n_0
    SLICE_X161Y224       LUT6 (Prop_lut6_I0_O)        0.136     0.083 r  dram_dut/dram_iface_dut/controller/u_ddr_core/u_seq/u_write_fifo/wr_ptr[1]_i_7/O
                         net (fo=7, routed)           0.728     0.811    dram_dut/dram_iface_dut/controller/u_ddr_core/u_seq/u_write_fifo/refresh_timer_q_reg[11]
    SLICE_X164Y219       LUT4 (Prop_lut4_I0_O)        0.054     0.865 r  dram_dut/dram_iface_dut/controller/u_ddr_core/u_seq/u_write_fifo/wr_ptr[1]_i_4/O
                         net (fo=12, routed)          1.079     1.944    dram_dut/dram_iface_dut/controller/u_ddr_core/u_seq/u_write_fifo/state_q_reg[2]_0
    SLICE_X165Y229       LUT6 (Prop_lut6_I3_O)        0.137     2.081 r  dram_dut/dram_iface_dut/controller/u_ddr_core/u_seq/u_write_fifo/ram_reg_0_3_0_5_i_1/O
                         net (fo=60, routed)          0.560     2.641    dram_dut/dram_iface_dut/controller/u_ddr_core/u_seq/u_write_fifo/ram_reg_0_3_30_35/WE
    SLICE_X166Y225       RAMD32                                       r  dram_dut/dram_iface_dut/controller/u_ddr_core/u_seq/u_write_fifo/ram_reg_0_3_30_35/SP/WE
  -------------------------------------------------------------------    -------------------

                         (clock clk_out1_clk_wiz_1_1 rise edge)
                                                     10.000    10.000 r  
    H9                                                0.000    10.000 r  clk_p (IN)
                         net (fo=0)                   0.000    10.000    u_pll/inst/clk_in1_p
    H9                   IBUFDS (Prop_ibufds_I_O)     0.778    10.778 r  u_pll/inst/clkin1_ibufgds/O
                         net (fo=1, routed)           0.986    11.764    u_pll/inst/clk_in1_clk_wiz_1
    MMCME2_ADV_X1Y5      MMCME2_ADV (Prop_mmcme2_adv_CLKIN1_CLKOUT0)
                                                     -6.516     5.248 r  u_pll/inst/mmcm_adv_inst/CLKOUT0
                         net (fo=1, routed)           1.788     7.036    u_pll/inst/clk_out1_clk_wiz_1
    BUFGCTRL_X0Y16       BUFG (Prop_bufg_I_O)         0.083     7.119 r  u_pll/inst/clkout1_buf/O
                         net (fo=567, routed)         1.340     8.459    dram_dut/dram_iface_dut/controller/u_ddr_core/u_seq/u_write_fifo/ram_reg_0_3_30_35/WCLK
    SLICE_X166Y225       RAMD32                                       r  dram_dut/dram_iface_dut/controller/u_ddr_core/u_seq/u_write_fifo/ram_reg_0_3_30_35/SP/CLK
                         clock pessimism             -0.633     7.826    
                         clock uncertainty           -0.067     7.759    
    SLICE_X166Y225       RAMD32 (Setup_ramd32_CLK_WE)
                                                     -0.303     7.456    dram_dut/dram_iface_dut/controller/u_ddr_core/u_seq/u_write_fifo/ram_reg_0_3_30_35/SP
  -------------------------------------------------------------------
                         required time                          7.456    
                         arrival time                          -2.641    
  -------------------------------------------------------------------
                         slack                                  4.815    





Min Delay Paths
--------------------------------------------------------------------------------------
Slack (MET) :             0.074ns  (arrival time - required time)
  Source:                 dram_dut/dram_iface_dut/controller/u_phy/rd_capture_q_reg[31]/C
                            (rising edge-triggered cell FDRE clocked by clk_out1_clk_wiz_1_1  {rise@0.000ns fall@5.000ns period=10.000ns})
  Destination:            dram_dut/dram_iface_dut/controller/u_ddr_core/u_seq/rd_data_q_reg[95]_srl2___dram_dut_dram_iface_dut_controller_u_ddr_core_u_seq_rd_data_q_reg_r_7/D
                            (rising edge-triggered cell SRL16E clocked by clk_out1_clk_wiz_1_1  {rise@0.000ns fall@5.000ns period=10.000ns})
  Path Group:             clk_out1_clk_wiz_1_1
  Path Type:              Hold (Min at Fast Process Corner)
  Requirement:            0.000ns  (clk_out1_clk_wiz_1_1 rise@0.000ns - clk_out1_clk_wiz_1_1 rise@0.000ns)
  Data Path Delay:        0.259ns  (logic 0.118ns (45.542%)  route 0.141ns (54.458%))
  Logic Levels:           0  
  Clock Path Skew:        0.031ns (DCD - SCD - CPR)
    Destination Clock Delay (DCD):    -0.604ns
    Source Clock Delay      (SCD):    -0.570ns
    Clock Pessimism Removal (CPR):    -0.065ns

    Location             Delay type                Incr(ns)  Path(ns)    Netlist Resource(s)
  -------------------------------------------------------------------    -------------------
                         (clock clk_out1_clk_wiz_1_1 rise edge)
                                                      0.000     0.000 r  
    H9                                                0.000     0.000 r  clk_p (IN)
                         net (fo=0)                   0.000     0.000    u_pll/inst/clk_in1_p
    H9                   IBUFDS (Prop_ibufds_I_O)     0.363     0.363 r  u_pll/inst/clkin1_ibufgds/O
                         net (fo=1, routed)           0.503     0.866    u_pll/inst/clk_in1_clk_wiz_1
    MMCME2_ADV_X1Y5      MMCME2_ADV (Prop_mmcme2_adv_CLKIN1_CLKOUT0)
                                                     -3.122    -2.256 r  u_pll/inst/mmcm_adv_inst/CLKOUT0
                         net (fo=1, routed)           0.969    -1.287    u_pll/inst/clk_out1_clk_wiz_1
    BUFGCTRL_X0Y16       BUFG (Prop_bufg_I_O)         0.026    -1.261 r  u_pll/inst/clkout1_buf/O
                         net (fo=567, routed)         0.691    -0.570    dram_dut/dram_iface_dut/controller/u_phy/clk_out1
    SLICE_X170Y222       FDRE                                         r  dram_dut/dram_iface_dut/controller/u_phy/rd_capture_q_reg[31]/C
  -------------------------------------------------------------------    -------------------
    SLICE_X170Y222       FDRE (Prop_fdre_C_Q)         0.118    -0.452 r  dram_dut/dram_iface_dut/controller/u_phy/rd_capture_q_reg[31]/Q
                         net (fo=1, routed)           0.141    -0.311    dram_dut/dram_iface_dut/controller/u_ddr_core/u_seq/Q[31]
    SLICE_X166Y222       SRL16E                                       r  dram_dut/dram_iface_dut/controller/u_ddr_core/u_seq/rd_data_q_reg[95]_srl2___dram_dut_dram_iface_dut_controller_u_ddr_core_u_seq_rd_data_q_reg_r_7/D
  -------------------------------------------------------------------    -------------------

                         (clock clk_out1_clk_wiz_1_1 rise edge)
                                                      0.000     0.000 r  
    H9                                                0.000     0.000 r  clk_p (IN)
                         net (fo=0)                   0.000     0.000    u_pll/inst/clk_in1_p
    H9                   IBUFDS (Prop_ibufds_I_O)     0.444     0.444 r  u_pll/inst/clkin1_ibufgds/O
                         net (fo=1, routed)           0.553     0.997    u_pll/inst/clk_in1_clk_wiz_1
    MMCME2_ADV_X1Y5      MMCME2_ADV (Prop_mmcme2_adv_CLKIN1_CLKOUT0)
                                                     -3.590    -2.593 r  u_pll/inst/mmcm_adv_inst/CLKOUT0
                         net (fo=1, routed)           1.044    -1.549    u_pll/inst/clk_out1_clk_wiz_1
    BUFGCTRL_X0Y16       BUFG (Prop_bufg_I_O)         0.030    -1.519 r  u_pll/inst/clkout1_buf/O
                         net (fo=567, routed)         0.915    -0.604    dram_dut/dram_iface_dut/controller/u_ddr_core/u_seq/clk_out1
    SLICE_X166Y222       SRL16E                                       r  dram_dut/dram_iface_dut/controller/u_ddr_core/u_seq/rd_data_q_reg[95]_srl2___dram_dut_dram_iface_dut_controller_u_ddr_core_u_seq_rd_data_q_reg_r_7/CLK
                         clock pessimism              0.065    -0.539    
    SLICE_X166Y222       SRL16E (Hold_srl16e_CLK_D)
                                                      0.154    -0.385    dram_dut/dram_iface_dut/controller/u_ddr_core/u_seq/rd_data_q_reg[95]_srl2___dram_dut_dram_iface_dut_controller_u_ddr_core_u_seq_rd_data_q_reg_r_7
  -------------------------------------------------------------------
                         required time                          0.385    
                         arrival time                          -0.311    
  -------------------------------------------------------------------
                         slack                                  0.074    

Slack (MET) :             0.108ns  (arrival time - required time)
  Source:                 dram_dut/dram_iface_dut/controller/u_ddr_core/u_seq/dfi_wrdata_q_reg[27]/C
                            (rising edge-triggered cell FDRE clocked by clk_out1_clk_wiz_1_1  {rise@0.000ns fall@5.000ns period=10.000ns})
  Destination:            dram_dut/dram_iface_dut/controller/u_phy/dfi_wrdata_q_reg[27]/D
                            (rising edge-triggered cell FDRE clocked by clk_out1_clk_wiz_1_1  {rise@0.000ns fall@5.000ns period=10.000ns})
  Path Group:             clk_out1_clk_wiz_1_1
  Path Type:              Hold (Min at Fast Process Corner)
  Requirement:            0.000ns  (clk_out1_clk_wiz_1_1 rise@0.000ns - clk_out1_clk_wiz_1_1 rise@0.000ns)
  Data Path Delay:        0.152ns  (logic 0.100ns (65.886%)  route 0.052ns (34.114%))
  Logic Levels:           0  
  Clock Path Skew:        0.011ns (DCD - SCD - CPR)
    Destination Clock Delay (DCD):    -0.601ns
    Source Clock Delay      (SCD):    -0.569ns
    Clock Pessimism Removal (CPR):    -0.043ns

    Location             Delay type                Incr(ns)  Path(ns)    Netlist Resource(s)
  -------------------------------------------------------------------    -------------------
                         (clock clk_out1_clk_wiz_1_1 rise edge)
                                                      0.000     0.000 r  
    H9                                                0.000     0.000 r  clk_p (IN)
                         net (fo=0)                   0.000     0.000    u_pll/inst/clk_in1_p
    H9                   IBUFDS (Prop_ibufds_I_O)     0.363     0.363 r  u_pll/inst/clkin1_ibufgds/O
                         net (fo=1, routed)           0.503     0.866    u_pll/inst/clk_in1_clk_wiz_1
    MMCME2_ADV_X1Y5      MMCME2_ADV (Prop_mmcme2_adv_CLKIN1_CLKOUT0)
                                                     -3.122    -2.256 r  u_pll/inst/mmcm_adv_inst/CLKOUT0
                         net (fo=1, routed)           0.969    -1.287    u_pll/inst/clk_out1_clk_wiz_1
    BUFGCTRL_X0Y16       BUFG (Prop_bufg_I_O)         0.026    -1.261 r  u_pll/inst/clkout1_buf/O
                         net (fo=567, routed)         0.692    -0.569    dram_dut/dram_iface_dut/controller/u_ddr_core/u_seq/clk_out1
    SLICE_X168Y228       FDRE                                         r  dram_dut/dram_iface_dut/controller/u_ddr_core/u_seq/dfi_wrdata_q_reg[27]/C
  -------------------------------------------------------------------    -------------------
    SLICE_X168Y228       FDRE (Prop_fdre_C_Q)         0.100    -0.469 r  dram_dut/dram_iface_dut/controller/u_ddr_core/u_seq/dfi_wrdata_q_reg[27]/Q
                         net (fo=1, routed)           0.052    -0.417    dram_dut/dram_iface_dut/controller/u_phy/dfi_wrdata_q_reg[31]_0[27]
    SLICE_X169Y228       FDRE                                         r  dram_dut/dram_iface_dut/controller/u_phy/dfi_wrdata_q_reg[27]/D
  -------------------------------------------------------------------    -------------------

                         (clock clk_out1_clk_wiz_1_1 rise edge)
                                                      0.000     0.000 r  
    H9                                                0.000     0.000 r  clk_p (IN)
                         net (fo=0)                   0.000     0.000    u_pll/inst/clk_in1_p
    H9                   IBUFDS (Prop_ibufds_I_O)     0.444     0.444 r  u_pll/inst/clkin1_ibufgds/O
                         net (fo=1, routed)           0.553     0.997    u_pll/inst/clk_in1_clk_wiz_1
    MMCME2_ADV_X1Y5      MMCME2_ADV (Prop_mmcme2_adv_CLKIN1_CLKOUT0)
                                                     -3.590    -2.593 r  u_pll/inst/mmcm_adv_inst/CLKOUT0
                         net (fo=1, routed)           1.044    -1.549    u_pll/inst/clk_out1_clk_wiz_1
    BUFGCTRL_X0Y16       BUFG (Prop_bufg_I_O)         0.030    -1.519 r  u_pll/inst/clkout1_buf/O
                         net (fo=567, routed)         0.918    -0.601    dram_dut/dram_iface_dut/controller/u_phy/clk_out1
    SLICE_X169Y228       FDRE                                         r  dram_dut/dram_iface_dut/controller/u_phy/dfi_wrdata_q_reg[27]/C
                         clock pessimism              0.043    -0.558    
    SLICE_X169Y228       FDRE (Hold_fdre_C_D)         0.033    -0.525    dram_dut/dram_iface_dut/controller/u_phy/dfi_wrdata_q_reg[27]
  -------------------------------------------------------------------
                         required time                          0.525    
                         arrival time                          -0.417    
  -------------------------------------------------------------------
                         slack                                  0.108    

Slack (MET) :             0.117ns  (arrival time - required time)
  Source:                 dram_dut/dram_iface_dut/controller/u_ddr_core/write_ack_q_reg/C
                            (rising edge-triggered cell FDRE clocked by clk_out1_clk_wiz_1_1  {rise@0.000ns fall@5.000ns period=10.000ns})
  Destination:            dram_dut/dram_iface_dut/controller/u_ddr_core/u_seq/wr_en_q_reg[5]/D
                            (rising edge-triggered cell FDRE clocked by clk_out1_clk_wiz_1_1  {rise@0.000ns fall@5.000ns period=10.000ns})
  Path Group:             clk_out1_clk_wiz_1_1
  Path Type:              Hold (Min at Fast Process Corner)
  Requirement:            0.000ns  (clk_out1_clk_wiz_1_1 rise@0.000ns - clk_out1_clk_wiz_1_1 rise@0.000ns)
  Data Path Delay:        0.189ns  (logic 0.128ns (67.590%)  route 0.061ns (32.410%))
  Logic Levels:           1  (LUT5=1)
  Clock Path Skew:        0.011ns (DCD - SCD - CPR)
    Destination Clock Delay (DCD):    -0.634ns
    Source Clock Delay      (SCD):    -0.601ns
    Clock Pessimism Removal (CPR):    -0.044ns

    Location             Delay type                Incr(ns)  Path(ns)    Netlist Resource(s)
  -------------------------------------------------------------------    -------------------
                         (clock clk_out1_clk_wiz_1_1 rise edge)
                                                      0.000     0.000 r  
    H9                                                0.000     0.000 r  clk_p (IN)
                         net (fo=0)                   0.000     0.000    u_pll/inst/clk_in1_p
    H9                   IBUFDS (Prop_ibufds_I_O)     0.363     0.363 r  u_pll/inst/clkin1_ibufgds/O
                         net (fo=1, routed)           0.503     0.866    u_pll/inst/clk_in1_clk_wiz_1
    MMCME2_ADV_X1Y5      MMCME2_ADV (Prop_mmcme2_adv_CLKIN1_CLKOUT0)
                                                     -3.122    -2.256 r  u_pll/inst/mmcm_adv_inst/CLKOUT0
                         net (fo=1, routed)           0.969    -1.287    u_pll/inst/clk_out1_clk_wiz_1
    BUFGCTRL_X0Y16       BUFG (Prop_bufg_I_O)         0.026    -1.261 r  u_pll/inst/clkout1_buf/O
                         net (fo=567, routed)         0.660    -0.601    dram_dut/dram_iface_dut/controller/u_ddr_core/clk_out1
    SLICE_X162Y222       FDRE                                         r  dram_dut/dram_iface_dut/controller/u_ddr_core/write_ack_q_reg/C
  -------------------------------------------------------------------    -------------------
    SLICE_X162Y222       FDRE (Prop_fdre_C_Q)         0.100    -0.501 r  dram_dut/dram_iface_dut/controller/u_ddr_core/write_ack_q_reg/Q
                         net (fo=3, routed)           0.061    -0.440    dram_dut/dram_iface_dut/controller/u_ddr_core/u_seq/write_ack_q
    SLICE_X163Y222       LUT5 (Prop_lut5_I0_O)        0.028    -0.412 r  dram_dut/dram_iface_dut/controller/u_ddr_core/u_seq/wr_en_q[5]_i_1/O
                         net (fo=1, routed)           0.000    -0.412    dram_dut/dram_iface_dut/controller/u_ddr_core/u_seq/wr_en_q[5]_i_1_n_0
    SLICE_X163Y222       FDRE                                         r  dram_dut/dram_iface_dut/controller/u_ddr_core/u_seq/wr_en_q_reg[5]/D
  -------------------------------------------------------------------    -------------------

                         (clock clk_out1_clk_wiz_1_1 rise edge)
                                                      0.000     0.000 r  
    H9                                                0.000     0.000 r  clk_p (IN)
                         net (fo=0)                   0.000     0.000    u_pll/inst/clk_in1_p
    H9                   IBUFDS (Prop_ibufds_I_O)     0.444     0.444 r  u_pll/inst/clkin1_ibufgds/O
                         net (fo=1, routed)           0.553     0.997    u_pll/inst/clk_in1_clk_wiz_1
    MMCME2_ADV_X1Y5      MMCME2_ADV (Prop_mmcme2_adv_CLKIN1_CLKOUT0)
                                                     -3.590    -2.593 r  u_pll/inst/mmcm_adv_inst/CLKOUT0
                         net (fo=1, routed)           1.044    -1.549    u_pll/inst/clk_out1_clk_wiz_1
    BUFGCTRL_X0Y16       BUFG (Prop_bufg_I_O)         0.030    -1.519 r  u_pll/inst/clkout1_buf/O
                         net (fo=567, routed)         0.885    -0.634    dram_dut/dram_iface_dut/controller/u_ddr_core/u_seq/clk_out1
    SLICE_X163Y222       FDRE                                         r  dram_dut/dram_iface_dut/controller/u_ddr_core/u_seq/wr_en_q_reg[5]/C
                         clock pessimism              0.044    -0.590    
    SLICE_X163Y222       FDRE (Hold_fdre_C_D)         0.061    -0.529    dram_dut/dram_iface_dut/controller/u_ddr_core/u_seq/wr_en_q_reg[5]
  -------------------------------------------------------------------
                         required time                          0.529    
                         arrival time                          -0.412    
  -------------------------------------------------------------------
                         slack                                  0.117    

Slack (MET) :             0.128ns  (arrival time - required time)
  Source:                 dram_dut/dram_iface_dut/controller/u_phy/rd_capture_q_reg[15]/C
                            (rising edge-triggered cell FDRE clocked by clk_out1_clk_wiz_1_1  {rise@0.000ns fall@5.000ns period=10.000ns})
  Destination:            dram_dut/dram_iface_dut/controller/u_ddr_core/u_seq/rd_data_q_reg[79]_srl2___dram_dut_dram_iface_dut_controller_u_ddr_core_u_seq_rd_data_q_reg_r_7/D
                            (rising edge-triggered cell SRL16E clocked by clk_out1_clk_wiz_1_1  {rise@0.000ns fall@5.000ns period=10.000ns})
  Path Group:             clk_out1_clk_wiz_1_1
  Path Type:              Hold (Min at Fast Process Corner)
  Requirement:            0.000ns  (clk_out1_clk_wiz_1_1 rise@0.000ns - clk_out1_clk_wiz_1_1 rise@0.000ns)
  Data Path Delay:        0.258ns  (logic 0.118ns (45.699%)  route 0.140ns (54.301%))
  Logic Levels:           0  
  Clock Path Skew:        0.031ns (DCD - SCD - CPR)
    Destination Clock Delay (DCD):    -0.604ns
    Source Clock Delay      (SCD):    -0.570ns
    Clock Pessimism Removal (CPR):    -0.065ns

    Location             Delay type                Incr(ns)  Path(ns)    Netlist Resource(s)
  -------------------------------------------------------------------    -------------------
                         (clock clk_out1_clk_wiz_1_1 rise edge)
                                                      0.000     0.000 r  
    H9                                                0.000     0.000 r  clk_p (IN)
                         net (fo=0)                   0.000     0.000    u_pll/inst/clk_in1_p
    H9                   IBUFDS (Prop_ibufds_I_O)     0.363     0.363 r  u_pll/inst/clkin1_ibufgds/O
                         net (fo=1, routed)           0.503     0.866    u_pll/inst/clk_in1_clk_wiz_1
    MMCME2_ADV_X1Y5      MMCME2_ADV (Prop_mmcme2_adv_CLKIN1_CLKOUT0)
                                                     -3.122    -2.256 r  u_pll/inst/mmcm_adv_inst/CLKOUT0
                         net (fo=1, routed)           0.969    -1.287    u_pll/inst/clk_out1_clk_wiz_1
    BUFGCTRL_X0Y16       BUFG (Prop_bufg_I_O)         0.026    -1.261 r  u_pll/inst/clkout1_buf/O
                         net (fo=567, routed)         0.691    -0.570    dram_dut/dram_iface_dut/controller/u_phy/clk_out1
    SLICE_X170Y222       FDRE                                         r  dram_dut/dram_iface_dut/controller/u_phy/rd_capture_q_reg[15]/C
  -------------------------------------------------------------------    -------------------
    SLICE_X170Y222       FDRE (Prop_fdre_C_Q)         0.118    -0.452 r  dram_dut/dram_iface_dut/controller/u_phy/rd_capture_q_reg[15]/Q
                         net (fo=1, routed)           0.140    -0.312    dram_dut/dram_iface_dut/controller/u_ddr_core/u_seq/Q[15]
    SLICE_X166Y222       SRL16E                                       r  dram_dut/dram_iface_dut/controller/u_ddr_core/u_seq/rd_data_q_reg[79]_srl2___dram_dut_dram_iface_dut_controller_u_ddr_core_u_seq_rd_data_q_reg_r_7/D
  -------------------------------------------------------------------    -------------------

                         (clock clk_out1_clk_wiz_1_1 rise edge)
                                                      0.000     0.000 r  
    H9                                                0.000     0.000 r  clk_p (IN)
                         net (fo=0)                   0.000     0.000    u_pll/inst/clk_in1_p
    H9                   IBUFDS (Prop_ibufds_I_O)     0.444     0.444 r  u_pll/inst/clkin1_ibufgds/O
                         net (fo=1, routed)           0.553     0.997    u_pll/inst/clk_in1_clk_wiz_1
    MMCME2_ADV_X1Y5      MMCME2_ADV (Prop_mmcme2_adv_CLKIN1_CLKOUT0)
                                                     -3.590    -2.593 r  u_pll/inst/mmcm_adv_inst/CLKOUT0
                         net (fo=1, routed)           1.044    -1.549    u_pll/inst/clk_out1_clk_wiz_1
    BUFGCTRL_X0Y16       BUFG (Prop_bufg_I_O)         0.030    -1.519 r  u_pll/inst/clkout1_buf/O
                         net (fo=567, routed)         0.915    -0.604    dram_dut/dram_iface_dut/controller/u_ddr_core/u_seq/clk_out1
    SLICE_X166Y222       SRL16E                                       r  dram_dut/dram_iface_dut/controller/u_ddr_core/u_seq/rd_data_q_reg[79]_srl2___dram_dut_dram_iface_dut_controller_u_ddr_core_u_seq_rd_data_q_reg_r_7/CLK
                         clock pessimism              0.065    -0.539    
    SLICE_X166Y222       SRL16E (Hold_srl16e_CLK_D)
                                                      0.099    -0.440    dram_dut/dram_iface_dut/controller/u_ddr_core/u_seq/rd_data_q_reg[79]_srl2___dram_dut_dram_iface_dut_controller_u_ddr_core_u_seq_rd_data_q_reg_r_7
  -------------------------------------------------------------------
                         required time                          0.440    
                         arrival time                          -0.312    
  -------------------------------------------------------------------
                         slack                                  0.128    

Slack (MET) :             0.130ns  (arrival time - required time)
  Source:                 dram_dut/dram_iface_dut/controller/u_phy/rd_capture_q_reg[9]/C
                            (rising edge-triggered cell FDRE clocked by clk_out1_clk_wiz_1_1  {rise@0.000ns fall@5.000ns period=10.000ns})
  Destination:            dram_dut/dram_iface_dut/controller/u_ddr_core/u_seq/rd_data_q_reg[73]_srl2___dram_dut_dram_iface_dut_controller_u_ddr_core_u_seq_rd_data_q_reg_r_7/D
                            (rising edge-triggered cell SRL16E clocked by clk_out1_clk_wiz_1_1  {rise@0.000ns fall@5.000ns period=10.000ns})
  Path Group:             clk_out1_clk_wiz_1_1
  Path Type:              Hold (Min at Fast Process Corner)
  Requirement:            0.000ns  (clk_out1_clk_wiz_1_1 rise@0.000ns - clk_out1_clk_wiz_1_1 rise@0.000ns)
  Data Path Delay:        0.263ns  (logic 0.118ns (44.884%)  route 0.145ns (55.116%))
  Logic Levels:           0  
  Clock Path Skew:        0.031ns (DCD - SCD - CPR)
    Destination Clock Delay (DCD):    -0.604ns
    Source Clock Delay      (SCD):    -0.570ns
    Clock Pessimism Removal (CPR):    -0.065ns

    Location             Delay type                Incr(ns)  Path(ns)    Netlist Resource(s)
  -------------------------------------------------------------------    -------------------
                         (clock clk_out1_clk_wiz_1_1 rise edge)
                                                      0.000     0.000 r  
    H9                                                0.000     0.000 r  clk_p (IN)
                         net (fo=0)                   0.000     0.000    u_pll/inst/clk_in1_p
    H9                   IBUFDS (Prop_ibufds_I_O)     0.363     0.363 r  u_pll/inst/clkin1_ibufgds/O
                         net (fo=1, routed)           0.503     0.866    u_pll/inst/clk_in1_clk_wiz_1
    MMCME2_ADV_X1Y5      MMCME2_ADV (Prop_mmcme2_adv_CLKIN1_CLKOUT0)
                                                     -3.122    -2.256 r  u_pll/inst/mmcm_adv_inst/CLKOUT0
                         net (fo=1, routed)           0.969    -1.287    u_pll/inst/clk_out1_clk_wiz_1
    BUFGCTRL_X0Y16       BUFG (Prop_bufg_I_O)         0.026    -1.261 r  u_pll/inst/clkout1_buf/O
                         net (fo=567, routed)         0.691    -0.570    dram_dut/dram_iface_dut/controller/u_phy/clk_out1
    SLICE_X170Y222       FDRE                                         r  dram_dut/dram_iface_dut/controller/u_phy/rd_capture_q_reg[9]/C
  -------------------------------------------------------------------    -------------------
    SLICE_X170Y222       FDRE (Prop_fdre_C_Q)         0.118    -0.452 r  dram_dut/dram_iface_dut/controller/u_phy/rd_capture_q_reg[9]/Q
                         net (fo=1, routed)           0.145    -0.307    dram_dut/dram_iface_dut/controller/u_ddr_core/u_seq/Q[9]
    SLICE_X166Y222       SRL16E                                       r  dram_dut/dram_iface_dut/controller/u_ddr_core/u_seq/rd_data_q_reg[73]_srl2___dram_dut_dram_iface_dut_controller_u_ddr_core_u_seq_rd_data_q_reg_r_7/D
  -------------------------------------------------------------------    -------------------

                         (clock clk_out1_clk_wiz_1_1 rise edge)
                                                      0.000     0.000 r  
    H9                                                0.000     0.000 r  clk_p (IN)
                         net (fo=0)                   0.000     0.000    u_pll/inst/clk_in1_p
    H9                   IBUFDS (Prop_ibufds_I_O)     0.444     0.444 r  u_pll/inst/clkin1_ibufgds/O
                         net (fo=1, routed)           0.553     0.997    u_pll/inst/clk_in1_clk_wiz_1
    MMCME2_ADV_X1Y5      MMCME2_ADV (Prop_mmcme2_adv_CLKIN1_CLKOUT0)
                                                     -3.590    -2.593 r  u_pll/inst/mmcm_adv_inst/CLKOUT0
                         net (fo=1, routed)           1.044    -1.549    u_pll/inst/clk_out1_clk_wiz_1
    BUFGCTRL_X0Y16       BUFG (Prop_bufg_I_O)         0.030    -1.519 r  u_pll/inst/clkout1_buf/O
                         net (fo=567, routed)         0.915    -0.604    dram_dut/dram_iface_dut/controller/u_ddr_core/u_seq/clk_out1
    SLICE_X166Y222       SRL16E                                       r  dram_dut/dram_iface_dut/controller/u_ddr_core/u_seq/rd_data_q_reg[73]_srl2___dram_dut_dram_iface_dut_controller_u_ddr_core_u_seq_rd_data_q_reg_r_7/CLK
                         clock pessimism              0.065    -0.539    
    SLICE_X166Y222       SRL16E (Hold_srl16e_CLK_D)
                                                      0.102    -0.437    dram_dut/dram_iface_dut/controller/u_ddr_core/u_seq/rd_data_q_reg[73]_srl2___dram_dut_dram_iface_dut_controller_u_ddr_core_u_seq_rd_data_q_reg_r_7
  -------------------------------------------------------------------
                         required time                          0.437    
                         arrival time                          -0.307    
  -------------------------------------------------------------------
                         slack                                  0.130    

Slack (MET) :             0.137ns  (arrival time - required time)
  Source:                 dram_dut/dram_iface_dut/controller/u_ddr_core/u_seq/rd_en_q_reg[6]/C
                            (rising edge-triggered cell FDRE clocked by clk_out1_clk_wiz_1_1  {rise@0.000ns fall@5.000ns period=10.000ns})
  Destination:            dram_dut/dram_iface_dut/controller/u_ddr_core/u_seq/rd_en_q_reg[5]/D
                            (rising edge-triggered cell FDRE clocked by clk_out1_clk_wiz_1_1  {rise@0.000ns fall@5.000ns period=10.000ns})
  Path Group:             clk_out1_clk_wiz_1_1
  Path Type:              Hold (Min at Fast Process Corner)
  Requirement:            0.000ns  (clk_out1_clk_wiz_1_1 rise@0.000ns - clk_out1_clk_wiz_1_1 rise@0.000ns)
  Data Path Delay:        0.208ns  (logic 0.128ns (61.615%)  route 0.080ns (38.385%))
  Logic Levels:           1  (LUT6=1)
  Clock Path Skew:        0.011ns (DCD - SCD - CPR)
    Destination Clock Delay (DCD):    -0.634ns
    Source Clock Delay      (SCD):    -0.601ns
    Clock Pessimism Removal (CPR):    -0.044ns

    Location             Delay type                Incr(ns)  Path(ns)    Netlist Resource(s)
  -------------------------------------------------------------------    -------------------
                         (clock clk_out1_clk_wiz_1_1 rise edge)
                                                      0.000     0.000 r  
    H9                                                0.000     0.000 r  clk_p (IN)
                         net (fo=0)                   0.000     0.000    u_pll/inst/clk_in1_p
    H9                   IBUFDS (Prop_ibufds_I_O)     0.363     0.363 r  u_pll/inst/clkin1_ibufgds/O
                         net (fo=1, routed)           0.503     0.866    u_pll/inst/clk_in1_clk_wiz_1
    MMCME2_ADV_X1Y5      MMCME2_ADV (Prop_mmcme2_adv_CLKIN1_CLKOUT0)
                                                     -3.122    -2.256 r  u_pll/inst/mmcm_adv_inst/CLKOUT0
                         net (fo=1, routed)           0.969    -1.287    u_pll/inst/clk_out1_clk_wiz_1
    BUFGCTRL_X0Y16       BUFG (Prop_bufg_I_O)         0.026    -1.261 r  u_pll/inst/clkout1_buf/O
                         net (fo=567, routed)         0.660    -0.601    dram_dut/dram_iface_dut/controller/u_ddr_core/u_seq/clk_out1
    SLICE_X162Y222       FDRE                                         r  dram_dut/dram_iface_dut/controller/u_ddr_core/u_seq/rd_en_q_reg[6]/C
  -------------------------------------------------------------------    -------------------
    SLICE_X162Y222       FDRE (Prop_fdre_C_Q)         0.100    -0.501 r  dram_dut/dram_iface_dut/controller/u_ddr_core/u_seq/rd_en_q_reg[6]/Q
                         net (fo=1, routed)           0.080    -0.421    dram_dut/dram_iface_dut/controller/u_ddr_core/u_seq/rd_en_q_reg_n_0_[6]
    SLICE_X163Y222       LUT6 (Prop_lut6_I0_O)        0.028    -0.393 r  dram_dut/dram_iface_dut/controller/u_ddr_core/u_seq/rd_en_q[5]_i_1/O
                         net (fo=1, routed)           0.000    -0.393    dram_dut/dram_iface_dut/controller/u_ddr_core/u_seq/rd_en_q[5]_i_1_n_0
    SLICE_X163Y222       FDRE                                         r  dram_dut/dram_iface_dut/controller/u_ddr_core/u_seq/rd_en_q_reg[5]/D
  -------------------------------------------------------------------    -------------------

                         (clock clk_out1_clk_wiz_1_1 rise edge)
                                                      0.000     0.000 r  
    H9                                                0.000     0.000 r  clk_p (IN)
                         net (fo=0)                   0.000     0.000    u_pll/inst/clk_in1_p
    H9                   IBUFDS (Prop_ibufds_I_O)     0.444     0.444 r  u_pll/inst/clkin1_ibufgds/O
                         net (fo=1, routed)           0.553     0.997    u_pll/inst/clk_in1_clk_wiz_1
    MMCME2_ADV_X1Y5      MMCME2_ADV (Prop_mmcme2_adv_CLKIN1_CLKOUT0)
                                                     -3.590    -2.593 r  u_pll/inst/mmcm_adv_inst/CLKOUT0
                         net (fo=1, routed)           1.044    -1.549    u_pll/inst/clk_out1_clk_wiz_1
    BUFGCTRL_X0Y16       BUFG (Prop_bufg_I_O)         0.030    -1.519 r  u_pll/inst/clkout1_buf/O
                         net (fo=567, routed)         0.885    -0.634    dram_dut/dram_iface_dut/controller/u_ddr_core/u_seq/clk_out1
    SLICE_X163Y222       FDRE                                         r  dram_dut/dram_iface_dut/controller/u_ddr_core/u_seq/rd_en_q_reg[5]/C
                         clock pessimism              0.044    -0.590    
    SLICE_X163Y222       FDRE (Hold_fdre_C_D)         0.060    -0.530    dram_dut/dram_iface_dut/controller/u_ddr_core/u_seq/rd_en_q_reg[5]
  -------------------------------------------------------------------
                         required time                          0.530    
                         arrival time                          -0.393    
  -------------------------------------------------------------------
                         slack                                  0.137    

Slack (MET) :             0.143ns  (arrival time - required time)
  Source:                 dram_dut/dram_iface_dut/controller/u_phy/rd_capture_q_reg[24]/C
                            (rising edge-triggered cell FDRE clocked by clk_out1_clk_wiz_1_1  {rise@0.000ns fall@5.000ns period=10.000ns})
  Destination:            dram_dut/dram_iface_dut/controller/u_ddr_core/u_seq/rd_data_q_reg[88]_srl2___dram_dut_dram_iface_dut_controller_u_ddr_core_u_seq_rd_data_q_reg_r_7/D
                            (rising edge-triggered cell SRL16E clocked by clk_out1_clk_wiz_1_1  {rise@0.000ns fall@5.000ns period=10.000ns})
  Path Group:             clk_out1_clk_wiz_1_1
  Path Type:              Hold (Min at Fast Process Corner)
  Requirement:            0.000ns  (clk_out1_clk_wiz_1_1 rise@0.000ns - clk_out1_clk_wiz_1_1 rise@0.000ns)
  Data Path Delay:        0.299ns  (logic 0.100ns (33.500%)  route 0.199ns (66.500%))
  Logic Levels:           0  
  Clock Path Skew:        0.002ns (DCD - SCD - CPR)
    Destination Clock Delay (DCD):    -0.630ns
    Source Clock Delay      (SCD):    -0.567ns
    Clock Pessimism Removal (CPR):    -0.065ns

    Location             Delay type                Incr(ns)  Path(ns)    Netlist Resource(s)
  -------------------------------------------------------------------    -------------------
                         (clock clk_out1_clk_wiz_1_1 rise edge)
                                                      0.000     0.000 r  
    H9                                                0.000     0.000 r  clk_p (IN)
                         net (fo=0)                   0.000     0.000    u_pll/inst/clk_in1_p
    H9                   IBUFDS (Prop_ibufds_I_O)     0.363     0.363 r  u_pll/inst/clkin1_ibufgds/O
                         net (fo=1, routed)           0.503     0.866    u_pll/inst/clk_in1_clk_wiz_1
    MMCME2_ADV_X1Y5      MMCME2_ADV (Prop_mmcme2_adv_CLKIN1_CLKOUT0)
                                                     -3.122    -2.256 r  u_pll/inst/mmcm_adv_inst/CLKOUT0
                         net (fo=1, routed)           0.969    -1.287    u_pll/inst/clk_out1_clk_wiz_1
    BUFGCTRL_X0Y16       BUFG (Prop_bufg_I_O)         0.026    -1.261 r  u_pll/inst/clkout1_buf/O
                         net (fo=567, routed)         0.694    -0.567    dram_dut/dram_iface_dut/controller/u_phy/clk_out1
    SLICE_X164Y232       FDRE                                         r  dram_dut/dram_iface_dut/controller/u_phy/rd_capture_q_reg[24]/C
  -------------------------------------------------------------------    -------------------
    SLICE_X164Y232       FDRE (Prop_fdre_C_Q)         0.100    -0.467 r  dram_dut/dram_iface_dut/controller/u_phy/rd_capture_q_reg[24]/Q
                         net (fo=1, routed)           0.199    -0.269    dram_dut/dram_iface_dut/controller/u_ddr_core/u_seq/Q[24]
    SLICE_X160Y231       SRL16E                                       r  dram_dut/dram_iface_dut/controller/u_ddr_core/u_seq/rd_data_q_reg[88]_srl2___dram_dut_dram_iface_dut_controller_u_ddr_core_u_seq_rd_data_q_reg_r_7/D
  -------------------------------------------------------------------    -------------------

                         (clock clk_out1_clk_wiz_1_1 rise edge)
                                                      0.000     0.000 r  
    H9                                                0.000     0.000 r  clk_p (IN)
                         net (fo=0)                   0.000     0.000    u_pll/inst/clk_in1_p
    H9                   IBUFDS (Prop_ibufds_I_O)     0.444     0.444 r  u_pll/inst/clkin1_ibufgds/O
                         net (fo=1, routed)           0.553     0.997    u_pll/inst/clk_in1_clk_wiz_1
    MMCME2_ADV_X1Y5      MMCME2_ADV (Prop_mmcme2_adv_CLKIN1_CLKOUT0)
                                                     -3.590    -2.593 r  u_pll/inst/mmcm_adv_inst/CLKOUT0
                         net (fo=1, routed)           1.044    -1.549    u_pll/inst/clk_out1_clk_wiz_1
    BUFGCTRL_X0Y16       BUFG (Prop_bufg_I_O)         0.030    -1.519 r  u_pll/inst/clkout1_buf/O
                         net (fo=567, routed)         0.889    -0.630    dram_dut/dram_iface_dut/controller/u_ddr_core/u_seq/clk_out1
    SLICE_X160Y231       SRL16E                                       r  dram_dut/dram_iface_dut/controller/u_ddr_core/u_seq/rd_data_q_reg[88]_srl2___dram_dut_dram_iface_dut_controller_u_ddr_core_u_seq_rd_data_q_reg_r_7/CLK
                         clock pessimism              0.065    -0.565    
    SLICE_X160Y231       SRL16E (Hold_srl16e_CLK_D)
                                                      0.154    -0.411    dram_dut/dram_iface_dut/controller/u_ddr_core/u_seq/rd_data_q_reg[88]_srl2___dram_dut_dram_iface_dut_controller_u_ddr_core_u_seq_rd_data_q_reg_r_7
  -------------------------------------------------------------------
                         required time                          0.411    
                         arrival time                          -0.269    
  -------------------------------------------------------------------
                         slack                                  0.143    

Slack (MET) :             0.144ns  (arrival time - required time)
  Source:                 dram_dut/dram_iface_dut/controller/u_ddr_core/u_seq/dfi_wrdata_q_reg[14]/C
                            (rising edge-triggered cell FDRE clocked by clk_out1_clk_wiz_1_1  {rise@0.000ns fall@5.000ns period=10.000ns})
  Destination:            dram_dut/dram_iface_dut/controller/u_phy/dfi_wrdata_q_reg[14]/D
                            (rising edge-triggered cell FDRE clocked by clk_out1_clk_wiz_1_1  {rise@0.000ns fall@5.000ns period=10.000ns})
  Path Group:             clk_out1_clk_wiz_1_1
  Path Type:              Hold (Min at Fast Process Corner)
  Requirement:            0.000ns  (clk_out1_clk_wiz_1_1 rise@0.000ns - clk_out1_clk_wiz_1_1 rise@0.000ns)
  Data Path Delay:        0.195ns  (logic 0.100ns (51.316%)  route 0.095ns (48.684%))
  Logic Levels:           0  
  Clock Path Skew:        0.010ns (DCD - SCD - CPR)
    Destination Clock Delay (DCD):    -0.604ns
    Source Clock Delay      (SCD):    -0.570ns
    Clock Pessimism Removal (CPR):    -0.044ns

    Location             Delay type                Incr(ns)  Path(ns)    Netlist Resource(s)
  -------------------------------------------------------------------    -------------------
                         (clock clk_out1_clk_wiz_1_1 rise edge)
                                                      0.000     0.000 r  
    H9                                                0.000     0.000 r  clk_p (IN)
                         net (fo=0)                   0.000     0.000    u_pll/inst/clk_in1_p
    H9                   IBUFDS (Prop_ibufds_I_O)     0.363     0.363 r  u_pll/inst/clkin1_ibufgds/O
                         net (fo=1, routed)           0.503     0.866    u_pll/inst/clk_in1_clk_wiz_1
    MMCME2_ADV_X1Y5      MMCME2_ADV (Prop_mmcme2_adv_CLKIN1_CLKOUT0)
                                                     -3.122    -2.256 r  u_pll/inst/mmcm_adv_inst/CLKOUT0
                         net (fo=1, routed)           0.969    -1.287    u_pll/inst/clk_out1_clk_wiz_1
    BUFGCTRL_X0Y16       BUFG (Prop_bufg_I_O)         0.026    -1.261 r  u_pll/inst/clkout1_buf/O
                         net (fo=567, routed)         0.691    -0.570    dram_dut/dram_iface_dut/controller/u_ddr_core/u_seq/clk_out1
    SLICE_X171Y227       FDRE                                         r  dram_dut/dram_iface_dut/controller/u_ddr_core/u_seq/dfi_wrdata_q_reg[14]/C
  -------------------------------------------------------------------    -------------------
    SLICE_X171Y227       FDRE (Prop_fdre_C_Q)         0.100    -0.470 r  dram_dut/dram_iface_dut/controller/u_ddr_core/u_seq/dfi_wrdata_q_reg[14]/Q
                         net (fo=1, routed)           0.095    -0.375    dram_dut/dram_iface_dut/controller/u_phy/dfi_wrdata_q_reg[31]_0[14]
    SLICE_X171Y226       FDRE                                         r  dram_dut/dram_iface_dut/controller/u_phy/dfi_wrdata_q_reg[14]/D
  -------------------------------------------------------------------    -------------------

                         (clock clk_out1_clk_wiz_1_1 rise edge)
                                                      0.000     0.000 r  
    H9                                                0.000     0.000 r  clk_p (IN)
                         net (fo=0)                   0.000     0.000    u_pll/inst/clk_in1_p
    H9                   IBUFDS (Prop_ibufds_I_O)     0.444     0.444 r  u_pll/inst/clkin1_ibufgds/O
                         net (fo=1, routed)           0.553     0.997    u_pll/inst/clk_in1_clk_wiz_1
    MMCME2_ADV_X1Y5      MMCME2_ADV (Prop_mmcme2_adv_CLKIN1_CLKOUT0)
                                                     -3.590    -2.593 r  u_pll/inst/mmcm_adv_inst/CLKOUT0
                         net (fo=1, routed)           1.044    -1.549    u_pll/inst/clk_out1_clk_wiz_1
    BUFGCTRL_X0Y16       BUFG (Prop_bufg_I_O)         0.030    -1.519 r  u_pll/inst/clkout1_buf/O
                         net (fo=567, routed)         0.915    -0.604    dram_dut/dram_iface_dut/controller/u_phy/clk_out1
    SLICE_X171Y226       FDRE                                         r  dram_dut/dram_iface_dut/controller/u_phy/dfi_wrdata_q_reg[14]/C
                         clock pessimism              0.044    -0.560    
    SLICE_X171Y226       FDRE (Hold_fdre_C_D)         0.041    -0.519    dram_dut/dram_iface_dut/controller/u_phy/dfi_wrdata_q_reg[14]
  -------------------------------------------------------------------
                         required time                          0.519    
                         arrival time                          -0.375    
  -------------------------------------------------------------------
                         slack                                  0.144    

Slack (MET) :             0.145ns  (arrival time - required time)
  Source:                 dram_dut/dram_iface_dut/controller/u_ddr_core/u_seq/dfi_wrdata_q_reg[11]/C
                            (rising edge-triggered cell FDRE clocked by clk_out1_clk_wiz_1_1  {rise@0.000ns fall@5.000ns period=10.000ns})
  Destination:            dram_dut/dram_iface_dut/controller/u_phy/dfi_wrdata_q_reg[11]/D
                            (rising edge-triggered cell FDRE clocked by clk_out1_clk_wiz_1_1  {rise@0.000ns fall@5.000ns period=10.000ns})
  Path Group:             clk_out1_clk_wiz_1_1
  Path Type:              Hold (Min at Fast Process Corner)
  Requirement:            0.000ns  (clk_out1_clk_wiz_1_1 rise@0.000ns - clk_out1_clk_wiz_1_1 rise@0.000ns)
  Data Path Delay:        0.195ns  (logic 0.100ns (51.316%)  route 0.095ns (48.684%))
  Logic Levels:           0  
  Clock Path Skew:        0.010ns (DCD - SCD - CPR)
    Destination Clock Delay (DCD):    -0.604ns
    Source Clock Delay      (SCD):    -0.570ns
    Clock Pessimism Removal (CPR):    -0.044ns

    Location             Delay type                Incr(ns)  Path(ns)    Netlist Resource(s)
  -------------------------------------------------------------------    -------------------
                         (clock clk_out1_clk_wiz_1_1 rise edge)
                                                      0.000     0.000 r  
    H9                                                0.000     0.000 r  clk_p (IN)
                         net (fo=0)                   0.000     0.000    u_pll/inst/clk_in1_p
    H9                   IBUFDS (Prop_ibufds_I_O)     0.363     0.363 r  u_pll/inst/clkin1_ibufgds/O
                         net (fo=1, routed)           0.503     0.866    u_pll/inst/clk_in1_clk_wiz_1
    MMCME2_ADV_X1Y5      MMCME2_ADV (Prop_mmcme2_adv_CLKIN1_CLKOUT0)
                                                     -3.122    -2.256 r  u_pll/inst/mmcm_adv_inst/CLKOUT0
                         net (fo=1, routed)           0.969    -1.287    u_pll/inst/clk_out1_clk_wiz_1
    BUFGCTRL_X0Y16       BUFG (Prop_bufg_I_O)         0.026    -1.261 r  u_pll/inst/clkout1_buf/O
                         net (fo=567, routed)         0.691    -0.570    dram_dut/dram_iface_dut/controller/u_ddr_core/u_seq/clk_out1
    SLICE_X171Y227       FDRE                                         r  dram_dut/dram_iface_dut/controller/u_ddr_core/u_seq/dfi_wrdata_q_reg[11]/C
  -------------------------------------------------------------------    -------------------
    SLICE_X171Y227       FDRE (Prop_fdre_C_Q)         0.100    -0.470 r  dram_dut/dram_iface_dut/controller/u_ddr_core/u_seq/dfi_wrdata_q_reg[11]/Q
                         net (fo=1, routed)           0.095    -0.375    dram_dut/dram_iface_dut/controller/u_phy/dfi_wrdata_q_reg[31]_0[11]
    SLICE_X171Y226       FDRE                                         r  dram_dut/dram_iface_dut/controller/u_phy/dfi_wrdata_q_reg[11]/D
  -------------------------------------------------------------------    -------------------

                         (clock clk_out1_clk_wiz_1_1 rise edge)
                                                      0.000     0.000 r  
    H9                                                0.000     0.000 r  clk_p (IN)
                         net (fo=0)                   0.000     0.000    u_pll/inst/clk_in1_p
    H9                   IBUFDS (Prop_ibufds_I_O)     0.444     0.444 r  u_pll/inst/clkin1_ibufgds/O
                         net (fo=1, routed)           0.553     0.997    u_pll/inst/clk_in1_clk_wiz_1
    MMCME2_ADV_X1Y5      MMCME2_ADV (Prop_mmcme2_adv_CLKIN1_CLKOUT0)
                                                     -3.590    -2.593 r  u_pll/inst/mmcm_adv_inst/CLKOUT0
                         net (fo=1, routed)           1.044    -1.549    u_pll/inst/clk_out1_clk_wiz_1
    BUFGCTRL_X0Y16       BUFG (Prop_bufg_I_O)         0.030    -1.519 r  u_pll/inst/clkout1_buf/O
                         net (fo=567, routed)         0.915    -0.604    dram_dut/dram_iface_dut/controller/u_phy/clk_out1
    SLICE_X171Y226       FDRE                                         r  dram_dut/dram_iface_dut/controller/u_phy/dfi_wrdata_q_reg[11]/C
                         clock pessimism              0.044    -0.560    
    SLICE_X171Y226       FDRE (Hold_fdre_C_D)         0.040    -0.520    dram_dut/dram_iface_dut/controller/u_phy/dfi_wrdata_q_reg[11]
  -------------------------------------------------------------------
                         required time                          0.520    
                         arrival time                          -0.375    
  -------------------------------------------------------------------
                         slack                                  0.145    

Slack (MET) :             0.147ns  (arrival time - required time)
  Source:                 dram_dut/dram_iface_dut/controller/u_ddr_core/u_seq/dfi_wrdata_q_reg[13]/C
                            (rising edge-triggered cell FDRE clocked by clk_out1_clk_wiz_1_1  {rise@0.000ns fall@5.000ns period=10.000ns})
  Destination:            dram_dut/dram_iface_dut/controller/u_phy/dfi_wrdata_q_reg[13]/D
                            (rising edge-triggered cell FDRE clocked by clk_out1_clk_wiz_1_1  {rise@0.000ns fall@5.000ns period=10.000ns})
  Path Group:             clk_out1_clk_wiz_1_1
  Path Type:              Hold (Min at Fast Process Corner)
  Requirement:            0.000ns  (clk_out1_clk_wiz_1_1 rise@0.000ns - clk_out1_clk_wiz_1_1 rise@0.000ns)
  Data Path Delay:        0.195ns  (logic 0.100ns (51.316%)  route 0.095ns (48.684%))
  Logic Levels:           0  
  Clock Path Skew:        0.010ns (DCD - SCD - CPR)
    Destination Clock Delay (DCD):    -0.604ns
    Source Clock Delay      (SCD):    -0.570ns
    Clock Pessimism Removal (CPR):    -0.044ns

    Location             Delay type                Incr(ns)  Path(ns)    Netlist Resource(s)
  -------------------------------------------------------------------    -------------------
                         (clock clk_out1_clk_wiz_1_1 rise edge)
                                                      0.000     0.000 r  
    H9                                                0.000     0.000 r  clk_p (IN)
                         net (fo=0)                   0.000     0.000    u_pll/inst/clk_in1_p
    H9                   IBUFDS (Prop_ibufds_I_O)     0.363     0.363 r  u_pll/inst/clkin1_ibufgds/O
                         net (fo=1, routed)           0.503     0.866    u_pll/inst/clk_in1_clk_wiz_1
    MMCME2_ADV_X1Y5      MMCME2_ADV (Prop_mmcme2_adv_CLKIN1_CLKOUT0)
                                                     -3.122    -2.256 r  u_pll/inst/mmcm_adv_inst/CLKOUT0
                         net (fo=1, routed)           0.969    -1.287    u_pll/inst/clk_out1_clk_wiz_1
    BUFGCTRL_X0Y16       BUFG (Prop_bufg_I_O)         0.026    -1.261 r  u_pll/inst/clkout1_buf/O
                         net (fo=567, routed)         0.691    -0.570    dram_dut/dram_iface_dut/controller/u_ddr_core/u_seq/clk_out1
    SLICE_X171Y227       FDRE                                         r  dram_dut/dram_iface_dut/controller/u_ddr_core/u_seq/dfi_wrdata_q_reg[13]/C
  -------------------------------------------------------------------    -------------------
    SLICE_X171Y227       FDRE (Prop_fdre_C_Q)         0.100    -0.470 r  dram_dut/dram_iface_dut/controller/u_ddr_core/u_seq/dfi_wrdata_q_reg[13]/Q
                         net (fo=1, routed)           0.095    -0.375    dram_dut/dram_iface_dut/controller/u_phy/dfi_wrdata_q_reg[31]_0[13]
    SLICE_X171Y226       FDRE                                         r  dram_dut/dram_iface_dut/controller/u_phy/dfi_wrdata_q_reg[13]/D
  -------------------------------------------------------------------    -------------------

                         (clock clk_out1_clk_wiz_1_1 rise edge)
                                                      0.000     0.000 r  
    H9                                                0.000     0.000 r  clk_p (IN)
                         net (fo=0)                   0.000     0.000    u_pll/inst/clk_in1_p
    H9                   IBUFDS (Prop_ibufds_I_O)     0.444     0.444 r  u_pll/inst/clkin1_ibufgds/O
                         net (fo=1, routed)           0.553     0.997    u_pll/inst/clk_in1_clk_wiz_1
    MMCME2_ADV_X1Y5      MMCME2_ADV (Prop_mmcme2_adv_CLKIN1_CLKOUT0)
                                                     -3.590    -2.593 r  u_pll/inst/mmcm_adv_inst/CLKOUT0
                         net (fo=1, routed)           1.044    -1.549    u_pll/inst/clk_out1_clk_wiz_1
    BUFGCTRL_X0Y16       BUFG (Prop_bufg_I_O)         0.030    -1.519 r  u_pll/inst/clkout1_buf/O
                         net (fo=567, routed)         0.915    -0.604    dram_dut/dram_iface_dut/controller/u_phy/clk_out1
    SLICE_X171Y226       FDRE                                         r  dram_dut/dram_iface_dut/controller/u_phy/dfi_wrdata_q_reg[13]/C
                         clock pessimism              0.044    -0.560    
    SLICE_X171Y226       FDRE (Hold_fdre_C_D)         0.038    -0.522    dram_dut/dram_iface_dut/controller/u_phy/dfi_wrdata_q_reg[13]
  -------------------------------------------------------------------
                         required time                          0.522    
                         arrival time                          -0.375    
  -------------------------------------------------------------------
                         slack                                  0.147    





Pulse Width Checks
--------------------------------------------------------------------------------------
Clock Name:         clk_out1_clk_wiz_1_1
Waveform(ns):       { 0.000 5.000 }
Period(ns):         10.000
Sources:            { u_pll/inst/mmcm_adv_inst/CLKOUT0 }

Check Type        Corner  Lib Pin             Reference Pin  Required(ns)  Actual(ns)  Slack(ns)  Location         Pin
Min Period        n/a     IDELAYE2/C          n/a            2.000         10.000      8.000      IDELAY_X1Y246    dram_dut/dram_iface_dut/controller/u_phy/u_dq_delay0/C
Min Period        n/a     IDELAYE2/C          n/a            2.000         10.000      8.000      IDELAY_X1Y241    dram_dut/dram_iface_dut/controller/u_phy/u_dq_delay1/C
Min Period        n/a     IDELAYE2/C          n/a            2.000         10.000      8.000      IDELAY_X1Y234    dram_dut/dram_iface_dut/controller/u_phy/u_dq_delay10/C
Min Period        n/a     IDELAYE2/C          n/a            2.000         10.000      8.000      IDELAY_X1Y227    dram_dut/dram_iface_dut/controller/u_phy/u_dq_delay11/C
Min Period        n/a     IDELAYE2/C          n/a            2.000         10.000      8.000      IDELAY_X1Y229    dram_dut/dram_iface_dut/controller/u_phy/u_dq_delay12/C
Min Period        n/a     IDELAYE2/C          n/a            2.000         10.000      8.000      IDELAY_X1Y230    dram_dut/dram_iface_dut/controller/u_phy/u_dq_delay13/C
Min Period        n/a     IDELAYE2/C          n/a            2.000         10.000      8.000      IDELAY_X1Y226    dram_dut/dram_iface_dut/controller/u_phy/u_dq_delay14/C
Min Period        n/a     IDELAYE2/C          n/a            2.000         10.000      8.000      IDELAY_X1Y225    dram_dut/dram_iface_dut/controller/u_phy/u_dq_delay15/C
Min Period        n/a     IDELAYE2/C          n/a            2.000         10.000      8.000      IDELAY_X1Y240    dram_dut/dram_iface_dut/controller/u_phy/u_dq_delay2/C
Min Period        n/a     IDELAYE2/C          n/a            2.000         10.000      8.000      IDELAY_X1Y248    dram_dut/dram_iface_dut/controller/u_phy/u_dq_delay3/C
Max Period        n/a     MMCME2_ADV/CLKOUT0  n/a            213.360       10.000      203.360    MMCME2_ADV_X1Y5  u_pll/inst/mmcm_adv_inst/CLKOUT0
Low Pulse Width   Slow    RAMD32/CLK          n/a            0.768         5.000       4.232      SLICE_X166Y228   dram_dut/dram_iface_dut/controller/u_ddr_core/u_seq/u_write_fifo/ram_reg_0_3_0_5/RAMA/CLK
Low Pulse Width   Fast    RAMD32/CLK          n/a            0.768         5.000       4.232      SLICE_X166Y228   dram_dut/dram_iface_dut/controller/u_ddr_core/u_seq/u_write_fifo/ram_reg_0_3_0_5/RAMA/CLK
Low Pulse Width   Slow    RAMD32/CLK          n/a            0.768         5.000       4.232      SLICE_X166Y228   dram_dut/dram_iface_dut/controller/u_ddr_core/u_seq/u_write_fifo/ram_reg_0_3_0_5/RAMA_D1/CLK
Low Pulse Width   Fast    RAMD32/CLK          n/a            0.768         5.000       4.232      SLICE_X166Y228   dram_dut/dram_iface_dut/controller/u_ddr_core/u_seq/u_write_fifo/ram_reg_0_3_0_5/RAMA_D1/CLK
Low Pulse Width   Slow    RAMD32/CLK          n/a            0.768         5.000       4.232      SLICE_X166Y228   dram_dut/dram_iface_dut/controller/u_ddr_core/u_seq/u_write_fifo/ram_reg_0_3_0_5/RAMB/CLK
Low Pulse Width   Fast    RAMD32/CLK          n/a            0.768         5.000       4.232      SLICE_X166Y228   dram_dut/dram_iface_dut/controller/u_ddr_core/u_seq/u_write_fifo/ram_reg_0_3_0_5/RAMB/CLK
Low Pulse Width   Slow    RAMD32/CLK          n/a            0.768         5.000       4.232      SLICE_X166Y228   dram_dut/dram_iface_dut/controller/u_ddr_core/u_seq/u_write_fifo/ram_reg_0_3_0_5/RAMB_D1/CLK
Low Pulse Width   Fast    RAMD32/CLK          n/a            0.768         5.000       4.232      SLICE_X166Y228   dram_dut/dram_iface_dut/controller/u_ddr_core/u_seq/u_write_fifo/ram_reg_0_3_0_5/RAMB_D1/CLK
Low Pulse Width   Slow    RAMD32/CLK          n/a            0.768         5.000       4.232      SLICE_X166Y228   dram_dut/dram_iface_dut/controller/u_ddr_core/u_seq/u_write_fifo/ram_reg_0_3_0_5/RAMC/CLK
Low Pulse Width   Fast    RAMD32/CLK          n/a            0.768         5.000       4.232      SLICE_X166Y228   dram_dut/dram_iface_dut/controller/u_ddr_core/u_seq/u_write_fifo/ram_reg_0_3_0_5/RAMC/CLK
High Pulse Width  Slow    RAMD32/CLK          n/a            0.768         5.000       4.232      SLICE_X166Y228   dram_dut/dram_iface_dut/controller/u_ddr_core/u_seq/u_write_fifo/ram_reg_0_3_0_5/RAMA/CLK
High Pulse Width  Fast    RAMD32/CLK          n/a            0.768         5.000       4.232      SLICE_X166Y228   dram_dut/dram_iface_dut/controller/u_ddr_core/u_seq/u_write_fifo/ram_reg_0_3_0_5/RAMA/CLK
High Pulse Width  Slow    RAMD32/CLK          n/a            0.768         5.000       4.232      SLICE_X166Y228   dram_dut/dram_iface_dut/controller/u_ddr_core/u_seq/u_write_fifo/ram_reg_0_3_0_5/RAMA_D1/CLK
High Pulse Width  Fast    RAMD32/CLK          n/a            0.768         5.000       4.232      SLICE_X166Y228   dram_dut/dram_iface_dut/controller/u_ddr_core/u_seq/u_write_fifo/ram_reg_0_3_0_5/RAMA_D1/CLK
High Pulse Width  Slow    RAMD32/CLK          n/a            0.768         5.000       4.232      SLICE_X166Y228   dram_dut/dram_iface_dut/controller/u_ddr_core/u_seq/u_write_fifo/ram_reg_0_3_0_5/RAMB/CLK
High Pulse Width  Fast    RAMD32/CLK          n/a            0.768         5.000       4.232      SLICE_X166Y228   dram_dut/dram_iface_dut/controller/u_ddr_core/u_seq/u_write_fifo/ram_reg_0_3_0_5/RAMB/CLK
High Pulse Width  Slow    RAMD32/CLK          n/a            0.768         5.000       4.232      SLICE_X166Y228   dram_dut/dram_iface_dut/controller/u_ddr_core/u_seq/u_write_fifo/ram_reg_0_3_0_5/RAMB_D1/CLK
High Pulse Width  Fast    RAMD32/CLK          n/a            0.768         5.000       4.232      SLICE_X166Y228   dram_dut/dram_iface_dut/controller/u_ddr_core/u_seq/u_write_fifo/ram_reg_0_3_0_5/RAMB_D1/CLK
High Pulse Width  Slow    RAMD32/CLK          n/a            0.768         5.000       4.232      SLICE_X166Y228   dram_dut/dram_iface_dut/controller/u_ddr_core/u_seq/u_write_fifo/ram_reg_0_3_0_5/RAMC/CLK
High Pulse Width  Fast    RAMD32/CLK          n/a            0.768         5.000       4.232      SLICE_X166Y228   dram_dut/dram_iface_dut/controller/u_ddr_core/u_seq/u_write_fifo/ram_reg_0_3_0_5/RAMC/CLK



---------------------------------------------------------------------------------------------------
From Clock:  clk_out2_clk_wiz_1_1
  To Clock:  clk_out2_clk_wiz_1_1

Setup :           NA  Failing Endpoints,  Worst Slack           NA  ,  Total Violation           NA
Hold  :           NA  Failing Endpoints,  Worst Slack           NA  ,  Total Violation           NA
PW    :            0  Failing Endpoints,  Worst Slack        1.092ns,  Total Violation        0.000ns
---------------------------------------------------------------------------------------------------


Pulse Width Checks
--------------------------------------------------------------------------------------
Clock Name:         clk_out2_clk_wiz_1_1
Waveform(ns):       { 0.000 1.250 }
Period(ns):         2.500
Sources:            { u_pll/inst/mmcm_adv_inst/CLKOUT1 }

Check Type  Corner  Lib Pin             Reference Pin  Required(ns)  Actual(ns)  Slack(ns)  Location         Pin
Min Period  n/a     BUFG/I              n/a            1.408         2.500       1.092      BUFGCTRL_X0Y17   u_pll/inst/clkout2_buf/I
Min Period  n/a     MMCME2_ADV/CLKOUT1  n/a            1.071         2.500       1.429      MMCME2_ADV_X1Y5  u_pll/inst/mmcm_adv_inst/CLKOUT1
Min Period  n/a     OSERDESE2/CLK       n/a            1.070         2.500       1.430      OLOGIC_X1Y247    dram_dut/dram_iface_dut/controller/u_phy/u_serdes_dm0/CLK
Min Period  n/a     OSERDESE2/CLK       n/a            1.070         2.500       1.430      OLOGIC_X1Y235    dram_dut/dram_iface_dut/controller/u_phy/u_serdes_dm1/CLK
Min Period  n/a     OSERDESE2/CLK       n/a            1.070         2.500       1.430      OLOGIC_X1Y246    dram_dut/dram_iface_dut/controller/u_phy/u_serdes_dq0/CLK
Min Period  n/a     OSERDESE2/CLK       n/a            1.070         2.500       1.430      OLOGIC_X1Y241    dram_dut/dram_iface_dut/controller/u_phy/u_serdes_dq1/CLK
Min Period  n/a     OSERDESE2/CLK       n/a            1.070         2.500       1.430      OLOGIC_X1Y234    dram_dut/dram_iface_dut/controller/u_phy/u_serdes_dq10/CLK
Min Period  n/a     OSERDESE2/CLK       n/a            1.070         2.500       1.430      OLOGIC_X1Y227    dram_dut/dram_iface_dut/controller/u_phy/u_serdes_dq11/CLK
Min Period  n/a     OSERDESE2/CLK       n/a            1.070         2.500       1.430      OLOGIC_X1Y229    dram_dut/dram_iface_dut/controller/u_phy/u_serdes_dq12/CLK
Min Period  n/a     OSERDESE2/CLK       n/a            1.070         2.500       1.430      OLOGIC_X1Y230    dram_dut/dram_iface_dut/controller/u_phy/u_serdes_dq13/CLK
Max Period  n/a     MMCME2_ADV/CLKOUT1  n/a            213.360       2.500       210.860    MMCME2_ADV_X1Y5  u_pll/inst/mmcm_adv_inst/CLKOUT1



---------------------------------------------------------------------------------------------------
From Clock:  clk_out3_clk_wiz_1_1
  To Clock:  clk_out3_clk_wiz_1_1

Setup :           NA  Failing Endpoints,  Worst Slack           NA  ,  Total Violation           NA
Hold  :           NA  Failing Endpoints,  Worst Slack           NA  ,  Total Violation           NA
PW    :            0  Failing Endpoints,  Worst Slack        0.264ns,  Total Violation        0.000ns
---------------------------------------------------------------------------------------------------


Pulse Width Checks
--------------------------------------------------------------------------------------
Clock Name:         clk_out3_clk_wiz_1_1
Waveform(ns):       { 0.000 2.500 }
Period(ns):         5.000
Sources:            { u_pll/inst/mmcm_adv_inst/CLKOUT2 }

Check Type  Corner  Lib Pin             Reference Pin  Required(ns)  Actual(ns)  Slack(ns)  Location         Pin
Min Period  n/a     IDELAYCTRL/REFCLK   n/a            2.438         5.000       2.562      IDELAYCTRL_X1Y4  dram_dut/dram_iface_dut/controller/u_phy/u_dly_ref/REFCLK
Min Period  n/a     BUFG/I              n/a            1.408         5.000       3.591      BUFGCTRL_X0Y19   u_pll/inst/clkout3_buf/I
Min Period  n/a     MMCME2_ADV/CLKOUT2  n/a            1.071         5.000       3.929      MMCME2_ADV_X1Y5  u_pll/inst/mmcm_adv_inst/CLKOUT2
Max Period  n/a     IDELAYCTRL/REFCLK   n/a            5.264         5.000       0.264      IDELAYCTRL_X1Y4  dram_dut/dram_iface_dut/controller/u_phy/u_dly_ref/REFCLK
Max Period  n/a     MMCME2_ADV/CLKOUT2  n/a            213.360       5.000       208.360    MMCME2_ADV_X1Y5  u_pll/inst/mmcm_adv_inst/CLKOUT2



---------------------------------------------------------------------------------------------------
From Clock:  clk_out4_clk_wiz_1_1
  To Clock:  clk_out4_clk_wiz_1_1

Setup :           NA  Failing Endpoints,  Worst Slack           NA  ,  Total Violation           NA
Hold  :           NA  Failing Endpoints,  Worst Slack           NA  ,  Total Violation           NA
PW    :            0  Failing Endpoints,  Worst Slack        1.092ns,  Total Violation        0.000ns
---------------------------------------------------------------------------------------------------


Pulse Width Checks
--------------------------------------------------------------------------------------
Clock Name:         clk_out4_clk_wiz_1_1
Waveform(ns):       { 0.625 1.875 }
Period(ns):         2.500
Sources:            { u_pll/inst/mmcm_adv_inst/CLKOUT3 }

Check Type  Corner  Lib Pin             Reference Pin  Required(ns)  Actual(ns)  Slack(ns)  Location         Pin
Min Period  n/a     BUFG/I              n/a            1.408         2.500       1.092      BUFGCTRL_X0Y18   u_pll/inst/clkout4_buf/I
Min Period  n/a     MMCME2_ADV/CLKOUT3  n/a            1.071         2.500       1.429      MMCME2_ADV_X1Y5  u_pll/inst/mmcm_adv_inst/CLKOUT3
Min Period  n/a     OSERDESE2/CLK       n/a            1.070         2.500       1.430      OLOGIC_X1Y244    dram_dut/dram_iface_dut/controller/u_phy/u_serdes_dqs0/CLK
Min Period  n/a     OSERDESE2/CLK       n/a            1.070         2.500       1.430      OLOGIC_X1Y232    dram_dut/dram_iface_dut/controller/u_phy/u_serdes_dqs1/CLK
Max Period  n/a     MMCME2_ADV/CLKOUT3  n/a            213.360       2.500       210.860    MMCME2_ADV_X1Y5  u_pll/inst/mmcm_adv_inst/CLKOUT3



---------------------------------------------------------------------------------------------------
From Clock:  clk_out5_clk_wiz_1_1
  To Clock:  clk_out5_clk_wiz_1_1

Setup :            0  Failing Endpoints,  Worst Slack        0.000ns,  Total Violation        0.000ns
Hold  :            0  Failing Endpoints,  Worst Slack        0.107ns,  Total Violation        0.000ns
PW    :            0  Failing Endpoints,  Worst Slack        9.232ns,  Total Violation        0.000ns
---------------------------------------------------------------------------------------------------


Max Delay Paths
--------------------------------------------------------------------------------------
Slack (MET) :             0.000ns  (required time - arrival time)
  Source:                 cv32e40p_core_ip/core_i/id_stage_i/register_file_i/wdata_a_q_reg[5]/C
                            (rising edge-triggered cell FDCE clocked by clk_out5_clk_wiz_1_1  {rise@0.000ns fall@10.000ns period=20.000ns})
  Destination:            cv32e40p_core_ip/core_i/id_stage_i/register_file_i/mem_reg[1][5]/D
                            (positive level-sensitive latch clocked by clk_out5_clk_wiz_1_1  {rise@0.000ns fall@10.000ns period=20.000ns})
  Path Group:             clk_out5_clk_wiz_1_1
  Path Type:              Setup (Max at Slow Process Corner)
  Requirement:            0.000ns  (clk_out5_clk_wiz_1_1 rise@0.000ns - clk_out5_clk_wiz_1_1 rise@0.000ns)
  Data Path Delay:        1.347ns  (logic 0.266ns (19.747%)  route 1.081ns (80.253%))
  Logic Levels:           1  (LUT3=1)
  Clock Path Skew:        -1.878ns (DCD - SCD + CPR)
    Destination Clock Delay (DCD):    -1.157ns
    Source Clock Delay      (SCD):    -0.035ns
    Clock Pessimism Removal (CPR):    -0.756ns
  Time Borrowing:         
    Nominal pulse width:              10.000ns
    Library setup time:               0.025ns
    Computed max time borrow:         10.025ns
    Time borrowed from endpoint:      3.225ns
    Time given to startpoint:         3.225ns

    Location             Delay type                Incr(ns)  Path(ns)    Netlist Resource(s)
  -------------------------------------------------------------------    -------------------
                         (clock clk_out5_clk_wiz_1_1 rise edge)
                                                      0.000     0.000 r  
    H9                                                0.000     0.000 r  clk_p (IN)
                         net (fo=0)                   0.000     0.000    u_pll/inst/clk_in1_p
    H9                   IBUFDS (Prop_ibufds_I_O)     0.880     0.880 r  u_pll/inst/clkin1_ibufgds/O
                         net (fo=1, routed)           1.081     1.961    u_pll/inst/clk_in1_clk_wiz_1
    MMCME2_ADV_X1Y5      MMCME2_ADV (Prop_mmcme2_adv_CLKIN1_CLKOUT4)
                                                     -7.639    -5.678 r  u_pll/inst/mmcm_adv_inst/CLKOUT4
                         net (fo=1, routed)           1.948    -3.730    u_pll/inst/clk_out5_clk_wiz_1
    BUFGCTRL_X0Y20       BUFG (Prop_bufg_I_O)         0.093    -3.637 r  u_pll/inst/clkout5_buf/O
                         net (fo=2471, routed)        1.626    -2.011    cv32e40p_core_ip/core_i/sleep_unit_i/core_clock_gate_i/clk_gate_i/clk_out5
    SLICE_X90Y146        LUT3 (Prop_lut3_I0_O)        0.043    -1.968 r  cv32e40p_core_ip/core_i/sleep_unit_i/core_clock_gate_i/clk_gate_i/waddr_onehot_b_q[31]_i_3/O
                         net (fo=1, routed)           0.430    -1.538    cv32e40p_core_ip_n_118
    BUFGCTRL_X0Y1        BUFG (Prop_bufg_I_O)         0.093    -1.445 r  waddr_onehot_b_q_reg[31]_i_2/O
                         net (fo=95, routed)          1.410    -0.035    cv32e40p_core_ip/core_i/id_stage_i/register_file_i/CLK
    SLICE_X112Y203       FDCE                                         r  cv32e40p_core_ip/core_i/id_stage_i/register_file_i/wdata_a_q_reg[5]/C
  -------------------------------------------------------------------    -------------------
    SLICE_X112Y203       FDCE (Prop_fdce_C_Q)         0.223     0.188 r  cv32e40p_core_ip/core_i/id_stage_i/register_file_i/wdata_a_q_reg[5]/Q
                         net (fo=31, routed)          0.796     0.983    cv32e40p_core_ip/core_i/id_stage_i/register_file_i/wdata_a_q[5]
    SLICE_X95Y197        LUT3 (Prop_lut3_I1_O)        0.043     1.026 r  cv32e40p_core_ip/core_i/id_stage_i/register_file_i/mem_reg[1][5]_i_1/O
                         net (fo=1, routed)           0.285     1.312    cv32e40p_core_ip/core_i/id_stage_i/register_file_i/mem_reg[1][5]_i_1_n_0
    SLICE_X96Y197        LDCE                                         r  cv32e40p_core_ip/core_i/id_stage_i/register_file_i/mem_reg[1][5]/D
  -------------------------------------------------------------------    -------------------

                         (clock clk_out5_clk_wiz_1_1 rise edge)
                                                      0.000     0.000 r  
    H9                                                0.000     0.000 r  clk_p (IN)
                         net (fo=0)                   0.000     0.000    u_pll/inst/clk_in1_p
    H9                   IBUFDS (Prop_ibufds_I_O)     0.778     0.778 r  u_pll/inst/clkin1_ibufgds/O
                         net (fo=1, routed)           0.986     1.764    u_pll/inst/clk_in1_clk_wiz_1
    MMCME2_ADV_X1Y5      MMCME2_ADV (Prop_mmcme2_adv_CLKIN1_CLKOUT4)
                                                     -6.516    -4.752 r  u_pll/inst/mmcm_adv_inst/CLKOUT4
                         net (fo=1, routed)           1.788    -2.964    u_pll/inst/clk_out5_clk_wiz_1
    BUFGCTRL_X0Y20       BUFG (Prop_bufg_I_O)         0.083    -2.881 r  u_pll/inst/clkout5_buf/O
                         net (fo=2471, routed)        1.403    -1.479    cv32e40p_core_ip/core_i/id_stage_i/register_file_i/CG_WE_GLOBAL/clk_gate_i/clk_out5
    SLICE_X96Y196        LUT4 (Prop_lut4_I0_O)        0.036    -1.443 r  cv32e40p_core_ip/core_i/id_stage_i/register_file_i/CG_WE_GLOBAL/clk_gate_i/mem_reg[1][31]_i_2/O
                         net (fo=32, routed)          0.285    -1.157    cv32e40p_core_ip/core_i/id_stage_i/register_file_i/p_61_in
    SLICE_X96Y197        LDCE                                         r  cv32e40p_core_ip/core_i/id_stage_i/register_file_i/mem_reg[1][5]/G
                         clock pessimism             -0.756    -1.913    
                         time borrowed                3.225     1.312    
  -------------------------------------------------------------------
                         required time                          1.312    
                         arrival time                          -1.312    
  -------------------------------------------------------------------
                         slack                                  0.000    

Slack (MET) :             0.000ns  (required time - arrival time)
  Source:                 cv32e40p_core_ip/core_i/id_stage_i/register_file_i/wdata_a_q_reg[5]/C
                            (rising edge-triggered cell FDCE clocked by clk_out5_clk_wiz_1_1  {rise@0.000ns fall@10.000ns period=20.000ns})
  Destination:            cv32e40p_core_ip/core_i/id_stage_i/register_file_i/mem_reg[14][5]/D
                            (positive level-sensitive latch clocked by clk_out5_clk_wiz_1_1  {rise@0.000ns fall@10.000ns period=20.000ns})
  Path Group:             clk_out5_clk_wiz_1_1
  Path Type:              Setup (Max at Slow Process Corner)
  Requirement:            0.000ns  (clk_out5_clk_wiz_1_1 rise@0.000ns - clk_out5_clk_wiz_1_1 rise@0.000ns)
  Data Path Delay:        1.432ns  (logic 0.274ns (19.136%)  route 1.158ns (80.864%))
  Logic Levels:           1  (LUT3=1)
  Clock Path Skew:        -1.773ns (DCD - SCD + CPR)
    Destination Clock Delay (DCD):    -1.052ns
    Source Clock Delay      (SCD):    -0.035ns
    Clock Pessimism Removal (CPR):    -0.756ns
  Time Borrowing:         
    Nominal pulse width:              10.000ns
    Library setup time:              -0.095ns
    Computed max time borrow:         9.905ns
    Time borrowed from endpoint:      3.205ns
    Time given to startpoint:         3.205ns

    Location             Delay type                Incr(ns)  Path(ns)    Netlist Resource(s)
  -------------------------------------------------------------------    -------------------
                         (clock clk_out5_clk_wiz_1_1 rise edge)
                                                      0.000     0.000 r  
    H9                                                0.000     0.000 r  clk_p (IN)
                         net (fo=0)                   0.000     0.000    u_pll/inst/clk_in1_p
    H9                   IBUFDS (Prop_ibufds_I_O)     0.880     0.880 r  u_pll/inst/clkin1_ibufgds/O
                         net (fo=1, routed)           1.081     1.961    u_pll/inst/clk_in1_clk_wiz_1
    MMCME2_ADV_X1Y5      MMCME2_ADV (Prop_mmcme2_adv_CLKIN1_CLKOUT4)
                                                     -7.639    -5.678 r  u_pll/inst/mmcm_adv_inst/CLKOUT4
                         net (fo=1, routed)           1.948    -3.730    u_pll/inst/clk_out5_clk_wiz_1
    BUFGCTRL_X0Y20       BUFG (Prop_bufg_I_O)         0.093    -3.637 r  u_pll/inst/clkout5_buf/O
                         net (fo=2471, routed)        1.626    -2.011    cv32e40p_core_ip/core_i/sleep_unit_i/core_clock_gate_i/clk_gate_i/clk_out5
    SLICE_X90Y146        LUT3 (Prop_lut3_I0_O)        0.043    -1.968 r  cv32e40p_core_ip/core_i/sleep_unit_i/core_clock_gate_i/clk_gate_i/waddr_onehot_b_q[31]_i_3/O
                         net (fo=1, routed)           0.430    -1.538    cv32e40p_core_ip_n_118
    BUFGCTRL_X0Y1        BUFG (Prop_bufg_I_O)         0.093    -1.445 r  waddr_onehot_b_q_reg[31]_i_2/O
                         net (fo=95, routed)          1.410    -0.035    cv32e40p_core_ip/core_i/id_stage_i/register_file_i/CLK
    SLICE_X112Y203       FDCE                                         r  cv32e40p_core_ip/core_i/id_stage_i/register_file_i/wdata_a_q_reg[5]/C
  -------------------------------------------------------------------    -------------------
    SLICE_X112Y203       FDCE (Prop_fdce_C_Q)         0.223     0.188 r  cv32e40p_core_ip/core_i/id_stage_i/register_file_i/wdata_a_q_reg[5]/Q
                         net (fo=31, routed)          0.828     1.016    cv32e40p_core_ip/core_i/id_stage_i/register_file_i/wdata_a_q[5]
    SLICE_X94Y200        LUT3 (Prop_lut3_I2_O)        0.051     1.067 r  cv32e40p_core_ip/core_i/id_stage_i/register_file_i/mem_reg[14][5]_i_1/O
                         net (fo=1, routed)           0.330     1.397    cv32e40p_core_ip/core_i/id_stage_i/register_file_i/mem_reg[14][5]_i_1_n_0
    SLICE_X95Y200        LDCE                                         r  cv32e40p_core_ip/core_i/id_stage_i/register_file_i/mem_reg[14][5]/D
  -------------------------------------------------------------------    -------------------

                         (clock clk_out5_clk_wiz_1_1 rise edge)
                                                      0.000     0.000 r  
    H9                                                0.000     0.000 r  clk_p (IN)
                         net (fo=0)                   0.000     0.000    u_pll/inst/clk_in1_p
    H9                   IBUFDS (Prop_ibufds_I_O)     0.778     0.778 r  u_pll/inst/clkin1_ibufgds/O
                         net (fo=1, routed)           0.986     1.764    u_pll/inst/clk_in1_clk_wiz_1
    MMCME2_ADV_X1Y5      MMCME2_ADV (Prop_mmcme2_adv_CLKIN1_CLKOUT4)
                                                     -6.516    -4.752 r  u_pll/inst/mmcm_adv_inst/CLKOUT4
                         net (fo=1, routed)           1.788    -2.964    u_pll/inst/clk_out5_clk_wiz_1
    BUFGCTRL_X0Y20       BUFG (Prop_bufg_I_O)         0.083    -2.881 r  u_pll/inst/clkout5_buf/O
                         net (fo=2471, routed)        1.418    -1.463    cv32e40p_core_ip/core_i/id_stage_i/register_file_i/CG_WE_GLOBAL/clk_gate_i/clk_out5
    SLICE_X94Y195        LUT4 (Prop_lut4_I0_O)        0.036    -1.427 r  cv32e40p_core_ip/core_i/id_stage_i/register_file_i/CG_WE_GLOBAL/clk_gate_i/mem_reg[14][31]_i_2/O
                         net (fo=32, routed)          0.375    -1.052    cv32e40p_core_ip/core_i/id_stage_i/register_file_i/p_48_in
    SLICE_X95Y200        LDCE                                         r  cv32e40p_core_ip/core_i/id_stage_i/register_file_i/mem_reg[14][5]/G
                         clock pessimism             -0.756    -1.808    
                         time borrowed                3.205     1.397    
  -------------------------------------------------------------------
                         required time                          1.397    
                         arrival time                          -1.397    
  -------------------------------------------------------------------
                         slack                                  0.000    

Slack (MET) :             0.000ns  (required time - arrival time)
  Source:                 cv32e40p_core_ip/core_i/id_stage_i/register_file_i/wdata_a_q_reg[5]/C
                            (rising edge-triggered cell FDCE clocked by clk_out5_clk_wiz_1_1  {rise@0.000ns fall@10.000ns period=20.000ns})
  Destination:            cv32e40p_core_ip/core_i/id_stage_i/register_file_i/mem_reg[31][5]/D
                            (positive level-sensitive latch clocked by clk_out5_clk_wiz_1_1  {rise@0.000ns fall@10.000ns period=20.000ns})
  Path Group:             clk_out5_clk_wiz_1_1
  Path Type:              Setup (Max at Slow Process Corner)
  Requirement:            0.000ns  (clk_out5_clk_wiz_1_1 rise@0.000ns - clk_out5_clk_wiz_1_1 rise@0.000ns)
  Data Path Delay:        1.368ns  (logic 0.266ns (19.449%)  route 1.102ns (80.551%))
  Logic Levels:           1  (LUT3=1)
  Clock Path Skew:        -1.784ns (DCD - SCD + CPR)
    Destination Clock Delay (DCD):    -1.064ns
    Source Clock Delay      (SCD):    -0.035ns
    Clock Pessimism Removal (CPR):    -0.756ns
  Time Borrowing:         
    Nominal pulse width:              10.000ns
    Library setup time:               0.078ns
    Computed max time borrow:         10.078ns
    Time borrowed from endpoint:      3.152ns
    Time given to startpoint:         3.152ns

    Location             Delay type                Incr(ns)  Path(ns)    Netlist Resource(s)
  -------------------------------------------------------------------    -------------------
                         (clock clk_out5_clk_wiz_1_1 rise edge)
                                                      0.000     0.000 r  
    H9                                                0.000     0.000 r  clk_p (IN)
                         net (fo=0)                   0.000     0.000    u_pll/inst/clk_in1_p
    H9                   IBUFDS (Prop_ibufds_I_O)     0.880     0.880 r  u_pll/inst/clkin1_ibufgds/O
                         net (fo=1, routed)           1.081     1.961    u_pll/inst/clk_in1_clk_wiz_1
    MMCME2_ADV_X1Y5      MMCME2_ADV (Prop_mmcme2_adv_CLKIN1_CLKOUT4)
                                                     -7.639    -5.678 r  u_pll/inst/mmcm_adv_inst/CLKOUT4
                         net (fo=1, routed)           1.948    -3.730    u_pll/inst/clk_out5_clk_wiz_1
    BUFGCTRL_X0Y20       BUFG (Prop_bufg_I_O)         0.093    -3.637 r  u_pll/inst/clkout5_buf/O
                         net (fo=2471, routed)        1.626    -2.011    cv32e40p_core_ip/core_i/sleep_unit_i/core_clock_gate_i/clk_gate_i/clk_out5
    SLICE_X90Y146        LUT3 (Prop_lut3_I0_O)        0.043    -1.968 r  cv32e40p_core_ip/core_i/sleep_unit_i/core_clock_gate_i/clk_gate_i/waddr_onehot_b_q[31]_i_3/O
                         net (fo=1, routed)           0.430    -1.538    cv32e40p_core_ip_n_118
    BUFGCTRL_X0Y1        BUFG (Prop_bufg_I_O)         0.093    -1.445 r  waddr_onehot_b_q_reg[31]_i_2/O
                         net (fo=95, routed)          1.410    -0.035    cv32e40p_core_ip/core_i/id_stage_i/register_file_i/CLK
    SLICE_X112Y203       FDCE                                         r  cv32e40p_core_ip/core_i/id_stage_i/register_file_i/wdata_a_q_reg[5]/C
  -------------------------------------------------------------------    -------------------
    SLICE_X112Y203       FDCE (Prop_fdce_C_Q)         0.223     0.188 r  cv32e40p_core_ip/core_i/id_stage_i/register_file_i/wdata_a_q_reg[5]/Q
                         net (fo=31, routed)          0.719     0.907    cv32e40p_core_ip/core_i/id_stage_i/register_file_i/wdata_a_q[5]
    SLICE_X97Y197        LUT3 (Prop_lut3_I2_O)        0.043     0.950 r  cv32e40p_core_ip/core_i/id_stage_i/register_file_i/mem_reg[31][5]_i_1/O
                         net (fo=1, routed)           0.382     1.332    cv32e40p_core_ip/core_i/id_stage_i/register_file_i/mem_reg[31][5]_i_1_n_0
    SLICE_X101Y197       LDCE                                         r  cv32e40p_core_ip/core_i/id_stage_i/register_file_i/mem_reg[31][5]/D
  -------------------------------------------------------------------    -------------------

                         (clock clk_out5_clk_wiz_1_1 rise edge)
                                                      0.000     0.000 r  
    H9                                                0.000     0.000 r  clk_p (IN)
                         net (fo=0)                   0.000     0.000    u_pll/inst/clk_in1_p
    H9                   IBUFDS (Prop_ibufds_I_O)     0.778     0.778 r  u_pll/inst/clkin1_ibufgds/O
                         net (fo=1, routed)           0.986     1.764    u_pll/inst/clk_in1_clk_wiz_1
    MMCME2_ADV_X1Y5      MMCME2_ADV (Prop_mmcme2_adv_CLKIN1_CLKOUT4)
                                                     -6.516    -4.752 r  u_pll/inst/mmcm_adv_inst/CLKOUT4
                         net (fo=1, routed)           1.788    -2.964    u_pll/inst/clk_out5_clk_wiz_1
    BUFGCTRL_X0Y20       BUFG (Prop_bufg_I_O)         0.083    -2.881 r  u_pll/inst/clkout5_buf/O
                         net (fo=2471, routed)        1.389    -1.493    cv32e40p_core_ip/core_i/id_stage_i/register_file_i/CG_WE_GLOBAL/clk_gate_i/clk_out5
    SLICE_X95Y196        LUT4 (Prop_lut4_I0_O)        0.043    -1.450 r  cv32e40p_core_ip/core_i/id_stage_i/register_file_i/CG_WE_GLOBAL/clk_gate_i/mem_reg[31][31]_i_2/O
                         net (fo=32, routed)          0.386    -1.064    cv32e40p_core_ip/core_i/id_stage_i/register_file_i/p_31_in
    SLICE_X101Y197       LDCE                                         r  cv32e40p_core_ip/core_i/id_stage_i/register_file_i/mem_reg[31][5]/G
                         clock pessimism             -0.756    -1.820    
                         time borrowed                3.152     1.332    
  -------------------------------------------------------------------
                         required time                          1.332    
                         arrival time                          -1.332    
  -------------------------------------------------------------------
                         slack                                  0.000    

Slack (MET) :             0.000ns  (required time - arrival time)
  Source:                 cv32e40p_core_ip/core_i/id_stage_i/register_file_i/wdata_b_q_reg[7]/C
                            (rising edge-triggered cell FDCE clocked by clk_out5_clk_wiz_1_1  {rise@0.000ns fall@10.000ns period=20.000ns})
  Destination:            cv32e40p_core_ip/core_i/id_stage_i/register_file_i/mem_reg[28][7]/D
                            (positive level-sensitive latch clocked by clk_out5_clk_wiz_1_1  {rise@0.000ns fall@10.000ns period=20.000ns})
  Path Group:             clk_out5_clk_wiz_1_1
  Path Type:              Setup (Max at Slow Process Corner)
  Requirement:            0.000ns  (clk_out5_clk_wiz_1_1 rise@0.000ns - clk_out5_clk_wiz_1_1 rise@0.000ns)
  Data Path Delay:        1.406ns  (logic 0.271ns (19.273%)  route 1.135ns (80.727%))
  Logic Levels:           1  (LUT3=1)
  Clock Path Skew:        -1.730ns (DCD - SCD + CPR)
    Destination Clock Delay (DCD):    -1.007ns
    Source Clock Delay      (SCD):    -0.033ns
    Clock Pessimism Removal (CPR):    -0.756ns
  Time Borrowing:         
    Nominal pulse width:              10.000ns
    Library setup time:              -0.081ns
    Computed max time borrow:         9.919ns
    Time borrowed from endpoint:      3.136ns
    Time given to startpoint:         3.136ns

    Location             Delay type                Incr(ns)  Path(ns)    Netlist Resource(s)
  -------------------------------------------------------------------    -------------------
                         (clock clk_out5_clk_wiz_1_1 rise edge)
                                                      0.000     0.000 r  
    H9                                                0.000     0.000 r  clk_p (IN)
                         net (fo=0)                   0.000     0.000    u_pll/inst/clk_in1_p
    H9                   IBUFDS (Prop_ibufds_I_O)     0.880     0.880 r  u_pll/inst/clkin1_ibufgds/O
                         net (fo=1, routed)           1.081     1.961    u_pll/inst/clk_in1_clk_wiz_1
    MMCME2_ADV_X1Y5      MMCME2_ADV (Prop_mmcme2_adv_CLKIN1_CLKOUT4)
                                                     -7.639    -5.678 r  u_pll/inst/mmcm_adv_inst/CLKOUT4
                         net (fo=1, routed)           1.948    -3.730    u_pll/inst/clk_out5_clk_wiz_1
    BUFGCTRL_X0Y20       BUFG (Prop_bufg_I_O)         0.093    -3.637 r  u_pll/inst/clkout5_buf/O
                         net (fo=2471, routed)        1.626    -2.011    cv32e40p_core_ip/core_i/sleep_unit_i/core_clock_gate_i/clk_gate_i/clk_out5
    SLICE_X90Y146        LUT3 (Prop_lut3_I0_O)        0.043    -1.968 r  cv32e40p_core_ip/core_i/sleep_unit_i/core_clock_gate_i/clk_gate_i/waddr_onehot_b_q[31]_i_3/O
                         net (fo=1, routed)           0.430    -1.538    cv32e40p_core_ip_n_118
    BUFGCTRL_X0Y1        BUFG (Prop_bufg_I_O)         0.093    -1.445 r  waddr_onehot_b_q_reg[31]_i_2/O
                         net (fo=95, routed)          1.412    -0.033    cv32e40p_core_ip/core_i/id_stage_i/register_file_i/CLK
    SLICE_X116Y203       FDCE                                         r  cv32e40p_core_ip/core_i/id_stage_i/register_file_i/wdata_b_q_reg[7]/C
  -------------------------------------------------------------------    -------------------
    SLICE_X116Y203       FDCE (Prop_fdce_C_Q)         0.223     0.190 r  cv32e40p_core_ip/core_i/id_stage_i/register_file_i/wdata_b_q_reg[7]/Q
                         net (fo=31, routed)          0.677     0.867    cv32e40p_core_ip/core_i/id_stage_i/register_file_i/wdata_b_q[7]
    SLICE_X97Y203        LUT3 (Prop_lut3_I0_O)        0.048     0.915 r  cv32e40p_core_ip/core_i/id_stage_i/register_file_i/mem_reg[28][7]_i_1/O
                         net (fo=1, routed)           0.458     1.373    cv32e40p_core_ip/core_i/id_stage_i/register_file_i/mem_reg[28][7]_i_1_n_0
    SLICE_X99Y201        LDCE                                         r  cv32e40p_core_ip/core_i/id_stage_i/register_file_i/mem_reg[28][7]/D
  -------------------------------------------------------------------    -------------------

                         (clock clk_out5_clk_wiz_1_1 rise edge)
                                                      0.000     0.000 r  
    H9                                                0.000     0.000 r  clk_p (IN)
                         net (fo=0)                   0.000     0.000    u_pll/inst/clk_in1_p
    H9                   IBUFDS (Prop_ibufds_I_O)     0.778     0.778 r  u_pll/inst/clkin1_ibufgds/O
                         net (fo=1, routed)           0.986     1.764    u_pll/inst/clk_in1_clk_wiz_1
    MMCME2_ADV_X1Y5      MMCME2_ADV (Prop_mmcme2_adv_CLKIN1_CLKOUT4)
                                                     -6.516    -4.752 r  u_pll/inst/mmcm_adv_inst/CLKOUT4
                         net (fo=1, routed)           1.788    -2.964    u_pll/inst/clk_out5_clk_wiz_1
    BUFGCTRL_X0Y20       BUFG (Prop_bufg_I_O)         0.083    -2.881 r  u_pll/inst/clkout5_buf/O
                         net (fo=2471, routed)        1.403    -1.478    cv32e40p_core_ip/core_i/id_stage_i/register_file_i/CG_WE_GLOBAL/clk_gate_i/clk_out5
    SLICE_X96Y197        LUT4 (Prop_lut4_I0_O)        0.036    -1.442 r  cv32e40p_core_ip/core_i/id_stage_i/register_file_i/CG_WE_GLOBAL/clk_gate_i/mem_reg[28][31]_i_2/O
                         net (fo=32, routed)          0.435    -1.007    cv32e40p_core_ip/core_i/id_stage_i/register_file_i/p_34_in
    SLICE_X99Y201        LDCE                                         r  cv32e40p_core_ip/core_i/id_stage_i/register_file_i/mem_reg[28][7]/G
                         clock pessimism             -0.756    -1.763    
                         time borrowed                3.136     1.373    
  -------------------------------------------------------------------
                         required time                          1.373    
                         arrival time                          -1.373    
  -------------------------------------------------------------------
                         slack                                  0.000    

Slack (MET) :             0.000ns  (required time - arrival time)
  Source:                 cv32e40p_core_ip/core_i/id_stage_i/register_file_i/wdata_b_q_reg[7]/C
                            (rising edge-triggered cell FDCE clocked by clk_out5_clk_wiz_1_1  {rise@0.000ns fall@10.000ns period=20.000ns})
  Destination:            cv32e40p_core_ip/core_i/id_stage_i/register_file_i/mem_reg[13][7]/D
                            (positive level-sensitive latch clocked by clk_out5_clk_wiz_1_1  {rise@0.000ns fall@10.000ns period=20.000ns})
  Path Group:             clk_out5_clk_wiz_1_1
  Path Type:              Setup (Max at Slow Process Corner)
  Requirement:            0.000ns  (clk_out5_clk_wiz_1_1 rise@0.000ns - clk_out5_clk_wiz_1_1 rise@0.000ns)
  Data Path Delay:        1.317ns  (logic 0.272ns (20.652%)  route 1.045ns (79.348%))
  Logic Levels:           1  (LUT3=1)
  Clock Path Skew:        -1.793ns (DCD - SCD + CPR)
    Destination Clock Delay (DCD):    -1.071ns
    Source Clock Delay      (SCD):    -0.033ns
    Clock Pessimism Removal (CPR):    -0.756ns
  Time Borrowing:         
    Nominal pulse width:              10.000ns
    Library setup time:               0.001ns
    Computed max time borrow:         10.001ns
    Time borrowed from endpoint:      3.110ns
    Time given to startpoint:         3.110ns

    Location             Delay type                Incr(ns)  Path(ns)    Netlist Resource(s)
  -------------------------------------------------------------------    -------------------
                         (clock clk_out5_clk_wiz_1_1 rise edge)
                                                      0.000     0.000 r  
    H9                                                0.000     0.000 r  clk_p (IN)
                         net (fo=0)                   0.000     0.000    u_pll/inst/clk_in1_p
    H9                   IBUFDS (Prop_ibufds_I_O)     0.880     0.880 r  u_pll/inst/clkin1_ibufgds/O
                         net (fo=1, routed)           1.081     1.961    u_pll/inst/clk_in1_clk_wiz_1
    MMCME2_ADV_X1Y5      MMCME2_ADV (Prop_mmcme2_adv_CLKIN1_CLKOUT4)
                                                     -7.639    -5.678 r  u_pll/inst/mmcm_adv_inst/CLKOUT4
                         net (fo=1, routed)           1.948    -3.730    u_pll/inst/clk_out5_clk_wiz_1
    BUFGCTRL_X0Y20       BUFG (Prop_bufg_I_O)         0.093    -3.637 r  u_pll/inst/clkout5_buf/O
                         net (fo=2471, routed)        1.626    -2.011    cv32e40p_core_ip/core_i/sleep_unit_i/core_clock_gate_i/clk_gate_i/clk_out5
    SLICE_X90Y146        LUT3 (Prop_lut3_I0_O)        0.043    -1.968 r  cv32e40p_core_ip/core_i/sleep_unit_i/core_clock_gate_i/clk_gate_i/waddr_onehot_b_q[31]_i_3/O
                         net (fo=1, routed)           0.430    -1.538    cv32e40p_core_ip_n_118
    BUFGCTRL_X0Y1        BUFG (Prop_bufg_I_O)         0.093    -1.445 r  waddr_onehot_b_q_reg[31]_i_2/O
                         net (fo=95, routed)          1.412    -0.033    cv32e40p_core_ip/core_i/id_stage_i/register_file_i/CLK
    SLICE_X116Y203       FDCE                                         r  cv32e40p_core_ip/core_i/id_stage_i/register_file_i/wdata_b_q_reg[7]/C
  -------------------------------------------------------------------    -------------------
    SLICE_X116Y203       FDCE (Prop_fdce_C_Q)         0.223     0.190 r  cv32e40p_core_ip/core_i/id_stage_i/register_file_i/wdata_b_q_reg[7]/Q
                         net (fo=31, routed)          0.680     0.870    cv32e40p_core_ip/core_i/id_stage_i/register_file_i/wdata_b_q[7]
    SLICE_X98Y200        LUT3 (Prop_lut3_I0_O)        0.049     0.919 r  cv32e40p_core_ip/core_i/id_stage_i/register_file_i/mem_reg[13][7]_i_1/O
                         net (fo=1, routed)           0.365     1.284    cv32e40p_core_ip/core_i/id_stage_i/register_file_i/mem_reg[13][7]_i_1_n_0
    SLICE_X98Y198        LDCE                                         r  cv32e40p_core_ip/core_i/id_stage_i/register_file_i/mem_reg[13][7]/D
  -------------------------------------------------------------------    -------------------

                         (clock clk_out5_clk_wiz_1_1 rise edge)
                                                      0.000     0.000 r  
    H9                                                0.000     0.000 r  clk_p (IN)
                         net (fo=0)                   0.000     0.000    u_pll/inst/clk_in1_p
    H9                   IBUFDS (Prop_ibufds_I_O)     0.778     0.778 r  u_pll/inst/clkin1_ibufgds/O
                         net (fo=1, routed)           0.986     1.764    u_pll/inst/clk_in1_clk_wiz_1
    MMCME2_ADV_X1Y5      MMCME2_ADV (Prop_mmcme2_adv_CLKIN1_CLKOUT4)
                                                     -6.516    -4.752 r  u_pll/inst/mmcm_adv_inst/CLKOUT4
                         net (fo=1, routed)           1.788    -2.964    u_pll/inst/clk_out5_clk_wiz_1
    BUFGCTRL_X0Y20       BUFG (Prop_bufg_I_O)         0.083    -2.881 r  u_pll/inst/clkout5_buf/O
                         net (fo=2471, routed)        1.410    -1.472    cv32e40p_core_ip/core_i/id_stage_i/register_file_i/CG_WE_GLOBAL/clk_gate_i/clk_out5
    SLICE_X94Y198        LUT4 (Prop_lut4_I0_O)        0.040    -1.432 r  cv32e40p_core_ip/core_i/id_stage_i/register_file_i/CG_WE_GLOBAL/clk_gate_i/mem_reg[13][31]_i_2/O
                         net (fo=32, routed)          0.361    -1.071    cv32e40p_core_ip/core_i/id_stage_i/register_file_i/p_49_in
    SLICE_X98Y198        LDCE                                         r  cv32e40p_core_ip/core_i/id_stage_i/register_file_i/mem_reg[13][7]/G
                         clock pessimism             -0.756    -1.827    
                         time borrowed                3.110     1.284    
  -------------------------------------------------------------------
                         required time                          1.284    
                         arrival time                          -1.284    
  -------------------------------------------------------------------
                         slack                                  0.000    

Slack (MET) :             0.000ns  (required time - arrival time)
  Source:                 cv32e40p_core_ip/core_i/id_stage_i/register_file_i/wdata_a_q_reg[7]/C
                            (rising edge-triggered cell FDCE clocked by clk_out5_clk_wiz_1_1  {rise@0.000ns fall@10.000ns period=20.000ns})
  Destination:            cv32e40p_core_ip/core_i/id_stage_i/register_file_i/mem_reg[12][7]/D
                            (positive level-sensitive latch clocked by clk_out5_clk_wiz_1_1  {rise@0.000ns fall@10.000ns period=20.000ns})
  Path Group:             clk_out5_clk_wiz_1_1
  Path Type:              Setup (Max at Slow Process Corner)
  Requirement:            0.000ns  (clk_out5_clk_wiz_1_1 rise@0.000ns - clk_out5_clk_wiz_1_1 rise@0.000ns)
  Data Path Delay:        1.159ns  (logic 0.266ns (22.950%)  route 0.893ns (77.050%))
  Logic Levels:           1  (LUT3=1)
  Clock Path Skew:        -1.950ns (DCD - SCD + CPR)
    Destination Clock Delay (DCD):    -1.229ns
    Source Clock Delay      (SCD):    -0.035ns
    Clock Pessimism Removal (CPR):    -0.756ns
  Time Borrowing:         
    Nominal pulse width:              10.000ns
    Library setup time:               0.005ns
    Computed max time borrow:         10.005ns
    Time borrowed from endpoint:      3.109ns
    Time given to startpoint:         3.109ns

    Location             Delay type                Incr(ns)  Path(ns)    Netlist Resource(s)
  -------------------------------------------------------------------    -------------------
                         (clock clk_out5_clk_wiz_1_1 rise edge)
                                                      0.000     0.000 r  
    H9                                                0.000     0.000 r  clk_p (IN)
                         net (fo=0)                   0.000     0.000    u_pll/inst/clk_in1_p
    H9                   IBUFDS (Prop_ibufds_I_O)     0.880     0.880 r  u_pll/inst/clkin1_ibufgds/O
                         net (fo=1, routed)           1.081     1.961    u_pll/inst/clk_in1_clk_wiz_1
    MMCME2_ADV_X1Y5      MMCME2_ADV (Prop_mmcme2_adv_CLKIN1_CLKOUT4)
                                                     -7.639    -5.678 r  u_pll/inst/mmcm_adv_inst/CLKOUT4
                         net (fo=1, routed)           1.948    -3.730    u_pll/inst/clk_out5_clk_wiz_1
    BUFGCTRL_X0Y20       BUFG (Prop_bufg_I_O)         0.093    -3.637 r  u_pll/inst/clkout5_buf/O
                         net (fo=2471, routed)        1.626    -2.011    cv32e40p_core_ip/core_i/sleep_unit_i/core_clock_gate_i/clk_gate_i/clk_out5
    SLICE_X90Y146        LUT3 (Prop_lut3_I0_O)        0.043    -1.968 r  cv32e40p_core_ip/core_i/sleep_unit_i/core_clock_gate_i/clk_gate_i/waddr_onehot_b_q[31]_i_3/O
                         net (fo=1, routed)           0.430    -1.538    cv32e40p_core_ip_n_118
    BUFGCTRL_X0Y1        BUFG (Prop_bufg_I_O)         0.093    -1.445 r  waddr_onehot_b_q_reg[31]_i_2/O
                         net (fo=95, routed)          1.410    -0.035    cv32e40p_core_ip/core_i/id_stage_i/register_file_i/CLK
    SLICE_X112Y203       FDCE                                         r  cv32e40p_core_ip/core_i/id_stage_i/register_file_i/wdata_a_q_reg[7]/C
  -------------------------------------------------------------------    -------------------
    SLICE_X112Y203       FDCE (Prop_fdce_C_Q)         0.223     0.188 r  cv32e40p_core_ip/core_i/id_stage_i/register_file_i/wdata_a_q_reg[7]/Q
                         net (fo=31, routed)          0.691     0.879    cv32e40p_core_ip/core_i/id_stage_i/register_file_i/wdata_a_q[7]
    SLICE_X97Y200        LUT3 (Prop_lut3_I2_O)        0.043     0.922 r  cv32e40p_core_ip/core_i/id_stage_i/register_file_i/mem_reg[12][7]_i_1/O
                         net (fo=1, routed)           0.202     1.124    cv32e40p_core_ip/core_i/id_stage_i/register_file_i/mem_reg[12][7]_i_1_n_0
    SLICE_X97Y198        LDCE                                         r  cv32e40p_core_ip/core_i/id_stage_i/register_file_i/mem_reg[12][7]/D
  -------------------------------------------------------------------    -------------------

                         (clock clk_out5_clk_wiz_1_1 rise edge)
                                                      0.000     0.000 r  
    H9                                                0.000     0.000 r  clk_p (IN)
                         net (fo=0)                   0.000     0.000    u_pll/inst/clk_in1_p
    H9                   IBUFDS (Prop_ibufds_I_O)     0.778     0.778 r  u_pll/inst/clkin1_ibufgds/O
                         net (fo=1, routed)           0.986     1.764    u_pll/inst/clk_in1_clk_wiz_1
    MMCME2_ADV_X1Y5      MMCME2_ADV (Prop_mmcme2_adv_CLKIN1_CLKOUT4)
                                                     -6.516    -4.752 r  u_pll/inst/mmcm_adv_inst/CLKOUT4
                         net (fo=1, routed)           1.788    -2.964    u_pll/inst/clk_out5_clk_wiz_1
    BUFGCTRL_X0Y20       BUFG (Prop_bufg_I_O)         0.083    -2.881 r  u_pll/inst/clkout5_buf/O
                         net (fo=2471, routed)        1.410    -1.472    cv32e40p_core_ip/core_i/id_stage_i/register_file_i/CG_WE_GLOBAL/clk_gate_i/clk_out5
    SLICE_X94Y198        LUT4 (Prop_lut4_I0_O)        0.036    -1.436 r  cv32e40p_core_ip/core_i/id_stage_i/register_file_i/CG_WE_GLOBAL/clk_gate_i/mem_reg[12][31]_i_2/O
                         net (fo=32, routed)          0.206    -1.229    cv32e40p_core_ip/core_i/id_stage_i/register_file_i/p_50_in
    SLICE_X97Y198        LDCE                                         r  cv32e40p_core_ip/core_i/id_stage_i/register_file_i/mem_reg[12][7]/G
                         clock pessimism             -0.756    -1.985    
                         time borrowed                3.109     1.124    
  -------------------------------------------------------------------
                         required time                          1.124    
                         arrival time                          -1.124    
  -------------------------------------------------------------------
                         slack                                  0.000    

Slack (MET) :             0.000ns  (required time - arrival time)
  Source:                 cv32e40p_core_ip/core_i/id_stage_i/register_file_i/wdata_b_q_reg[7]/C
                            (rising edge-triggered cell FDCE clocked by clk_out5_clk_wiz_1_1  {rise@0.000ns fall@10.000ns period=20.000ns})
  Destination:            cv32e40p_core_ip/core_i/id_stage_i/register_file_i/mem_reg[21][7]/D
                            (positive level-sensitive latch clocked by clk_out5_clk_wiz_1_1  {rise@0.000ns fall@10.000ns period=20.000ns})
  Path Group:             clk_out5_clk_wiz_1_1
  Path Type:              Setup (Max at Slow Process Corner)
  Requirement:            0.000ns  (clk_out5_clk_wiz_1_1 rise@0.000ns - clk_out5_clk_wiz_1_1 rise@0.000ns)
  Data Path Delay:        1.244ns  (logic 0.274ns (22.020%)  route 0.970ns (77.980%))
  Logic Levels:           1  (LUT3=1)
  Clock Path Skew:        -1.833ns (DCD - SCD + CPR)
    Destination Clock Delay (DCD):    -1.110ns
    Source Clock Delay      (SCD):    -0.033ns
    Clock Pessimism Removal (CPR):    -0.756ns
  Time Borrowing:         
    Nominal pulse width:              10.000ns
    Library setup time:               0.007ns
    Computed max time borrow:         10.007ns
    Time borrowed from endpoint:      3.078ns
    Time given to startpoint:         3.078ns

    Location             Delay type                Incr(ns)  Path(ns)    Netlist Resource(s)
  -------------------------------------------------------------------    -------------------
                         (clock clk_out5_clk_wiz_1_1 rise edge)
                                                      0.000     0.000 r  
    H9                                                0.000     0.000 r  clk_p (IN)
                         net (fo=0)                   0.000     0.000    u_pll/inst/clk_in1_p
    H9                   IBUFDS (Prop_ibufds_I_O)     0.880     0.880 r  u_pll/inst/clkin1_ibufgds/O
                         net (fo=1, routed)           1.081     1.961    u_pll/inst/clk_in1_clk_wiz_1
    MMCME2_ADV_X1Y5      MMCME2_ADV (Prop_mmcme2_adv_CLKIN1_CLKOUT4)
                                                     -7.639    -5.678 r  u_pll/inst/mmcm_adv_inst/CLKOUT4
                         net (fo=1, routed)           1.948    -3.730    u_pll/inst/clk_out5_clk_wiz_1
    BUFGCTRL_X0Y20       BUFG (Prop_bufg_I_O)         0.093    -3.637 r  u_pll/inst/clkout5_buf/O
                         net (fo=2471, routed)        1.626    -2.011    cv32e40p_core_ip/core_i/sleep_unit_i/core_clock_gate_i/clk_gate_i/clk_out5
    SLICE_X90Y146        LUT3 (Prop_lut3_I0_O)        0.043    -1.968 r  cv32e40p_core_ip/core_i/sleep_unit_i/core_clock_gate_i/clk_gate_i/waddr_onehot_b_q[31]_i_3/O
                         net (fo=1, routed)           0.430    -1.538    cv32e40p_core_ip_n_118
    BUFGCTRL_X0Y1        BUFG (Prop_bufg_I_O)         0.093    -1.445 r  waddr_onehot_b_q_reg[31]_i_2/O
                         net (fo=95, routed)          1.412    -0.033    cv32e40p_core_ip/core_i/id_stage_i/register_file_i/CLK
    SLICE_X116Y203       FDCE                                         r  cv32e40p_core_ip/core_i/id_stage_i/register_file_i/wdata_b_q_reg[7]/C
  -------------------------------------------------------------------    -------------------
    SLICE_X116Y203       FDCE (Prop_fdce_C_Q)         0.223     0.190 r  cv32e40p_core_ip/core_i/id_stage_i/register_file_i/wdata_b_q_reg[7]/Q
                         net (fo=31, routed)          0.679     0.868    cv32e40p_core_ip/core_i/id_stage_i/register_file_i/wdata_b_q[7]
    SLICE_X98Y203        LUT3 (Prop_lut3_I0_O)        0.051     0.919 r  cv32e40p_core_ip/core_i/id_stage_i/register_file_i/mem_reg[21][7]_i_1/O
                         net (fo=1, routed)           0.292     1.211    cv32e40p_core_ip/core_i/id_stage_i/register_file_i/mem_reg[21][7]_i_1_n_0
    SLICE_X96Y202        LDCE                                         r  cv32e40p_core_ip/core_i/id_stage_i/register_file_i/mem_reg[21][7]/D
  -------------------------------------------------------------------    -------------------

                         (clock clk_out5_clk_wiz_1_1 rise edge)
                                                      0.000     0.000 r  
    H9                                                0.000     0.000 r  clk_p (IN)
                         net (fo=0)                   0.000     0.000    u_pll/inst/clk_in1_p
    H9                   IBUFDS (Prop_ibufds_I_O)     0.778     0.778 r  u_pll/inst/clkin1_ibufgds/O
                         net (fo=1, routed)           0.986     1.764    u_pll/inst/clk_in1_clk_wiz_1
    MMCME2_ADV_X1Y5      MMCME2_ADV (Prop_mmcme2_adv_CLKIN1_CLKOUT4)
                                                     -6.516    -4.752 r  u_pll/inst/mmcm_adv_inst/CLKOUT4
                         net (fo=1, routed)           1.788    -2.964    u_pll/inst/clk_out5_clk_wiz_1
    BUFGCTRL_X0Y20       BUFG (Prop_bufg_I_O)         0.083    -2.881 r  u_pll/inst/clkout5_buf/O
                         net (fo=2471, routed)        1.417    -1.465    cv32e40p_core_ip/core_i/id_stage_i/register_file_i/CG_WE_GLOBAL/clk_gate_i/clk_out5
    SLICE_X94Y198        LUT4 (Prop_lut4_I0_O)        0.039    -1.426 r  cv32e40p_core_ip/core_i/id_stage_i/register_file_i/CG_WE_GLOBAL/clk_gate_i/mem_reg[21][31]_i_2/O
                         net (fo=32, routed)          0.315    -1.110    cv32e40p_core_ip/core_i/id_stage_i/register_file_i/p_41_in
    SLICE_X96Y202        LDCE                                         r  cv32e40p_core_ip/core_i/id_stage_i/register_file_i/mem_reg[21][7]/G
                         clock pessimism             -0.756    -1.867    
                         time borrowed                3.078     1.211    
  -------------------------------------------------------------------
                         required time                          1.211    
                         arrival time                          -1.211    
  -------------------------------------------------------------------
                         slack                                  0.000    

Slack (MET) :             0.000ns  (required time - arrival time)
  Source:                 cv32e40p_core_ip/core_i/id_stage_i/register_file_i/wdata_a_q_reg[9]/C
                            (rising edge-triggered cell FDCE clocked by clk_out5_clk_wiz_1_1  {rise@0.000ns fall@10.000ns period=20.000ns})
  Destination:            cv32e40p_core_ip/core_i/id_stage_i/register_file_i/mem_reg[16][9]/D
                            (positive level-sensitive latch clocked by clk_out5_clk_wiz_1_1  {rise@0.000ns fall@10.000ns period=20.000ns})
  Path Group:             clk_out5_clk_wiz_1_1
  Path Type:              Setup (Max at Slow Process Corner)
  Requirement:            0.000ns  (clk_out5_clk_wiz_1_1 rise@0.000ns - clk_out5_clk_wiz_1_1 rise@0.000ns)
  Data Path Delay:        1.313ns  (logic 0.266ns (20.261%)  route 1.047ns (79.739%))
  Logic Levels:           1  (LUT3=1)
  Clock Path Skew:        -1.761ns (DCD - SCD + CPR)
    Destination Clock Delay (DCD):    -1.041ns
    Source Clock Delay      (SCD):    -0.036ns
    Clock Pessimism Removal (CPR):    -0.756ns
  Time Borrowing:         
    Nominal pulse width:              10.000ns
    Library setup time:               0.005ns
    Computed max time borrow:         10.005ns
    Time borrowed from endpoint:      3.074ns
    Time given to startpoint:         3.074ns

    Location             Delay type                Incr(ns)  Path(ns)    Netlist Resource(s)
  -------------------------------------------------------------------    -------------------
                         (clock clk_out5_clk_wiz_1_1 rise edge)
                                                      0.000     0.000 r  
    H9                                                0.000     0.000 r  clk_p (IN)
                         net (fo=0)                   0.000     0.000    u_pll/inst/clk_in1_p
    H9                   IBUFDS (Prop_ibufds_I_O)     0.880     0.880 r  u_pll/inst/clkin1_ibufgds/O
                         net (fo=1, routed)           1.081     1.961    u_pll/inst/clk_in1_clk_wiz_1
    MMCME2_ADV_X1Y5      MMCME2_ADV (Prop_mmcme2_adv_CLKIN1_CLKOUT4)
                                                     -7.639    -5.678 r  u_pll/inst/mmcm_adv_inst/CLKOUT4
                         net (fo=1, routed)           1.948    -3.730    u_pll/inst/clk_out5_clk_wiz_1
    BUFGCTRL_X0Y20       BUFG (Prop_bufg_I_O)         0.093    -3.637 r  u_pll/inst/clkout5_buf/O
                         net (fo=2471, routed)        1.626    -2.011    cv32e40p_core_ip/core_i/sleep_unit_i/core_clock_gate_i/clk_gate_i/clk_out5
    SLICE_X90Y146        LUT3 (Prop_lut3_I0_O)        0.043    -1.968 r  cv32e40p_core_ip/core_i/sleep_unit_i/core_clock_gate_i/clk_gate_i/waddr_onehot_b_q[31]_i_3/O
                         net (fo=1, routed)           0.430    -1.538    cv32e40p_core_ip_n_118
    BUFGCTRL_X0Y1        BUFG (Prop_bufg_I_O)         0.093    -1.445 r  waddr_onehot_b_q_reg[31]_i_2/O
                         net (fo=95, routed)          1.409    -0.036    cv32e40p_core_ip/core_i/id_stage_i/register_file_i/CLK
    SLICE_X112Y206       FDCE                                         r  cv32e40p_core_ip/core_i/id_stage_i/register_file_i/wdata_a_q_reg[9]/C
  -------------------------------------------------------------------    -------------------
    SLICE_X112Y206       FDCE (Prop_fdce_C_Q)         0.223     0.187 r  cv32e40p_core_ip/core_i/id_stage_i/register_file_i/wdata_a_q_reg[9]/Q
                         net (fo=31, routed)          0.610     0.797    cv32e40p_core_ip/core_i/id_stage_i/register_file_i/wdata_a_q[9]
    SLICE_X100Y203       LUT3 (Prop_lut3_I2_O)        0.043     0.840 r  cv32e40p_core_ip/core_i/id_stage_i/register_file_i/mem_reg[16][9]_i_1/O
                         net (fo=1, routed)           0.437     1.277    cv32e40p_core_ip/core_i/id_stage_i/register_file_i/mem_reg[16][9]_i_1_n_0
    SLICE_X93Y203        LDCE                                         r  cv32e40p_core_ip/core_i/id_stage_i/register_file_i/mem_reg[16][9]/D
  -------------------------------------------------------------------    -------------------

                         (clock clk_out5_clk_wiz_1_1 rise edge)
                                                      0.000     0.000 r  
    H9                                                0.000     0.000 r  clk_p (IN)
                         net (fo=0)                   0.000     0.000    u_pll/inst/clk_in1_p
    H9                   IBUFDS (Prop_ibufds_I_O)     0.778     0.778 r  u_pll/inst/clkin1_ibufgds/O
                         net (fo=1, routed)           0.986     1.764    u_pll/inst/clk_in1_clk_wiz_1
    MMCME2_ADV_X1Y5      MMCME2_ADV (Prop_mmcme2_adv_CLKIN1_CLKOUT4)
                                                     -6.516    -4.752 r  u_pll/inst/mmcm_adv_inst/CLKOUT4
                         net (fo=1, routed)           1.788    -2.964    u_pll/inst/clk_out5_clk_wiz_1
    BUFGCTRL_X0Y20       BUFG (Prop_bufg_I_O)         0.083    -2.881 r  u_pll/inst/clkout5_buf/O
                         net (fo=2471, routed)        1.305    -1.576    cv32e40p_core_ip/core_i/id_stage_i/register_file_i/CG_WE_GLOBAL/clk_gate_i/clk_out5
    SLICE_X92Y198        LUT4 (Prop_lut4_I0_O)        0.036    -1.540 r  cv32e40p_core_ip/core_i/id_stage_i/register_file_i/CG_WE_GLOBAL/clk_gate_i/mem_reg[16][31]_i_2/O
                         net (fo=32, routed)          0.499    -1.041    cv32e40p_core_ip/core_i/id_stage_i/register_file_i/p_46_in
    SLICE_X93Y203        LDCE                                         r  cv32e40p_core_ip/core_i/id_stage_i/register_file_i/mem_reg[16][9]/G
                         clock pessimism             -0.756    -1.797    
                         time borrowed                3.074     1.277    
  -------------------------------------------------------------------
                         required time                          1.277    
                         arrival time                          -1.277    
  -------------------------------------------------------------------
                         slack                                  0.000    

Slack (MET) :             0.000ns  (required time - arrival time)
  Source:                 cv32e40p_core_ip/core_i/id_stage_i/register_file_i/waddr_onehot_b_q_reg[21]/C
                            (rising edge-triggered cell FDCE clocked by clk_out5_clk_wiz_1_1  {rise@0.000ns fall@10.000ns period=20.000ns})
  Destination:            cv32e40p_core_ip/core_i/id_stage_i/register_file_i/mem_reg[21][3]/D
                            (positive level-sensitive latch clocked by clk_out5_clk_wiz_1_1  {rise@0.000ns fall@10.000ns period=20.000ns})
  Path Group:             clk_out5_clk_wiz_1_1
  Path Type:              Setup (Max at Slow Process Corner)
  Requirement:            0.000ns  (clk_out5_clk_wiz_1_1 rise@0.000ns - clk_out5_clk_wiz_1_1 rise@0.000ns)
  Data Path Delay:        1.389ns  (logic 0.266ns (19.152%)  route 1.123ns (80.848%))
  Logic Levels:           1  (LUT3=1)
  Clock Path Skew:        -1.679ns (DCD - SCD + CPR)
    Destination Clock Delay (DCD):    -0.970ns
    Source Clock Delay      (SCD):    -0.047ns
    Clock Pessimism Removal (CPR):    -0.756ns
  Time Borrowing:         
    Nominal pulse width:              10.000ns
    Library setup time:               0.079ns
    Computed max time borrow:         10.079ns
    Time borrowed from endpoint:      3.068ns
    Time given to startpoint:         3.068ns

    Location             Delay type                Incr(ns)  Path(ns)    Netlist Resource(s)
  -------------------------------------------------------------------    -------------------
                         (clock clk_out5_clk_wiz_1_1 rise edge)
                                                      0.000     0.000 r  
    H9                                                0.000     0.000 r  clk_p (IN)
                         net (fo=0)                   0.000     0.000    u_pll/inst/clk_in1_p
    H9                   IBUFDS (Prop_ibufds_I_O)     0.880     0.880 r  u_pll/inst/clkin1_ibufgds/O
                         net (fo=1, routed)           1.081     1.961    u_pll/inst/clk_in1_clk_wiz_1
    MMCME2_ADV_X1Y5      MMCME2_ADV (Prop_mmcme2_adv_CLKIN1_CLKOUT4)
                                                     -7.639    -5.678 r  u_pll/inst/mmcm_adv_inst/CLKOUT4
                         net (fo=1, routed)           1.948    -3.730    u_pll/inst/clk_out5_clk_wiz_1
    BUFGCTRL_X0Y20       BUFG (Prop_bufg_I_O)         0.093    -3.637 r  u_pll/inst/clkout5_buf/O
                         net (fo=2471, routed)        1.626    -2.011    cv32e40p_core_ip/core_i/sleep_unit_i/core_clock_gate_i/clk_gate_i/clk_out5
    SLICE_X90Y146        LUT3 (Prop_lut3_I0_O)        0.043    -1.968 r  cv32e40p_core_ip/core_i/sleep_unit_i/core_clock_gate_i/clk_gate_i/waddr_onehot_b_q[31]_i_3/O
                         net (fo=1, routed)           0.430    -1.538    cv32e40p_core_ip_n_118
    BUFGCTRL_X0Y1        BUFG (Prop_bufg_I_O)         0.093    -1.445 r  waddr_onehot_b_q_reg[31]_i_2/O
                         net (fo=95, routed)          1.398    -0.047    cv32e40p_core_ip/core_i/id_stage_i/register_file_i/CLK
    SLICE_X95Y204        FDCE                                         r  cv32e40p_core_ip/core_i/id_stage_i/register_file_i/waddr_onehot_b_q_reg[21]/C
  -------------------------------------------------------------------    -------------------
    SLICE_X95Y204        FDCE (Prop_fdce_C_Q)         0.223     0.176 r  cv32e40p_core_ip/core_i/id_stage_i/register_file_i/waddr_onehot_b_q_reg[21]/Q
                         net (fo=32, routed)          0.694     0.870    cv32e40p_core_ip/core_i/id_stage_i/register_file_i/waddr_onehot_b_q_reg_n_0_[21]
    SLICE_X106Y201       LUT3 (Prop_lut3_I1_O)        0.043     0.913 r  cv32e40p_core_ip/core_i/id_stage_i/register_file_i/mem_reg[21][3]_i_1/O
                         net (fo=1, routed)           0.429     1.342    cv32e40p_core_ip/core_i/id_stage_i/register_file_i/mem_reg[21][3]_i_1_n_0
    SLICE_X104Y201       LDCE                                         r  cv32e40p_core_ip/core_i/id_stage_i/register_file_i/mem_reg[21][3]/D
  -------------------------------------------------------------------    -------------------

                         (clock clk_out5_clk_wiz_1_1 rise edge)
                                                      0.000     0.000 r  
    H9                                                0.000     0.000 r  clk_p (IN)
                         net (fo=0)                   0.000     0.000    u_pll/inst/clk_in1_p
    H9                   IBUFDS (Prop_ibufds_I_O)     0.778     0.778 r  u_pll/inst/clkin1_ibufgds/O
                         net (fo=1, routed)           0.986     1.764    u_pll/inst/clk_in1_clk_wiz_1
    MMCME2_ADV_X1Y5      MMCME2_ADV (Prop_mmcme2_adv_CLKIN1_CLKOUT4)
                                                     -6.516    -4.752 r  u_pll/inst/mmcm_adv_inst/CLKOUT4
                         net (fo=1, routed)           1.788    -2.964    u_pll/inst/clk_out5_clk_wiz_1
    BUFGCTRL_X0Y20       BUFG (Prop_bufg_I_O)         0.083    -2.881 r  u_pll/inst/clkout5_buf/O
                         net (fo=2471, routed)        1.417    -1.465    cv32e40p_core_ip/core_i/id_stage_i/register_file_i/CG_WE_GLOBAL/clk_gate_i/clk_out5
    SLICE_X94Y198        LUT4 (Prop_lut4_I0_O)        0.039    -1.426 r  cv32e40p_core_ip/core_i/id_stage_i/register_file_i/CG_WE_GLOBAL/clk_gate_i/mem_reg[21][31]_i_2/O
                         net (fo=32, routed)          0.455    -0.970    cv32e40p_core_ip/core_i/id_stage_i/register_file_i/p_41_in
    SLICE_X104Y201       LDCE                                         r  cv32e40p_core_ip/core_i/id_stage_i/register_file_i/mem_reg[21][3]/G
                         clock pessimism             -0.756    -1.726    
                         time borrowed                3.068     1.342    
  -------------------------------------------------------------------
                         required time                          1.342    
                         arrival time                          -1.342    
  -------------------------------------------------------------------
                         slack                                  0.000    

Slack (MET) :             0.000ns  (required time - arrival time)
  Source:                 cv32e40p_core_ip/core_i/id_stage_i/register_file_i/wdata_a_q_reg[7]/C
                            (rising edge-triggered cell FDCE clocked by clk_out5_clk_wiz_1_1  {rise@0.000ns fall@10.000ns period=20.000ns})
  Destination:            cv32e40p_core_ip/core_i/id_stage_i/register_file_i/mem_reg[25][7]/D
                            (positive level-sensitive latch clocked by clk_out5_clk_wiz_1_1  {rise@0.000ns fall@10.000ns period=20.000ns})
  Path Group:             clk_out5_clk_wiz_1_1
  Path Type:              Setup (Max at Slow Process Corner)
  Requirement:            0.000ns  (clk_out5_clk_wiz_1_1 rise@0.000ns - clk_out5_clk_wiz_1_1 rise@0.000ns)
  Data Path Delay:        1.444ns  (logic 0.266ns (18.426%)  route 1.178ns (81.574%))
  Logic Levels:           1  (LUT3=1)
  Clock Path Skew:        -1.621ns (DCD - SCD + CPR)
    Destination Clock Delay (DCD):    -0.901ns
    Source Clock Delay      (SCD):    -0.035ns
    Clock Pessimism Removal (CPR):    -0.756ns
  Time Borrowing:         
    Nominal pulse width:              10.000ns
    Library setup time:               0.090ns
    Computed max time borrow:         10.090ns
    Time borrowed from endpoint:      3.065ns
    Time given to startpoint:         3.065ns

    Location             Delay type                Incr(ns)  Path(ns)    Netlist Resource(s)
  -------------------------------------------------------------------    -------------------
                         (clock clk_out5_clk_wiz_1_1 rise edge)
                                                      0.000     0.000 r  
    H9                                                0.000     0.000 r  clk_p (IN)
                         net (fo=0)                   0.000     0.000    u_pll/inst/clk_in1_p
    H9                   IBUFDS (Prop_ibufds_I_O)     0.880     0.880 r  u_pll/inst/clkin1_ibufgds/O
                         net (fo=1, routed)           1.081     1.961    u_pll/inst/clk_in1_clk_wiz_1
    MMCME2_ADV_X1Y5      MMCME2_ADV (Prop_mmcme2_adv_CLKIN1_CLKOUT4)
                                                     -7.639    -5.678 r  u_pll/inst/mmcm_adv_inst/CLKOUT4
                         net (fo=1, routed)           1.948    -3.730    u_pll/inst/clk_out5_clk_wiz_1
    BUFGCTRL_X0Y20       BUFG (Prop_bufg_I_O)         0.093    -3.637 r  u_pll/inst/clkout5_buf/O
                         net (fo=2471, routed)        1.626    -2.011    cv32e40p_core_ip/core_i/sleep_unit_i/core_clock_gate_i/clk_gate_i/clk_out5
    SLICE_X90Y146        LUT3 (Prop_lut3_I0_O)        0.043    -1.968 r  cv32e40p_core_ip/core_i/sleep_unit_i/core_clock_gate_i/clk_gate_i/waddr_onehot_b_q[31]_i_3/O
                         net (fo=1, routed)           0.430    -1.538    cv32e40p_core_ip_n_118
    BUFGCTRL_X0Y1        BUFG (Prop_bufg_I_O)         0.093    -1.445 r  waddr_onehot_b_q_reg[31]_i_2/O
                         net (fo=95, routed)          1.410    -0.035    cv32e40p_core_ip/core_i/id_stage_i/register_file_i/CLK
    SLICE_X112Y203       FDCE                                         r  cv32e40p_core_ip/core_i/id_stage_i/register_file_i/wdata_a_q_reg[7]/C
  -------------------------------------------------------------------    -------------------
    SLICE_X112Y203       FDCE (Prop_fdce_C_Q)         0.223     0.188 r  cv32e40p_core_ip/core_i/id_stage_i/register_file_i/wdata_a_q_reg[7]/Q
                         net (fo=31, routed)          0.724     0.912    cv32e40p_core_ip/core_i/id_stage_i/register_file_i/wdata_a_q[7]
    SLICE_X97Y201        LUT3 (Prop_lut3_I2_O)        0.043     0.955 r  cv32e40p_core_ip/core_i/id_stage_i/register_file_i/mem_reg[25][7]_i_1/O
                         net (fo=1, routed)           0.453     1.408    cv32e40p_core_ip/core_i/id_stage_i/register_file_i/mem_reg[25][7]_i_1_n_0
    SLICE_X98Y203        LDCE                                         r  cv32e40p_core_ip/core_i/id_stage_i/register_file_i/mem_reg[25][7]/D
  -------------------------------------------------------------------    -------------------

                         (clock clk_out5_clk_wiz_1_1 rise edge)
                                                      0.000     0.000 r  
    H9                                                0.000     0.000 r  clk_p (IN)
                         net (fo=0)                   0.000     0.000    u_pll/inst/clk_in1_p
    H9                   IBUFDS (Prop_ibufds_I_O)     0.778     0.778 r  u_pll/inst/clkin1_ibufgds/O
                         net (fo=1, routed)           0.986     1.764    u_pll/inst/clk_in1_clk_wiz_1
    MMCME2_ADV_X1Y5      MMCME2_ADV (Prop_mmcme2_adv_CLKIN1_CLKOUT4)
                                                     -6.516    -4.752 r  u_pll/inst/mmcm_adv_inst/CLKOUT4
                         net (fo=1, routed)           1.788    -2.964    u_pll/inst/clk_out5_clk_wiz_1
    BUFGCTRL_X0Y20       BUFG (Prop_bufg_I_O)         0.083    -2.881 r  u_pll/inst/clkout5_buf/O
                         net (fo=2471, routed)        1.397    -1.485    cv32e40p_core_ip/core_i/id_stage_i/register_file_i/CG_WE_GLOBAL/clk_gate_i/clk_out5
    SLICE_X93Y198        LUT4 (Prop_lut4_I0_O)        0.043    -1.442 r  cv32e40p_core_ip/core_i/id_stage_i/register_file_i/CG_WE_GLOBAL/clk_gate_i/mem_reg[25][31]_i_2/O
                         net (fo=32, routed)          0.541    -0.901    cv32e40p_core_ip/core_i/id_stage_i/register_file_i/p_37_in
    SLICE_X98Y203        LDCE                                         r  cv32e40p_core_ip/core_i/id_stage_i/register_file_i/mem_reg[25][7]/G
                         clock pessimism             -0.756    -1.657    
                         time borrowed                3.065     1.408    
  -------------------------------------------------------------------
                         required time                          1.408    
                         arrival time                          -1.408    
  -------------------------------------------------------------------
                         slack                                  0.000    





Min Delay Paths
--------------------------------------------------------------------------------------
Slack (MET) :             0.107ns  (arrival time - required time)
  Source:                 cv32e40p_core_ip/core_i/if_stage_i/instr_rdata_id_o_reg[0]/C
                            (rising edge-triggered cell FDCE clocked by clk_out5_clk_wiz_1_1  {rise@0.000ns fall@10.000ns period=20.000ns})
  Destination:            cv32e40p_core_ip/core_i/id_stage_i/data_sign_ext_ex_o_reg[0]/D
                            (rising edge-triggered cell FDCE clocked by clk_out5_clk_wiz_1_1  {rise@0.000ns fall@10.000ns period=20.000ns})
  Path Group:             clk_out5_clk_wiz_1_1
  Path Type:              Hold (Min at Fast Process Corner)
  Requirement:            0.000ns  (clk_out5_clk_wiz_1_1 rise@0.000ns - clk_out5_clk_wiz_1_1 rise@0.000ns)
  Data Path Delay:        0.469ns  (logic 0.128ns (27.276%)  route 0.341ns (72.724%))
  Logic Levels:           1  (LUT6=1)
  Clock Path Skew:        0.302ns (DCD - SCD - CPR)
    Destination Clock Delay (DCD):    0.632ns
    Source Clock Delay      (SCD):    0.295ns
    Clock Pessimism Removal (CPR):    0.035ns

    Location             Delay type                Incr(ns)  Path(ns)    Netlist Resource(s)
  -------------------------------------------------------------------    -------------------
                         (clock clk_out5_clk_wiz_1_1 rise edge)
                                                      0.000     0.000 r  
    H9                                                0.000     0.000 r  clk_p (IN)
                         net (fo=0)                   0.000     0.000    u_pll/inst/clk_in1_p
    H9                   IBUFDS (Prop_ibufds_I_O)     0.363     0.363 r  u_pll/inst/clkin1_ibufgds/O
                         net (fo=1, routed)           0.503     0.866    u_pll/inst/clk_in1_clk_wiz_1
    MMCME2_ADV_X1Y5      MMCME2_ADV (Prop_mmcme2_adv_CLKIN1_CLKOUT4)
                                                     -3.122    -2.256 r  u_pll/inst/mmcm_adv_inst/CLKOUT4
                         net (fo=1, routed)           0.969    -1.287    u_pll/inst/clk_out5_clk_wiz_1
    BUFGCTRL_X0Y20       BUFG (Prop_bufg_I_O)         0.026    -1.261 r  u_pll/inst/clkout5_buf/O
                         net (fo=2471, routed)        0.763    -0.498    cv32e40p_core_ip/core_i/sleep_unit_i/core_clock_gate_i/clk_gate_i/clk_out5
    SLICE_X90Y146        LUT2 (Prop_lut2_I0_O)        0.028    -0.470 r  cv32e40p_core_ip/core_i/sleep_unit_i/core_clock_gate_i/clk_gate_i/cnt_q[1]_i_5/O
                         net (fo=1, routed)           0.191    -0.279    cv32e40p_core_ip_n_144
    BUFGCTRL_X0Y0        BUFG (Prop_bufg_I_O)         0.026    -0.253 r  cnt_q_reg[1]_i_2/O
                         net (fo=1094, routed)        0.548     0.295    cv32e40p_core_ip/core_i/if_stage_i/clk
    SLICE_X109Y197       FDCE                                         r  cv32e40p_core_ip/core_i/if_stage_i/instr_rdata_id_o_reg[0]/C
  -------------------------------------------------------------------    -------------------
    SLICE_X109Y197       FDCE (Prop_fdce_C_Q)         0.100     0.395 r  cv32e40p_core_ip/core_i/if_stage_i/instr_rdata_id_o_reg[0]/Q
                         net (fo=37, routed)          0.341     0.737    cv32e40p_core_ip/core_i/if_stage_i/instr_rdata_id[0]
    SLICE_X116Y202       LUT6 (Prop_lut6_I2_O)        0.028     0.765 r  cv32e40p_core_ip/core_i/if_stage_i/data_sign_ext_ex_o[0]_i_1/O
                         net (fo=1, routed)           0.000     0.765    cv32e40p_core_ip/core_i/id_stage_i/data_sign_ext_id[0]
    SLICE_X116Y202       FDCE                                         r  cv32e40p_core_ip/core_i/id_stage_i/data_sign_ext_ex_o_reg[0]/D
  -------------------------------------------------------------------    -------------------

                         (clock clk_out5_clk_wiz_1_1 rise edge)
                                                      0.000     0.000 r  
    H9                                                0.000     0.000 r  clk_p (IN)
                         net (fo=0)                   0.000     0.000    u_pll/inst/clk_in1_p
    H9                   IBUFDS (Prop_ibufds_I_O)     0.444     0.444 r  u_pll/inst/clkin1_ibufgds/O
                         net (fo=1, routed)           0.553     0.997    u_pll/inst/clk_in1_clk_wiz_1
    MMCME2_ADV_X1Y5      MMCME2_ADV (Prop_mmcme2_adv_CLKIN1_CLKOUT4)
                                                     -3.590    -2.593 r  u_pll/inst/mmcm_adv_inst/CLKOUT4
                         net (fo=1, routed)           1.044    -1.549    u_pll/inst/clk_out5_clk_wiz_1
    BUFGCTRL_X0Y20       BUFG (Prop_bufg_I_O)         0.030    -1.519 r  u_pll/inst/clkout5_buf/O
                         net (fo=2471, routed)        1.007    -0.512    cv32e40p_core_ip/core_i/sleep_unit_i/core_clock_gate_i/clk_gate_i/clk_out5
    SLICE_X90Y146        LUT2 (Prop_lut2_I0_O)        0.035    -0.477 r  cv32e40p_core_ip/core_i/sleep_unit_i/core_clock_gate_i/clk_gate_i/cnt_q[1]_i_5/O
                         net (fo=1, routed)           0.221    -0.256    cv32e40p_core_ip_n_144
    BUFGCTRL_X0Y0        BUFG (Prop_bufg_I_O)         0.030    -0.226 r  cnt_q_reg[1]_i_2/O
                         net (fo=1094, routed)        0.858     0.632    cv32e40p_core_ip/core_i/id_stage_i/clk
    SLICE_X116Y202       FDCE                                         r  cv32e40p_core_ip/core_i/id_stage_i/data_sign_ext_ex_o_reg[0]/C
                         clock pessimism             -0.035     0.597    
    SLICE_X116Y202       FDCE (Hold_fdce_C_D)         0.060     0.657    cv32e40p_core_ip/core_i/id_stage_i/data_sign_ext_ex_o_reg[0]
  -------------------------------------------------------------------
                         required time                         -0.657    
                         arrival time                           0.765    
  -------------------------------------------------------------------
                         slack                                  0.107    

Slack (MET) :             0.111ns  (arrival time - required time)
  Source:                 dcache/cpu_addr_q_reg[4]/C
                            (rising edge-triggered cell FDCE clocked by clk_out5_clk_wiz_1_1  {rise@0.000ns fall@10.000ns period=20.000ns})
  Destination:            dcache/way1_valid_q_reg[3]/D
                            (rising edge-triggered cell FDCE clocked by clk_out5_clk_wiz_1_1  {rise@0.000ns fall@10.000ns period=20.000ns})
  Path Group:             clk_out5_clk_wiz_1_1
  Path Type:              Hold (Min at Fast Process Corner)
  Requirement:            0.000ns  (clk_out5_clk_wiz_1_1 rise@0.000ns - clk_out5_clk_wiz_1_1 rise@0.000ns)
  Data Path Delay:        0.209ns  (logic 0.128ns (61.213%)  route 0.081ns (38.787%))
  Logic Levels:           1  (LUT5=1)
  Clock Path Skew:        0.011ns (DCD - SCD - CPR)
    Destination Clock Delay (DCD):    -0.755ns
    Source Clock Delay      (SCD):    -0.703ns
    Clock Pessimism Removal (CPR):    -0.063ns

    Location             Delay type                Incr(ns)  Path(ns)    Netlist Resource(s)
  -------------------------------------------------------------------    -------------------
                         (clock clk_out5_clk_wiz_1_1 rise edge)
                                                      0.000     0.000 r  
    H9                                                0.000     0.000 r  clk_p (IN)
                         net (fo=0)                   0.000     0.000    u_pll/inst/clk_in1_p
    H9                   IBUFDS (Prop_ibufds_I_O)     0.363     0.363 r  u_pll/inst/clkin1_ibufgds/O
                         net (fo=1, routed)           0.503     0.866    u_pll/inst/clk_in1_clk_wiz_1
    MMCME2_ADV_X1Y5      MMCME2_ADV (Prop_mmcme2_adv_CLKIN1_CLKOUT4)
                                                     -3.122    -2.256 r  u_pll/inst/mmcm_adv_inst/CLKOUT4
                         net (fo=1, routed)           0.969    -1.287    u_pll/inst/clk_out5_clk_wiz_1
    BUFGCTRL_X0Y20       BUFG (Prop_bufg_I_O)         0.026    -1.261 r  u_pll/inst/clkout5_buf/O
                         net (fo=2471, routed)        0.558    -0.703    dcache/clk_out5
    SLICE_X137Y193       FDCE                                         r  dcache/cpu_addr_q_reg[4]/C
  -------------------------------------------------------------------    -------------------
    SLICE_X137Y193       FDCE (Prop_fdce_C_Q)         0.100    -0.603 r  dcache/cpu_addr_q_reg[4]/Q
                         net (fo=36, routed)          0.081    -0.522    dcache/dmem_addr[2]
    SLICE_X136Y193       LUT5 (Prop_lut5_I3_O)        0.028    -0.494 r  dcache/way1_valid_q[3]_i_1/O
                         net (fo=1, routed)           0.000    -0.494    dcache/way1_valid_q[3]_i_1_n_0
    SLICE_X136Y193       FDCE                                         r  dcache/way1_valid_q_reg[3]/D
  -------------------------------------------------------------------    -------------------

                         (clock clk_out5_clk_wiz_1_1 rise edge)
                                                      0.000     0.000 r  
    H9                                                0.000     0.000 r  clk_p (IN)
                         net (fo=0)                   0.000     0.000    u_pll/inst/clk_in1_p
    H9                   IBUFDS (Prop_ibufds_I_O)     0.444     0.444 r  u_pll/inst/clkin1_ibufgds/O
                         net (fo=1, routed)           0.553     0.997    u_pll/inst/clk_in1_clk_wiz_1
    MMCME2_ADV_X1Y5      MMCME2_ADV (Prop_mmcme2_adv_CLKIN1_CLKOUT4)
                                                     -3.590    -2.593 r  u_pll/inst/mmcm_adv_inst/CLKOUT4
                         net (fo=1, routed)           1.044    -1.549    u_pll/inst/clk_out5_clk_wiz_1
    BUFGCTRL_X0Y20       BUFG (Prop_bufg_I_O)         0.030    -1.519 r  u_pll/inst/clkout5_buf/O
                         net (fo=2471, routed)        0.764    -0.755    dcache/clk_out5
    SLICE_X136Y193       FDCE                                         r  dcache/way1_valid_q_reg[3]/C
                         clock pessimism              0.063    -0.692    
    SLICE_X136Y193       FDCE (Hold_fdce_C_D)         0.087    -0.605    dcache/way1_valid_q_reg[3]
  -------------------------------------------------------------------
                         required time                          0.605    
                         arrival time                          -0.494    
  -------------------------------------------------------------------
                         slack                                  0.111    

Slack (MET) :             0.111ns  (arrival time - required time)
  Source:                 uart_dut/uart_iface_dut/tx_we_reg/C
                            (rising edge-triggered cell FDRE clocked by clk_out5_clk_wiz_1_1  {rise@0.000ns fall@10.000ns period=20.000ns})
  Destination:            uart_dut/uart_iface_dut/uart_tx_dut/write_ptr_reg[0]/D
                            (rising edge-triggered cell FDRE clocked by clk_out5_clk_wiz_1_1  {rise@0.000ns fall@10.000ns period=20.000ns})
  Path Group:             clk_out5_clk_wiz_1_1
  Path Type:              Hold (Min at Fast Process Corner)
  Requirement:            0.000ns  (clk_out5_clk_wiz_1_1 rise@0.000ns - clk_out5_clk_wiz_1_1 rise@0.000ns)
  Data Path Delay:        0.218ns  (logic 0.130ns (59.597%)  route 0.088ns (40.403%))
  Logic Levels:           1  (LUT2=1)
  Clock Path Skew:        0.011ns (DCD - SCD - CPR)
    Destination Clock Delay (DCD):    -0.665ns
    Source Clock Delay      (SCD):    -0.631ns
    Clock Pessimism Removal (CPR):    -0.045ns

    Location             Delay type                Incr(ns)  Path(ns)    Netlist Resource(s)
  -------------------------------------------------------------------    -------------------
                         (clock clk_out5_clk_wiz_1_1 rise edge)
                                                      0.000     0.000 r  
    H9                                                0.000     0.000 r  clk_p (IN)
                         net (fo=0)                   0.000     0.000    u_pll/inst/clk_in1_p
    H9                   IBUFDS (Prop_ibufds_I_O)     0.363     0.363 r  u_pll/inst/clkin1_ibufgds/O
                         net (fo=1, routed)           0.503     0.866    u_pll/inst/clk_in1_clk_wiz_1
    MMCME2_ADV_X1Y5      MMCME2_ADV (Prop_mmcme2_adv_CLKIN1_CLKOUT4)
                                                     -3.122    -2.256 r  u_pll/inst/mmcm_adv_inst/CLKOUT4
                         net (fo=1, routed)           0.969    -1.287    u_pll/inst/clk_out5_clk_wiz_1
    BUFGCTRL_X0Y20       BUFG (Prop_bufg_I_O)         0.026    -1.261 r  u_pll/inst/clkout5_buf/O
                         net (fo=2471, routed)        0.630    -0.631    uart_dut/uart_iface_dut/clk_out5
    SLICE_X141Y220       FDRE                                         r  uart_dut/uart_iface_dut/tx_we_reg/C
  -------------------------------------------------------------------    -------------------
    SLICE_X141Y220       FDRE (Prop_fdre_C_Q)         0.100    -0.531 r  uart_dut/uart_iface_dut/tx_we_reg/Q
                         net (fo=2, routed)           0.088    -0.443    uart_dut/uart_iface_dut/uart_tx_dut/write_ptr_reg[0]_0
    SLICE_X140Y220       LUT2 (Prop_lut2_I0_O)        0.030    -0.413 r  uart_dut/uart_iface_dut/uart_tx_dut/write_ptr[0]_i_1/O
                         net (fo=1, routed)           0.000    -0.413    uart_dut/uart_iface_dut/uart_tx_dut/write_ptr[0]_i_1_n_0
    SLICE_X140Y220       FDRE                                         r  uart_dut/uart_iface_dut/uart_tx_dut/write_ptr_reg[0]/D
  -------------------------------------------------------------------    -------------------

                         (clock clk_out5_clk_wiz_1_1 rise edge)
                                                      0.000     0.000 r  
    H9                                                0.000     0.000 r  clk_p (IN)
                         net (fo=0)                   0.000     0.000    u_pll/inst/clk_in1_p
    H9                   IBUFDS (Prop_ibufds_I_O)     0.444     0.444 r  u_pll/inst/clkin1_ibufgds/O
                         net (fo=1, routed)           0.553     0.997    u_pll/inst/clk_in1_clk_wiz_1
    MMCME2_ADV_X1Y5      MMCME2_ADV (Prop_mmcme2_adv_CLKIN1_CLKOUT4)
                                                     -3.590    -2.593 r  u_pll/inst/mmcm_adv_inst/CLKOUT4
                         net (fo=1, routed)           1.044    -1.549    u_pll/inst/clk_out5_clk_wiz_1
    BUFGCTRL_X0Y20       BUFG (Prop_bufg_I_O)         0.030    -1.519 r  u_pll/inst/clkout5_buf/O
                         net (fo=2471, routed)        0.854    -0.665    uart_dut/uart_iface_dut/uart_tx_dut/clk_out5
    SLICE_X140Y220       FDRE                                         r  uart_dut/uart_iface_dut/uart_tx_dut/write_ptr_reg[0]/C
                         clock pessimism              0.045    -0.620    
    SLICE_X140Y220       FDRE (Hold_fdre_C_D)         0.096    -0.524    uart_dut/uart_iface_dut/uart_tx_dut/write_ptr_reg[0]
  -------------------------------------------------------------------
                         required time                          0.524    
                         arrival time                          -0.413    
  -------------------------------------------------------------------
                         slack                                  0.111    

Slack (MET) :             0.118ns  (arrival time - required time)
  Source:                 cv32e40p_core_ip/core_i/load_store_unit_i/rdata_q_reg[23]/C
                            (rising edge-triggered cell FDCE clocked by clk_out5_clk_wiz_1_1  {rise@0.000ns fall@10.000ns period=20.000ns})
  Destination:            cv32e40p_core_ip/core_i/id_stage_i/register_file_i/wdata_a_q_reg[23]/D
                            (rising edge-triggered cell FDCE clocked by clk_out5_clk_wiz_1_1  {rise@0.000ns fall@10.000ns period=20.000ns})
  Path Group:             clk_out5_clk_wiz_1_1
  Path Type:              Hold (Min at Fast Process Corner)
  Requirement:            0.000ns  (clk_out5_clk_wiz_1_1 rise@0.000ns - clk_out5_clk_wiz_1_1 rise@0.000ns)
  Data Path Delay:        0.694ns  (logic 0.133ns (19.171%)  route 0.561ns (80.829%))
  Logic Levels:           1  (LUT3=1)
  Clock Path Skew:        0.506ns (DCD - SCD - CPR)
    Destination Clock Delay (DCD):    0.624ns
    Source Clock Delay      (SCD):    0.375ns
    Clock Pessimism Removal (CPR):    -0.258ns

    Location             Delay type                Incr(ns)  Path(ns)    Netlist Resource(s)
  -------------------------------------------------------------------    -------------------
                         (clock clk_out5_clk_wiz_1_1 rise edge)
                                                      0.000     0.000 r  
    H9                                                0.000     0.000 r  clk_p (IN)
                         net (fo=0)                   0.000     0.000    u_pll/inst/clk_in1_p
    H9                   IBUFDS (Prop_ibufds_I_O)     0.363     0.363 r  u_pll/inst/clkin1_ibufgds/O
                         net (fo=1, routed)           0.503     0.866    u_pll/inst/clk_in1_clk_wiz_1
    MMCME2_ADV_X1Y5      MMCME2_ADV (Prop_mmcme2_adv_CLKIN1_CLKOUT4)
                                                     -3.122    -2.256 r  u_pll/inst/mmcm_adv_inst/CLKOUT4
                         net (fo=1, routed)           0.969    -1.287    u_pll/inst/clk_out5_clk_wiz_1
    BUFGCTRL_X0Y20       BUFG (Prop_bufg_I_O)         0.026    -1.261 r  u_pll/inst/clkout5_buf/O
                         net (fo=2471, routed)        0.763    -0.498    cv32e40p_core_ip/core_i/sleep_unit_i/core_clock_gate_i/clk_gate_i/clk_out5
    SLICE_X90Y146        LUT2 (Prop_lut2_I0_O)        0.028    -0.470 r  cv32e40p_core_ip/core_i/sleep_unit_i/core_clock_gate_i/clk_gate_i/cnt_q[1]_i_5/O
                         net (fo=1, routed)           0.191    -0.279    cv32e40p_core_ip_n_144
    BUFGCTRL_X0Y0        BUFG (Prop_bufg_I_O)         0.026    -0.253 r  cnt_q_reg[1]_i_2/O
                         net (fo=1094, routed)        0.628     0.375    cv32e40p_core_ip/core_i/load_store_unit_i/clk
    SLICE_X112Y209       FDCE                                         r  cv32e40p_core_ip/core_i/load_store_unit_i/rdata_q_reg[23]/C
  -------------------------------------------------------------------    -------------------
    SLICE_X112Y209       FDCE (Prop_fdce_C_Q)         0.100     0.475 r  cv32e40p_core_ip/core_i/load_store_unit_i/rdata_q_reg[23]/Q
                         net (fo=5, routed)           0.561     1.036    cv32e40p_core_ip/core_i/load_store_unit_i/rdata_q_reg_n_0_[23]
    SLICE_X112Y210       LUT3 (Prop_lut3_I1_O)        0.033     1.069 r  cv32e40p_core_ip/core_i/load_store_unit_i/wdata_a_q[23]_i_1/O
                         net (fo=1, routed)           0.000     1.069    cv32e40p_core_ip/core_i/id_stage_i/register_file_i/lsu_rdata[23]
    SLICE_X112Y210       FDCE                                         r  cv32e40p_core_ip/core_i/id_stage_i/register_file_i/wdata_a_q_reg[23]/D
  -------------------------------------------------------------------    -------------------

                         (clock clk_out5_clk_wiz_1_1 rise edge)
                                                      0.000     0.000 r  
    H9                                                0.000     0.000 r  clk_p (IN)
                         net (fo=0)                   0.000     0.000    u_pll/inst/clk_in1_p
    H9                   IBUFDS (Prop_ibufds_I_O)     0.444     0.444 r  u_pll/inst/clkin1_ibufgds/O
                         net (fo=1, routed)           0.553     0.997    u_pll/inst/clk_in1_clk_wiz_1
    MMCME2_ADV_X1Y5      MMCME2_ADV (Prop_mmcme2_adv_CLKIN1_CLKOUT4)
                                                     -3.590    -2.593 r  u_pll/inst/mmcm_adv_inst/CLKOUT4
                         net (fo=1, routed)           1.044    -1.549    u_pll/inst/clk_out5_clk_wiz_1
    BUFGCTRL_X0Y20       BUFG (Prop_bufg_I_O)         0.030    -1.519 r  u_pll/inst/clkout5_buf/O
                         net (fo=2471, routed)        1.002    -0.517    cv32e40p_core_ip/core_i/sleep_unit_i/core_clock_gate_i/clk_gate_i/clk_out5
    SLICE_X90Y146        LUT3 (Prop_lut3_I0_O)        0.035    -0.482 r  cv32e40p_core_ip/core_i/sleep_unit_i/core_clock_gate_i/clk_gate_i/waddr_onehot_b_q[31]_i_3/O
                         net (fo=1, routed)           0.223    -0.259    cv32e40p_core_ip_n_118
    BUFGCTRL_X0Y1        BUFG (Prop_bufg_I_O)         0.030    -0.229 r  waddr_onehot_b_q_reg[31]_i_2/O
                         net (fo=95, routed)          0.853     0.624    cv32e40p_core_ip/core_i/id_stage_i/register_file_i/CLK
    SLICE_X112Y210       FDCE                                         r  cv32e40p_core_ip/core_i/id_stage_i/register_file_i/wdata_a_q_reg[23]/C
                         clock pessimism              0.258     0.882    
    SLICE_X112Y210       FDCE (Hold_fdce_C_D)         0.069     0.951    cv32e40p_core_ip/core_i/id_stage_i/register_file_i/wdata_a_q_reg[23]
  -------------------------------------------------------------------
                         required time                         -0.951    
                         arrival time                           1.069    
  -------------------------------------------------------------------
                         slack                                  0.118    

Slack (MET) :             0.123ns  (arrival time - required time)
  Source:                 cv32e40p_core_ip/core_i/load_store_unit_i/rdata_q_reg[19]/C
                            (rising edge-triggered cell FDCE clocked by clk_out5_clk_wiz_1_1  {rise@0.000ns fall@10.000ns period=20.000ns})
  Destination:            cv32e40p_core_ip/core_i/id_stage_i/register_file_i/wdata_a_q_reg[19]/D
                            (rising edge-triggered cell FDCE clocked by clk_out5_clk_wiz_1_1  {rise@0.000ns fall@10.000ns period=20.000ns})
  Path Group:             clk_out5_clk_wiz_1_1
  Path Type:              Hold (Min at Fast Process Corner)
  Requirement:            0.000ns  (clk_out5_clk_wiz_1_1 rise@0.000ns - clk_out5_clk_wiz_1_1 rise@0.000ns)
  Data Path Delay:        0.699ns  (logic 0.131ns (18.742%)  route 0.568ns (81.258%))
  Logic Levels:           1  (LUT3=1)
  Clock Path Skew:        0.506ns (DCD - SCD - CPR)
    Destination Clock Delay (DCD):    0.624ns
    Source Clock Delay      (SCD):    0.375ns
    Clock Pessimism Removal (CPR):    -0.258ns

    Location             Delay type                Incr(ns)  Path(ns)    Netlist Resource(s)
  -------------------------------------------------------------------    -------------------
                         (clock clk_out5_clk_wiz_1_1 rise edge)
                                                      0.000     0.000 r  
    H9                                                0.000     0.000 r  clk_p (IN)
                         net (fo=0)                   0.000     0.000    u_pll/inst/clk_in1_p
    H9                   IBUFDS (Prop_ibufds_I_O)     0.363     0.363 r  u_pll/inst/clkin1_ibufgds/O
                         net (fo=1, routed)           0.503     0.866    u_pll/inst/clk_in1_clk_wiz_1
    MMCME2_ADV_X1Y5      MMCME2_ADV (Prop_mmcme2_adv_CLKIN1_CLKOUT4)
                                                     -3.122    -2.256 r  u_pll/inst/mmcm_adv_inst/CLKOUT4
                         net (fo=1, routed)           0.969    -1.287    u_pll/inst/clk_out5_clk_wiz_1
    BUFGCTRL_X0Y20       BUFG (Prop_bufg_I_O)         0.026    -1.261 r  u_pll/inst/clkout5_buf/O
                         net (fo=2471, routed)        0.763    -0.498    cv32e40p_core_ip/core_i/sleep_unit_i/core_clock_gate_i/clk_gate_i/clk_out5
    SLICE_X90Y146        LUT2 (Prop_lut2_I0_O)        0.028    -0.470 r  cv32e40p_core_ip/core_i/sleep_unit_i/core_clock_gate_i/clk_gate_i/cnt_q[1]_i_5/O
                         net (fo=1, routed)           0.191    -0.279    cv32e40p_core_ip_n_144
    BUFGCTRL_X0Y0        BUFG (Prop_bufg_I_O)         0.026    -0.253 r  cnt_q_reg[1]_i_2/O
                         net (fo=1094, routed)        0.628     0.375    cv32e40p_core_ip/core_i/load_store_unit_i/clk
    SLICE_X112Y209       FDCE                                         r  cv32e40p_core_ip/core_i/load_store_unit_i/rdata_q_reg[19]/C
  -------------------------------------------------------------------    -------------------
    SLICE_X112Y209       FDCE (Prop_fdce_C_Q)         0.100     0.475 r  cv32e40p_core_ip/core_i/load_store_unit_i/rdata_q_reg[19]/Q
                         net (fo=5, routed)           0.568     1.043    cv32e40p_core_ip/core_i/load_store_unit_i/rdata_q_reg_n_0_[19]
    SLICE_X112Y210       LUT3 (Prop_lut3_I1_O)        0.031     1.074 r  cv32e40p_core_ip/core_i/load_store_unit_i/wdata_a_q[19]_i_1/O
                         net (fo=1, routed)           0.000     1.074    cv32e40p_core_ip/core_i/id_stage_i/register_file_i/lsu_rdata[19]
    SLICE_X112Y210       FDCE                                         r  cv32e40p_core_ip/core_i/id_stage_i/register_file_i/wdata_a_q_reg[19]/D
  -------------------------------------------------------------------    -------------------

                         (clock clk_out5_clk_wiz_1_1 rise edge)
                                                      0.000     0.000 r  
    H9                                                0.000     0.000 r  clk_p (IN)
                         net (fo=0)                   0.000     0.000    u_pll/inst/clk_in1_p
    H9                   IBUFDS (Prop_ibufds_I_O)     0.444     0.444 r  u_pll/inst/clkin1_ibufgds/O
                         net (fo=1, routed)           0.553     0.997    u_pll/inst/clk_in1_clk_wiz_1
    MMCME2_ADV_X1Y5      MMCME2_ADV (Prop_mmcme2_adv_CLKIN1_CLKOUT4)
                                                     -3.590    -2.593 r  u_pll/inst/mmcm_adv_inst/CLKOUT4
                         net (fo=1, routed)           1.044    -1.549    u_pll/inst/clk_out5_clk_wiz_1
    BUFGCTRL_X0Y20       BUFG (Prop_bufg_I_O)         0.030    -1.519 r  u_pll/inst/clkout5_buf/O
                         net (fo=2471, routed)        1.002    -0.517    cv32e40p_core_ip/core_i/sleep_unit_i/core_clock_gate_i/clk_gate_i/clk_out5
    SLICE_X90Y146        LUT3 (Prop_lut3_I0_O)        0.035    -0.482 r  cv32e40p_core_ip/core_i/sleep_unit_i/core_clock_gate_i/clk_gate_i/waddr_onehot_b_q[31]_i_3/O
                         net (fo=1, routed)           0.223    -0.259    cv32e40p_core_ip_n_118
    BUFGCTRL_X0Y1        BUFG (Prop_bufg_I_O)         0.030    -0.229 r  waddr_onehot_b_q_reg[31]_i_2/O
                         net (fo=95, routed)          0.853     0.624    cv32e40p_core_ip/core_i/id_stage_i/register_file_i/CLK
    SLICE_X112Y210       FDCE                                         r  cv32e40p_core_ip/core_i/id_stage_i/register_file_i/wdata_a_q_reg[19]/C
                         clock pessimism              0.258     0.882    
    SLICE_X112Y210       FDCE (Hold_fdce_C_D)         0.070     0.952    cv32e40p_core_ip/core_i/id_stage_i/register_file_i/wdata_a_q_reg[19]
  -------------------------------------------------------------------
                         required time                         -0.952    
                         arrival time                           1.074    
  -------------------------------------------------------------------
                         slack                                  0.123    

Slack (MET) :             0.123ns  (arrival time - required time)
  Source:                 req_write_reg[11]/C
                            (rising edge-triggered cell FDRE clocked by clk_out5_clk_wiz_1_1  {rise@0.000ns fall@10.000ns period=20.000ns})
  Destination:            req_write_reg[10]/D
                            (rising edge-triggered cell FDRE clocked by clk_out5_clk_wiz_1_1  {rise@0.000ns fall@10.000ns period=20.000ns})
  Path Group:             clk_out5_clk_wiz_1_1
  Path Type:              Hold (Min at Fast Process Corner)
  Requirement:            0.000ns  (clk_out5_clk_wiz_1_1 rise@0.000ns - clk_out5_clk_wiz_1_1 rise@0.000ns)
  Data Path Delay:        0.194ns  (logic 0.128ns (65.967%)  route 0.066ns (34.033%))
  Logic Levels:           1  (LUT6=1)
  Clock Path Skew:        0.011ns (DCD - SCD - CPR)
    Destination Clock Delay (DCD):    -0.727ns
    Source Clock Delay      (SCD):    -0.676ns
    Clock Pessimism Removal (CPR):    -0.062ns

    Location             Delay type                Incr(ns)  Path(ns)    Netlist Resource(s)
  -------------------------------------------------------------------    -------------------
                         (clock clk_out5_clk_wiz_1_1 rise edge)
                                                      0.000     0.000 r  
    H9                                                0.000     0.000 r  clk_p (IN)
                         net (fo=0)                   0.000     0.000    u_pll/inst/clk_in1_p
    H9                   IBUFDS (Prop_ibufds_I_O)     0.363     0.363 r  u_pll/inst/clkin1_ibufgds/O
                         net (fo=1, routed)           0.503     0.866    u_pll/inst/clk_in1_clk_wiz_1
    MMCME2_ADV_X1Y5      MMCME2_ADV (Prop_mmcme2_adv_CLKIN1_CLKOUT4)
                                                     -3.122    -2.256 r  u_pll/inst/mmcm_adv_inst/CLKOUT4
                         net (fo=1, routed)           0.969    -1.287    u_pll/inst/clk_out5_clk_wiz_1
    BUFGCTRL_X0Y20       BUFG (Prop_bufg_I_O)         0.026    -1.261 r  u_pll/inst/clkout5_buf/O
                         net (fo=2471, routed)        0.585    -0.676    clk_i
    SLICE_X145Y192       FDRE                                         r  req_write_reg[11]/C
  -------------------------------------------------------------------    -------------------
    SLICE_X145Y192       FDRE (Prop_fdre_C_Q)         0.100    -0.576 r  req_write_reg[11]/Q
                         net (fo=2, routed)           0.066    -0.510    main_memory/req_write_reg[10]_0
    SLICE_X144Y192       LUT6 (Prop_lut6_I3_O)        0.028    -0.482 r  main_memory/req_write[10]_i_1/O
                         net (fo=1, routed)           0.000    -0.482    main_memory_n_127
    SLICE_X144Y192       FDRE                                         r  req_write_reg[10]/D
  -------------------------------------------------------------------    -------------------

                         (clock clk_out5_clk_wiz_1_1 rise edge)
                                                      0.000     0.000 r  
    H9                                                0.000     0.000 r  clk_p (IN)
                         net (fo=0)                   0.000     0.000    u_pll/inst/clk_in1_p
    H9                   IBUFDS (Prop_ibufds_I_O)     0.444     0.444 r  u_pll/inst/clkin1_ibufgds/O
                         net (fo=1, routed)           0.553     0.997    u_pll/inst/clk_in1_clk_wiz_1
    MMCME2_ADV_X1Y5      MMCME2_ADV (Prop_mmcme2_adv_CLKIN1_CLKOUT4)
                                                     -3.590    -2.593 r  u_pll/inst/mmcm_adv_inst/CLKOUT4
                         net (fo=1, routed)           1.044    -1.549    u_pll/inst/clk_out5_clk_wiz_1
    BUFGCTRL_X0Y20       BUFG (Prop_bufg_I_O)         0.030    -1.519 r  u_pll/inst/clkout5_buf/O
                         net (fo=2471, routed)        0.792    -0.727    clk_i
    SLICE_X144Y192       FDRE                                         r  req_write_reg[10]/C
                         clock pessimism              0.062    -0.665    
    SLICE_X144Y192       FDRE (Hold_fdre_C_D)         0.060    -0.605    req_write_reg[10]
  -------------------------------------------------------------------
                         required time                          0.605    
                         arrival time                          -0.482    
  -------------------------------------------------------------------
                         slack                                  0.123    

Slack (MET) :             0.123ns  (arrival time - required time)
  Source:                 timer_dut/timer_iface_dut/wb_read_data_r_reg[31]/C
                            (rising edge-triggered cell FDRE clocked by clk_out5_clk_wiz_1_1  {rise@0.000ns fall@10.000ns period=20.000ns})
  Destination:            timer_dut/rdata_o_reg[31]/D
                            (rising edge-triggered cell FDCE clocked by clk_out5_clk_wiz_1_1  {rise@0.000ns fall@10.000ns period=20.000ns})
  Path Group:             clk_out5_clk_wiz_1_1
  Path Type:              Hold (Min at Fast Process Corner)
  Requirement:            0.000ns  (clk_out5_clk_wiz_1_1 rise@0.000ns - clk_out5_clk_wiz_1_1 rise@0.000ns)
  Data Path Delay:        0.201ns  (logic 0.100ns (49.711%)  route 0.101ns (50.289%))
  Logic Levels:           0  
  Clock Path Skew:        0.031ns (DCD - SCD - CPR)
    Destination Clock Delay (DCD):    -0.639ns
    Source Clock Delay      (SCD):    -0.605ns
    Clock Pessimism Removal (CPR):    -0.065ns

    Location             Delay type                Incr(ns)  Path(ns)    Netlist Resource(s)
  -------------------------------------------------------------------    -------------------
                         (clock clk_out5_clk_wiz_1_1 rise edge)
                                                      0.000     0.000 r  
    H9                                                0.000     0.000 r  clk_p (IN)
                         net (fo=0)                   0.000     0.000    u_pll/inst/clk_in1_p
    H9                   IBUFDS (Prop_ibufds_I_O)     0.363     0.363 r  u_pll/inst/clkin1_ibufgds/O
                         net (fo=1, routed)           0.503     0.866    u_pll/inst/clk_in1_clk_wiz_1
    MMCME2_ADV_X1Y5      MMCME2_ADV (Prop_mmcme2_adv_CLKIN1_CLKOUT4)
                                                     -3.122    -2.256 r  u_pll/inst/mmcm_adv_inst/CLKOUT4
                         net (fo=1, routed)           0.969    -1.287    u_pll/inst/clk_out5_clk_wiz_1
    BUFGCTRL_X0Y20       BUFG (Prop_bufg_I_O)         0.026    -1.261 r  u_pll/inst/clkout5_buf/O
                         net (fo=2471, routed)        0.656    -0.605    timer_dut/timer_iface_dut/clk_out5
    SLICE_X147Y222       FDRE                                         r  timer_dut/timer_iface_dut/wb_read_data_r_reg[31]/C
  -------------------------------------------------------------------    -------------------
    SLICE_X147Y222       FDRE (Prop_fdre_C_Q)         0.100    -0.505 r  timer_dut/timer_iface_dut/wb_read_data_r_reg[31]/Q
                         net (fo=1, routed)           0.101    -0.404    timer_dut/wb_dat_o_w[31]
    SLICE_X145Y222       FDCE                                         r  timer_dut/rdata_o_reg[31]/D
  -------------------------------------------------------------------    -------------------

                         (clock clk_out5_clk_wiz_1_1 rise edge)
                                                      0.000     0.000 r  
    H9                                                0.000     0.000 r  clk_p (IN)
                         net (fo=0)                   0.000     0.000    u_pll/inst/clk_in1_p
    H9                   IBUFDS (Prop_ibufds_I_O)     0.444     0.444 r  u_pll/inst/clkin1_ibufgds/O
                         net (fo=1, routed)           0.553     0.997    u_pll/inst/clk_in1_clk_wiz_1
    MMCME2_ADV_X1Y5      MMCME2_ADV (Prop_mmcme2_adv_CLKIN1_CLKOUT4)
                                                     -3.590    -2.593 r  u_pll/inst/mmcm_adv_inst/CLKOUT4
                         net (fo=1, routed)           1.044    -1.549    u_pll/inst/clk_out5_clk_wiz_1
    BUFGCTRL_X0Y20       BUFG (Prop_bufg_I_O)         0.030    -1.519 r  u_pll/inst/clkout5_buf/O
                         net (fo=2471, routed)        0.880    -0.639    timer_dut/clk_out5
    SLICE_X145Y222       FDCE                                         r  timer_dut/rdata_o_reg[31]/C
                         clock pessimism              0.065    -0.574    
    SLICE_X145Y222       FDCE (Hold_fdce_C_D)         0.047    -0.527    timer_dut/rdata_o_reg[31]
  -------------------------------------------------------------------
                         required time                          0.527    
                         arrival time                          -0.404    
  -------------------------------------------------------------------
                         slack                                  0.123    

Slack (MET) :             0.125ns  (arrival time - required time)
  Source:                 cv32e40p_core_ip/core_i/if_stage_i/instr_rdata_id_o_reg[5]/C
                            (rising edge-triggered cell FDCE clocked by clk_out5_clk_wiz_1_1  {rise@0.000ns fall@10.000ns period=20.000ns})
  Destination:            cv32e40p_core_ip/core_i/id_stage_i/csr_op_ex_o_reg[0]/D
                            (rising edge-triggered cell FDCE clocked by clk_out5_clk_wiz_1_1  {rise@0.000ns fall@10.000ns period=20.000ns})
  Path Group:             clk_out5_clk_wiz_1_1
  Path Type:              Hold (Min at Fast Process Corner)
  Requirement:            0.000ns  (clk_out5_clk_wiz_1_1 rise@0.000ns - clk_out5_clk_wiz_1_1 rise@0.000ns)
  Data Path Delay:        0.488ns  (logic 0.128ns (26.251%)  route 0.360ns (73.749%))
  Logic Levels:           1  (LUT6=1)
  Clock Path Skew:        0.303ns (DCD - SCD - CPR)
    Destination Clock Delay (DCD):    0.632ns
    Source Clock Delay      (SCD):    0.294ns
    Clock Pessimism Removal (CPR):    0.035ns

    Location             Delay type                Incr(ns)  Path(ns)    Netlist Resource(s)
  -------------------------------------------------------------------    -------------------
                         (clock clk_out5_clk_wiz_1_1 rise edge)
                                                      0.000     0.000 r  
    H9                                                0.000     0.000 r  clk_p (IN)
                         net (fo=0)                   0.000     0.000    u_pll/inst/clk_in1_p
    H9                   IBUFDS (Prop_ibufds_I_O)     0.363     0.363 r  u_pll/inst/clkin1_ibufgds/O
                         net (fo=1, routed)           0.503     0.866    u_pll/inst/clk_in1_clk_wiz_1
    MMCME2_ADV_X1Y5      MMCME2_ADV (Prop_mmcme2_adv_CLKIN1_CLKOUT4)
                                                     -3.122    -2.256 r  u_pll/inst/mmcm_adv_inst/CLKOUT4
                         net (fo=1, routed)           0.969    -1.287    u_pll/inst/clk_out5_clk_wiz_1
    BUFGCTRL_X0Y20       BUFG (Prop_bufg_I_O)         0.026    -1.261 r  u_pll/inst/clkout5_buf/O
                         net (fo=2471, routed)        0.763    -0.498    cv32e40p_core_ip/core_i/sleep_unit_i/core_clock_gate_i/clk_gate_i/clk_out5
    SLICE_X90Y146        LUT2 (Prop_lut2_I0_O)        0.028    -0.470 r  cv32e40p_core_ip/core_i/sleep_unit_i/core_clock_gate_i/clk_gate_i/cnt_q[1]_i_5/O
                         net (fo=1, routed)           0.191    -0.279    cv32e40p_core_ip_n_144
    BUFGCTRL_X0Y0        BUFG (Prop_bufg_I_O)         0.026    -0.253 r  cnt_q_reg[1]_i_2/O
                         net (fo=1094, routed)        0.547     0.294    cv32e40p_core_ip/core_i/if_stage_i/clk
    SLICE_X108Y196       FDCE                                         r  cv32e40p_core_ip/core_i/if_stage_i/instr_rdata_id_o_reg[5]/C
  -------------------------------------------------------------------    -------------------
    SLICE_X108Y196       FDCE (Prop_fdce_C_Q)         0.100     0.394 r  cv32e40p_core_ip/core_i/if_stage_i/instr_rdata_id_o_reg[5]/Q
                         net (fo=60, routed)          0.360     0.754    cv32e40p_core_ip/core_i/if_stage_i/instr_rdata_id[5]
    SLICE_X116Y200       LUT6 (Prop_lut6_I5_O)        0.028     0.782 r  cv32e40p_core_ip/core_i/if_stage_i/csr_op_ex_o[0]_i_1/O
                         net (fo=1, routed)           0.000     0.782    cv32e40p_core_ip/core_i/id_stage_i/csr_op_ex_o_reg[1]_3[0]
    SLICE_X116Y200       FDCE                                         r  cv32e40p_core_ip/core_i/id_stage_i/csr_op_ex_o_reg[0]/D
  -------------------------------------------------------------------    -------------------

                         (clock clk_out5_clk_wiz_1_1 rise edge)
                                                      0.000     0.000 r  
    H9                                                0.000     0.000 r  clk_p (IN)
                         net (fo=0)                   0.000     0.000    u_pll/inst/clk_in1_p
    H9                   IBUFDS (Prop_ibufds_I_O)     0.444     0.444 r  u_pll/inst/clkin1_ibufgds/O
                         net (fo=1, routed)           0.553     0.997    u_pll/inst/clk_in1_clk_wiz_1
    MMCME2_ADV_X1Y5      MMCME2_ADV (Prop_mmcme2_adv_CLKIN1_CLKOUT4)
                                                     -3.590    -2.593 r  u_pll/inst/mmcm_adv_inst/CLKOUT4
                         net (fo=1, routed)           1.044    -1.549    u_pll/inst/clk_out5_clk_wiz_1
    BUFGCTRL_X0Y20       BUFG (Prop_bufg_I_O)         0.030    -1.519 r  u_pll/inst/clkout5_buf/O
                         net (fo=2471, routed)        1.007    -0.512    cv32e40p_core_ip/core_i/sleep_unit_i/core_clock_gate_i/clk_gate_i/clk_out5
    SLICE_X90Y146        LUT2 (Prop_lut2_I0_O)        0.035    -0.477 r  cv32e40p_core_ip/core_i/sleep_unit_i/core_clock_gate_i/clk_gate_i/cnt_q[1]_i_5/O
                         net (fo=1, routed)           0.221    -0.256    cv32e40p_core_ip_n_144
    BUFGCTRL_X0Y0        BUFG (Prop_bufg_I_O)         0.030    -0.226 r  cnt_q_reg[1]_i_2/O
                         net (fo=1094, routed)        0.858     0.632    cv32e40p_core_ip/core_i/id_stage_i/clk
    SLICE_X116Y200       FDCE                                         r  cv32e40p_core_ip/core_i/id_stage_i/csr_op_ex_o_reg[0]/C
                         clock pessimism             -0.035     0.597    
    SLICE_X116Y200       FDCE (Hold_fdce_C_D)         0.060     0.657    cv32e40p_core_ip/core_i/id_stage_i/csr_op_ex_o_reg[0]
  -------------------------------------------------------------------
                         required time                         -0.657    
                         arrival time                           0.782    
  -------------------------------------------------------------------
                         slack                                  0.125    

Slack (MET) :             0.128ns  (arrival time - required time)
  Source:                 uart_dut/uart_iface_dut/uart_tx_dut/write_ptr_reg[0]/C
                            (rising edge-triggered cell FDRE clocked by clk_out5_clk_wiz_1_1  {rise@0.000ns fall@10.000ns period=20.000ns})
  Destination:            uart_dut/uart_iface_dut/uart_tx_dut/queue_reg_0_1_6_7/DP/WADR0
                            (rising edge-triggered cell RAMD32 clocked by clk_out5_clk_wiz_1_1  {rise@0.000ns fall@10.000ns period=20.000ns})
  Path Group:             clk_out5_clk_wiz_1_1
  Path Type:              Hold (Min at Fast Process Corner)
  Requirement:            0.000ns  (clk_out5_clk_wiz_1_1 rise@0.000ns - clk_out5_clk_wiz_1_1 rise@0.000ns)
  Data Path Delay:        0.400ns  (logic 0.107ns (26.771%)  route 0.293ns (73.229%))
  Logic Levels:           0  
  Clock Path Skew:        0.011ns (DCD - SCD - CPR)
    Destination Clock Delay (DCD):    -0.666ns
    Source Clock Delay      (SCD):    -0.631ns
    Clock Pessimism Removal (CPR):    -0.046ns

    Location             Delay type                Incr(ns)  Path(ns)    Netlist Resource(s)
  -------------------------------------------------------------------    -------------------
                         (clock clk_out5_clk_wiz_1_1 rise edge)
                                                      0.000     0.000 r  
    H9                                                0.000     0.000 r  clk_p (IN)
                         net (fo=0)                   0.000     0.000    u_pll/inst/clk_in1_p
    H9                   IBUFDS (Prop_ibufds_I_O)     0.363     0.363 r  u_pll/inst/clkin1_ibufgds/O
                         net (fo=1, routed)           0.503     0.866    u_pll/inst/clk_in1_clk_wiz_1
    MMCME2_ADV_X1Y5      MMCME2_ADV (Prop_mmcme2_adv_CLKIN1_CLKOUT4)
                                                     -3.122    -2.256 r  u_pll/inst/mmcm_adv_inst/CLKOUT4
                         net (fo=1, routed)           0.969    -1.287    u_pll/inst/clk_out5_clk_wiz_1
    BUFGCTRL_X0Y20       BUFG (Prop_bufg_I_O)         0.026    -1.261 r  u_pll/inst/clkout5_buf/O
                         net (fo=2471, routed)        0.630    -0.631    uart_dut/uart_iface_dut/uart_tx_dut/clk_out5
    SLICE_X140Y220       FDRE                                         r  uart_dut/uart_iface_dut/uart_tx_dut/write_ptr_reg[0]/C
  -------------------------------------------------------------------    -------------------
    SLICE_X140Y220       FDRE (Prop_fdre_C_Q)         0.107    -0.524 r  uart_dut/uart_iface_dut/uart_tx_dut/write_ptr_reg[0]/Q
                         net (fo=18, routed)          0.293    -0.231    uart_dut/uart_iface_dut/uart_tx_dut/queue_reg_0_1_6_7/A0
    SLICE_X142Y221       RAMD32                                       r  uart_dut/uart_iface_dut/uart_tx_dut/queue_reg_0_1_6_7/DP/WADR0
  -------------------------------------------------------------------    -------------------

                         (clock clk_out5_clk_wiz_1_1 rise edge)
                                                      0.000     0.000 r  
    H9                                                0.000     0.000 r  clk_p (IN)
                         net (fo=0)                   0.000     0.000    u_pll/inst/clk_in1_p
    H9                   IBUFDS (Prop_ibufds_I_O)     0.444     0.444 r  u_pll/inst/clkin1_ibufgds/O
                         net (fo=1, routed)           0.553     0.997    u_pll/inst/clk_in1_clk_wiz_1
    MMCME2_ADV_X1Y5      MMCME2_ADV (Prop_mmcme2_adv_CLKIN1_CLKOUT4)
                                                     -3.590    -2.593 r  u_pll/inst/mmcm_adv_inst/CLKOUT4
                         net (fo=1, routed)           1.044    -1.549    u_pll/inst/clk_out5_clk_wiz_1
    BUFGCTRL_X0Y20       BUFG (Prop_bufg_I_O)         0.030    -1.519 r  u_pll/inst/clkout5_buf/O
                         net (fo=2471, routed)        0.853    -0.666    uart_dut/uart_iface_dut/uart_tx_dut/queue_reg_0_1_6_7/WCLK
    SLICE_X142Y221       RAMD32                                       r  uart_dut/uart_iface_dut/uart_tx_dut/queue_reg_0_1_6_7/DP/CLK
                         clock pessimism              0.046    -0.620    
    SLICE_X142Y221       RAMD32 (Hold_ramd32_CLK_WADR0)
                                                      0.261    -0.359    uart_dut/uart_iface_dut/uart_tx_dut/queue_reg_0_1_6_7/DP
  -------------------------------------------------------------------
                         required time                          0.359    
                         arrival time                          -0.231    
  -------------------------------------------------------------------
                         slack                                  0.128    

Slack (MET) :             0.128ns  (arrival time - required time)
  Source:                 uart_dut/uart_iface_dut/uart_tx_dut/write_ptr_reg[0]/C
                            (rising edge-triggered cell FDRE clocked by clk_out5_clk_wiz_1_1  {rise@0.000ns fall@10.000ns period=20.000ns})
  Destination:            uart_dut/uart_iface_dut/uart_tx_dut/queue_reg_0_1_6_7/SP/WADR0
                            (rising edge-triggered cell RAMD32 clocked by clk_out5_clk_wiz_1_1  {rise@0.000ns fall@10.000ns period=20.000ns})
  Path Group:             clk_out5_clk_wiz_1_1
  Path Type:              Hold (Min at Fast Process Corner)
  Requirement:            0.000ns  (clk_out5_clk_wiz_1_1 rise@0.000ns - clk_out5_clk_wiz_1_1 rise@0.000ns)
  Data Path Delay:        0.400ns  (logic 0.107ns (26.771%)  route 0.293ns (73.229%))
  Logic Levels:           0  
  Clock Path Skew:        0.011ns (DCD - SCD - CPR)
    Destination Clock Delay (DCD):    -0.666ns
    Source Clock Delay      (SCD):    -0.631ns
    Clock Pessimism Removal (CPR):    -0.046ns

    Location             Delay type                Incr(ns)  Path(ns)    Netlist Resource(s)
  -------------------------------------------------------------------    -------------------
                         (clock clk_out5_clk_wiz_1_1 rise edge)
                                                      0.000     0.000 r  
    H9                                                0.000     0.000 r  clk_p (IN)
                         net (fo=0)                   0.000     0.000    u_pll/inst/clk_in1_p
    H9                   IBUFDS (Prop_ibufds_I_O)     0.363     0.363 r  u_pll/inst/clkin1_ibufgds/O
                         net (fo=1, routed)           0.503     0.866    u_pll/inst/clk_in1_clk_wiz_1
    MMCME2_ADV_X1Y5      MMCME2_ADV (Prop_mmcme2_adv_CLKIN1_CLKOUT4)
                                                     -3.122    -2.256 r  u_pll/inst/mmcm_adv_inst/CLKOUT4
                         net (fo=1, routed)           0.969    -1.287    u_pll/inst/clk_out5_clk_wiz_1
    BUFGCTRL_X0Y20       BUFG (Prop_bufg_I_O)         0.026    -1.261 r  u_pll/inst/clkout5_buf/O
                         net (fo=2471, routed)        0.630    -0.631    uart_dut/uart_iface_dut/uart_tx_dut/clk_out5
    SLICE_X140Y220       FDRE                                         r  uart_dut/uart_iface_dut/uart_tx_dut/write_ptr_reg[0]/C
  -------------------------------------------------------------------    -------------------
    SLICE_X140Y220       FDRE (Prop_fdre_C_Q)         0.107    -0.524 r  uart_dut/uart_iface_dut/uart_tx_dut/write_ptr_reg[0]/Q
                         net (fo=18, routed)          0.293    -0.231    uart_dut/uart_iface_dut/uart_tx_dut/queue_reg_0_1_6_7/A0
    SLICE_X142Y221       RAMD32                                       r  uart_dut/uart_iface_dut/uart_tx_dut/queue_reg_0_1_6_7/SP/WADR0
  -------------------------------------------------------------------    -------------------

                         (clock clk_out5_clk_wiz_1_1 rise edge)
                                                      0.000     0.000 r  
    H9                                                0.000     0.000 r  clk_p (IN)
                         net (fo=0)                   0.000     0.000    u_pll/inst/clk_in1_p
    H9                   IBUFDS (Prop_ibufds_I_O)     0.444     0.444 r  u_pll/inst/clkin1_ibufgds/O
                         net (fo=1, routed)           0.553     0.997    u_pll/inst/clk_in1_clk_wiz_1
    MMCME2_ADV_X1Y5      MMCME2_ADV (Prop_mmcme2_adv_CLKIN1_CLKOUT4)
                                                     -3.590    -2.593 r  u_pll/inst/mmcm_adv_inst/CLKOUT4
                         net (fo=1, routed)           1.044    -1.549    u_pll/inst/clk_out5_clk_wiz_1
    BUFGCTRL_X0Y20       BUFG (Prop_bufg_I_O)         0.030    -1.519 r  u_pll/inst/clkout5_buf/O
                         net (fo=2471, routed)        0.853    -0.666    uart_dut/uart_iface_dut/uart_tx_dut/queue_reg_0_1_6_7/WCLK
    SLICE_X142Y221       RAMD32                                       r  uart_dut/uart_iface_dut/uart_tx_dut/queue_reg_0_1_6_7/SP/CLK
                         clock pessimism              0.046    -0.620    
    SLICE_X142Y221       RAMD32 (Hold_ramd32_CLK_WADR0)
                                                      0.261    -0.359    uart_dut/uart_iface_dut/uart_tx_dut/queue_reg_0_1_6_7/SP
  -------------------------------------------------------------------
                         required time                          0.359    
                         arrival time                          -0.231    
  -------------------------------------------------------------------
                         slack                                  0.128    





Pulse Width Checks
--------------------------------------------------------------------------------------
Clock Name:         clk_out5_clk_wiz_1_1
Waveform(ns):       { 0.000 10.000 }
Period(ns):         20.000
Sources:            { u_pll/inst/mmcm_adv_inst/CLKOUT4 }

Check Type        Corner  Lib Pin             Reference Pin  Required(ns)  Actual(ns)  Slack(ns)  Location         Pin
Min Period        n/a     RAMB36E1/CLKARDCLK  n/a            2.340         20.000      17.660     RAMB36_X3Y29     main_memory/ram_reg_0_0_0/CLKARDCLK
Min Period        n/a     RAMB36E1/CLKARDCLK  n/a            2.340         20.000      17.660     RAMB36_X4Y29     main_memory/ram_reg_0_0_1/CLKARDCLK
Min Period        n/a     RAMB36E1/CLKARDCLK  n/a            2.340         20.000      17.660     RAMB36_X3Y35     main_memory/ram_reg_0_0_2/CLKARDCLK
Min Period        n/a     RAMB36E1/CLKARDCLK  n/a            2.340         20.000      17.660     RAMB36_X3Y37     main_memory/ram_reg_0_0_3/CLKARDCLK
Min Period        n/a     RAMB36E1/CLKARDCLK  n/a            2.340         20.000      17.660     RAMB36_X4Y37     main_memory/ram_reg_0_0_4/CLKARDCLK
Min Period        n/a     RAMB36E1/CLKARDCLK  n/a            2.340         20.000      17.660     RAMB36_X4Y33     main_memory/ram_reg_0_0_5/CLKARDCLK
Min Period        n/a     RAMB36E1/CLKARDCLK  n/a            2.340         20.000      17.660     RAMB36_X3Y31     main_memory/ram_reg_0_0_6/CLKARDCLK
Min Period        n/a     RAMB36E1/CLKARDCLK  n/a            2.340         20.000      17.660     RAMB36_X5Y30     main_memory/ram_reg_0_0_7/CLKARDCLK
Min Period        n/a     RAMB36E1/CLKARDCLK  n/a            2.340         20.000      17.660     RAMB36_X3Y30     main_memory/ram_reg_0_1_0/CLKARDCLK
Min Period        n/a     RAMB36E1/CLKARDCLK  n/a            2.340         20.000      17.660     RAMB36_X4Y30     main_memory/ram_reg_0_1_1/CLKARDCLK
Max Period        n/a     MMCME2_ADV/CLKOUT4  n/a            213.360       20.000      193.360    MMCME2_ADV_X1Y5  u_pll/inst/mmcm_adv_inst/CLKOUT4
Low Pulse Width   Slow    RAMD32/CLK          n/a            0.768         10.000      9.232      SLICE_X142Y222   uart_dut/uart_iface_dut/uart_tx_dut/queue_reg_0_1_0_5/RAMA/CLK
Low Pulse Width   Fast    RAMD32/CLK          n/a            0.768         10.000      9.232      SLICE_X142Y222   uart_dut/uart_iface_dut/uart_tx_dut/queue_reg_0_1_0_5/RAMA/CLK
Low Pulse Width   Slow    RAMD32/CLK          n/a            0.768         10.000      9.232      SLICE_X142Y222   uart_dut/uart_iface_dut/uart_tx_dut/queue_reg_0_1_0_5/RAMA_D1/CLK
Low Pulse Width   Fast    RAMD32/CLK          n/a            0.768         10.000      9.232      SLICE_X142Y222   uart_dut/uart_iface_dut/uart_tx_dut/queue_reg_0_1_0_5/RAMA_D1/CLK
Low Pulse Width   Slow    RAMD32/CLK          n/a            0.768         10.000      9.232      SLICE_X142Y222   uart_dut/uart_iface_dut/uart_tx_dut/queue_reg_0_1_0_5/RAMB/CLK
Low Pulse Width   Fast    RAMD32/CLK          n/a            0.768         10.000      9.232      SLICE_X142Y222   uart_dut/uart_iface_dut/uart_tx_dut/queue_reg_0_1_0_5/RAMB/CLK
Low Pulse Width   Slow    RAMD32/CLK          n/a            0.768         10.000      9.232      SLICE_X142Y222   uart_dut/uart_iface_dut/uart_tx_dut/queue_reg_0_1_0_5/RAMB_D1/CLK
Low Pulse Width   Fast    RAMD32/CLK          n/a            0.768         10.000      9.232      SLICE_X142Y222   uart_dut/uart_iface_dut/uart_tx_dut/queue_reg_0_1_0_5/RAMB_D1/CLK
Low Pulse Width   Slow    RAMD32/CLK          n/a            0.768         10.000      9.232      SLICE_X142Y222   uart_dut/uart_iface_dut/uart_tx_dut/queue_reg_0_1_0_5/RAMC/CLK
Low Pulse Width   Fast    RAMD32/CLK          n/a            0.768         10.000      9.232      SLICE_X142Y222   uart_dut/uart_iface_dut/uart_tx_dut/queue_reg_0_1_0_5/RAMC/CLK
High Pulse Width  Slow    RAMD32/CLK          n/a            0.768         10.000      9.232      SLICE_X142Y222   uart_dut/uart_iface_dut/uart_tx_dut/queue_reg_0_1_0_5/RAMA/CLK
High Pulse Width  Fast    RAMD32/CLK          n/a            0.768         10.000      9.232      SLICE_X142Y222   uart_dut/uart_iface_dut/uart_tx_dut/queue_reg_0_1_0_5/RAMA/CLK
High Pulse Width  Slow    RAMD32/CLK          n/a            0.768         10.000      9.232      SLICE_X142Y222   uart_dut/uart_iface_dut/uart_tx_dut/queue_reg_0_1_0_5/RAMA_D1/CLK
High Pulse Width  Fast    RAMD32/CLK          n/a            0.768         10.000      9.232      SLICE_X142Y222   uart_dut/uart_iface_dut/uart_tx_dut/queue_reg_0_1_0_5/RAMA_D1/CLK
High Pulse Width  Slow    RAMD32/CLK          n/a            0.768         10.000      9.232      SLICE_X142Y222   uart_dut/uart_iface_dut/uart_tx_dut/queue_reg_0_1_0_5/RAMB/CLK
High Pulse Width  Fast    RAMD32/CLK          n/a            0.768         10.000      9.232      SLICE_X142Y222   uart_dut/uart_iface_dut/uart_tx_dut/queue_reg_0_1_0_5/RAMB/CLK
High Pulse Width  Slow    RAMD32/CLK          n/a            0.768         10.000      9.232      SLICE_X142Y222   uart_dut/uart_iface_dut/uart_tx_dut/queue_reg_0_1_0_5/RAMB_D1/CLK
High Pulse Width  Fast    RAMD32/CLK          n/a            0.768         10.000      9.232      SLICE_X142Y222   uart_dut/uart_iface_dut/uart_tx_dut/queue_reg_0_1_0_5/RAMB_D1/CLK
High Pulse Width  Slow    RAMD32/CLK          n/a            0.768         10.000      9.232      SLICE_X142Y222   uart_dut/uart_iface_dut/uart_tx_dut/queue_reg_0_1_0_5/RAMC/CLK
High Pulse Width  Fast    RAMD32/CLK          n/a            0.768         10.000      9.232      SLICE_X142Y222   uart_dut/uart_iface_dut/uart_tx_dut/queue_reg_0_1_0_5/RAMC/CLK



---------------------------------------------------------------------------------------------------
From Clock:  clkfbout_clk_wiz_1_1
  To Clock:  clkfbout_clk_wiz_1_1

Setup :           NA  Failing Endpoints,  Worst Slack           NA  ,  Total Violation           NA
Hold  :           NA  Failing Endpoints,  Worst Slack           NA  ,  Total Violation           NA
PW    :            0  Failing Endpoints,  Worst Slack        3.592ns,  Total Violation        0.000ns
---------------------------------------------------------------------------------------------------


Pulse Width Checks
--------------------------------------------------------------------------------------
Clock Name:         clkfbout_clk_wiz_1_1
Waveform(ns):       { 0.000 2.500 }
Period(ns):         5.000
Sources:            { u_pll/inst/mmcm_adv_inst/CLKFBOUT }

Check Type  Corner  Lib Pin              Reference Pin  Required(ns)  Actual(ns)  Slack(ns)  Location         Pin
Min Period  n/a     BUFG/I               n/a            1.408         5.000       3.591      BUFGCTRL_X0Y21   u_pll/inst/clkf_buf/I
Min Period  n/a     MMCME2_ADV/CLKFBOUT  n/a            1.071         5.000       3.929      MMCME2_ADV_X1Y5  u_pll/inst/mmcm_adv_inst/CLKFBOUT
Min Period  n/a     MMCME2_ADV/CLKFBIN   n/a            1.071         5.000       3.929      MMCME2_ADV_X1Y5  u_pll/inst/mmcm_adv_inst/CLKFBIN
Max Period  n/a     MMCME2_ADV/CLKFBIN   n/a            100.000       5.000       95.000     MMCME2_ADV_X1Y5  u_pll/inst/mmcm_adv_inst/CLKFBIN
Max Period  n/a     MMCME2_ADV/CLKFBOUT  n/a            213.360       5.000       208.360    MMCME2_ADV_X1Y5  u_pll/inst/mmcm_adv_inst/CLKFBOUT



---------------------------------------------------------------------------------------------------
From Clock:  clk_out5_clk_wiz_1_1
  To Clock:  clk_out1_clk_wiz_1_1

Setup :            0  Failing Endpoints,  Worst Slack        0.532ns,  Total Violation        0.000ns
Hold  :            0  Failing Endpoints,  Worst Slack        0.088ns,  Total Violation        0.000ns
---------------------------------------------------------------------------------------------------


Max Delay Paths
--------------------------------------------------------------------------------------
Slack (MET) :             0.532ns  (required time - arrival time)
  Source:                 main_memory/prog_sys_rst_n_reg/C
                            (rising edge-triggered cell FDSE clocked by clk_out5_clk_wiz_1_1  {rise@0.000ns fall@10.000ns period=20.000ns})
  Destination:            dram_dut/dram_iface_dut/controller/u_phy/reset_n_q_reg/R
                            (rising edge-triggered cell FDRE clocked by clk_out1_clk_wiz_1_1  {rise@0.000ns fall@5.000ns period=10.000ns})
  Path Group:             clk_out1_clk_wiz_1_1
  Path Type:              Setup (Max at Slow Process Corner)
  Requirement:            10.000ns  (clk_out1_clk_wiz_1_1 rise@10.000ns - clk_out5_clk_wiz_1_1 rise@0.000ns)
  Data Path Delay:        9.062ns  (logic 0.454ns (5.010%)  route 8.608ns (94.990%))
  Logic Levels:           2  (LUT2=1 LUT3=1)
  Clock Path Skew:        0.263ns (DCD - SCD + CPR)
    Destination Clock Delay (DCD):    -1.205ns = ( 8.795 - 10.000 ) 
    Source Clock Delay      (SCD):    -2.394ns
    Clock Pessimism Removal (CPR):    -0.926ns
  Clock Uncertainty:      0.194ns  ((TSJ^2 + DJ^2)^1/2) / 2 + PE
    Total System Jitter     (TSJ):    0.071ns
    Discrete Jitter          (DJ):    0.131ns
    Phase Error              (PE):    0.120ns

    Location             Delay type                Incr(ns)  Path(ns)    Netlist Resource(s)
  -------------------------------------------------------------------    -------------------
                         (clock clk_out5_clk_wiz_1_1 rise edge)
                                                      0.000     0.000 r  
    H9                                                0.000     0.000 r  clk_p (IN)
                         net (fo=0)                   0.000     0.000    u_pll/inst/clk_in1_p
    H9                   IBUFDS (Prop_ibufds_I_O)     0.880     0.880 r  u_pll/inst/clkin1_ibufgds/O
                         net (fo=1, routed)           1.081     1.961    u_pll/inst/clk_in1_clk_wiz_1
    MMCME2_ADV_X1Y5      MMCME2_ADV (Prop_mmcme2_adv_CLKIN1_CLKOUT4)
                                                     -7.639    -5.678 r  u_pll/inst/mmcm_adv_inst/CLKOUT4
                         net (fo=1, routed)           1.948    -3.730    u_pll/inst/clk_out5_clk_wiz_1
    BUFGCTRL_X0Y20       BUFG (Prop_bufg_I_O)         0.093    -3.637 r  u_pll/inst/clkout5_buf/O
                         net (fo=2471, routed)        1.243    -2.394    main_memory/clk_out5
    SLICE_X106Y189       FDSE                                         r  main_memory/prog_sys_rst_n_reg/C
  -------------------------------------------------------------------    -------------------
    SLICE_X106Y189       FDSE (Prop_fdse_C_Q)         0.259    -2.135 f  main_memory/prog_sys_rst_n_reg/Q
                         net (fo=5, routed)           0.620    -1.515    main_memory/system_reset_o
    SLICE_X107Y189       LUT3 (Prop_lut3_I1_O)        0.049    -1.466 f  main_memory/rdirty_o_i_1__0/O
                         net (fo=232, routed)         3.416     1.950    main_memory/rst_n
    SLICE_X160Y221       LUT2 (Prop_lut2_I0_O)        0.146     2.096 r  main_memory/u_serdes_dq0_i_1/O
                         net (fo=387, routed)         4.572     6.668    dram_dut/dram_iface_dut/controller/u_phy/reset_i
    OLOGIC_X1Y336        FDRE                                         r  dram_dut/dram_iface_dut/controller/u_phy/reset_n_q_reg/R
  -------------------------------------------------------------------    -------------------

                         (clock clk_out1_clk_wiz_1_1 rise edge)
                                                     10.000    10.000 r  
    H9                                                0.000    10.000 r  clk_p (IN)
                         net (fo=0)                   0.000    10.000    u_pll/inst/clk_in1_p
    H9                   IBUFDS (Prop_ibufds_I_O)     0.778    10.778 r  u_pll/inst/clkin1_ibufgds/O
                         net (fo=1, routed)           0.986    11.764    u_pll/inst/clk_in1_clk_wiz_1
    MMCME2_ADV_X1Y5      MMCME2_ADV (Prop_mmcme2_adv_CLKIN1_CLKOUT0)
                                                     -6.516     5.248 r  u_pll/inst/mmcm_adv_inst/CLKOUT0
                         net (fo=1, routed)           1.788     7.036    u_pll/inst/clk_out1_clk_wiz_1
    BUFGCTRL_X0Y16       BUFG (Prop_bufg_I_O)         0.083     7.119 r  u_pll/inst/clkout1_buf/O
                         net (fo=567, routed)         1.676     8.795    dram_dut/dram_iface_dut/controller/u_phy/clk_out1
    OLOGIC_X1Y336        FDRE                                         r  dram_dut/dram_iface_dut/controller/u_phy/reset_n_q_reg/C
                         clock pessimism             -0.926     7.869    
                         clock uncertainty           -0.194     7.675    
    OLOGIC_X1Y336        FDRE (Setup_fdre_C_R)       -0.475     7.200    dram_dut/dram_iface_dut/controller/u_phy/reset_n_q_reg
  -------------------------------------------------------------------
                         required time                          7.200    
                         arrival time                          -6.668    
  -------------------------------------------------------------------
                         slack                                  0.532    

Slack (MET) :             0.826ns  (required time - arrival time)
  Source:                 main_memory/prog_sys_rst_n_reg/C
                            (rising edge-triggered cell FDSE clocked by clk_out5_clk_wiz_1_1  {rise@0.000ns fall@10.000ns period=20.000ns})
  Destination:            dram_dut/dram_iface_dut/controller/u_phy/addr_q_reg[8]/R
                            (rising edge-triggered cell FDRE clocked by clk_out1_clk_wiz_1_1  {rise@0.000ns fall@5.000ns period=10.000ns})
  Path Group:             clk_out1_clk_wiz_1_1
  Path Type:              Setup (Max at Slow Process Corner)
  Requirement:            10.000ns  (clk_out1_clk_wiz_1_1 rise@10.000ns - clk_out5_clk_wiz_1_1 rise@0.000ns)
  Data Path Delay:        8.641ns  (logic 0.454ns (5.254%)  route 8.187ns (94.746%))
  Logic Levels:           2  (LUT2=1 LUT3=1)
  Clock Path Skew:        0.137ns (DCD - SCD + CPR)
    Destination Clock Delay (DCD):    -1.331ns = ( 8.669 - 10.000 ) 
    Source Clock Delay      (SCD):    -2.394ns
    Clock Pessimism Removal (CPR):    -0.926ns
  Clock Uncertainty:      0.194ns  ((TSJ^2 + DJ^2)^1/2) / 2 + PE
    Total System Jitter     (TSJ):    0.071ns
    Discrete Jitter          (DJ):    0.131ns
    Phase Error              (PE):    0.120ns

    Location             Delay type                Incr(ns)  Path(ns)    Netlist Resource(s)
  -------------------------------------------------------------------    -------------------
                         (clock clk_out5_clk_wiz_1_1 rise edge)
                                                      0.000     0.000 r  
    H9                                                0.000     0.000 r  clk_p (IN)
                         net (fo=0)                   0.000     0.000    u_pll/inst/clk_in1_p
    H9                   IBUFDS (Prop_ibufds_I_O)     0.880     0.880 r  u_pll/inst/clkin1_ibufgds/O
                         net (fo=1, routed)           1.081     1.961    u_pll/inst/clk_in1_clk_wiz_1
    MMCME2_ADV_X1Y5      MMCME2_ADV (Prop_mmcme2_adv_CLKIN1_CLKOUT4)
                                                     -7.639    -5.678 r  u_pll/inst/mmcm_adv_inst/CLKOUT4
                         net (fo=1, routed)           1.948    -3.730    u_pll/inst/clk_out5_clk_wiz_1
    BUFGCTRL_X0Y20       BUFG (Prop_bufg_I_O)         0.093    -3.637 r  u_pll/inst/clkout5_buf/O
                         net (fo=2471, routed)        1.243    -2.394    main_memory/clk_out5
    SLICE_X106Y189       FDSE                                         r  main_memory/prog_sys_rst_n_reg/C
  -------------------------------------------------------------------    -------------------
    SLICE_X106Y189       FDSE (Prop_fdse_C_Q)         0.259    -2.135 f  main_memory/prog_sys_rst_n_reg/Q
                         net (fo=5, routed)           0.620    -1.515    main_memory/system_reset_o
    SLICE_X107Y189       LUT3 (Prop_lut3_I1_O)        0.049    -1.466 f  main_memory/rdirty_o_i_1__0/O
                         net (fo=232, routed)         3.416     1.950    main_memory/rst_n
    SLICE_X160Y221       LUT2 (Prop_lut2_I0_O)        0.146     2.096 r  main_memory/u_serdes_dq0_i_1/O
                         net (fo=387, routed)         4.151     6.247    dram_dut/dram_iface_dut/controller/u_phy/reset_i
    OLOGIC_X1Y298        FDRE                                         r  dram_dut/dram_iface_dut/controller/u_phy/addr_q_reg[8]/R
  -------------------------------------------------------------------    -------------------

                         (clock clk_out1_clk_wiz_1_1 rise edge)
                                                     10.000    10.000 r  
    H9                                                0.000    10.000 r  clk_p (IN)
                         net (fo=0)                   0.000    10.000    u_pll/inst/clk_in1_p
    H9                   IBUFDS (Prop_ibufds_I_O)     0.778    10.778 r  u_pll/inst/clkin1_ibufgds/O
                         net (fo=1, routed)           0.986    11.764    u_pll/inst/clk_in1_clk_wiz_1
    MMCME2_ADV_X1Y5      MMCME2_ADV (Prop_mmcme2_adv_CLKIN1_CLKOUT0)
                                                     -6.516     5.248 r  u_pll/inst/mmcm_adv_inst/CLKOUT0
                         net (fo=1, routed)           1.788     7.036    u_pll/inst/clk_out1_clk_wiz_1
    BUFGCTRL_X0Y16       BUFG (Prop_bufg_I_O)         0.083     7.119 r  u_pll/inst/clkout1_buf/O
                         net (fo=567, routed)         1.550     8.669    dram_dut/dram_iface_dut/controller/u_phy/clk_out1
    OLOGIC_X1Y298        FDRE                                         r  dram_dut/dram_iface_dut/controller/u_phy/addr_q_reg[8]/C
                         clock pessimism             -0.926     7.743    
                         clock uncertainty           -0.194     7.549    
    OLOGIC_X1Y298        FDRE (Setup_fdre_C_R)       -0.475     7.074    dram_dut/dram_iface_dut/controller/u_phy/addr_q_reg[8]
  -------------------------------------------------------------------
                         required time                          7.074    
                         arrival time                          -6.247    
  -------------------------------------------------------------------
                         slack                                  0.826    

Slack (MET) :             0.912ns  (required time - arrival time)
  Source:                 main_memory/prog_sys_rst_n_reg/C
                            (rising edge-triggered cell FDSE clocked by clk_out5_clk_wiz_1_1  {rise@0.000ns fall@10.000ns period=20.000ns})
  Destination:            dram_dut/dram_iface_dut/controller/u_phy/addr_q_reg[13]/R
                            (rising edge-triggered cell FDRE clocked by clk_out1_clk_wiz_1_1  {rise@0.000ns fall@5.000ns period=10.000ns})
  Path Group:             clk_out1_clk_wiz_1_1
  Path Type:              Setup (Max at Slow Process Corner)
  Requirement:            10.000ns  (clk_out1_clk_wiz_1_1 rise@10.000ns - clk_out5_clk_wiz_1_1 rise@0.000ns)
  Data Path Delay:        8.556ns  (logic 0.454ns (5.306%)  route 8.102ns (94.694%))
  Logic Levels:           2  (LUT2=1 LUT3=1)
  Clock Path Skew:        0.137ns (DCD - SCD + CPR)
    Destination Clock Delay (DCD):    -1.331ns = ( 8.669 - 10.000 ) 
    Source Clock Delay      (SCD):    -2.394ns
    Clock Pessimism Removal (CPR):    -0.926ns
  Clock Uncertainty:      0.194ns  ((TSJ^2 + DJ^2)^1/2) / 2 + PE
    Total System Jitter     (TSJ):    0.071ns
    Discrete Jitter          (DJ):    0.131ns
    Phase Error              (PE):    0.120ns

    Location             Delay type                Incr(ns)  Path(ns)    Netlist Resource(s)
  -------------------------------------------------------------------    -------------------
                         (clock clk_out5_clk_wiz_1_1 rise edge)
                                                      0.000     0.000 r  
    H9                                                0.000     0.000 r  clk_p (IN)
                         net (fo=0)                   0.000     0.000    u_pll/inst/clk_in1_p
    H9                   IBUFDS (Prop_ibufds_I_O)     0.880     0.880 r  u_pll/inst/clkin1_ibufgds/O
                         net (fo=1, routed)           1.081     1.961    u_pll/inst/clk_in1_clk_wiz_1
    MMCME2_ADV_X1Y5      MMCME2_ADV (Prop_mmcme2_adv_CLKIN1_CLKOUT4)
                                                     -7.639    -5.678 r  u_pll/inst/mmcm_adv_inst/CLKOUT4
                         net (fo=1, routed)           1.948    -3.730    u_pll/inst/clk_out5_clk_wiz_1
    BUFGCTRL_X0Y20       BUFG (Prop_bufg_I_O)         0.093    -3.637 r  u_pll/inst/clkout5_buf/O
                         net (fo=2471, routed)        1.243    -2.394    main_memory/clk_out5
    SLICE_X106Y189       FDSE                                         r  main_memory/prog_sys_rst_n_reg/C
  -------------------------------------------------------------------    -------------------
    SLICE_X106Y189       FDSE (Prop_fdse_C_Q)         0.259    -2.135 f  main_memory/prog_sys_rst_n_reg/Q
                         net (fo=5, routed)           0.620    -1.515    main_memory/system_reset_o
    SLICE_X107Y189       LUT3 (Prop_lut3_I1_O)        0.049    -1.466 f  main_memory/rdirty_o_i_1__0/O
                         net (fo=232, routed)         3.416     1.950    main_memory/rst_n
    SLICE_X160Y221       LUT2 (Prop_lut2_I0_O)        0.146     2.096 r  main_memory/u_serdes_dq0_i_1/O
                         net (fo=387, routed)         4.066     6.162    dram_dut/dram_iface_dut/controller/u_phy/reset_i
    OLOGIC_X1Y297        FDRE                                         r  dram_dut/dram_iface_dut/controller/u_phy/addr_q_reg[13]/R
  -------------------------------------------------------------------    -------------------

                         (clock clk_out1_clk_wiz_1_1 rise edge)
                                                     10.000    10.000 r  
    H9                                                0.000    10.000 r  clk_p (IN)
                         net (fo=0)                   0.000    10.000    u_pll/inst/clk_in1_p
    H9                   IBUFDS (Prop_ibufds_I_O)     0.778    10.778 r  u_pll/inst/clkin1_ibufgds/O
                         net (fo=1, routed)           0.986    11.764    u_pll/inst/clk_in1_clk_wiz_1
    MMCME2_ADV_X1Y5      MMCME2_ADV (Prop_mmcme2_adv_CLKIN1_CLKOUT0)
                                                     -6.516     5.248 r  u_pll/inst/mmcm_adv_inst/CLKOUT0
                         net (fo=1, routed)           1.788     7.036    u_pll/inst/clk_out1_clk_wiz_1
    BUFGCTRL_X0Y16       BUFG (Prop_bufg_I_O)         0.083     7.119 r  u_pll/inst/clkout1_buf/O
                         net (fo=567, routed)         1.550     8.669    dram_dut/dram_iface_dut/controller/u_phy/clk_out1
    OLOGIC_X1Y297        FDRE                                         r  dram_dut/dram_iface_dut/controller/u_phy/addr_q_reg[13]/C
                         clock pessimism             -0.926     7.743    
                         clock uncertainty           -0.194     7.549    
    OLOGIC_X1Y297        FDRE (Setup_fdre_C_R)       -0.475     7.074    dram_dut/dram_iface_dut/controller/u_phy/addr_q_reg[13]
  -------------------------------------------------------------------
                         required time                          7.074    
                         arrival time                          -6.162    
  -------------------------------------------------------------------
                         slack                                  0.912    

Slack (MET) :             0.920ns  (required time - arrival time)
  Source:                 main_memory/prog_sys_rst_n_reg/C
                            (rising edge-triggered cell FDSE clocked by clk_out5_clk_wiz_1_1  {rise@0.000ns fall@10.000ns period=20.000ns})
  Destination:            dram_dut/dram_iface_dut/controller/u_phy/addr_q_reg[1]/R
                            (rising edge-triggered cell FDRE clocked by clk_out1_clk_wiz_1_1  {rise@0.000ns fall@5.000ns period=10.000ns})
  Path Group:             clk_out1_clk_wiz_1_1
  Path Type:              Setup (Max at Slow Process Corner)
  Requirement:            10.000ns  (clk_out1_clk_wiz_1_1 rise@10.000ns - clk_out5_clk_wiz_1_1 rise@0.000ns)
  Data Path Delay:        8.547ns  (logic 0.454ns (5.312%)  route 8.093ns (94.688%))
  Logic Levels:           2  (LUT2=1 LUT3=1)
  Clock Path Skew:        0.137ns (DCD - SCD + CPR)
    Destination Clock Delay (DCD):    -1.331ns = ( 8.669 - 10.000 ) 
    Source Clock Delay      (SCD):    -2.394ns
    Clock Pessimism Removal (CPR):    -0.926ns
  Clock Uncertainty:      0.194ns  ((TSJ^2 + DJ^2)^1/2) / 2 + PE
    Total System Jitter     (TSJ):    0.071ns
    Discrete Jitter          (DJ):    0.131ns
    Phase Error              (PE):    0.120ns

    Location             Delay type                Incr(ns)  Path(ns)    Netlist Resource(s)
  -------------------------------------------------------------------    -------------------
                         (clock clk_out5_clk_wiz_1_1 rise edge)
                                                      0.000     0.000 r  
    H9                                                0.000     0.000 r  clk_p (IN)
                         net (fo=0)                   0.000     0.000    u_pll/inst/clk_in1_p
    H9                   IBUFDS (Prop_ibufds_I_O)     0.880     0.880 r  u_pll/inst/clkin1_ibufgds/O
                         net (fo=1, routed)           1.081     1.961    u_pll/inst/clk_in1_clk_wiz_1
    MMCME2_ADV_X1Y5      MMCME2_ADV (Prop_mmcme2_adv_CLKIN1_CLKOUT4)
                                                     -7.639    -5.678 r  u_pll/inst/mmcm_adv_inst/CLKOUT4
                         net (fo=1, routed)           1.948    -3.730    u_pll/inst/clk_out5_clk_wiz_1
    BUFGCTRL_X0Y20       BUFG (Prop_bufg_I_O)         0.093    -3.637 r  u_pll/inst/clkout5_buf/O
                         net (fo=2471, routed)        1.243    -2.394    main_memory/clk_out5
    SLICE_X106Y189       FDSE                                         r  main_memory/prog_sys_rst_n_reg/C
  -------------------------------------------------------------------    -------------------
    SLICE_X106Y189       FDSE (Prop_fdse_C_Q)         0.259    -2.135 f  main_memory/prog_sys_rst_n_reg/Q
                         net (fo=5, routed)           0.620    -1.515    main_memory/system_reset_o
    SLICE_X107Y189       LUT3 (Prop_lut3_I1_O)        0.049    -1.466 f  main_memory/rdirty_o_i_1__0/O
                         net (fo=232, routed)         3.416     1.950    main_memory/rst_n
    SLICE_X160Y221       LUT2 (Prop_lut2_I0_O)        0.146     2.096 r  main_memory/u_serdes_dq0_i_1/O
                         net (fo=387, routed)         4.057     6.153    dram_dut/dram_iface_dut/controller/u_phy/reset_i
    OLOGIC_X1Y296        FDRE                                         r  dram_dut/dram_iface_dut/controller/u_phy/addr_q_reg[1]/R
  -------------------------------------------------------------------    -------------------

                         (clock clk_out1_clk_wiz_1_1 rise edge)
                                                     10.000    10.000 r  
    H9                                                0.000    10.000 r  clk_p (IN)
                         net (fo=0)                   0.000    10.000    u_pll/inst/clk_in1_p
    H9                   IBUFDS (Prop_ibufds_I_O)     0.778    10.778 r  u_pll/inst/clkin1_ibufgds/O
                         net (fo=1, routed)           0.986    11.764    u_pll/inst/clk_in1_clk_wiz_1
    MMCME2_ADV_X1Y5      MMCME2_ADV (Prop_mmcme2_adv_CLKIN1_CLKOUT0)
                                                     -6.516     5.248 r  u_pll/inst/mmcm_adv_inst/CLKOUT0
                         net (fo=1, routed)           1.788     7.036    u_pll/inst/clk_out1_clk_wiz_1
    BUFGCTRL_X0Y16       BUFG (Prop_bufg_I_O)         0.083     7.119 r  u_pll/inst/clkout1_buf/O
                         net (fo=567, routed)         1.550     8.669    dram_dut/dram_iface_dut/controller/u_phy/clk_out1
    OLOGIC_X1Y296        FDRE                                         r  dram_dut/dram_iface_dut/controller/u_phy/addr_q_reg[1]/C
                         clock pessimism             -0.926     7.743    
                         clock uncertainty           -0.194     7.549    
    OLOGIC_X1Y296        FDRE (Setup_fdre_C_R)       -0.475     7.074    dram_dut/dram_iface_dut/controller/u_phy/addr_q_reg[1]
  -------------------------------------------------------------------
                         required time                          7.074    
                         arrival time                          -6.153    
  -------------------------------------------------------------------
                         slack                                  0.920    

Slack (MET) :             1.006ns  (required time - arrival time)
  Source:                 main_memory/prog_sys_rst_n_reg/C
                            (rising edge-triggered cell FDSE clocked by clk_out5_clk_wiz_1_1  {rise@0.000ns fall@10.000ns period=20.000ns})
  Destination:            dram_dut/dram_iface_dut/controller/u_phy/addr_q_reg[3]/R
                            (rising edge-triggered cell FDRE clocked by clk_out1_clk_wiz_1_1  {rise@0.000ns fall@5.000ns period=10.000ns})
  Path Group:             clk_out1_clk_wiz_1_1
  Path Type:              Setup (Max at Slow Process Corner)
  Requirement:            10.000ns  (clk_out1_clk_wiz_1_1 rise@10.000ns - clk_out5_clk_wiz_1_1 rise@0.000ns)
  Data Path Delay:        8.462ns  (logic 0.454ns (5.365%)  route 8.008ns (94.635%))
  Logic Levels:           2  (LUT2=1 LUT3=1)
  Clock Path Skew:        0.137ns (DCD - SCD + CPR)
    Destination Clock Delay (DCD):    -1.331ns = ( 8.669 - 10.000 ) 
    Source Clock Delay      (SCD):    -2.394ns
    Clock Pessimism Removal (CPR):    -0.926ns
  Clock Uncertainty:      0.194ns  ((TSJ^2 + DJ^2)^1/2) / 2 + PE
    Total System Jitter     (TSJ):    0.071ns
    Discrete Jitter          (DJ):    0.131ns
    Phase Error              (PE):    0.120ns

    Location             Delay type                Incr(ns)  Path(ns)    Netlist Resource(s)
  -------------------------------------------------------------------    -------------------
                         (clock clk_out5_clk_wiz_1_1 rise edge)
                                                      0.000     0.000 r  
    H9                                                0.000     0.000 r  clk_p (IN)
                         net (fo=0)                   0.000     0.000    u_pll/inst/clk_in1_p
    H9                   IBUFDS (Prop_ibufds_I_O)     0.880     0.880 r  u_pll/inst/clkin1_ibufgds/O
                         net (fo=1, routed)           1.081     1.961    u_pll/inst/clk_in1_clk_wiz_1
    MMCME2_ADV_X1Y5      MMCME2_ADV (Prop_mmcme2_adv_CLKIN1_CLKOUT4)
                                                     -7.639    -5.678 r  u_pll/inst/mmcm_adv_inst/CLKOUT4
                         net (fo=1, routed)           1.948    -3.730    u_pll/inst/clk_out5_clk_wiz_1
    BUFGCTRL_X0Y20       BUFG (Prop_bufg_I_O)         0.093    -3.637 r  u_pll/inst/clkout5_buf/O
                         net (fo=2471, routed)        1.243    -2.394    main_memory/clk_out5
    SLICE_X106Y189       FDSE                                         r  main_memory/prog_sys_rst_n_reg/C
  -------------------------------------------------------------------    -------------------
    SLICE_X106Y189       FDSE (Prop_fdse_C_Q)         0.259    -2.135 f  main_memory/prog_sys_rst_n_reg/Q
                         net (fo=5, routed)           0.620    -1.515    main_memory/system_reset_o
    SLICE_X107Y189       LUT3 (Prop_lut3_I1_O)        0.049    -1.466 f  main_memory/rdirty_o_i_1__0/O
                         net (fo=232, routed)         3.416     1.950    main_memory/rst_n
    SLICE_X160Y221       LUT2 (Prop_lut2_I0_O)        0.146     2.096 r  main_memory/u_serdes_dq0_i_1/O
                         net (fo=387, routed)         3.972     6.068    dram_dut/dram_iface_dut/controller/u_phy/reset_i
    OLOGIC_X1Y295        FDRE                                         r  dram_dut/dram_iface_dut/controller/u_phy/addr_q_reg[3]/R
  -------------------------------------------------------------------    -------------------

                         (clock clk_out1_clk_wiz_1_1 rise edge)
                                                     10.000    10.000 r  
    H9                                                0.000    10.000 r  clk_p (IN)
                         net (fo=0)                   0.000    10.000    u_pll/inst/clk_in1_p
    H9                   IBUFDS (Prop_ibufds_I_O)     0.778    10.778 r  u_pll/inst/clkin1_ibufgds/O
                         net (fo=1, routed)           0.986    11.764    u_pll/inst/clk_in1_clk_wiz_1
    MMCME2_ADV_X1Y5      MMCME2_ADV (Prop_mmcme2_adv_CLKIN1_CLKOUT0)
                                                     -6.516     5.248 r  u_pll/inst/mmcm_adv_inst/CLKOUT0
                         net (fo=1, routed)           1.788     7.036    u_pll/inst/clk_out1_clk_wiz_1
    BUFGCTRL_X0Y16       BUFG (Prop_bufg_I_O)         0.083     7.119 r  u_pll/inst/clkout1_buf/O
                         net (fo=567, routed)         1.550     8.669    dram_dut/dram_iface_dut/controller/u_phy/clk_out1
    OLOGIC_X1Y295        FDRE                                         r  dram_dut/dram_iface_dut/controller/u_phy/addr_q_reg[3]/C
                         clock pessimism             -0.926     7.743    
                         clock uncertainty           -0.194     7.549    
    OLOGIC_X1Y295        FDRE (Setup_fdre_C_R)       -0.475     7.074    dram_dut/dram_iface_dut/controller/u_phy/addr_q_reg[3]
  -------------------------------------------------------------------
                         required time                          7.074    
                         arrival time                          -6.068    
  -------------------------------------------------------------------
                         slack                                  1.006    

Slack (MET) :             1.033ns  (required time - arrival time)
  Source:                 main_memory/prog_sys_rst_n_reg/C
                            (rising edge-triggered cell FDSE clocked by clk_out5_clk_wiz_1_1  {rise@0.000ns fall@10.000ns period=20.000ns})
  Destination:            dram_dut/dram_iface_dut/controller/u_phy/addr_q_reg[11]/R
                            (rising edge-triggered cell FDRE clocked by clk_out1_clk_wiz_1_1  {rise@0.000ns fall@5.000ns period=10.000ns})
  Path Group:             clk_out1_clk_wiz_1_1
  Path Type:              Setup (Max at Slow Process Corner)
  Requirement:            10.000ns  (clk_out1_clk_wiz_1_1 rise@10.000ns - clk_out5_clk_wiz_1_1 rise@0.000ns)
  Data Path Delay:        8.433ns  (logic 0.454ns (5.384%)  route 7.979ns (94.616%))
  Logic Levels:           2  (LUT2=1 LUT3=1)
  Clock Path Skew:        0.135ns (DCD - SCD + CPR)
    Destination Clock Delay (DCD):    -1.333ns = ( 8.667 - 10.000 ) 
    Source Clock Delay      (SCD):    -2.394ns
    Clock Pessimism Removal (CPR):    -0.926ns
  Clock Uncertainty:      0.194ns  ((TSJ^2 + DJ^2)^1/2) / 2 + PE
    Total System Jitter     (TSJ):    0.071ns
    Discrete Jitter          (DJ):    0.131ns
    Phase Error              (PE):    0.120ns

    Location             Delay type                Incr(ns)  Path(ns)    Netlist Resource(s)
  -------------------------------------------------------------------    -------------------
                         (clock clk_out5_clk_wiz_1_1 rise edge)
                                                      0.000     0.000 r  
    H9                                                0.000     0.000 r  clk_p (IN)
                         net (fo=0)                   0.000     0.000    u_pll/inst/clk_in1_p
    H9                   IBUFDS (Prop_ibufds_I_O)     0.880     0.880 r  u_pll/inst/clkin1_ibufgds/O
                         net (fo=1, routed)           1.081     1.961    u_pll/inst/clk_in1_clk_wiz_1
    MMCME2_ADV_X1Y5      MMCME2_ADV (Prop_mmcme2_adv_CLKIN1_CLKOUT4)
                                                     -7.639    -5.678 r  u_pll/inst/mmcm_adv_inst/CLKOUT4
                         net (fo=1, routed)           1.948    -3.730    u_pll/inst/clk_out5_clk_wiz_1
    BUFGCTRL_X0Y20       BUFG (Prop_bufg_I_O)         0.093    -3.637 r  u_pll/inst/clkout5_buf/O
                         net (fo=2471, routed)        1.243    -2.394    main_memory/clk_out5
    SLICE_X106Y189       FDSE                                         r  main_memory/prog_sys_rst_n_reg/C
  -------------------------------------------------------------------    -------------------
    SLICE_X106Y189       FDSE (Prop_fdse_C_Q)         0.259    -2.135 f  main_memory/prog_sys_rst_n_reg/Q
                         net (fo=5, routed)           0.620    -1.515    main_memory/system_reset_o
    SLICE_X107Y189       LUT3 (Prop_lut3_I1_O)        0.049    -1.466 f  main_memory/rdirty_o_i_1__0/O
                         net (fo=232, routed)         3.416     1.950    main_memory/rst_n
    SLICE_X160Y221       LUT2 (Prop_lut2_I0_O)        0.146     2.096 r  main_memory/u_serdes_dq0_i_1/O
                         net (fo=387, routed)         3.943     6.039    dram_dut/dram_iface_dut/controller/u_phy/reset_i
    OLOGIC_X1Y291        FDRE                                         r  dram_dut/dram_iface_dut/controller/u_phy/addr_q_reg[11]/R
  -------------------------------------------------------------------    -------------------

                         (clock clk_out1_clk_wiz_1_1 rise edge)
                                                     10.000    10.000 r  
    H9                                                0.000    10.000 r  clk_p (IN)
                         net (fo=0)                   0.000    10.000    u_pll/inst/clk_in1_p
    H9                   IBUFDS (Prop_ibufds_I_O)     0.778    10.778 r  u_pll/inst/clkin1_ibufgds/O
                         net (fo=1, routed)           0.986    11.764    u_pll/inst/clk_in1_clk_wiz_1
    MMCME2_ADV_X1Y5      MMCME2_ADV (Prop_mmcme2_adv_CLKIN1_CLKOUT0)
                                                     -6.516     5.248 r  u_pll/inst/mmcm_adv_inst/CLKOUT0
                         net (fo=1, routed)           1.788     7.036    u_pll/inst/clk_out1_clk_wiz_1
    BUFGCTRL_X0Y16       BUFG (Prop_bufg_I_O)         0.083     7.119 r  u_pll/inst/clkout1_buf/O
                         net (fo=567, routed)         1.548     8.667    dram_dut/dram_iface_dut/controller/u_phy/clk_out1
    OLOGIC_X1Y291        FDRE                                         r  dram_dut/dram_iface_dut/controller/u_phy/addr_q_reg[11]/C
                         clock pessimism             -0.926     7.741    
                         clock uncertainty           -0.194     7.547    
    OLOGIC_X1Y291        FDRE (Setup_fdre_C_R)       -0.475     7.072    dram_dut/dram_iface_dut/controller/u_phy/addr_q_reg[11]
  -------------------------------------------------------------------
                         required time                          7.072    
                         arrival time                          -6.039    
  -------------------------------------------------------------------
                         slack                                  1.033    

Slack (MET) :             1.127ns  (required time - arrival time)
  Source:                 main_memory/prog_sys_rst_n_reg/C
                            (rising edge-triggered cell FDSE clocked by clk_out5_clk_wiz_1_1  {rise@0.000ns fall@10.000ns period=20.000ns})
  Destination:            dram_dut/dram_iface_dut/controller/u_phy/addr_q_reg[5]/R
                            (rising edge-triggered cell FDRE clocked by clk_out1_clk_wiz_1_1  {rise@0.000ns fall@5.000ns period=10.000ns})
  Path Group:             clk_out1_clk_wiz_1_1
  Path Type:              Setup (Max at Slow Process Corner)
  Requirement:            10.000ns  (clk_out1_clk_wiz_1_1 rise@10.000ns - clk_out5_clk_wiz_1_1 rise@0.000ns)
  Data Path Delay:        8.339ns  (logic 0.454ns (5.444%)  route 7.885ns (94.555%))
  Logic Levels:           2  (LUT2=1 LUT3=1)
  Clock Path Skew:        0.135ns (DCD - SCD + CPR)
    Destination Clock Delay (DCD):    -1.333ns = ( 8.667 - 10.000 ) 
    Source Clock Delay      (SCD):    -2.394ns
    Clock Pessimism Removal (CPR):    -0.926ns
  Clock Uncertainty:      0.194ns  ((TSJ^2 + DJ^2)^1/2) / 2 + PE
    Total System Jitter     (TSJ):    0.071ns
    Discrete Jitter          (DJ):    0.131ns
    Phase Error              (PE):    0.120ns

    Location             Delay type                Incr(ns)  Path(ns)    Netlist Resource(s)
  -------------------------------------------------------------------    -------------------
                         (clock clk_out5_clk_wiz_1_1 rise edge)
                                                      0.000     0.000 r  
    H9                                                0.000     0.000 r  clk_p (IN)
                         net (fo=0)                   0.000     0.000    u_pll/inst/clk_in1_p
    H9                   IBUFDS (Prop_ibufds_I_O)     0.880     0.880 r  u_pll/inst/clkin1_ibufgds/O
                         net (fo=1, routed)           1.081     1.961    u_pll/inst/clk_in1_clk_wiz_1
    MMCME2_ADV_X1Y5      MMCME2_ADV (Prop_mmcme2_adv_CLKIN1_CLKOUT4)
                                                     -7.639    -5.678 r  u_pll/inst/mmcm_adv_inst/CLKOUT4
                         net (fo=1, routed)           1.948    -3.730    u_pll/inst/clk_out5_clk_wiz_1
    BUFGCTRL_X0Y20       BUFG (Prop_bufg_I_O)         0.093    -3.637 r  u_pll/inst/clkout5_buf/O
                         net (fo=2471, routed)        1.243    -2.394    main_memory/clk_out5
    SLICE_X106Y189       FDSE                                         r  main_memory/prog_sys_rst_n_reg/C
  -------------------------------------------------------------------    -------------------
    SLICE_X106Y189       FDSE (Prop_fdse_C_Q)         0.259    -2.135 f  main_memory/prog_sys_rst_n_reg/Q
                         net (fo=5, routed)           0.620    -1.515    main_memory/system_reset_o
    SLICE_X107Y189       LUT3 (Prop_lut3_I1_O)        0.049    -1.466 f  main_memory/rdirty_o_i_1__0/O
                         net (fo=232, routed)         3.416     1.950    main_memory/rst_n
    SLICE_X160Y221       LUT2 (Prop_lut2_I0_O)        0.146     2.096 r  main_memory/u_serdes_dq0_i_1/O
                         net (fo=387, routed)         3.849     5.945    dram_dut/dram_iface_dut/controller/u_phy/reset_i
    OLOGIC_X1Y289        FDRE                                         r  dram_dut/dram_iface_dut/controller/u_phy/addr_q_reg[5]/R
  -------------------------------------------------------------------    -------------------

                         (clock clk_out1_clk_wiz_1_1 rise edge)
                                                     10.000    10.000 r  
    H9                                                0.000    10.000 r  clk_p (IN)
                         net (fo=0)                   0.000    10.000    u_pll/inst/clk_in1_p
    H9                   IBUFDS (Prop_ibufds_I_O)     0.778    10.778 r  u_pll/inst/clkin1_ibufgds/O
                         net (fo=1, routed)           0.986    11.764    u_pll/inst/clk_in1_clk_wiz_1
    MMCME2_ADV_X1Y5      MMCME2_ADV (Prop_mmcme2_adv_CLKIN1_CLKOUT0)
                                                     -6.516     5.248 r  u_pll/inst/mmcm_adv_inst/CLKOUT0
                         net (fo=1, routed)           1.788     7.036    u_pll/inst/clk_out1_clk_wiz_1
    BUFGCTRL_X0Y16       BUFG (Prop_bufg_I_O)         0.083     7.119 r  u_pll/inst/clkout1_buf/O
                         net (fo=567, routed)         1.548     8.667    dram_dut/dram_iface_dut/controller/u_phy/clk_out1
    OLOGIC_X1Y289        FDRE                                         r  dram_dut/dram_iface_dut/controller/u_phy/addr_q_reg[5]/C
                         clock pessimism             -0.926     7.741    
                         clock uncertainty           -0.194     7.547    
    OLOGIC_X1Y289        FDRE (Setup_fdre_C_R)       -0.475     7.072    dram_dut/dram_iface_dut/controller/u_phy/addr_q_reg[5]
  -------------------------------------------------------------------
                         required time                          7.072    
                         arrival time                          -5.945    
  -------------------------------------------------------------------
                         slack                                  1.127    

Slack (MET) :             1.175ns  (required time - arrival time)
  Source:                 main_memory/prog_sys_rst_n_reg/C
                            (rising edge-triggered cell FDSE clocked by clk_out5_clk_wiz_1_1  {rise@0.000ns fall@10.000ns period=20.000ns})
  Destination:            dram_dut/dram_iface_dut/controller/u_phy/ras_n_q_reg/R
                            (rising edge-triggered cell FDRE clocked by clk_out1_clk_wiz_1_1  {rise@0.000ns fall@5.000ns period=10.000ns})
  Path Group:             clk_out1_clk_wiz_1_1
  Path Type:              Setup (Max at Slow Process Corner)
  Requirement:            10.000ns  (clk_out1_clk_wiz_1_1 rise@10.000ns - clk_out5_clk_wiz_1_1 rise@0.000ns)
  Data Path Delay:        8.289ns  (logic 0.454ns (5.477%)  route 7.835ns (94.523%))
  Logic Levels:           2  (LUT2=1 LUT3=1)
  Clock Path Skew:        0.133ns (DCD - SCD + CPR)
    Destination Clock Delay (DCD):    -1.335ns = ( 8.665 - 10.000 ) 
    Source Clock Delay      (SCD):    -2.394ns
    Clock Pessimism Removal (CPR):    -0.926ns
  Clock Uncertainty:      0.194ns  ((TSJ^2 + DJ^2)^1/2) / 2 + PE
    Total System Jitter     (TSJ):    0.071ns
    Discrete Jitter          (DJ):    0.131ns
    Phase Error              (PE):    0.120ns

    Location             Delay type                Incr(ns)  Path(ns)    Netlist Resource(s)
  -------------------------------------------------------------------    -------------------
                         (clock clk_out5_clk_wiz_1_1 rise edge)
                                                      0.000     0.000 r  
    H9                                                0.000     0.000 r  clk_p (IN)
                         net (fo=0)                   0.000     0.000    u_pll/inst/clk_in1_p
    H9                   IBUFDS (Prop_ibufds_I_O)     0.880     0.880 r  u_pll/inst/clkin1_ibufgds/O
                         net (fo=1, routed)           1.081     1.961    u_pll/inst/clk_in1_clk_wiz_1
    MMCME2_ADV_X1Y5      MMCME2_ADV (Prop_mmcme2_adv_CLKIN1_CLKOUT4)
                                                     -7.639    -5.678 r  u_pll/inst/mmcm_adv_inst/CLKOUT4
                         net (fo=1, routed)           1.948    -3.730    u_pll/inst/clk_out5_clk_wiz_1
    BUFGCTRL_X0Y20       BUFG (Prop_bufg_I_O)         0.093    -3.637 r  u_pll/inst/clkout5_buf/O
                         net (fo=2471, routed)        1.243    -2.394    main_memory/clk_out5
    SLICE_X106Y189       FDSE                                         r  main_memory/prog_sys_rst_n_reg/C
  -------------------------------------------------------------------    -------------------
    SLICE_X106Y189       FDSE (Prop_fdse_C_Q)         0.259    -2.135 f  main_memory/prog_sys_rst_n_reg/Q
                         net (fo=5, routed)           0.620    -1.515    main_memory/system_reset_o
    SLICE_X107Y189       LUT3 (Prop_lut3_I1_O)        0.049    -1.466 f  main_memory/rdirty_o_i_1__0/O
                         net (fo=232, routed)         3.416     1.950    main_memory/rst_n
    SLICE_X160Y221       LUT2 (Prop_lut2_I0_O)        0.146     2.096 r  main_memory/u_serdes_dq0_i_1/O
                         net (fo=387, routed)         3.799     5.895    dram_dut/dram_iface_dut/controller/u_phy/reset_i
    OLOGIC_X1Y285        FDRE                                         r  dram_dut/dram_iface_dut/controller/u_phy/ras_n_q_reg/R
  -------------------------------------------------------------------    -------------------

                         (clock clk_out1_clk_wiz_1_1 rise edge)
                                                     10.000    10.000 r  
    H9                                                0.000    10.000 r  clk_p (IN)
                         net (fo=0)                   0.000    10.000    u_pll/inst/clk_in1_p
    H9                   IBUFDS (Prop_ibufds_I_O)     0.778    10.778 r  u_pll/inst/clkin1_ibufgds/O
                         net (fo=1, routed)           0.986    11.764    u_pll/inst/clk_in1_clk_wiz_1
    MMCME2_ADV_X1Y5      MMCME2_ADV (Prop_mmcme2_adv_CLKIN1_CLKOUT0)
                                                     -6.516     5.248 r  u_pll/inst/mmcm_adv_inst/CLKOUT0
                         net (fo=1, routed)           1.788     7.036    u_pll/inst/clk_out1_clk_wiz_1
    BUFGCTRL_X0Y16       BUFG (Prop_bufg_I_O)         0.083     7.119 r  u_pll/inst/clkout1_buf/O
                         net (fo=567, routed)         1.546     8.665    dram_dut/dram_iface_dut/controller/u_phy/clk_out1
    OLOGIC_X1Y285        FDRE                                         r  dram_dut/dram_iface_dut/controller/u_phy/ras_n_q_reg/C
                         clock pessimism             -0.926     7.739    
                         clock uncertainty           -0.194     7.545    
    OLOGIC_X1Y285        FDRE (Setup_fdre_C_R)       -0.475     7.070    dram_dut/dram_iface_dut/controller/u_phy/ras_n_q_reg
  -------------------------------------------------------------------
                         required time                          7.070    
                         arrival time                          -5.895    
  -------------------------------------------------------------------
                         slack                                  1.175    

Slack (MET) :             1.179ns  (required time - arrival time)
  Source:                 main_memory/prog_sys_rst_n_reg/C
                            (rising edge-triggered cell FDSE clocked by clk_out5_clk_wiz_1_1  {rise@0.000ns fall@10.000ns period=20.000ns})
  Destination:            dram_dut/dram_iface_dut/controller/u_phy/addr_q_reg[2]/R
                            (rising edge-triggered cell FDRE clocked by clk_out1_clk_wiz_1_1  {rise@0.000ns fall@5.000ns period=10.000ns})
  Path Group:             clk_out1_clk_wiz_1_1
  Path Type:              Setup (Max at Slow Process Corner)
  Requirement:            10.000ns  (clk_out1_clk_wiz_1_1 rise@10.000ns - clk_out5_clk_wiz_1_1 rise@0.000ns)
  Data Path Delay:        8.284ns  (logic 0.454ns (5.480%)  route 7.830ns (94.520%))
  Logic Levels:           2  (LUT2=1 LUT3=1)
  Clock Path Skew:        0.133ns (DCD - SCD + CPR)
    Destination Clock Delay (DCD):    -1.335ns = ( 8.665 - 10.000 ) 
    Source Clock Delay      (SCD):    -2.394ns
    Clock Pessimism Removal (CPR):    -0.926ns
  Clock Uncertainty:      0.194ns  ((TSJ^2 + DJ^2)^1/2) / 2 + PE
    Total System Jitter     (TSJ):    0.071ns
    Discrete Jitter          (DJ):    0.131ns
    Phase Error              (PE):    0.120ns

    Location             Delay type                Incr(ns)  Path(ns)    Netlist Resource(s)
  -------------------------------------------------------------------    -------------------
                         (clock clk_out5_clk_wiz_1_1 rise edge)
                                                      0.000     0.000 r  
    H9                                                0.000     0.000 r  clk_p (IN)
                         net (fo=0)                   0.000     0.000    u_pll/inst/clk_in1_p
    H9                   IBUFDS (Prop_ibufds_I_O)     0.880     0.880 r  u_pll/inst/clkin1_ibufgds/O
                         net (fo=1, routed)           1.081     1.961    u_pll/inst/clk_in1_clk_wiz_1
    MMCME2_ADV_X1Y5      MMCME2_ADV (Prop_mmcme2_adv_CLKIN1_CLKOUT4)
                                                     -7.639    -5.678 r  u_pll/inst/mmcm_adv_inst/CLKOUT4
                         net (fo=1, routed)           1.948    -3.730    u_pll/inst/clk_out5_clk_wiz_1
    BUFGCTRL_X0Y20       BUFG (Prop_bufg_I_O)         0.093    -3.637 r  u_pll/inst/clkout5_buf/O
                         net (fo=2471, routed)        1.243    -2.394    main_memory/clk_out5
    SLICE_X106Y189       FDSE                                         r  main_memory/prog_sys_rst_n_reg/C
  -------------------------------------------------------------------    -------------------
    SLICE_X106Y189       FDSE (Prop_fdse_C_Q)         0.259    -2.135 f  main_memory/prog_sys_rst_n_reg/Q
                         net (fo=5, routed)           0.620    -1.515    main_memory/system_reset_o
    SLICE_X107Y189       LUT3 (Prop_lut3_I1_O)        0.049    -1.466 f  main_memory/rdirty_o_i_1__0/O
                         net (fo=232, routed)         3.416     1.950    main_memory/rst_n
    SLICE_X160Y221       LUT2 (Prop_lut2_I0_O)        0.146     2.096 r  main_memory/u_serdes_dq0_i_1/O
                         net (fo=387, routed)         3.795     5.890    dram_dut/dram_iface_dut/controller/u_phy/reset_i
    OLOGIC_X1Y284        FDRE                                         r  dram_dut/dram_iface_dut/controller/u_phy/addr_q_reg[2]/R
  -------------------------------------------------------------------    -------------------

                         (clock clk_out1_clk_wiz_1_1 rise edge)
                                                     10.000    10.000 r  
    H9                                                0.000    10.000 r  clk_p (IN)
                         net (fo=0)                   0.000    10.000    u_pll/inst/clk_in1_p
    H9                   IBUFDS (Prop_ibufds_I_O)     0.778    10.778 r  u_pll/inst/clkin1_ibufgds/O
                         net (fo=1, routed)           0.986    11.764    u_pll/inst/clk_in1_clk_wiz_1
    MMCME2_ADV_X1Y5      MMCME2_ADV (Prop_mmcme2_adv_CLKIN1_CLKOUT0)
                                                     -6.516     5.248 r  u_pll/inst/mmcm_adv_inst/CLKOUT0
                         net (fo=1, routed)           1.788     7.036    u_pll/inst/clk_out1_clk_wiz_1
    BUFGCTRL_X0Y16       BUFG (Prop_bufg_I_O)         0.083     7.119 r  u_pll/inst/clkout1_buf/O
                         net (fo=567, routed)         1.546     8.665    dram_dut/dram_iface_dut/controller/u_phy/clk_out1
    OLOGIC_X1Y284        FDRE                                         r  dram_dut/dram_iface_dut/controller/u_phy/addr_q_reg[2]/C
                         clock pessimism             -0.926     7.739    
                         clock uncertainty           -0.194     7.545    
    OLOGIC_X1Y284        FDRE (Setup_fdre_C_R)       -0.475     7.070    dram_dut/dram_iface_dut/controller/u_phy/addr_q_reg[2]
  -------------------------------------------------------------------
                         required time                          7.070    
                         arrival time                          -5.890    
  -------------------------------------------------------------------
                         slack                                  1.179    

Slack (MET) :             1.182ns  (required time - arrival time)
  Source:                 main_memory/prog_sys_rst_n_reg/C
                            (rising edge-triggered cell FDSE clocked by clk_out5_clk_wiz_1_1  {rise@0.000ns fall@10.000ns period=20.000ns})
  Destination:            dram_dut/dram_iface_dut/controller/u_phy/ba_q_reg[2]/R
                            (rising edge-triggered cell FDRE clocked by clk_out1_clk_wiz_1_1  {rise@0.000ns fall@5.000ns period=10.000ns})
  Path Group:             clk_out1_clk_wiz_1_1
  Path Type:              Setup (Max at Slow Process Corner)
  Requirement:            10.000ns  (clk_out1_clk_wiz_1_1 rise@10.000ns - clk_out5_clk_wiz_1_1 rise@0.000ns)
  Data Path Delay:        8.284ns  (logic 0.454ns (5.481%)  route 7.830ns (94.519%))
  Logic Levels:           2  (LUT2=1 LUT3=1)
  Clock Path Skew:        0.135ns (DCD - SCD + CPR)
    Destination Clock Delay (DCD):    -1.333ns = ( 8.667 - 10.000 ) 
    Source Clock Delay      (SCD):    -2.394ns
    Clock Pessimism Removal (CPR):    -0.926ns
  Clock Uncertainty:      0.194ns  ((TSJ^2 + DJ^2)^1/2) / 2 + PE
    Total System Jitter     (TSJ):    0.071ns
    Discrete Jitter          (DJ):    0.131ns
    Phase Error              (PE):    0.120ns

    Location             Delay type                Incr(ns)  Path(ns)    Netlist Resource(s)
  -------------------------------------------------------------------    -------------------
                         (clock clk_out5_clk_wiz_1_1 rise edge)
                                                      0.000     0.000 r  
    H9                                                0.000     0.000 r  clk_p (IN)
                         net (fo=0)                   0.000     0.000    u_pll/inst/clk_in1_p
    H9                   IBUFDS (Prop_ibufds_I_O)     0.880     0.880 r  u_pll/inst/clkin1_ibufgds/O
                         net (fo=1, routed)           1.081     1.961    u_pll/inst/clk_in1_clk_wiz_1
    MMCME2_ADV_X1Y5      MMCME2_ADV (Prop_mmcme2_adv_CLKIN1_CLKOUT4)
                                                     -7.639    -5.678 r  u_pll/inst/mmcm_adv_inst/CLKOUT4
                         net (fo=1, routed)           1.948    -3.730    u_pll/inst/clk_out5_clk_wiz_1
    BUFGCTRL_X0Y20       BUFG (Prop_bufg_I_O)         0.093    -3.637 r  u_pll/inst/clkout5_buf/O
                         net (fo=2471, routed)        1.243    -2.394    main_memory/clk_out5
    SLICE_X106Y189       FDSE                                         r  main_memory/prog_sys_rst_n_reg/C
  -------------------------------------------------------------------    -------------------
    SLICE_X106Y189       FDSE (Prop_fdse_C_Q)         0.259    -2.135 f  main_memory/prog_sys_rst_n_reg/Q
                         net (fo=5, routed)           0.620    -1.515    main_memory/system_reset_o
    SLICE_X107Y189       LUT3 (Prop_lut3_I1_O)        0.049    -1.466 f  main_memory/rdirty_o_i_1__0/O
                         net (fo=232, routed)         3.416     1.950    main_memory/rst_n
    SLICE_X160Y221       LUT2 (Prop_lut2_I0_O)        0.146     2.096 r  main_memory/u_serdes_dq0_i_1/O
                         net (fo=387, routed)         3.794     5.889    dram_dut/dram_iface_dut/controller/u_phy/reset_i
    OLOGIC_X1Y293        FDRE                                         r  dram_dut/dram_iface_dut/controller/u_phy/ba_q_reg[2]/R
  -------------------------------------------------------------------    -------------------

                         (clock clk_out1_clk_wiz_1_1 rise edge)
                                                     10.000    10.000 r  
    H9                                                0.000    10.000 r  clk_p (IN)
                         net (fo=0)                   0.000    10.000    u_pll/inst/clk_in1_p
    H9                   IBUFDS (Prop_ibufds_I_O)     0.778    10.778 r  u_pll/inst/clkin1_ibufgds/O
                         net (fo=1, routed)           0.986    11.764    u_pll/inst/clk_in1_clk_wiz_1
    MMCME2_ADV_X1Y5      MMCME2_ADV (Prop_mmcme2_adv_CLKIN1_CLKOUT0)
                                                     -6.516     5.248 r  u_pll/inst/mmcm_adv_inst/CLKOUT0
                         net (fo=1, routed)           1.788     7.036    u_pll/inst/clk_out1_clk_wiz_1
    BUFGCTRL_X0Y16       BUFG (Prop_bufg_I_O)         0.083     7.119 r  u_pll/inst/clkout1_buf/O
                         net (fo=567, routed)         1.548     8.667    dram_dut/dram_iface_dut/controller/u_phy/clk_out1
    OLOGIC_X1Y293        FDRE                                         r  dram_dut/dram_iface_dut/controller/u_phy/ba_q_reg[2]/C
                         clock pessimism             -0.926     7.741    
                         clock uncertainty           -0.194     7.547    
    OLOGIC_X1Y293        FDRE (Setup_fdre_C_R)       -0.475     7.072    dram_dut/dram_iface_dut/controller/u_phy/ba_q_reg[2]
  -------------------------------------------------------------------
                         required time                          7.072    
                         arrival time                          -5.889    
  -------------------------------------------------------------------
                         slack                                  1.182    





Min Delay Paths
--------------------------------------------------------------------------------------
Slack (MET) :             0.088ns  (arrival time - required time)
  Source:                 dram_dut/dram_iface_dut/trp_reg[5]/C
                            (rising edge-triggered cell FDRE clocked by clk_out5_clk_wiz_1_1  {rise@0.000ns fall@10.000ns period=20.000ns})
  Destination:            dram_dut/dram_iface_dut/controller/u_ddr_core/u_seq/delay_q_reg[5]/D
                            (rising edge-triggered cell FDRE clocked by clk_out1_clk_wiz_1_1  {rise@0.000ns fall@5.000ns period=10.000ns})
  Path Group:             clk_out1_clk_wiz_1_1
  Path Type:              Hold (Min at Fast Process Corner)
  Requirement:            0.000ns  (clk_out1_clk_wiz_1_1 rise@0.000ns - clk_out5_clk_wiz_1_1 rise@0.000ns)
  Data Path Delay:        0.615ns  (logic 0.155ns (25.206%)  route 0.460ns (74.794%))
  Logic Levels:           1  (LUT6=1)
  Clock Path Skew:        0.273ns (DCD - SCD - CPR)
    Destination Clock Delay (DCD):    -0.630ns
    Source Clock Delay      (SCD):    -0.566ns
    Clock Pessimism Removal (CPR):    -0.337ns
  Clock Uncertainty:      0.194ns  ((TSJ^2 + DJ^2)^1/2) / 2 + PE
    Total System Jitter     (TSJ):    0.071ns
    Discrete Jitter          (DJ):    0.131ns
    Phase Error              (PE):    0.120ns

    Location             Delay type                Incr(ns)  Path(ns)    Netlist Resource(s)
  -------------------------------------------------------------------    -------------------
                         (clock clk_out5_clk_wiz_1_1 rise edge)
                                                      0.000     0.000 r  
    H9                                                0.000     0.000 r  clk_p (IN)
                         net (fo=0)                   0.000     0.000    u_pll/inst/clk_in1_p
    H9                   IBUFDS (Prop_ibufds_I_O)     0.363     0.363 r  u_pll/inst/clkin1_ibufgds/O
                         net (fo=1, routed)           0.503     0.866    u_pll/inst/clk_in1_clk_wiz_1
    MMCME2_ADV_X1Y5      MMCME2_ADV (Prop_mmcme2_adv_CLKIN1_CLKOUT4)
                                                     -3.122    -2.256 r  u_pll/inst/mmcm_adv_inst/CLKOUT4
                         net (fo=1, routed)           0.969    -1.287    u_pll/inst/clk_out5_clk_wiz_1
    BUFGCTRL_X0Y20       BUFG (Prop_bufg_I_O)         0.026    -1.261 r  u_pll/inst/clkout5_buf/O
                         net (fo=2471, routed)        0.695    -0.566    dram_dut/dram_iface_dut/clk_out5
    SLICE_X164Y216       FDRE                                         r  dram_dut/dram_iface_dut/trp_reg[5]/C
  -------------------------------------------------------------------    -------------------
    SLICE_X164Y216       FDRE (Prop_fdre_C_Q)         0.091    -0.475 r  dram_dut/dram_iface_dut/trp_reg[5]/Q
                         net (fo=1, routed)           0.460    -0.015    dram_dut/dram_iface_dut/controller/u_ddr_core/u_seq/delay_q_reg[5]_2[5]
    SLICE_X163Y218       LUT6 (Prop_lut6_I2_O)        0.064     0.049 r  dram_dut/dram_iface_dut/controller/u_ddr_core/u_seq/delay_q[5]_i_1/O
                         net (fo=1, routed)           0.000     0.049    dram_dut/dram_iface_dut/controller/u_ddr_core/u_seq/delay_q[5]_i_1_n_0
    SLICE_X163Y218       FDRE                                         r  dram_dut/dram_iface_dut/controller/u_ddr_core/u_seq/delay_q_reg[5]/D
  -------------------------------------------------------------------    -------------------

                         (clock clk_out1_clk_wiz_1_1 rise edge)
                                                      0.000     0.000 r  
    H9                                                0.000     0.000 r  clk_p (IN)
                         net (fo=0)                   0.000     0.000    u_pll/inst/clk_in1_p
    H9                   IBUFDS (Prop_ibufds_I_O)     0.444     0.444 r  u_pll/inst/clkin1_ibufgds/O
                         net (fo=1, routed)           0.553     0.997    u_pll/inst/clk_in1_clk_wiz_1
    MMCME2_ADV_X1Y5      MMCME2_ADV (Prop_mmcme2_adv_CLKIN1_CLKOUT0)
                                                     -3.590    -2.593 r  u_pll/inst/mmcm_adv_inst/CLKOUT0
                         net (fo=1, routed)           1.044    -1.549    u_pll/inst/clk_out1_clk_wiz_1
    BUFGCTRL_X0Y16       BUFG (Prop_bufg_I_O)         0.030    -1.519 r  u_pll/inst/clkout1_buf/O
                         net (fo=567, routed)         0.889    -0.630    dram_dut/dram_iface_dut/controller/u_ddr_core/u_seq/clk_out1
    SLICE_X163Y218       FDRE                                         r  dram_dut/dram_iface_dut/controller/u_ddr_core/u_seq/delay_q_reg[5]/C
                         clock pessimism              0.337    -0.293    
                         clock uncertainty            0.194    -0.099    
    SLICE_X163Y218       FDRE (Hold_fdre_C_D)         0.060    -0.039    dram_dut/dram_iface_dut/controller/u_ddr_core/u_seq/delay_q_reg[5]
  -------------------------------------------------------------------
                         required time                          0.039    
                         arrival time                           0.049    
  -------------------------------------------------------------------
                         slack                                  0.088    

Slack (MET) :             0.095ns  (arrival time - required time)
  Source:                 dram_dut/dram_iface_dut/trfc_reg[1]/C
                            (rising edge-triggered cell FDSE clocked by clk_out5_clk_wiz_1_1  {rise@0.000ns fall@10.000ns period=20.000ns})
  Destination:            dram_dut/dram_iface_dut/controller/u_ddr_core/u_seq/delay_q_reg[1]/D
                            (rising edge-triggered cell FDRE clocked by clk_out1_clk_wiz_1_1  {rise@0.000ns fall@5.000ns period=10.000ns})
  Path Group:             clk_out1_clk_wiz_1_1
  Path Type:              Hold (Min at Fast Process Corner)
  Requirement:            0.000ns  (clk_out1_clk_wiz_1_1 rise@0.000ns - clk_out5_clk_wiz_1_1 rise@0.000ns)
  Data Path Delay:        0.654ns  (logic 0.128ns (19.584%)  route 0.526ns (80.416%))
  Logic Levels:           1  (LUT6=1)
  Clock Path Skew:        0.304ns (DCD - SCD - CPR)
    Destination Clock Delay (DCD):    -0.630ns
    Source Clock Delay      (SCD):    -0.597ns
    Clock Pessimism Removal (CPR):    -0.337ns
  Clock Uncertainty:      0.194ns  ((TSJ^2 + DJ^2)^1/2) / 2 + PE
    Total System Jitter     (TSJ):    0.071ns
    Discrete Jitter          (DJ):    0.131ns
    Phase Error              (PE):    0.120ns

    Location             Delay type                Incr(ns)  Path(ns)    Netlist Resource(s)
  -------------------------------------------------------------------    -------------------
                         (clock clk_out5_clk_wiz_1_1 rise edge)
                                                      0.000     0.000 r  
    H9                                                0.000     0.000 r  clk_p (IN)
                         net (fo=0)                   0.000     0.000    u_pll/inst/clk_in1_p
    H9                   IBUFDS (Prop_ibufds_I_O)     0.363     0.363 r  u_pll/inst/clkin1_ibufgds/O
                         net (fo=1, routed)           0.503     0.866    u_pll/inst/clk_in1_clk_wiz_1
    MMCME2_ADV_X1Y5      MMCME2_ADV (Prop_mmcme2_adv_CLKIN1_CLKOUT4)
                                                     -3.122    -2.256 r  u_pll/inst/mmcm_adv_inst/CLKOUT4
                         net (fo=1, routed)           0.969    -1.287    u_pll/inst/clk_out5_clk_wiz_1
    BUFGCTRL_X0Y20       BUFG (Prop_bufg_I_O)         0.026    -1.261 r  u_pll/inst/clkout5_buf/O
                         net (fo=2471, routed)        0.664    -0.597    dram_dut/dram_iface_dut/clk_out5
    SLICE_X162Y218       FDSE                                         r  dram_dut/dram_iface_dut/trfc_reg[1]/C
  -------------------------------------------------------------------    -------------------
    SLICE_X162Y218       FDSE (Prop_fdse_C_Q)         0.100    -0.497 r  dram_dut/dram_iface_dut/trfc_reg[1]/Q
                         net (fo=1, routed)           0.526     0.029    dram_dut/dram_iface_dut/controller/u_ddr_core/u_seq/delay_q_reg[5]_0[1]
    SLICE_X163Y218       LUT6 (Prop_lut6_I1_O)        0.028     0.057 r  dram_dut/dram_iface_dut/controller/u_ddr_core/u_seq/delay_q[1]_i_1/O
                         net (fo=1, routed)           0.000     0.057    dram_dut/dram_iface_dut/controller/u_ddr_core/u_seq/delay_q[1]_i_1_n_0
    SLICE_X163Y218       FDRE                                         r  dram_dut/dram_iface_dut/controller/u_ddr_core/u_seq/delay_q_reg[1]/D
  -------------------------------------------------------------------    -------------------

                         (clock clk_out1_clk_wiz_1_1 rise edge)
                                                      0.000     0.000 r  
    H9                                                0.000     0.000 r  clk_p (IN)
                         net (fo=0)                   0.000     0.000    u_pll/inst/clk_in1_p
    H9                   IBUFDS (Prop_ibufds_I_O)     0.444     0.444 r  u_pll/inst/clkin1_ibufgds/O
                         net (fo=1, routed)           0.553     0.997    u_pll/inst/clk_in1_clk_wiz_1
    MMCME2_ADV_X1Y5      MMCME2_ADV (Prop_mmcme2_adv_CLKIN1_CLKOUT0)
                                                     -3.590    -2.593 r  u_pll/inst/mmcm_adv_inst/CLKOUT0
                         net (fo=1, routed)           1.044    -1.549    u_pll/inst/clk_out1_clk_wiz_1
    BUFGCTRL_X0Y16       BUFG (Prop_bufg_I_O)         0.030    -1.519 r  u_pll/inst/clkout1_buf/O
                         net (fo=567, routed)         0.889    -0.630    dram_dut/dram_iface_dut/controller/u_ddr_core/u_seq/clk_out1
    SLICE_X163Y218       FDRE                                         r  dram_dut/dram_iface_dut/controller/u_ddr_core/u_seq/delay_q_reg[1]/C
                         clock pessimism              0.337    -0.293    
                         clock uncertainty            0.194    -0.099    
    SLICE_X163Y218       FDRE (Hold_fdre_C_D)         0.060    -0.039    dram_dut/dram_iface_dut/controller/u_ddr_core/u_seq/delay_q_reg[1]
  -------------------------------------------------------------------
                         required time                          0.039    
                         arrival time                           0.057    
  -------------------------------------------------------------------
                         slack                                  0.095    

Slack (MET) :             0.098ns  (arrival time - required time)
  Source:                 dram_dut/dram_iface_dut/adr_r_reg[23]/C
                            (rising edge-triggered cell FDRE clocked by clk_out5_clk_wiz_1_1  {rise@0.000ns fall@10.000ns period=20.000ns})
  Destination:            dram_dut/dram_iface_dut/controller/u_ddr_core/u_seq/addr_q_reg[9]/D
                            (rising edge-triggered cell FDRE clocked by clk_out1_clk_wiz_1_1  {rise@0.000ns fall@5.000ns period=10.000ns})
  Path Group:             clk_out1_clk_wiz_1_1
  Path Type:              Hold (Min at Fast Process Corner)
  Requirement:            0.000ns  (clk_out1_clk_wiz_1_1 rise@0.000ns - clk_out5_clk_wiz_1_1 rise@0.000ns)
  Data Path Delay:        0.658ns  (logic 0.146ns (22.197%)  route 0.512ns (77.803%))
  Logic Levels:           1  (LUT6=1)
  Clock Path Skew:        0.304ns (DCD - SCD - CPR)
    Destination Clock Delay (DCD):    -0.604ns
    Source Clock Delay      (SCD):    -0.571ns
    Clock Pessimism Removal (CPR):    -0.337ns
  Clock Uncertainty:      0.194ns  ((TSJ^2 + DJ^2)^1/2) / 2 + PE
    Total System Jitter     (TSJ):    0.071ns
    Discrete Jitter          (DJ):    0.131ns
    Phase Error              (PE):    0.120ns

    Location             Delay type                Incr(ns)  Path(ns)    Netlist Resource(s)
  -------------------------------------------------------------------    -------------------
                         (clock clk_out5_clk_wiz_1_1 rise edge)
                                                      0.000     0.000 r  
    H9                                                0.000     0.000 r  clk_p (IN)
                         net (fo=0)                   0.000     0.000    u_pll/inst/clk_in1_p
    H9                   IBUFDS (Prop_ibufds_I_O)     0.363     0.363 r  u_pll/inst/clkin1_ibufgds/O
                         net (fo=1, routed)           0.503     0.866    u_pll/inst/clk_in1_clk_wiz_1
    MMCME2_ADV_X1Y5      MMCME2_ADV (Prop_mmcme2_adv_CLKIN1_CLKOUT4)
                                                     -3.122    -2.256 r  u_pll/inst/mmcm_adv_inst/CLKOUT4
                         net (fo=1, routed)           0.969    -1.287    u_pll/inst/clk_out5_clk_wiz_1
    BUFGCTRL_X0Y20       BUFG (Prop_bufg_I_O)         0.026    -1.261 r  u_pll/inst/clkout5_buf/O
                         net (fo=2471, routed)        0.690    -0.571    dram_dut/dram_iface_dut/clk_out5
    SLICE_X166Y221       FDRE                                         r  dram_dut/dram_iface_dut/adr_r_reg[23]/C
  -------------------------------------------------------------------    -------------------
    SLICE_X166Y221       FDRE (Prop_fdre_C_Q)         0.118    -0.453 r  dram_dut/dram_iface_dut/adr_r_reg[23]/Q
                         net (fo=10, routed)          0.512     0.059    dram_dut/dram_iface_dut/controller/u_ddr_core/u_seq/target_state_q[0]_i_6_0[19]
    SLICE_X167Y222       LUT6 (Prop_lut6_I0_O)        0.028     0.087 r  dram_dut/dram_iface_dut/controller/u_ddr_core/u_seq/addr_q[9]_i_1/O
                         net (fo=1, routed)           0.000     0.087    dram_dut/dram_iface_dut/controller/u_ddr_core/u_seq/addr_q[9]_i_1_n_0
    SLICE_X167Y222       FDRE                                         r  dram_dut/dram_iface_dut/controller/u_ddr_core/u_seq/addr_q_reg[9]/D
  -------------------------------------------------------------------    -------------------

                         (clock clk_out1_clk_wiz_1_1 rise edge)
                                                      0.000     0.000 r  
    H9                                                0.000     0.000 r  clk_p (IN)
                         net (fo=0)                   0.000     0.000    u_pll/inst/clk_in1_p
    H9                   IBUFDS (Prop_ibufds_I_O)     0.444     0.444 r  u_pll/inst/clkin1_ibufgds/O
                         net (fo=1, routed)           0.553     0.997    u_pll/inst/clk_in1_clk_wiz_1
    MMCME2_ADV_X1Y5      MMCME2_ADV (Prop_mmcme2_adv_CLKIN1_CLKOUT0)
                                                     -3.590    -2.593 r  u_pll/inst/mmcm_adv_inst/CLKOUT0
                         net (fo=1, routed)           1.044    -1.549    u_pll/inst/clk_out1_clk_wiz_1
    BUFGCTRL_X0Y16       BUFG (Prop_bufg_I_O)         0.030    -1.519 r  u_pll/inst/clkout1_buf/O
                         net (fo=567, routed)         0.915    -0.604    dram_dut/dram_iface_dut/controller/u_ddr_core/u_seq/clk_out1
    SLICE_X167Y222       FDRE                                         r  dram_dut/dram_iface_dut/controller/u_ddr_core/u_seq/addr_q_reg[9]/C
                         clock pessimism              0.337    -0.267    
                         clock uncertainty            0.194    -0.073    
    SLICE_X167Y222       FDRE (Hold_fdre_C_D)         0.061    -0.012    dram_dut/dram_iface_dut/controller/u_ddr_core/u_seq/addr_q_reg[9]
  -------------------------------------------------------------------
                         required time                          0.012    
                         arrival time                           0.087    
  -------------------------------------------------------------------
                         slack                                  0.098    

Slack (MET) :             0.099ns  (arrival time - required time)
  Source:                 dram_dut/dram_iface_dut/trp_reg[3]/C
                            (rising edge-triggered cell FDRE clocked by clk_out5_clk_wiz_1_1  {rise@0.000ns fall@10.000ns period=20.000ns})
  Destination:            dram_dut/dram_iface_dut/controller/u_ddr_core/u_seq/delay_q_reg[3]/D
                            (rising edge-triggered cell FDRE clocked by clk_out1_clk_wiz_1_1  {rise@0.000ns fall@5.000ns period=10.000ns})
  Path Group:             clk_out1_clk_wiz_1_1
  Path Type:              Hold (Min at Fast Process Corner)
  Requirement:            0.000ns  (clk_out1_clk_wiz_1_1 rise@0.000ns - clk_out5_clk_wiz_1_1 rise@0.000ns)
  Data Path Delay:        0.660ns  (logic 0.128ns (19.392%)  route 0.532ns (80.608%))
  Logic Levels:           1  (LUT6=1)
  Clock Path Skew:        0.306ns (DCD - SCD - CPR)
    Destination Clock Delay (DCD):    -0.597ns
    Source Clock Delay      (SCD):    -0.566ns
    Clock Pessimism Removal (CPR):    -0.337ns
  Clock Uncertainty:      0.194ns  ((TSJ^2 + DJ^2)^1/2) / 2 + PE
    Total System Jitter     (TSJ):    0.071ns
    Discrete Jitter          (DJ):    0.131ns
    Phase Error              (PE):    0.120ns

    Location             Delay type                Incr(ns)  Path(ns)    Netlist Resource(s)
  -------------------------------------------------------------------    -------------------
                         (clock clk_out5_clk_wiz_1_1 rise edge)
                                                      0.000     0.000 r  
    H9                                                0.000     0.000 r  clk_p (IN)
                         net (fo=0)                   0.000     0.000    u_pll/inst/clk_in1_p
    H9                   IBUFDS (Prop_ibufds_I_O)     0.363     0.363 r  u_pll/inst/clkin1_ibufgds/O
                         net (fo=1, routed)           0.503     0.866    u_pll/inst/clk_in1_clk_wiz_1
    MMCME2_ADV_X1Y5      MMCME2_ADV (Prop_mmcme2_adv_CLKIN1_CLKOUT4)
                                                     -3.122    -2.256 r  u_pll/inst/mmcm_adv_inst/CLKOUT4
                         net (fo=1, routed)           0.969    -1.287    u_pll/inst/clk_out5_clk_wiz_1
    BUFGCTRL_X0Y20       BUFG (Prop_bufg_I_O)         0.026    -1.261 r  u_pll/inst/clkout5_buf/O
                         net (fo=2471, routed)        0.695    -0.566    dram_dut/dram_iface_dut/clk_out5
    SLICE_X164Y216       FDRE                                         r  dram_dut/dram_iface_dut/trp_reg[3]/C
  -------------------------------------------------------------------    -------------------
    SLICE_X164Y216       FDRE (Prop_fdre_C_Q)         0.100    -0.466 r  dram_dut/dram_iface_dut/trp_reg[3]/Q
                         net (fo=1, routed)           0.532     0.066    dram_dut/dram_iface_dut/controller/u_ddr_core/u_seq/delay_q_reg[5]_2[3]
    SLICE_X164Y215       LUT6 (Prop_lut6_I2_O)        0.028     0.094 r  dram_dut/dram_iface_dut/controller/u_ddr_core/u_seq/delay_q[3]_i_1/O
                         net (fo=1, routed)           0.000     0.094    dram_dut/dram_iface_dut/controller/u_ddr_core/u_seq/delay_q[3]_i_1_n_0
    SLICE_X164Y215       FDRE                                         r  dram_dut/dram_iface_dut/controller/u_ddr_core/u_seq/delay_q_reg[3]/D
  -------------------------------------------------------------------    -------------------

                         (clock clk_out1_clk_wiz_1_1 rise edge)
                                                      0.000     0.000 r  
    H9                                                0.000     0.000 r  clk_p (IN)
                         net (fo=0)                   0.000     0.000    u_pll/inst/clk_in1_p
    H9                   IBUFDS (Prop_ibufds_I_O)     0.444     0.444 r  u_pll/inst/clkin1_ibufgds/O
                         net (fo=1, routed)           0.553     0.997    u_pll/inst/clk_in1_clk_wiz_1
    MMCME2_ADV_X1Y5      MMCME2_ADV (Prop_mmcme2_adv_CLKIN1_CLKOUT0)
                                                     -3.590    -2.593 r  u_pll/inst/mmcm_adv_inst/CLKOUT0
                         net (fo=1, routed)           1.044    -1.549    u_pll/inst/clk_out1_clk_wiz_1
    BUFGCTRL_X0Y16       BUFG (Prop_bufg_I_O)         0.030    -1.519 r  u_pll/inst/clkout1_buf/O
                         net (fo=567, routed)         0.922    -0.597    dram_dut/dram_iface_dut/controller/u_ddr_core/u_seq/clk_out1
    SLICE_X164Y215       FDRE                                         r  dram_dut/dram_iface_dut/controller/u_ddr_core/u_seq/delay_q_reg[3]/C
                         clock pessimism              0.337    -0.260    
                         clock uncertainty            0.194    -0.066    
    SLICE_X164Y215       FDRE (Hold_fdre_C_D)         0.061    -0.005    dram_dut/dram_iface_dut/controller/u_ddr_core/u_seq/delay_q_reg[3]
  -------------------------------------------------------------------
                         required time                          0.005    
                         arrival time                           0.094    
  -------------------------------------------------------------------
                         slack                                  0.099    

Slack (MET) :             0.106ns  (arrival time - required time)
  Source:                 dram_dut/dram_iface_dut/data_write_r_reg[13]/C
                            (rising edge-triggered cell FDRE clocked by clk_out5_clk_wiz_1_1  {rise@0.000ns fall@10.000ns period=20.000ns})
  Destination:            dram_dut/dram_iface_dut/controller/u_ddr_core/u_seq/u_write_fifo/ram_reg_0_3_12_17/RAMA_D1/I
                            (rising edge-triggered cell RAMD32 clocked by clk_out1_clk_wiz_1_1  {rise@0.000ns fall@5.000ns period=10.000ns})
  Path Group:             clk_out1_clk_wiz_1_1
  Path Type:              Hold (Min at Fast Process Corner)
  Requirement:            0.000ns  (clk_out1_clk_wiz_1_1 rise@0.000ns - clk_out5_clk_wiz_1_1 rise@0.000ns)
  Data Path Delay:        0.715ns  (logic 0.100ns (13.979%)  route 0.615ns (86.021%))
  Logic Levels:           0  
  Clock Path Skew:        0.307ns (DCD - SCD - CPR)
    Destination Clock Delay (DCD):    -0.604ns
    Source Clock Delay      (SCD):    -0.574ns
    Clock Pessimism Removal (CPR):    -0.337ns
  Clock Uncertainty:      0.194ns  ((TSJ^2 + DJ^2)^1/2) / 2 + PE
    Total System Jitter     (TSJ):    0.071ns
    Discrete Jitter          (DJ):    0.131ns
    Phase Error              (PE):    0.120ns

    Location             Delay type                Incr(ns)  Path(ns)    Netlist Resource(s)
  -------------------------------------------------------------------    -------------------
                         (clock clk_out5_clk_wiz_1_1 rise edge)
                                                      0.000     0.000 r  
    H9                                                0.000     0.000 r  clk_p (IN)
                         net (fo=0)                   0.000     0.000    u_pll/inst/clk_in1_p
    H9                   IBUFDS (Prop_ibufds_I_O)     0.363     0.363 r  u_pll/inst/clkin1_ibufgds/O
                         net (fo=1, routed)           0.503     0.866    u_pll/inst/clk_in1_clk_wiz_1
    MMCME2_ADV_X1Y5      MMCME2_ADV (Prop_mmcme2_adv_CLKIN1_CLKOUT4)
                                                     -3.122    -2.256 r  u_pll/inst/mmcm_adv_inst/CLKOUT4
                         net (fo=1, routed)           0.969    -1.287    u_pll/inst/clk_out5_clk_wiz_1
    BUFGCTRL_X0Y20       BUFG (Prop_bufg_I_O)         0.026    -1.261 r  u_pll/inst/clkout5_buf/O
                         net (fo=2471, routed)        0.687    -0.574    dram_dut/dram_iface_dut/clk_out5
    SLICE_X167Y225       FDRE                                         r  dram_dut/dram_iface_dut/data_write_r_reg[13]/C
  -------------------------------------------------------------------    -------------------
    SLICE_X167Y225       FDRE (Prop_fdre_C_Q)         0.100    -0.474 r  dram_dut/dram_iface_dut/data_write_r_reg[13]/Q
                         net (fo=1, routed)           0.615     0.141    dram_dut/dram_iface_dut/controller/u_ddr_core/u_seq/u_write_fifo/ram_reg_0_3_12_17/DIA1
    SLICE_X170Y226       RAMD32                                       r  dram_dut/dram_iface_dut/controller/u_ddr_core/u_seq/u_write_fifo/ram_reg_0_3_12_17/RAMA_D1/I
  -------------------------------------------------------------------    -------------------

                         (clock clk_out1_clk_wiz_1_1 rise edge)
                                                      0.000     0.000 r  
    H9                                                0.000     0.000 r  clk_p (IN)
                         net (fo=0)                   0.000     0.000    u_pll/inst/clk_in1_p
    H9                   IBUFDS (Prop_ibufds_I_O)     0.444     0.444 r  u_pll/inst/clkin1_ibufgds/O
                         net (fo=1, routed)           0.553     0.997    u_pll/inst/clk_in1_clk_wiz_1
    MMCME2_ADV_X1Y5      MMCME2_ADV (Prop_mmcme2_adv_CLKIN1_CLKOUT0)
                                                     -3.590    -2.593 r  u_pll/inst/mmcm_adv_inst/CLKOUT0
                         net (fo=1, routed)           1.044    -1.549    u_pll/inst/clk_out1_clk_wiz_1
    BUFGCTRL_X0Y16       BUFG (Prop_bufg_I_O)         0.030    -1.519 r  u_pll/inst/clkout1_buf/O
                         net (fo=567, routed)         0.915    -0.604    dram_dut/dram_iface_dut/controller/u_ddr_core/u_seq/u_write_fifo/ram_reg_0_3_12_17/WCLK
    SLICE_X170Y226       RAMD32                                       r  dram_dut/dram_iface_dut/controller/u_ddr_core/u_seq/u_write_fifo/ram_reg_0_3_12_17/RAMA_D1/CLK
                         clock pessimism              0.337    -0.267    
                         clock uncertainty            0.194    -0.073    
    SLICE_X170Y226       RAMD32 (Hold_ramd32_CLK_I)
                                                      0.108     0.035    dram_dut/dram_iface_dut/controller/u_ddr_core/u_seq/u_write_fifo/ram_reg_0_3_12_17/RAMA_D1
  -------------------------------------------------------------------
                         required time                         -0.035    
                         arrival time                           0.141    
  -------------------------------------------------------------------
                         slack                                  0.106    

Slack (MET) :             0.111ns  (arrival time - required time)
  Source:                 dram_dut/dram_iface_dut/nonseq_reg[2]/C
                            (rising edge-triggered cell FDRE clocked by clk_out5_clk_wiz_1_1  {rise@0.000ns fall@10.000ns period=20.000ns})
  Destination:            dram_dut/dram_iface_dut/controller/u_ddr_core/u_seq/delay_q_reg[2]/D
                            (rising edge-triggered cell FDRE clocked by clk_out1_clk_wiz_1_1  {rise@0.000ns fall@5.000ns period=10.000ns})
  Path Group:             clk_out1_clk_wiz_1_1
  Path Type:              Hold (Min at Fast Process Corner)
  Requirement:            0.000ns  (clk_out1_clk_wiz_1_1 rise@0.000ns - clk_out5_clk_wiz_1_1 rise@0.000ns)
  Data Path Delay:        0.670ns  (logic 0.199ns (29.698%)  route 0.471ns (70.302%))
  Logic Levels:           2  (LUT3=1 LUT6=1)
  Clock Path Skew:        0.305ns (DCD - SCD - CPR)
    Destination Clock Delay (DCD):    -0.597ns
    Source Clock Delay      (SCD):    -0.565ns
    Clock Pessimism Removal (CPR):    -0.337ns
  Clock Uncertainty:      0.194ns  ((TSJ^2 + DJ^2)^1/2) / 2 + PE
    Total System Jitter     (TSJ):    0.071ns
    Discrete Jitter          (DJ):    0.131ns
    Phase Error              (PE):    0.120ns

    Location             Delay type                Incr(ns)  Path(ns)    Netlist Resource(s)
  -------------------------------------------------------------------    -------------------
                         (clock clk_out5_clk_wiz_1_1 rise edge)
                                                      0.000     0.000 r  
    H9                                                0.000     0.000 r  clk_p (IN)
                         net (fo=0)                   0.000     0.000    u_pll/inst/clk_in1_p
    H9                   IBUFDS (Prop_ibufds_I_O)     0.363     0.363 r  u_pll/inst/clkin1_ibufgds/O
                         net (fo=1, routed)           0.503     0.866    u_pll/inst/clk_in1_clk_wiz_1
    MMCME2_ADV_X1Y5      MMCME2_ADV (Prop_mmcme2_adv_CLKIN1_CLKOUT4)
                                                     -3.122    -2.256 r  u_pll/inst/mmcm_adv_inst/CLKOUT4
                         net (fo=1, routed)           0.969    -1.287    u_pll/inst/clk_out5_clk_wiz_1
    BUFGCTRL_X0Y20       BUFG (Prop_bufg_I_O)         0.026    -1.261 r  u_pll/inst/clkout5_buf/O
                         net (fo=2471, routed)        0.696    -0.565    dram_dut/dram_iface_dut/clk_out5
    SLICE_X165Y215       FDRE                                         r  dram_dut/dram_iface_dut/nonseq_reg[2]/C
  -------------------------------------------------------------------    -------------------
    SLICE_X165Y215       FDRE (Prop_fdre_C_Q)         0.100    -0.465 r  dram_dut/dram_iface_dut/nonseq_reg[2]/Q
                         net (fo=1, routed)           0.210    -0.255    dram_dut/dram_iface_dut/controller/u_ddr_core/u_seq/delay_q_reg[5]_3[2]
    SLICE_X165Y215       LUT3 (Prop_lut3_I0_O)        0.030    -0.225 r  dram_dut/dram_iface_dut/controller/u_ddr_core/u_seq/delay_q[2]_i_2/O
                         net (fo=1, routed)           0.261     0.036    dram_dut/dram_iface_dut/controller/u_ddr_core/u_seq/delay_q[2]_i_2_n_0
    SLICE_X164Y215       LUT6 (Prop_lut6_I0_O)        0.069     0.105 r  dram_dut/dram_iface_dut/controller/u_ddr_core/u_seq/delay_q[2]_i_1/O
                         net (fo=1, routed)           0.000     0.105    dram_dut/dram_iface_dut/controller/u_ddr_core/u_seq/delay_q[2]_i_1_n_0
    SLICE_X164Y215       FDRE                                         r  dram_dut/dram_iface_dut/controller/u_ddr_core/u_seq/delay_q_reg[2]/D
  -------------------------------------------------------------------    -------------------

                         (clock clk_out1_clk_wiz_1_1 rise edge)
                                                      0.000     0.000 r  
    H9                                                0.000     0.000 r  clk_p (IN)
                         net (fo=0)                   0.000     0.000    u_pll/inst/clk_in1_p
    H9                   IBUFDS (Prop_ibufds_I_O)     0.444     0.444 r  u_pll/inst/clkin1_ibufgds/O
                         net (fo=1, routed)           0.553     0.997    u_pll/inst/clk_in1_clk_wiz_1
    MMCME2_ADV_X1Y5      MMCME2_ADV (Prop_mmcme2_adv_CLKIN1_CLKOUT0)
                                                     -3.590    -2.593 r  u_pll/inst/mmcm_adv_inst/CLKOUT0
                         net (fo=1, routed)           1.044    -1.549    u_pll/inst/clk_out1_clk_wiz_1
    BUFGCTRL_X0Y16       BUFG (Prop_bufg_I_O)         0.030    -1.519 r  u_pll/inst/clkout1_buf/O
                         net (fo=567, routed)         0.922    -0.597    dram_dut/dram_iface_dut/controller/u_ddr_core/u_seq/clk_out1
    SLICE_X164Y215       FDRE                                         r  dram_dut/dram_iface_dut/controller/u_ddr_core/u_seq/delay_q_reg[2]/C
                         clock pessimism              0.337    -0.260    
                         clock uncertainty            0.194    -0.066    
    SLICE_X164Y215       FDRE (Hold_fdre_C_D)         0.060    -0.006    dram_dut/dram_iface_dut/controller/u_ddr_core/u_seq/delay_q_reg[2]
  -------------------------------------------------------------------
                         required time                          0.006    
                         arrival time                           0.105    
  -------------------------------------------------------------------
                         slack                                  0.111    

Slack (MET) :             0.111ns  (arrival time - required time)
  Source:                 dram_dut/dram_iface_dut/data_write_r_reg[5]/C
                            (rising edge-triggered cell FDRE clocked by clk_out5_clk_wiz_1_1  {rise@0.000ns fall@10.000ns period=20.000ns})
  Destination:            dram_dut/dram_iface_dut/controller/u_ddr_core/u_seq/u_write_fifo/ram_reg_0_3_0_5/RAMC_D1/I
                            (rising edge-triggered cell RAMD32 clocked by clk_out1_clk_wiz_1_1  {rise@0.000ns fall@5.000ns period=10.000ns})
  Path Group:             clk_out1_clk_wiz_1_1
  Path Type:              Hold (Min at Fast Process Corner)
  Requirement:            0.000ns  (clk_out1_clk_wiz_1_1 rise@0.000ns - clk_out5_clk_wiz_1_1 rise@0.000ns)
  Data Path Delay:        0.719ns  (logic 0.118ns (16.416%)  route 0.601ns (83.584%))
  Logic Levels:           0  
  Clock Path Skew:        0.307ns (DCD - SCD - CPR)
    Destination Clock Delay (DCD):    -0.603ns
    Source Clock Delay      (SCD):    -0.573ns
    Clock Pessimism Removal (CPR):    -0.337ns
  Clock Uncertainty:      0.194ns  ((TSJ^2 + DJ^2)^1/2) / 2 + PE
    Total System Jitter     (TSJ):    0.071ns
    Discrete Jitter          (DJ):    0.131ns
    Phase Error              (PE):    0.120ns

    Location             Delay type                Incr(ns)  Path(ns)    Netlist Resource(s)
  -------------------------------------------------------------------    -------------------
                         (clock clk_out5_clk_wiz_1_1 rise edge)
                                                      0.000     0.000 r  
    H9                                                0.000     0.000 r  clk_p (IN)
                         net (fo=0)                   0.000     0.000    u_pll/inst/clk_in1_p
    H9                   IBUFDS (Prop_ibufds_I_O)     0.363     0.363 r  u_pll/inst/clkin1_ibufgds/O
                         net (fo=1, routed)           0.503     0.866    u_pll/inst/clk_in1_clk_wiz_1
    MMCME2_ADV_X1Y5      MMCME2_ADV (Prop_mmcme2_adv_CLKIN1_CLKOUT4)
                                                     -3.122    -2.256 r  u_pll/inst/mmcm_adv_inst/CLKOUT4
                         net (fo=1, routed)           0.969    -1.287    u_pll/inst/clk_out5_clk_wiz_1
    BUFGCTRL_X0Y20       BUFG (Prop_bufg_I_O)         0.026    -1.261 r  u_pll/inst/clkout5_buf/O
                         net (fo=2471, routed)        0.688    -0.573    dram_dut/dram_iface_dut/clk_out5
    SLICE_X166Y223       FDRE                                         r  dram_dut/dram_iface_dut/data_write_r_reg[5]/C
  -------------------------------------------------------------------    -------------------
    SLICE_X166Y223       FDRE (Prop_fdre_C_Q)         0.118    -0.455 r  dram_dut/dram_iface_dut/data_write_r_reg[5]/Q
                         net (fo=1, routed)           0.601     0.146    dram_dut/dram_iface_dut/controller/u_ddr_core/u_seq/u_write_fifo/ram_reg_0_3_0_5/DIC1
    SLICE_X166Y228       RAMD32                                       r  dram_dut/dram_iface_dut/controller/u_ddr_core/u_seq/u_write_fifo/ram_reg_0_3_0_5/RAMC_D1/I
  -------------------------------------------------------------------    -------------------

                         (clock clk_out1_clk_wiz_1_1 rise edge)
                                                      0.000     0.000 r  
    H9                                                0.000     0.000 r  clk_p (IN)
                         net (fo=0)                   0.000     0.000    u_pll/inst/clk_in1_p
    H9                   IBUFDS (Prop_ibufds_I_O)     0.444     0.444 r  u_pll/inst/clkin1_ibufgds/O
                         net (fo=1, routed)           0.553     0.997    u_pll/inst/clk_in1_clk_wiz_1
    MMCME2_ADV_X1Y5      MMCME2_ADV (Prop_mmcme2_adv_CLKIN1_CLKOUT0)
                                                     -3.590    -2.593 r  u_pll/inst/mmcm_adv_inst/CLKOUT0
                         net (fo=1, routed)           1.044    -1.549    u_pll/inst/clk_out1_clk_wiz_1
    BUFGCTRL_X0Y16       BUFG (Prop_bufg_I_O)         0.030    -1.519 r  u_pll/inst/clkout1_buf/O
                         net (fo=567, routed)         0.916    -0.603    dram_dut/dram_iface_dut/controller/u_ddr_core/u_seq/u_write_fifo/ram_reg_0_3_0_5/WCLK
    SLICE_X166Y228       RAMD32                                       r  dram_dut/dram_iface_dut/controller/u_ddr_core/u_seq/u_write_fifo/ram_reg_0_3_0_5/RAMC_D1/CLK
                         clock pessimism              0.337    -0.266    
                         clock uncertainty            0.194    -0.072    
    SLICE_X166Y228       RAMD32 (Hold_ramd32_CLK_I)
                                                      0.106     0.034    dram_dut/dram_iface_dut/controller/u_ddr_core/u_seq/u_write_fifo/ram_reg_0_3_0_5/RAMC_D1
  -------------------------------------------------------------------
                         required time                         -0.034    
                         arrival time                           0.146    
  -------------------------------------------------------------------
                         slack                                  0.111    

Slack (MET) :             0.115ns  (arrival time - required time)
  Source:                 dram_dut/dram_iface_dut/adr_r_reg[7]/C
                            (rising edge-triggered cell FDRE clocked by clk_out5_clk_wiz_1_1  {rise@0.000ns fall@10.000ns period=20.000ns})
  Destination:            dram_dut/dram_iface_dut/controller/u_ddr_core/u_seq/addr_q_reg[6]/D
                            (rising edge-triggered cell FDRE clocked by clk_out1_clk_wiz_1_1  {rise@0.000ns fall@5.000ns period=10.000ns})
  Path Group:             clk_out1_clk_wiz_1_1
  Path Type:              Hold (Min at Fast Process Corner)
  Requirement:            0.000ns  (clk_out1_clk_wiz_1_1 rise@0.000ns - clk_out5_clk_wiz_1_1 rise@0.000ns)
  Data Path Delay:        0.677ns  (logic 0.173ns (25.547%)  route 0.504ns (74.453%))
  Logic Levels:           1  (LUT6=1)
  Clock Path Skew:        0.307ns (DCD - SCD - CPR)
    Destination Clock Delay (DCD):    -0.601ns
    Source Clock Delay      (SCD):    -0.571ns
    Clock Pessimism Removal (CPR):    -0.337ns
  Clock Uncertainty:      0.194ns  ((TSJ^2 + DJ^2)^1/2) / 2 + PE
    Total System Jitter     (TSJ):    0.071ns
    Discrete Jitter          (DJ):    0.131ns
    Phase Error              (PE):    0.120ns

    Location             Delay type                Incr(ns)  Path(ns)    Netlist Resource(s)
  -------------------------------------------------------------------    -------------------
                         (clock clk_out5_clk_wiz_1_1 rise edge)
                                                      0.000     0.000 r  
    H9                                                0.000     0.000 r  clk_p (IN)
                         net (fo=0)                   0.000     0.000    u_pll/inst/clk_in1_p
    H9                   IBUFDS (Prop_ibufds_I_O)     0.363     0.363 r  u_pll/inst/clkin1_ibufgds/O
                         net (fo=1, routed)           0.503     0.866    u_pll/inst/clk_in1_clk_wiz_1
    MMCME2_ADV_X1Y5      MMCME2_ADV (Prop_mmcme2_adv_CLKIN1_CLKOUT4)
                                                     -3.122    -2.256 r  u_pll/inst/mmcm_adv_inst/CLKOUT4
                         net (fo=1, routed)           0.969    -1.287    u_pll/inst/clk_out5_clk_wiz_1
    BUFGCTRL_X0Y20       BUFG (Prop_bufg_I_O)         0.026    -1.261 r  u_pll/inst/clkout5_buf/O
                         net (fo=2471, routed)        0.690    -0.571    dram_dut/dram_iface_dut/clk_out5
    SLICE_X166Y221       FDRE                                         r  dram_dut/dram_iface_dut/adr_r_reg[7]/C
  -------------------------------------------------------------------    -------------------
    SLICE_X166Y221       FDRE (Prop_fdre_C_Q)         0.107    -0.464 r  dram_dut/dram_iface_dut/adr_r_reg[7]/Q
                         net (fo=1, routed)           0.504     0.040    dram_dut/dram_iface_dut/controller/u_ddr_core/u_seq/target_state_q[0]_i_6_0[3]
    SLICE_X168Y221       LUT6 (Prop_lut6_I1_O)        0.066     0.106 r  dram_dut/dram_iface_dut/controller/u_ddr_core/u_seq/addr_q[6]_i_1/O
                         net (fo=1, routed)           0.000     0.106    dram_dut/dram_iface_dut/controller/u_ddr_core/u_seq/addr_q[6]_i_1_n_0
    SLICE_X168Y221       FDRE                                         r  dram_dut/dram_iface_dut/controller/u_ddr_core/u_seq/addr_q_reg[6]/D
  -------------------------------------------------------------------    -------------------

                         (clock clk_out1_clk_wiz_1_1 rise edge)
                                                      0.000     0.000 r  
    H9                                                0.000     0.000 r  clk_p (IN)
                         net (fo=0)                   0.000     0.000    u_pll/inst/clk_in1_p
    H9                   IBUFDS (Prop_ibufds_I_O)     0.444     0.444 r  u_pll/inst/clkin1_ibufgds/O
                         net (fo=1, routed)           0.553     0.997    u_pll/inst/clk_in1_clk_wiz_1
    MMCME2_ADV_X1Y5      MMCME2_ADV (Prop_mmcme2_adv_CLKIN1_CLKOUT0)
                                                     -3.590    -2.593 r  u_pll/inst/mmcm_adv_inst/CLKOUT0
                         net (fo=1, routed)           1.044    -1.549    u_pll/inst/clk_out1_clk_wiz_1
    BUFGCTRL_X0Y16       BUFG (Prop_bufg_I_O)         0.030    -1.519 r  u_pll/inst/clkout1_buf/O
                         net (fo=567, routed)         0.918    -0.601    dram_dut/dram_iface_dut/controller/u_ddr_core/u_seq/clk_out1
    SLICE_X168Y221       FDRE                                         r  dram_dut/dram_iface_dut/controller/u_ddr_core/u_seq/addr_q_reg[6]/C
                         clock pessimism              0.337    -0.264    
                         clock uncertainty            0.194    -0.070    
    SLICE_X168Y221       FDRE (Hold_fdre_C_D)         0.061    -0.009    dram_dut/dram_iface_dut/controller/u_ddr_core/u_seq/addr_q_reg[6]
  -------------------------------------------------------------------
                         required time                          0.009    
                         arrival time                           0.106    
  -------------------------------------------------------------------
                         slack                                  0.115    

Slack (MET) :             0.117ns  (arrival time - required time)
  Source:                 dram_dut/dram_iface_dut/adr_r_reg[4]/C
                            (rising edge-triggered cell FDRE clocked by clk_out5_clk_wiz_1_1  {rise@0.000ns fall@10.000ns period=20.000ns})
  Destination:            dram_dut/dram_iface_dut/controller/u_ddr_core/u_seq/addr_q_reg[3]/D
                            (rising edge-triggered cell FDRE clocked by clk_out1_clk_wiz_1_1  {rise@0.000ns fall@5.000ns period=10.000ns})
  Path Group:             clk_out1_clk_wiz_1_1
  Path Type:              Hold (Min at Fast Process Corner)
  Requirement:            0.000ns  (clk_out1_clk_wiz_1_1 rise@0.000ns - clk_out5_clk_wiz_1_1 rise@0.000ns)
  Data Path Delay:        0.676ns  (logic 0.128ns (18.921%)  route 0.548ns (81.079%))
  Logic Levels:           1  (LUT6=1)
  Clock Path Skew:        0.305ns (DCD - SCD - CPR)
    Destination Clock Delay (DCD):    -0.604ns
    Source Clock Delay      (SCD):    -0.572ns
    Clock Pessimism Removal (CPR):    -0.337ns
  Clock Uncertainty:      0.194ns  ((TSJ^2 + DJ^2)^1/2) / 2 + PE
    Total System Jitter     (TSJ):    0.071ns
    Discrete Jitter          (DJ):    0.131ns
    Phase Error              (PE):    0.120ns

    Location             Delay type                Incr(ns)  Path(ns)    Netlist Resource(s)
  -------------------------------------------------------------------    -------------------
                         (clock clk_out5_clk_wiz_1_1 rise edge)
                                                      0.000     0.000 r  
    H9                                                0.000     0.000 r  clk_p (IN)
                         net (fo=0)                   0.000     0.000    u_pll/inst/clk_in1_p
    H9                   IBUFDS (Prop_ibufds_I_O)     0.363     0.363 r  u_pll/inst/clkin1_ibufgds/O
                         net (fo=1, routed)           0.503     0.866    u_pll/inst/clk_in1_clk_wiz_1
    MMCME2_ADV_X1Y5      MMCME2_ADV (Prop_mmcme2_adv_CLKIN1_CLKOUT4)
                                                     -3.122    -2.256 r  u_pll/inst/mmcm_adv_inst/CLKOUT4
                         net (fo=1, routed)           0.969    -1.287    u_pll/inst/clk_out5_clk_wiz_1
    BUFGCTRL_X0Y20       BUFG (Prop_bufg_I_O)         0.026    -1.261 r  u_pll/inst/clkout5_buf/O
                         net (fo=2471, routed)        0.689    -0.572    dram_dut/dram_iface_dut/clk_out5
    SLICE_X165Y222       FDRE                                         r  dram_dut/dram_iface_dut/adr_r_reg[4]/C
  -------------------------------------------------------------------    -------------------
    SLICE_X165Y222       FDRE (Prop_fdre_C_Q)         0.100    -0.472 r  dram_dut/dram_iface_dut/adr_r_reg[4]/Q
                         net (fo=1, routed)           0.548     0.076    dram_dut/dram_iface_dut/controller/u_ddr_core/u_seq/target_state_q[0]_i_6_0[0]
    SLICE_X164Y222       LUT6 (Prop_lut6_I2_O)        0.028     0.104 r  dram_dut/dram_iface_dut/controller/u_ddr_core/u_seq/addr_q[3]_i_1/O
                         net (fo=1, routed)           0.000     0.104    dram_dut/dram_iface_dut/controller/u_ddr_core/u_seq/addr_q[3]_i_1_n_0
    SLICE_X164Y222       FDRE                                         r  dram_dut/dram_iface_dut/controller/u_ddr_core/u_seq/addr_q_reg[3]/D
  -------------------------------------------------------------------    -------------------

                         (clock clk_out1_clk_wiz_1_1 rise edge)
                                                      0.000     0.000 r  
    H9                                                0.000     0.000 r  clk_p (IN)
                         net (fo=0)                   0.000     0.000    u_pll/inst/clk_in1_p
    H9                   IBUFDS (Prop_ibufds_I_O)     0.444     0.444 r  u_pll/inst/clkin1_ibufgds/O
                         net (fo=1, routed)           0.553     0.997    u_pll/inst/clk_in1_clk_wiz_1
    MMCME2_ADV_X1Y5      MMCME2_ADV (Prop_mmcme2_adv_CLKIN1_CLKOUT0)
                                                     -3.590    -2.593 r  u_pll/inst/mmcm_adv_inst/CLKOUT0
                         net (fo=1, routed)           1.044    -1.549    u_pll/inst/clk_out1_clk_wiz_1
    BUFGCTRL_X0Y16       BUFG (Prop_bufg_I_O)         0.030    -1.519 r  u_pll/inst/clkout1_buf/O
                         net (fo=567, routed)         0.915    -0.604    dram_dut/dram_iface_dut/controller/u_ddr_core/u_seq/clk_out1
    SLICE_X164Y222       FDRE                                         r  dram_dut/dram_iface_dut/controller/u_ddr_core/u_seq/addr_q_reg[3]/C
                         clock pessimism              0.337    -0.267    
                         clock uncertainty            0.194    -0.073    
    SLICE_X164Y222       FDRE (Hold_fdre_C_D)         0.060    -0.013    dram_dut/dram_iface_dut/controller/u_ddr_core/u_seq/addr_q_reg[3]
  -------------------------------------------------------------------
                         required time                          0.013    
                         arrival time                           0.104    
  -------------------------------------------------------------------
                         slack                                  0.117    

Slack (MET) :             0.119ns  (arrival time - required time)
  Source:                 dram_dut/dram_iface_dut/trp_reg[4]/C
                            (rising edge-triggered cell FDRE clocked by clk_out5_clk_wiz_1_1  {rise@0.000ns fall@10.000ns period=20.000ns})
  Destination:            dram_dut/dram_iface_dut/controller/u_ddr_core/u_seq/delay_q_reg[4]/D
                            (rising edge-triggered cell FDRE clocked by clk_out1_clk_wiz_1_1  {rise@0.000ns fall@5.000ns period=10.000ns})
  Path Group:             clk_out1_clk_wiz_1_1
  Path Type:              Hold (Min at Fast Process Corner)
  Requirement:            0.000ns  (clk_out1_clk_wiz_1_1 rise@0.000ns - clk_out5_clk_wiz_1_1 rise@0.000ns)
  Data Path Delay:        0.680ns  (logic 0.155ns (22.785%)  route 0.525ns (77.215%))
  Logic Levels:           1  (LUT6=1)
  Clock Path Skew:        0.306ns (DCD - SCD - CPR)
    Destination Clock Delay (DCD):    -0.597ns
    Source Clock Delay      (SCD):    -0.566ns
    Clock Pessimism Removal (CPR):    -0.337ns
  Clock Uncertainty:      0.194ns  ((TSJ^2 + DJ^2)^1/2) / 2 + PE
    Total System Jitter     (TSJ):    0.071ns
    Discrete Jitter          (DJ):    0.131ns
    Phase Error              (PE):    0.120ns

    Location             Delay type                Incr(ns)  Path(ns)    Netlist Resource(s)
  -------------------------------------------------------------------    -------------------
                         (clock clk_out5_clk_wiz_1_1 rise edge)
                                                      0.000     0.000 r  
    H9                                                0.000     0.000 r  clk_p (IN)
                         net (fo=0)                   0.000     0.000    u_pll/inst/clk_in1_p
    H9                   IBUFDS (Prop_ibufds_I_O)     0.363     0.363 r  u_pll/inst/clkin1_ibufgds/O
                         net (fo=1, routed)           0.503     0.866    u_pll/inst/clk_in1_clk_wiz_1
    MMCME2_ADV_X1Y5      MMCME2_ADV (Prop_mmcme2_adv_CLKIN1_CLKOUT4)
                                                     -3.122    -2.256 r  u_pll/inst/mmcm_adv_inst/CLKOUT4
                         net (fo=1, routed)           0.969    -1.287    u_pll/inst/clk_out5_clk_wiz_1
    BUFGCTRL_X0Y20       BUFG (Prop_bufg_I_O)         0.026    -1.261 r  u_pll/inst/clkout5_buf/O
                         net (fo=2471, routed)        0.695    -0.566    dram_dut/dram_iface_dut/clk_out5
    SLICE_X164Y216       FDRE                                         r  dram_dut/dram_iface_dut/trp_reg[4]/C
  -------------------------------------------------------------------    -------------------
    SLICE_X164Y216       FDRE (Prop_fdre_C_Q)         0.091    -0.475 r  dram_dut/dram_iface_dut/trp_reg[4]/Q
                         net (fo=1, routed)           0.525     0.050    dram_dut/dram_iface_dut/controller/u_ddr_core/u_seq/delay_q_reg[5]_2[4]
    SLICE_X164Y215       LUT6 (Prop_lut6_I2_O)        0.064     0.114 r  dram_dut/dram_iface_dut/controller/u_ddr_core/u_seq/delay_q[4]_i_1/O
                         net (fo=1, routed)           0.000     0.114    dram_dut/dram_iface_dut/controller/u_ddr_core/u_seq/delay_q[4]_i_1_n_0
    SLICE_X164Y215       FDRE                                         r  dram_dut/dram_iface_dut/controller/u_ddr_core/u_seq/delay_q_reg[4]/D
  -------------------------------------------------------------------    -------------------

                         (clock clk_out1_clk_wiz_1_1 rise edge)
                                                      0.000     0.000 r  
    H9                                                0.000     0.000 r  clk_p (IN)
                         net (fo=0)                   0.000     0.000    u_pll/inst/clk_in1_p
    H9                   IBUFDS (Prop_ibufds_I_O)     0.444     0.444 r  u_pll/inst/clkin1_ibufgds/O
                         net (fo=1, routed)           0.553     0.997    u_pll/inst/clk_in1_clk_wiz_1
    MMCME2_ADV_X1Y5      MMCME2_ADV (Prop_mmcme2_adv_CLKIN1_CLKOUT0)
                                                     -3.590    -2.593 r  u_pll/inst/mmcm_adv_inst/CLKOUT0
                         net (fo=1, routed)           1.044    -1.549    u_pll/inst/clk_out1_clk_wiz_1
    BUFGCTRL_X0Y16       BUFG (Prop_bufg_I_O)         0.030    -1.519 r  u_pll/inst/clkout1_buf/O
                         net (fo=567, routed)         0.922    -0.597    dram_dut/dram_iface_dut/controller/u_ddr_core/u_seq/clk_out1
    SLICE_X164Y215       FDRE                                         r  dram_dut/dram_iface_dut/controller/u_ddr_core/u_seq/delay_q_reg[4]/C
                         clock pessimism              0.337    -0.260    
                         clock uncertainty            0.194    -0.066    
    SLICE_X164Y215       FDRE (Hold_fdre_C_D)         0.061    -0.005    dram_dut/dram_iface_dut/controller/u_ddr_core/u_seq/delay_q_reg[4]
  -------------------------------------------------------------------
                         required time                          0.005    
                         arrival time                           0.114    
  -------------------------------------------------------------------
                         slack                                  0.119    





---------------------------------------------------------------------------------------------------
From Clock:  clk_out1_clk_wiz_1_1
  To Clock:  clk_out5_clk_wiz_1_1

Setup :            0  Failing Endpoints,  Worst Slack        3.839ns,  Total Violation        0.000ns
Hold  :            0  Failing Endpoints,  Worst Slack        0.054ns,  Total Violation        0.000ns
---------------------------------------------------------------------------------------------------


Max Delay Paths
--------------------------------------------------------------------------------------
Slack (MET) :             3.839ns  (required time - arrival time)
  Source:                 dram_dut/dram_iface_dut/controller/u_ddr_core/refresh_timer_q_reg[2]/C
                            (rising edge-triggered cell FDRE clocked by clk_out1_clk_wiz_1_1  {rise@0.000ns fall@5.000ns period=10.000ns})
  Destination:            dram_dut/dram_iface_dut/re_r_reg/D
                            (rising edge-triggered cell FDRE clocked by clk_out5_clk_wiz_1_1  {rise@0.000ns fall@10.000ns period=20.000ns})
  Path Group:             clk_out5_clk_wiz_1_1
  Path Type:              Setup (Max at Slow Process Corner)
  Requirement:            10.000ns  (clk_out5_clk_wiz_1_1 rise@20.000ns - clk_out1_clk_wiz_1_1 rise@10.000ns)
  Data Path Delay:        5.703ns  (logic 0.650ns (11.397%)  route 5.053ns (88.603%))
  Logic Levels:           6  (LUT2=1 LUT5=1 LUT6=4)
  Clock Path Skew:        -0.328ns (DCD - SCD + CPR)
    Destination Clock Delay (DCD):    -1.582ns = ( 18.418 - 20.000 ) 
    Source Clock Delay      (SCD):    -2.180ns = ( 7.820 - 10.000 ) 
    Clock Pessimism Removal (CPR):    -0.926ns
  Clock Uncertainty:      0.194ns  ((TSJ^2 + DJ^2)^1/2) / 2 + PE
    Total System Jitter     (TSJ):    0.071ns
    Discrete Jitter          (DJ):    0.131ns
    Phase Error              (PE):    0.120ns

    Location             Delay type                Incr(ns)  Path(ns)    Netlist Resource(s)
  -------------------------------------------------------------------    -------------------
                         (clock clk_out1_clk_wiz_1_1 rise edge)
                                                     10.000    10.000 r  
    H9                                                0.000    10.000 r  clk_p (IN)
                         net (fo=0)                   0.000    10.000    u_pll/inst/clk_in1_p
    H9                   IBUFDS (Prop_ibufds_I_O)     0.880    10.880 r  u_pll/inst/clkin1_ibufgds/O
                         net (fo=1, routed)           1.081    11.961    u_pll/inst/clk_in1_clk_wiz_1
    MMCME2_ADV_X1Y5      MMCME2_ADV (Prop_mmcme2_adv_CLKIN1_CLKOUT0)
                                                     -7.639     4.322 r  u_pll/inst/mmcm_adv_inst/CLKOUT0
                         net (fo=1, routed)           1.948     6.270    u_pll/inst/clk_out1_clk_wiz_1
    BUFGCTRL_X0Y16       BUFG (Prop_bufg_I_O)         0.093     6.363 r  u_pll/inst/clkout1_buf/O
                         net (fo=567, routed)         1.457     7.820    dram_dut/dram_iface_dut/controller/u_ddr_core/clk_out1
    SLICE_X163Y223       FDRE                                         r  dram_dut/dram_iface_dut/controller/u_ddr_core/refresh_timer_q_reg[2]/C
  -------------------------------------------------------------------    -------------------
    SLICE_X163Y223       FDRE (Prop_fdre_C_Q)         0.204     8.024 f  dram_dut/dram_iface_dut/controller/u_ddr_core/refresh_timer_q_reg[2]/Q
                         net (fo=18, routed)          0.782     8.806    dram_dut/dram_iface_dut/controller/u_ddr_core/u_seq/u_write_fifo/i__i_1[2]
    SLICE_X161Y226       LUT6 (Prop_lut6_I3_O)        0.126     8.932 f  dram_dut/dram_iface_dut/controller/u_ddr_core/u_seq/u_write_fifo/delay_q[5]_i_12/O
                         net (fo=1, routed)           0.362     9.294    dram_dut/dram_iface_dut/controller/u_ddr_core/u_seq/u_write_fifo/delay_q[5]_i_12_n_0
    SLICE_X160Y226       LUT6 (Prop_lut6_I2_O)        0.043     9.337 f  dram_dut/dram_iface_dut/controller/u_ddr_core/u_seq/u_write_fifo/delay_q[5]_i_7/O
                         net (fo=5, routed)           0.680    10.016    dram_dut/dram_iface_dut/controller/u_ddr_core/u_seq/u_write_fifo/refresh_timer_q_reg[7]
    SLICE_X162Y221       LUT5 (Prop_lut5_I0_O)        0.043    10.059 r  dram_dut/dram_iface_dut/controller/u_ddr_core/u_seq/u_write_fifo/delay_q[1]_i_3/O
                         net (fo=15, routed)          0.578    10.637    dram_dut/dram_iface_dut/controller/u_ddr_core/u_seq/state_q_reg[2]
    SLICE_X162Y221       LUT6 (Prop_lut6_I3_O)        0.043    10.680 f  dram_dut/dram_iface_dut/controller/u_ddr_core/u_seq/ram_accept_r_i_5/O
                         net (fo=2, routed)           1.489    12.169    main_memory/ram_accept
    SLICE_X149Y192       LUT2 (Prop_lut2_I1_O)        0.054    12.223 r  main_memory/we_r_i_2/O
                         net (fo=2, routed)           1.163    13.386    obi_demux_dut/we_r_reg
    SLICE_X160Y213       LUT6 (Prop_lut6_I0_O)        0.137    13.523 r  obi_demux_dut/re_r_i_1/O
                         net (fo=1, routed)           0.000    13.523    dram_dut/dram_iface_dut/re_r_reg_1
    SLICE_X160Y213       FDRE                                         r  dram_dut/dram_iface_dut/re_r_reg/D
  -------------------------------------------------------------------    -------------------

                         (clock clk_out5_clk_wiz_1_1 rise edge)
                                                     20.000    20.000 r  
    H9                                                0.000    20.000 r  clk_p (IN)
                         net (fo=0)                   0.000    20.000    u_pll/inst/clk_in1_p
    H9                   IBUFDS (Prop_ibufds_I_O)     0.778    20.778 r  u_pll/inst/clkin1_ibufgds/O
                         net (fo=1, routed)           0.986    21.764    u_pll/inst/clk_in1_clk_wiz_1
    MMCME2_ADV_X1Y5      MMCME2_ADV (Prop_mmcme2_adv_CLKIN1_CLKOUT4)
                                                     -6.516    15.248 r  u_pll/inst/mmcm_adv_inst/CLKOUT4
                         net (fo=1, routed)           1.788    17.036    u_pll/inst/clk_out5_clk_wiz_1
    BUFGCTRL_X0Y20       BUFG (Prop_bufg_I_O)         0.083    17.119 r  u_pll/inst/clkout5_buf/O
                         net (fo=2471, routed)        1.299    18.418    dram_dut/dram_iface_dut/clk_out5
    SLICE_X160Y213       FDRE                                         r  dram_dut/dram_iface_dut/re_r_reg/C
                         clock pessimism             -0.926    17.492    
                         clock uncertainty           -0.194    17.298    
    SLICE_X160Y213       FDRE (Setup_fdre_C_D)        0.064    17.362    dram_dut/dram_iface_dut/re_r_reg
  -------------------------------------------------------------------
                         required time                         17.362    
                         arrival time                         -13.523    
  -------------------------------------------------------------------
                         slack                                  3.839    

Slack (MET) :             3.937ns  (required time - arrival time)
  Source:                 dram_dut/dram_iface_dut/controller/u_ddr_core/refresh_timer_q_reg[2]/C
                            (rising edge-triggered cell FDRE clocked by clk_out1_clk_wiz_1_1  {rise@0.000ns fall@5.000ns period=10.000ns})
  Destination:            dram_dut/dram_iface_dut/we_r_reg/D
                            (rising edge-triggered cell FDRE clocked by clk_out5_clk_wiz_1_1  {rise@0.000ns fall@10.000ns period=20.000ns})
  Path Group:             clk_out5_clk_wiz_1_1
  Path Type:              Setup (Max at Slow Process Corner)
  Requirement:            10.000ns  (clk_out5_clk_wiz_1_1 rise@20.000ns - clk_out1_clk_wiz_1_1 rise@10.000ns)
  Data Path Delay:        5.605ns  (logic 0.650ns (11.596%)  route 4.955ns (88.404%))
  Logic Levels:           6  (LUT2=1 LUT5=1 LUT6=4)
  Clock Path Skew:        -0.328ns (DCD - SCD + CPR)
    Destination Clock Delay (DCD):    -1.582ns = ( 18.418 - 20.000 ) 
    Source Clock Delay      (SCD):    -2.180ns = ( 7.820 - 10.000 ) 
    Clock Pessimism Removal (CPR):    -0.926ns
  Clock Uncertainty:      0.194ns  ((TSJ^2 + DJ^2)^1/2) / 2 + PE
    Total System Jitter     (TSJ):    0.071ns
    Discrete Jitter          (DJ):    0.131ns
    Phase Error              (PE):    0.120ns

    Location             Delay type                Incr(ns)  Path(ns)    Netlist Resource(s)
  -------------------------------------------------------------------    -------------------
                         (clock clk_out1_clk_wiz_1_1 rise edge)
                                                     10.000    10.000 r  
    H9                                                0.000    10.000 r  clk_p (IN)
                         net (fo=0)                   0.000    10.000    u_pll/inst/clk_in1_p
    H9                   IBUFDS (Prop_ibufds_I_O)     0.880    10.880 r  u_pll/inst/clkin1_ibufgds/O
                         net (fo=1, routed)           1.081    11.961    u_pll/inst/clk_in1_clk_wiz_1
    MMCME2_ADV_X1Y5      MMCME2_ADV (Prop_mmcme2_adv_CLKIN1_CLKOUT0)
                                                     -7.639     4.322 r  u_pll/inst/mmcm_adv_inst/CLKOUT0
                         net (fo=1, routed)           1.948     6.270    u_pll/inst/clk_out1_clk_wiz_1
    BUFGCTRL_X0Y16       BUFG (Prop_bufg_I_O)         0.093     6.363 r  u_pll/inst/clkout1_buf/O
                         net (fo=567, routed)         1.457     7.820    dram_dut/dram_iface_dut/controller/u_ddr_core/clk_out1
    SLICE_X163Y223       FDRE                                         r  dram_dut/dram_iface_dut/controller/u_ddr_core/refresh_timer_q_reg[2]/C
  -------------------------------------------------------------------    -------------------
    SLICE_X163Y223       FDRE (Prop_fdre_C_Q)         0.204     8.024 f  dram_dut/dram_iface_dut/controller/u_ddr_core/refresh_timer_q_reg[2]/Q
                         net (fo=18, routed)          0.782     8.806    dram_dut/dram_iface_dut/controller/u_ddr_core/u_seq/u_write_fifo/i__i_1[2]
    SLICE_X161Y226       LUT6 (Prop_lut6_I3_O)        0.126     8.932 f  dram_dut/dram_iface_dut/controller/u_ddr_core/u_seq/u_write_fifo/delay_q[5]_i_12/O
                         net (fo=1, routed)           0.362     9.294    dram_dut/dram_iface_dut/controller/u_ddr_core/u_seq/u_write_fifo/delay_q[5]_i_12_n_0
    SLICE_X160Y226       LUT6 (Prop_lut6_I2_O)        0.043     9.337 f  dram_dut/dram_iface_dut/controller/u_ddr_core/u_seq/u_write_fifo/delay_q[5]_i_7/O
                         net (fo=5, routed)           0.680    10.016    dram_dut/dram_iface_dut/controller/u_ddr_core/u_seq/u_write_fifo/refresh_timer_q_reg[7]
    SLICE_X162Y221       LUT5 (Prop_lut5_I0_O)        0.043    10.059 r  dram_dut/dram_iface_dut/controller/u_ddr_core/u_seq/u_write_fifo/delay_q[1]_i_3/O
                         net (fo=15, routed)          0.578    10.637    dram_dut/dram_iface_dut/controller/u_ddr_core/u_seq/state_q_reg[2]
    SLICE_X162Y221       LUT6 (Prop_lut6_I3_O)        0.043    10.680 f  dram_dut/dram_iface_dut/controller/u_ddr_core/u_seq/ram_accept_r_i_5/O
                         net (fo=2, routed)           1.489    12.169    main_memory/ram_accept
    SLICE_X149Y192       LUT2 (Prop_lut2_I1_O)        0.054    12.223 r  main_memory/we_r_i_2/O
                         net (fo=2, routed)           1.065    13.288    obi_demux_dut/we_r_reg
    SLICE_X160Y213       LUT6 (Prop_lut6_I0_O)        0.137    13.425 r  obi_demux_dut/we_r_i_1/O
                         net (fo=1, routed)           0.000    13.425    dram_dut/dram_iface_dut/we_r_reg_1
    SLICE_X160Y213       FDRE                                         r  dram_dut/dram_iface_dut/we_r_reg/D
  -------------------------------------------------------------------    -------------------

                         (clock clk_out5_clk_wiz_1_1 rise edge)
                                                     20.000    20.000 r  
    H9                                                0.000    20.000 r  clk_p (IN)
                         net (fo=0)                   0.000    20.000    u_pll/inst/clk_in1_p
    H9                   IBUFDS (Prop_ibufds_I_O)     0.778    20.778 r  u_pll/inst/clkin1_ibufgds/O
                         net (fo=1, routed)           0.986    21.764    u_pll/inst/clk_in1_clk_wiz_1
    MMCME2_ADV_X1Y5      MMCME2_ADV (Prop_mmcme2_adv_CLKIN1_CLKOUT4)
                                                     -6.516    15.248 r  u_pll/inst/mmcm_adv_inst/CLKOUT4
                         net (fo=1, routed)           1.788    17.036    u_pll/inst/clk_out5_clk_wiz_1
    BUFGCTRL_X0Y20       BUFG (Prop_bufg_I_O)         0.083    17.119 r  u_pll/inst/clkout5_buf/O
                         net (fo=2471, routed)        1.299    18.418    dram_dut/dram_iface_dut/clk_out5
    SLICE_X160Y213       FDRE                                         r  dram_dut/dram_iface_dut/we_r_reg/C
                         clock pessimism             -0.926    17.492    
                         clock uncertainty           -0.194    17.298    
    SLICE_X160Y213       FDRE (Setup_fdre_C_D)        0.065    17.363    dram_dut/dram_iface_dut/we_r_reg
  -------------------------------------------------------------------
                         required time                         17.363    
                         arrival time                         -13.425    
  -------------------------------------------------------------------
                         slack                                  3.937    

Slack (MET) :             6.012ns  (required time - arrival time)
  Source:                 dram_dut/dram_iface_dut/controller/u_ddr_core/refresh_timer_q_reg[2]/C
                            (rising edge-triggered cell FDRE clocked by clk_out1_clk_wiz_1_1  {rise@0.000ns fall@5.000ns period=10.000ns})
  Destination:            dram_dut/dram_iface_dut/ram_accept_r_reg/D
                            (rising edge-triggered cell FDRE clocked by clk_out5_clk_wiz_1_1  {rise@0.000ns fall@10.000ns period=20.000ns})
  Path Group:             clk_out5_clk_wiz_1_1
  Path Type:              Setup (Max at Slow Process Corner)
  Requirement:            10.000ns  (clk_out5_clk_wiz_1_1 rise@20.000ns - clk_out1_clk_wiz_1_1 rise@10.000ns)
  Data Path Delay:        3.528ns  (logic 0.502ns (14.229%)  route 3.026ns (85.771%))
  Logic Levels:           5  (LUT5=1 LUT6=4)
  Clock Path Skew:        -0.330ns (DCD - SCD + CPR)
    Destination Clock Delay (DCD):    -1.584ns = ( 18.416 - 20.000 ) 
    Source Clock Delay      (SCD):    -2.180ns = ( 7.820 - 10.000 ) 
    Clock Pessimism Removal (CPR):    -0.926ns
  Clock Uncertainty:      0.194ns  ((TSJ^2 + DJ^2)^1/2) / 2 + PE
    Total System Jitter     (TSJ):    0.071ns
    Discrete Jitter          (DJ):    0.131ns
    Phase Error              (PE):    0.120ns

    Location             Delay type                Incr(ns)  Path(ns)    Netlist Resource(s)
  -------------------------------------------------------------------    -------------------
                         (clock clk_out1_clk_wiz_1_1 rise edge)
                                                     10.000    10.000 r  
    H9                                                0.000    10.000 r  clk_p (IN)
                         net (fo=0)                   0.000    10.000    u_pll/inst/clk_in1_p
    H9                   IBUFDS (Prop_ibufds_I_O)     0.880    10.880 r  u_pll/inst/clkin1_ibufgds/O
                         net (fo=1, routed)           1.081    11.961    u_pll/inst/clk_in1_clk_wiz_1
    MMCME2_ADV_X1Y5      MMCME2_ADV (Prop_mmcme2_adv_CLKIN1_CLKOUT0)
                                                     -7.639     4.322 r  u_pll/inst/mmcm_adv_inst/CLKOUT0
                         net (fo=1, routed)           1.948     6.270    u_pll/inst/clk_out1_clk_wiz_1
    BUFGCTRL_X0Y16       BUFG (Prop_bufg_I_O)         0.093     6.363 r  u_pll/inst/clkout1_buf/O
                         net (fo=567, routed)         1.457     7.820    dram_dut/dram_iface_dut/controller/u_ddr_core/clk_out1
    SLICE_X163Y223       FDRE                                         r  dram_dut/dram_iface_dut/controller/u_ddr_core/refresh_timer_q_reg[2]/C
  -------------------------------------------------------------------    -------------------
    SLICE_X163Y223       FDRE (Prop_fdre_C_Q)         0.204     8.024 r  dram_dut/dram_iface_dut/controller/u_ddr_core/refresh_timer_q_reg[2]/Q
                         net (fo=18, routed)          0.782     8.806    dram_dut/dram_iface_dut/controller/u_ddr_core/u_seq/u_write_fifo/i__i_1[2]
    SLICE_X161Y226       LUT6 (Prop_lut6_I3_O)        0.126     8.932 r  dram_dut/dram_iface_dut/controller/u_ddr_core/u_seq/u_write_fifo/delay_q[5]_i_12/O
                         net (fo=1, routed)           0.362     9.294    dram_dut/dram_iface_dut/controller/u_ddr_core/u_seq/u_write_fifo/delay_q[5]_i_12_n_0
    SLICE_X160Y226       LUT6 (Prop_lut6_I2_O)        0.043     9.337 r  dram_dut/dram_iface_dut/controller/u_ddr_core/u_seq/u_write_fifo/delay_q[5]_i_7/O
                         net (fo=5, routed)           0.680    10.016    dram_dut/dram_iface_dut/controller/u_ddr_core/u_seq/u_write_fifo/refresh_timer_q_reg[7]
    SLICE_X162Y221       LUT5 (Prop_lut5_I0_O)        0.043    10.059 f  dram_dut/dram_iface_dut/controller/u_ddr_core/u_seq/u_write_fifo/delay_q[1]_i_3/O
                         net (fo=15, routed)          0.578    10.637    dram_dut/dram_iface_dut/controller/u_ddr_core/u_seq/state_q_reg[2]
    SLICE_X162Y221       LUT6 (Prop_lut6_I3_O)        0.043    10.680 r  dram_dut/dram_iface_dut/controller/u_ddr_core/u_seq/ram_accept_r_i_5/O
                         net (fo=2, routed)           0.625    11.305    obi_demux_dut/ram_accept
    SLICE_X160Y215       LUT6 (Prop_lut6_I4_O)        0.043    11.348 r  obi_demux_dut/ram_accept_r_i_1/O
                         net (fo=1, routed)           0.000    11.348    dram_dut/dram_iface_dut/ram_accept_r_reg_0
    SLICE_X160Y215       FDRE                                         r  dram_dut/dram_iface_dut/ram_accept_r_reg/D
  -------------------------------------------------------------------    -------------------

                         (clock clk_out5_clk_wiz_1_1 rise edge)
                                                     20.000    20.000 r  
    H9                                                0.000    20.000 r  clk_p (IN)
                         net (fo=0)                   0.000    20.000    u_pll/inst/clk_in1_p
    H9                   IBUFDS (Prop_ibufds_I_O)     0.778    20.778 r  u_pll/inst/clkin1_ibufgds/O
                         net (fo=1, routed)           0.986    21.764    u_pll/inst/clk_in1_clk_wiz_1
    MMCME2_ADV_X1Y5      MMCME2_ADV (Prop_mmcme2_adv_CLKIN1_CLKOUT4)
                                                     -6.516    15.248 r  u_pll/inst/mmcm_adv_inst/CLKOUT4
                         net (fo=1, routed)           1.788    17.036    u_pll/inst/clk_out5_clk_wiz_1
    BUFGCTRL_X0Y20       BUFG (Prop_bufg_I_O)         0.083    17.119 r  u_pll/inst/clkout5_buf/O
                         net (fo=2471, routed)        1.297    18.416    dram_dut/dram_iface_dut/clk_out5
    SLICE_X160Y215       FDRE                                         r  dram_dut/dram_iface_dut/ram_accept_r_reg/C
                         clock pessimism             -0.926    17.490    
                         clock uncertainty           -0.194    17.296    
    SLICE_X160Y215       FDRE (Setup_fdre_C_D)        0.064    17.360    dram_dut/dram_iface_dut/ram_accept_r_reg
  -------------------------------------------------------------------
                         required time                         17.360    
                         arrival time                         -11.348    
  -------------------------------------------------------------------
                         slack                                  6.012    

Slack (MET) :             7.886ns  (required time - arrival time)
  Source:                 dram_dut/dram_iface_dut/controller/u_ddr_core/u_seq/rd_data_q_reg[2]/C
                            (rising edge-triggered cell FDRE clocked by clk_out1_clk_wiz_1_1  {rise@0.000ns fall@5.000ns period=10.000ns})
  Destination:            dram_dut/dram_iface_dut/wb_dat_o_reg[2]/D
                            (rising edge-triggered cell FDRE clocked by clk_out5_clk_wiz_1_1  {rise@0.000ns fall@10.000ns period=20.000ns})
  Path Group:             clk_out5_clk_wiz_1_1
  Path Type:              Setup (Max at Slow Process Corner)
  Requirement:            10.000ns  (clk_out5_clk_wiz_1_1 rise@20.000ns - clk_out1_clk_wiz_1_1 rise@10.000ns)
  Data Path Delay:        1.464ns  (logic 0.277ns (18.925%)  route 1.187ns (81.075%))
  Logic Levels:           1  (LUT5=1)
  Clock Path Skew:        -0.331ns (DCD - SCD + CPR)
    Destination Clock Delay (DCD):    -1.583ns = ( 18.417 - 20.000 ) 
    Source Clock Delay      (SCD):    -2.178ns = ( 7.822 - 10.000 ) 
    Clock Pessimism Removal (CPR):    -0.926ns
  Clock Uncertainty:      0.194ns  ((TSJ^2 + DJ^2)^1/2) / 2 + PE
    Total System Jitter     (TSJ):    0.071ns
    Discrete Jitter          (DJ):    0.131ns
    Phase Error              (PE):    0.120ns

    Location             Delay type                Incr(ns)  Path(ns)    Netlist Resource(s)
  -------------------------------------------------------------------    -------------------
                         (clock clk_out1_clk_wiz_1_1 rise edge)
                                                     10.000    10.000 r  
    H9                                                0.000    10.000 r  clk_p (IN)
                         net (fo=0)                   0.000    10.000    u_pll/inst/clk_in1_p
    H9                   IBUFDS (Prop_ibufds_I_O)     0.880    10.880 r  u_pll/inst/clkin1_ibufgds/O
                         net (fo=1, routed)           1.081    11.961    u_pll/inst/clk_in1_clk_wiz_1
    MMCME2_ADV_X1Y5      MMCME2_ADV (Prop_mmcme2_adv_CLKIN1_CLKOUT0)
                                                     -7.639     4.322 r  u_pll/inst/mmcm_adv_inst/CLKOUT0
                         net (fo=1, routed)           1.948     6.270    u_pll/inst/clk_out1_clk_wiz_1
    BUFGCTRL_X0Y16       BUFG (Prop_bufg_I_O)         0.093     6.363 r  u_pll/inst/clkout1_buf/O
                         net (fo=567, routed)         1.459     7.822    dram_dut/dram_iface_dut/controller/u_ddr_core/u_seq/clk_out1
    SLICE_X159Y222       FDRE                                         r  dram_dut/dram_iface_dut/controller/u_ddr_core/u_seq/rd_data_q_reg[2]/C
  -------------------------------------------------------------------    -------------------
    SLICE_X159Y222       FDRE (Prop_fdre_C_Q)         0.223     8.045 r  dram_dut/dram_iface_dut/controller/u_ddr_core/u_seq/rd_data_q_reg[2]/Q
                         net (fo=1, routed)           0.655     8.700    obi_demux_dut/wb_dat_o_reg[31]_0[1]
    SLICE_X159Y215       LUT5 (Prop_lut5_I1_O)        0.054     8.754 r  obi_demux_dut/wb_dat_o[2]_i_1/O
                         net (fo=1, routed)           0.532     9.286    dram_dut/dram_iface_dut/D[1]
    SLICE_X159Y214       FDRE                                         r  dram_dut/dram_iface_dut/wb_dat_o_reg[2]/D
  -------------------------------------------------------------------    -------------------

                         (clock clk_out5_clk_wiz_1_1 rise edge)
                                                     20.000    20.000 r  
    H9                                                0.000    20.000 r  clk_p (IN)
                         net (fo=0)                   0.000    20.000    u_pll/inst/clk_in1_p
    H9                   IBUFDS (Prop_ibufds_I_O)     0.778    20.778 r  u_pll/inst/clkin1_ibufgds/O
                         net (fo=1, routed)           0.986    21.764    u_pll/inst/clk_in1_clk_wiz_1
    MMCME2_ADV_X1Y5      MMCME2_ADV (Prop_mmcme2_adv_CLKIN1_CLKOUT4)
                                                     -6.516    15.248 r  u_pll/inst/mmcm_adv_inst/CLKOUT4
                         net (fo=1, routed)           1.788    17.036    u_pll/inst/clk_out5_clk_wiz_1
    BUFGCTRL_X0Y20       BUFG (Prop_bufg_I_O)         0.083    17.119 r  u_pll/inst/clkout5_buf/O
                         net (fo=2471, routed)        1.298    18.417    dram_dut/dram_iface_dut/clk_out5
    SLICE_X159Y214       FDRE                                         r  dram_dut/dram_iface_dut/wb_dat_o_reg[2]/C
                         clock pessimism             -0.926    17.491    
                         clock uncertainty           -0.194    17.297    
    SLICE_X159Y214       FDRE (Setup_fdre_C_D)       -0.125    17.172    dram_dut/dram_iface_dut/wb_dat_o_reg[2]
  -------------------------------------------------------------------
                         required time                         17.172    
                         arrival time                          -9.286    
  -------------------------------------------------------------------
                         slack                                  7.886    

Slack (MET) :             7.896ns  (required time - arrival time)
  Source:                 dram_dut/dram_iface_dut/controller/u_ddr_core/u_seq/rd_data_q_reg[3]/C
                            (rising edge-triggered cell FDRE clocked by clk_out1_clk_wiz_1_1  {rise@0.000ns fall@5.000ns period=10.000ns})
  Destination:            dram_dut/dram_iface_dut/wb_dat_o_reg[3]/D
                            (rising edge-triggered cell FDRE clocked by clk_out5_clk_wiz_1_1  {rise@0.000ns fall@10.000ns period=20.000ns})
  Path Group:             clk_out5_clk_wiz_1_1
  Path Type:              Setup (Max at Slow Process Corner)
  Requirement:            10.000ns  (clk_out5_clk_wiz_1_1 rise@20.000ns - clk_out1_clk_wiz_1_1 rise@10.000ns)
  Data Path Delay:        1.467ns  (logic 0.336ns (22.908%)  route 1.131ns (77.092%))
  Logic Levels:           1  (LUT5=1)
  Clock Path Skew:        -0.331ns (DCD - SCD + CPR)
    Destination Clock Delay (DCD):    -1.583ns = ( 18.417 - 20.000 ) 
    Source Clock Delay      (SCD):    -2.178ns = ( 7.822 - 10.000 ) 
    Clock Pessimism Removal (CPR):    -0.926ns
  Clock Uncertainty:      0.194ns  ((TSJ^2 + DJ^2)^1/2) / 2 + PE
    Total System Jitter     (TSJ):    0.071ns
    Discrete Jitter          (DJ):    0.131ns
    Phase Error              (PE):    0.120ns

    Location             Delay type                Incr(ns)  Path(ns)    Netlist Resource(s)
  -------------------------------------------------------------------    -------------------
                         (clock clk_out1_clk_wiz_1_1 rise edge)
                                                     10.000    10.000 r  
    H9                                                0.000    10.000 r  clk_p (IN)
                         net (fo=0)                   0.000    10.000    u_pll/inst/clk_in1_p
    H9                   IBUFDS (Prop_ibufds_I_O)     0.880    10.880 r  u_pll/inst/clkin1_ibufgds/O
                         net (fo=1, routed)           1.081    11.961    u_pll/inst/clk_in1_clk_wiz_1
    MMCME2_ADV_X1Y5      MMCME2_ADV (Prop_mmcme2_adv_CLKIN1_CLKOUT0)
                                                     -7.639     4.322 r  u_pll/inst/mmcm_adv_inst/CLKOUT0
                         net (fo=1, routed)           1.948     6.270    u_pll/inst/clk_out1_clk_wiz_1
    BUFGCTRL_X0Y16       BUFG (Prop_bufg_I_O)         0.093     6.363 r  u_pll/inst/clkout1_buf/O
                         net (fo=567, routed)         1.459     7.822    dram_dut/dram_iface_dut/controller/u_ddr_core/u_seq/clk_out1
    SLICE_X159Y222       FDRE                                         r  dram_dut/dram_iface_dut/controller/u_ddr_core/u_seq/rd_data_q_reg[3]/C
  -------------------------------------------------------------------    -------------------
    SLICE_X159Y222       FDRE (Prop_fdre_C_Q)         0.204     8.026 r  dram_dut/dram_iface_dut/controller/u_ddr_core/u_seq/rd_data_q_reg[3]/Q
                         net (fo=1, routed)           0.682     8.708    obi_demux_dut/wb_dat_o_reg[31]_0[2]
    SLICE_X159Y215       LUT5 (Prop_lut5_I1_O)        0.132     8.840 r  obi_demux_dut/wb_dat_o[3]_i_1/O
                         net (fo=1, routed)           0.449     9.289    dram_dut/dram_iface_dut/D[2]
    SLICE_X159Y214       FDRE                                         r  dram_dut/dram_iface_dut/wb_dat_o_reg[3]/D
  -------------------------------------------------------------------    -------------------

                         (clock clk_out5_clk_wiz_1_1 rise edge)
                                                     20.000    20.000 r  
    H9                                                0.000    20.000 r  clk_p (IN)
                         net (fo=0)                   0.000    20.000    u_pll/inst/clk_in1_p
    H9                   IBUFDS (Prop_ibufds_I_O)     0.778    20.778 r  u_pll/inst/clkin1_ibufgds/O
                         net (fo=1, routed)           0.986    21.764    u_pll/inst/clk_in1_clk_wiz_1
    MMCME2_ADV_X1Y5      MMCME2_ADV (Prop_mmcme2_adv_CLKIN1_CLKOUT4)
                                                     -6.516    15.248 r  u_pll/inst/mmcm_adv_inst/CLKOUT4
                         net (fo=1, routed)           1.788    17.036    u_pll/inst/clk_out5_clk_wiz_1
    BUFGCTRL_X0Y20       BUFG (Prop_bufg_I_O)         0.083    17.119 r  u_pll/inst/clkout5_buf/O
                         net (fo=2471, routed)        1.298    18.417    dram_dut/dram_iface_dut/clk_out5
    SLICE_X159Y214       FDRE                                         r  dram_dut/dram_iface_dut/wb_dat_o_reg[3]/C
                         clock pessimism             -0.926    17.491    
                         clock uncertainty           -0.194    17.297    
    SLICE_X159Y214       FDRE (Setup_fdre_C_D)       -0.112    17.185    dram_dut/dram_iface_dut/wb_dat_o_reg[3]
  -------------------------------------------------------------------
                         required time                         17.185    
                         arrival time                          -9.289    
  -------------------------------------------------------------------
                         slack                                  7.896    

Slack (MET) :             7.970ns  (required time - arrival time)
  Source:                 dram_dut/dram_iface_dut/controller/u_ddr_core/u_seq/rd_data_q_reg[1]/C
                            (rising edge-triggered cell FDRE clocked by clk_out1_clk_wiz_1_1  {rise@0.000ns fall@5.000ns period=10.000ns})
  Destination:            dram_dut/dram_iface_dut/wb_dat_o_reg[1]/D
                            (rising edge-triggered cell FDRE clocked by clk_out5_clk_wiz_1_1  {rise@0.000ns fall@10.000ns period=20.000ns})
  Path Group:             clk_out5_clk_wiz_1_1
  Path Type:              Setup (Max at Slow Process Corner)
  Requirement:            10.000ns  (clk_out5_clk_wiz_1_1 rise@20.000ns - clk_out1_clk_wiz_1_1 rise@10.000ns)
  Data Path Delay:        1.482ns  (logic 0.329ns (22.194%)  route 1.153ns (77.806%))
  Logic Levels:           1  (LUT5=1)
  Clock Path Skew:        -0.331ns (DCD - SCD + CPR)
    Destination Clock Delay (DCD):    -1.583ns = ( 18.417 - 20.000 ) 
    Source Clock Delay      (SCD):    -2.178ns = ( 7.822 - 10.000 ) 
    Clock Pessimism Removal (CPR):    -0.926ns
  Clock Uncertainty:      0.194ns  ((TSJ^2 + DJ^2)^1/2) / 2 + PE
    Total System Jitter     (TSJ):    0.071ns
    Discrete Jitter          (DJ):    0.131ns
    Phase Error              (PE):    0.120ns

    Location             Delay type                Incr(ns)  Path(ns)    Netlist Resource(s)
  -------------------------------------------------------------------    -------------------
                         (clock clk_out1_clk_wiz_1_1 rise edge)
                                                     10.000    10.000 r  
    H9                                                0.000    10.000 r  clk_p (IN)
                         net (fo=0)                   0.000    10.000    u_pll/inst/clk_in1_p
    H9                   IBUFDS (Prop_ibufds_I_O)     0.880    10.880 r  u_pll/inst/clkin1_ibufgds/O
                         net (fo=1, routed)           1.081    11.961    u_pll/inst/clk_in1_clk_wiz_1
    MMCME2_ADV_X1Y5      MMCME2_ADV (Prop_mmcme2_adv_CLKIN1_CLKOUT0)
                                                     -7.639     4.322 r  u_pll/inst/mmcm_adv_inst/CLKOUT0
                         net (fo=1, routed)           1.948     6.270    u_pll/inst/clk_out1_clk_wiz_1
    BUFGCTRL_X0Y16       BUFG (Prop_bufg_I_O)         0.093     6.363 r  u_pll/inst/clkout1_buf/O
                         net (fo=567, routed)         1.459     7.822    dram_dut/dram_iface_dut/controller/u_ddr_core/u_seq/clk_out1
    SLICE_X161Y222       FDRE                                         r  dram_dut/dram_iface_dut/controller/u_ddr_core/u_seq/rd_data_q_reg[1]/C
  -------------------------------------------------------------------    -------------------
    SLICE_X161Y222       FDRE (Prop_fdre_C_Q)         0.204     8.026 r  dram_dut/dram_iface_dut/controller/u_ddr_core/u_seq/rd_data_q_reg[1]/Q
                         net (fo=1, routed)           0.669     8.695    obi_demux_dut/wb_dat_o_reg[31]_0[0]
    SLICE_X160Y214       LUT5 (Prop_lut5_I1_O)        0.125     8.820 r  obi_demux_dut/wb_dat_o[1]_i_1/O
                         net (fo=1, routed)           0.484     9.304    dram_dut/dram_iface_dut/D[0]
    SLICE_X159Y214       FDRE                                         r  dram_dut/dram_iface_dut/wb_dat_o_reg[1]/D
  -------------------------------------------------------------------    -------------------

                         (clock clk_out5_clk_wiz_1_1 rise edge)
                                                     20.000    20.000 r  
    H9                                                0.000    20.000 r  clk_p (IN)
                         net (fo=0)                   0.000    20.000    u_pll/inst/clk_in1_p
    H9                   IBUFDS (Prop_ibufds_I_O)     0.778    20.778 r  u_pll/inst/clkin1_ibufgds/O
                         net (fo=1, routed)           0.986    21.764    u_pll/inst/clk_in1_clk_wiz_1
    MMCME2_ADV_X1Y5      MMCME2_ADV (Prop_mmcme2_adv_CLKIN1_CLKOUT4)
                                                     -6.516    15.248 r  u_pll/inst/mmcm_adv_inst/CLKOUT4
                         net (fo=1, routed)           1.788    17.036    u_pll/inst/clk_out5_clk_wiz_1
    BUFGCTRL_X0Y20       BUFG (Prop_bufg_I_O)         0.083    17.119 r  u_pll/inst/clkout5_buf/O
                         net (fo=2471, routed)        1.298    18.417    dram_dut/dram_iface_dut/clk_out5
    SLICE_X159Y214       FDRE                                         r  dram_dut/dram_iface_dut/wb_dat_o_reg[1]/C
                         clock pessimism             -0.926    17.491    
                         clock uncertainty           -0.194    17.297    
    SLICE_X159Y214       FDRE (Setup_fdre_C_D)       -0.022    17.275    dram_dut/dram_iface_dut/wb_dat_o_reg[1]
  -------------------------------------------------------------------
                         required time                         17.275    
                         arrival time                          -9.304    
  -------------------------------------------------------------------
                         slack                                  7.970    

Slack (MET) :             7.990ns  (required time - arrival time)
  Source:                 dram_dut/dram_iface_dut/controller/u_ddr_core/u_seq/rd_data_q_reg[0]/C
                            (rising edge-triggered cell FDRE clocked by clk_out1_clk_wiz_1_1  {rise@0.000ns fall@5.000ns period=10.000ns})
  Destination:            dram_dut/dram_iface_dut/wb_dat_o_reg[0]/D
                            (rising edge-triggered cell FDRE clocked by clk_out5_clk_wiz_1_1  {rise@0.000ns fall@10.000ns period=20.000ns})
  Path Group:             clk_out5_clk_wiz_1_1
  Path Type:              Setup (Max at Slow Process Corner)
  Requirement:            10.000ns  (clk_out5_clk_wiz_1_1 rise@20.000ns - clk_out1_clk_wiz_1_1 rise@10.000ns)
  Data Path Delay:        1.547ns  (logic 0.309ns (19.979%)  route 1.238ns (80.021%))
  Logic Levels:           2  (LUT4=1 LUT6=1)
  Clock Path Skew:        -0.333ns (DCD - SCD + CPR)
    Destination Clock Delay (DCD):    -1.585ns = ( 18.415 - 20.000 ) 
    Source Clock Delay      (SCD):    -2.178ns = ( 7.822 - 10.000 ) 
    Clock Pessimism Removal (CPR):    -0.926ns
  Clock Uncertainty:      0.194ns  ((TSJ^2 + DJ^2)^1/2) / 2 + PE
    Total System Jitter     (TSJ):    0.071ns
    Discrete Jitter          (DJ):    0.131ns
    Phase Error              (PE):    0.120ns

    Location             Delay type                Incr(ns)  Path(ns)    Netlist Resource(s)
  -------------------------------------------------------------------    -------------------
                         (clock clk_out1_clk_wiz_1_1 rise edge)
                                                     10.000    10.000 r  
    H9                                                0.000    10.000 r  clk_p (IN)
                         net (fo=0)                   0.000    10.000    u_pll/inst/clk_in1_p
    H9                   IBUFDS (Prop_ibufds_I_O)     0.880    10.880 r  u_pll/inst/clkin1_ibufgds/O
                         net (fo=1, routed)           1.081    11.961    u_pll/inst/clk_in1_clk_wiz_1
    MMCME2_ADV_X1Y5      MMCME2_ADV (Prop_mmcme2_adv_CLKIN1_CLKOUT0)
                                                     -7.639     4.322 r  u_pll/inst/mmcm_adv_inst/CLKOUT0
                         net (fo=1, routed)           1.948     6.270    u_pll/inst/clk_out1_clk_wiz_1
    BUFGCTRL_X0Y16       BUFG (Prop_bufg_I_O)         0.093     6.363 r  u_pll/inst/clkout1_buf/O
                         net (fo=567, routed)         1.459     7.822    dram_dut/dram_iface_dut/controller/u_ddr_core/u_seq/clk_out1
    SLICE_X161Y222       FDRE                                         r  dram_dut/dram_iface_dut/controller/u_ddr_core/u_seq/rd_data_q_reg[0]/C
  -------------------------------------------------------------------    -------------------
    SLICE_X161Y222       FDRE (Prop_fdre_C_Q)         0.223     8.045 r  dram_dut/dram_iface_dut/controller/u_ddr_core/u_seq/rd_data_q_reg[0]/Q
                         net (fo=1, routed)           0.663     8.708    dram_dut/dram_iface_dut/controller/u_ddr_core/u_seq/ram_rd_data[0]
    SLICE_X159Y218       LUT6 (Prop_lut6_I5_O)        0.043     8.751 r  dram_dut/dram_iface_dut/controller/u_ddr_core/u_seq/wb_dat_o[0]_i_2/O
                         net (fo=1, routed)           0.574     9.326    dram_dut/dram_iface_dut/controller/u_ddr_core/u_seq/wb_dat_o[0]_i_2_n_0
    SLICE_X160Y216       LUT4 (Prop_lut4_I0_O)        0.043     9.369 r  dram_dut/dram_iface_dut/controller/u_ddr_core/u_seq/wb_dat_o[0]_i_1/O
                         net (fo=1, routed)           0.000     9.369    dram_dut/dram_iface_dut/controller_n_44
    SLICE_X160Y216       FDRE                                         r  dram_dut/dram_iface_dut/wb_dat_o_reg[0]/D
  -------------------------------------------------------------------    -------------------

                         (clock clk_out5_clk_wiz_1_1 rise edge)
                                                     20.000    20.000 r  
    H9                                                0.000    20.000 r  clk_p (IN)
                         net (fo=0)                   0.000    20.000    u_pll/inst/clk_in1_p
    H9                   IBUFDS (Prop_ibufds_I_O)     0.778    20.778 r  u_pll/inst/clkin1_ibufgds/O
                         net (fo=1, routed)           0.986    21.764    u_pll/inst/clk_in1_clk_wiz_1
    MMCME2_ADV_X1Y5      MMCME2_ADV (Prop_mmcme2_adv_CLKIN1_CLKOUT4)
                                                     -6.516    15.248 r  u_pll/inst/mmcm_adv_inst/CLKOUT4
                         net (fo=1, routed)           1.788    17.036    u_pll/inst/clk_out5_clk_wiz_1
    BUFGCTRL_X0Y20       BUFG (Prop_bufg_I_O)         0.083    17.119 r  u_pll/inst/clkout5_buf/O
                         net (fo=2471, routed)        1.296    18.415    dram_dut/dram_iface_dut/clk_out5
    SLICE_X160Y216       FDRE                                         r  dram_dut/dram_iface_dut/wb_dat_o_reg[0]/C
                         clock pessimism             -0.926    17.489    
                         clock uncertainty           -0.194    17.295    
    SLICE_X160Y216       FDRE (Setup_fdre_C_D)        0.064    17.359    dram_dut/dram_iface_dut/wb_dat_o_reg[0]
  -------------------------------------------------------------------
                         required time                         17.359    
                         arrival time                          -9.369    
  -------------------------------------------------------------------
                         slack                                  7.990    

Slack (MET) :             8.049ns  (required time - arrival time)
  Source:                 dram_dut/dram_iface_dut/controller/u_ddr_core/u_seq/rd_data_q_reg[4]/C
                            (rising edge-triggered cell FDRE clocked by clk_out1_clk_wiz_1_1  {rise@0.000ns fall@5.000ns period=10.000ns})
  Destination:            dram_dut/dram_iface_dut/wb_dat_o_reg[4]/D
                            (rising edge-triggered cell FDRE clocked by clk_out5_clk_wiz_1_1  {rise@0.000ns fall@10.000ns period=20.000ns})
  Path Group:             clk_out5_clk_wiz_1_1
  Path Type:              Setup (Max at Slow Process Corner)
  Requirement:            10.000ns  (clk_out5_clk_wiz_1_1 rise@20.000ns - clk_out1_clk_wiz_1_1 rise@10.000ns)
  Data Path Delay:        1.316ns  (logic 0.273ns (20.747%)  route 1.043ns (79.253%))
  Logic Levels:           1  (LUT5=1)
  Clock Path Skew:        -0.331ns (DCD - SCD + CPR)
    Destination Clock Delay (DCD):    -1.583ns = ( 18.417 - 20.000 ) 
    Source Clock Delay      (SCD):    -2.178ns = ( 7.822 - 10.000 ) 
    Clock Pessimism Removal (CPR):    -0.926ns
  Clock Uncertainty:      0.194ns  ((TSJ^2 + DJ^2)^1/2) / 2 + PE
    Total System Jitter     (TSJ):    0.071ns
    Discrete Jitter          (DJ):    0.131ns
    Phase Error              (PE):    0.120ns

    Location             Delay type                Incr(ns)  Path(ns)    Netlist Resource(s)
  -------------------------------------------------------------------    -------------------
                         (clock clk_out1_clk_wiz_1_1 rise edge)
                                                     10.000    10.000 r  
    H9                                                0.000    10.000 r  clk_p (IN)
                         net (fo=0)                   0.000    10.000    u_pll/inst/clk_in1_p
    H9                   IBUFDS (Prop_ibufds_I_O)     0.880    10.880 r  u_pll/inst/clkin1_ibufgds/O
                         net (fo=1, routed)           1.081    11.961    u_pll/inst/clk_in1_clk_wiz_1
    MMCME2_ADV_X1Y5      MMCME2_ADV (Prop_mmcme2_adv_CLKIN1_CLKOUT0)
                                                     -7.639     4.322 r  u_pll/inst/mmcm_adv_inst/CLKOUT0
                         net (fo=1, routed)           1.948     6.270    u_pll/inst/clk_out1_clk_wiz_1
    BUFGCTRL_X0Y16       BUFG (Prop_bufg_I_O)         0.093     6.363 r  u_pll/inst/clkout1_buf/O
                         net (fo=567, routed)         1.459     7.822    dram_dut/dram_iface_dut/controller/u_ddr_core/u_seq/clk_out1
    SLICE_X161Y222       FDRE                                         r  dram_dut/dram_iface_dut/controller/u_ddr_core/u_seq/rd_data_q_reg[4]/C
  -------------------------------------------------------------------    -------------------
    SLICE_X161Y222       FDRE (Prop_fdre_C_Q)         0.223     8.045 r  dram_dut/dram_iface_dut/controller/u_ddr_core/u_seq/rd_data_q_reg[4]/Q
                         net (fo=1, routed)           0.440     8.485    obi_demux_dut/wb_dat_o_reg[31]_0[3]
    SLICE_X160Y218       LUT5 (Prop_lut5_I1_O)        0.050     8.535 r  obi_demux_dut/wb_dat_o[4]_i_1/O
                         net (fo=1, routed)           0.603     9.138    dram_dut/dram_iface_dut/D[3]
    SLICE_X159Y214       FDRE                                         r  dram_dut/dram_iface_dut/wb_dat_o_reg[4]/D
  -------------------------------------------------------------------    -------------------

                         (clock clk_out5_clk_wiz_1_1 rise edge)
                                                     20.000    20.000 r  
    H9                                                0.000    20.000 r  clk_p (IN)
                         net (fo=0)                   0.000    20.000    u_pll/inst/clk_in1_p
    H9                   IBUFDS (Prop_ibufds_I_O)     0.778    20.778 r  u_pll/inst/clkin1_ibufgds/O
                         net (fo=1, routed)           0.986    21.764    u_pll/inst/clk_in1_clk_wiz_1
    MMCME2_ADV_X1Y5      MMCME2_ADV (Prop_mmcme2_adv_CLKIN1_CLKOUT4)
                                                     -6.516    15.248 r  u_pll/inst/mmcm_adv_inst/CLKOUT4
                         net (fo=1, routed)           1.788    17.036    u_pll/inst/clk_out5_clk_wiz_1
    BUFGCTRL_X0Y20       BUFG (Prop_bufg_I_O)         0.083    17.119 r  u_pll/inst/clkout5_buf/O
                         net (fo=2471, routed)        1.298    18.417    dram_dut/dram_iface_dut/clk_out5
    SLICE_X159Y214       FDRE                                         r  dram_dut/dram_iface_dut/wb_dat_o_reg[4]/C
                         clock pessimism             -0.926    17.491    
                         clock uncertainty           -0.194    17.297    
    SLICE_X159Y214       FDRE (Setup_fdre_C_D)       -0.110    17.187    dram_dut/dram_iface_dut/wb_dat_o_reg[4]
  -------------------------------------------------------------------
                         required time                         17.187    
                         arrival time                          -9.138    
  -------------------------------------------------------------------
                         slack                                  8.049    

Slack (MET) :             8.050ns  (required time - arrival time)
  Source:                 dram_dut/dram_iface_dut/controller/u_ddr_core/u_seq/rd_data_q_reg[22]/C
                            (rising edge-triggered cell FDRE clocked by clk_out1_clk_wiz_1_1  {rise@0.000ns fall@5.000ns period=10.000ns})
  Destination:            dram_dut/dram_iface_dut/wb_dat_o_reg[22]/D
                            (rising edge-triggered cell FDRE clocked by clk_out5_clk_wiz_1_1  {rise@0.000ns fall@10.000ns period=20.000ns})
  Path Group:             clk_out5_clk_wiz_1_1
  Path Type:              Setup (Max at Slow Process Corner)
  Requirement:            10.000ns  (clk_out5_clk_wiz_1_1 rise@20.000ns - clk_out1_clk_wiz_1_1 rise@10.000ns)
  Data Path Delay:        1.451ns  (logic 0.266ns (18.327%)  route 1.185ns (81.673%))
  Logic Levels:           1  (LUT5=1)
  Clock Path Skew:        -0.338ns (DCD - SCD + CPR)
    Destination Clock Delay (DCD):    -1.592ns = ( 18.408 - 20.000 ) 
    Source Clock Delay      (SCD):    -2.180ns = ( 7.820 - 10.000 ) 
    Clock Pessimism Removal (CPR):    -0.926ns
  Clock Uncertainty:      0.194ns  ((TSJ^2 + DJ^2)^1/2) / 2 + PE
    Total System Jitter     (TSJ):    0.071ns
    Discrete Jitter          (DJ):    0.131ns
    Phase Error              (PE):    0.120ns

    Location             Delay type                Incr(ns)  Path(ns)    Netlist Resource(s)
  -------------------------------------------------------------------    -------------------
                         (clock clk_out1_clk_wiz_1_1 rise edge)
                                                     10.000    10.000 r  
    H9                                                0.000    10.000 r  clk_p (IN)
                         net (fo=0)                   0.000    10.000    u_pll/inst/clk_in1_p
    H9                   IBUFDS (Prop_ibufds_I_O)     0.880    10.880 r  u_pll/inst/clkin1_ibufgds/O
                         net (fo=1, routed)           1.081    11.961    u_pll/inst/clk_in1_clk_wiz_1
    MMCME2_ADV_X1Y5      MMCME2_ADV (Prop_mmcme2_adv_CLKIN1_CLKOUT0)
                                                     -7.639     4.322 r  u_pll/inst/mmcm_adv_inst/CLKOUT0
                         net (fo=1, routed)           1.948     6.270    u_pll/inst/clk_out1_clk_wiz_1
    BUFGCTRL_X0Y16       BUFG (Prop_bufg_I_O)         0.093     6.363 r  u_pll/inst/clkout1_buf/O
                         net (fo=567, routed)         1.457     7.820    dram_dut/dram_iface_dut/controller/u_ddr_core/u_seq/clk_out1
    SLICE_X159Y226       FDRE                                         r  dram_dut/dram_iface_dut/controller/u_ddr_core/u_seq/rd_data_q_reg[22]/C
  -------------------------------------------------------------------    -------------------
    SLICE_X159Y226       FDRE (Prop_fdre_C_Q)         0.223     8.043 r  dram_dut/dram_iface_dut/controller/u_ddr_core/u_seq/rd_data_q_reg[22]/Q
                         net (fo=1, routed)           1.185     9.228    obi_demux_dut/wb_dat_o_reg[31]_0[21]
    SLICE_X159Y223       LUT5 (Prop_lut5_I1_O)        0.043     9.271 r  obi_demux_dut/wb_dat_o[22]_i_1/O
                         net (fo=1, routed)           0.000     9.271    dram_dut/dram_iface_dut/D[21]
    SLICE_X159Y223       FDRE                                         r  dram_dut/dram_iface_dut/wb_dat_o_reg[22]/D
  -------------------------------------------------------------------    -------------------

                         (clock clk_out5_clk_wiz_1_1 rise edge)
                                                     20.000    20.000 r  
    H9                                                0.000    20.000 r  clk_p (IN)
                         net (fo=0)                   0.000    20.000    u_pll/inst/clk_in1_p
    H9                   IBUFDS (Prop_ibufds_I_O)     0.778    20.778 r  u_pll/inst/clkin1_ibufgds/O
                         net (fo=1, routed)           0.986    21.764    u_pll/inst/clk_in1_clk_wiz_1
    MMCME2_ADV_X1Y5      MMCME2_ADV (Prop_mmcme2_adv_CLKIN1_CLKOUT4)
                                                     -6.516    15.248 r  u_pll/inst/mmcm_adv_inst/CLKOUT4
                         net (fo=1, routed)           1.788    17.036    u_pll/inst/clk_out5_clk_wiz_1
    BUFGCTRL_X0Y20       BUFG (Prop_bufg_I_O)         0.083    17.119 r  u_pll/inst/clkout5_buf/O
                         net (fo=2471, routed)        1.289    18.408    dram_dut/dram_iface_dut/clk_out5
    SLICE_X159Y223       FDRE                                         r  dram_dut/dram_iface_dut/wb_dat_o_reg[22]/C
                         clock pessimism             -0.926    17.482    
                         clock uncertainty           -0.194    17.288    
    SLICE_X159Y223       FDRE (Setup_fdre_C_D)        0.034    17.322    dram_dut/dram_iface_dut/wb_dat_o_reg[22]
  -------------------------------------------------------------------
                         required time                         17.322    
                         arrival time                          -9.271    
  -------------------------------------------------------------------
                         slack                                  8.050    

Slack (MET) :             8.055ns  (required time - arrival time)
  Source:                 dram_dut/dram_iface_dut/controller/u_ddr_core/u_seq/rd_data_q_reg[10]/C
                            (rising edge-triggered cell FDRE clocked by clk_out1_clk_wiz_1_1  {rise@0.000ns fall@5.000ns period=10.000ns})
  Destination:            dram_dut/dram_iface_dut/wb_dat_o_reg[10]/D
                            (rising edge-triggered cell FDRE clocked by clk_out5_clk_wiz_1_1  {rise@0.000ns fall@10.000ns period=20.000ns})
  Path Group:             clk_out5_clk_wiz_1_1
  Path Type:              Setup (Max at Slow Process Corner)
  Requirement:            10.000ns  (clk_out5_clk_wiz_1_1 rise@20.000ns - clk_out1_clk_wiz_1_1 rise@10.000ns)
  Data Path Delay:        1.480ns  (logic 0.266ns (17.979%)  route 1.214ns (82.021%))
  Logic Levels:           1  (LUT5=1)
  Clock Path Skew:        -0.335ns (DCD - SCD + CPR)
    Destination Clock Delay (DCD):    -1.587ns = ( 18.413 - 20.000 ) 
    Source Clock Delay      (SCD):    -2.178ns = ( 7.822 - 10.000 ) 
    Clock Pessimism Removal (CPR):    -0.926ns
  Clock Uncertainty:      0.194ns  ((TSJ^2 + DJ^2)^1/2) / 2 + PE
    Total System Jitter     (TSJ):    0.071ns
    Discrete Jitter          (DJ):    0.131ns
    Phase Error              (PE):    0.120ns

    Location             Delay type                Incr(ns)  Path(ns)    Netlist Resource(s)
  -------------------------------------------------------------------    -------------------
                         (clock clk_out1_clk_wiz_1_1 rise edge)
                                                     10.000    10.000 r  
    H9                                                0.000    10.000 r  clk_p (IN)
                         net (fo=0)                   0.000    10.000    u_pll/inst/clk_in1_p
    H9                   IBUFDS (Prop_ibufds_I_O)     0.880    10.880 r  u_pll/inst/clkin1_ibufgds/O
                         net (fo=1, routed)           1.081    11.961    u_pll/inst/clk_in1_clk_wiz_1
    MMCME2_ADV_X1Y5      MMCME2_ADV (Prop_mmcme2_adv_CLKIN1_CLKOUT0)
                                                     -7.639     4.322 r  u_pll/inst/mmcm_adv_inst/CLKOUT0
                         net (fo=1, routed)           1.948     6.270    u_pll/inst/clk_out1_clk_wiz_1
    BUFGCTRL_X0Y16       BUFG (Prop_bufg_I_O)         0.093     6.363 r  u_pll/inst/clkout1_buf/O
                         net (fo=567, routed)         1.459     7.822    dram_dut/dram_iface_dut/controller/u_ddr_core/u_seq/clk_out1
    SLICE_X161Y222       FDRE                                         r  dram_dut/dram_iface_dut/controller/u_ddr_core/u_seq/rd_data_q_reg[10]/C
  -------------------------------------------------------------------    -------------------
    SLICE_X161Y222       FDRE (Prop_fdre_C_Q)         0.223     8.045 r  dram_dut/dram_iface_dut/controller/u_ddr_core/u_seq/rd_data_q_reg[10]/Q
                         net (fo=1, routed)           1.214     9.258    obi_demux_dut/wb_dat_o_reg[31]_0[9]
    SLICE_X160Y219       LUT5 (Prop_lut5_I1_O)        0.043     9.301 r  obi_demux_dut/wb_dat_o[10]_i_1/O
                         net (fo=1, routed)           0.000     9.301    dram_dut/dram_iface_dut/D[9]
    SLICE_X160Y219       FDRE                                         r  dram_dut/dram_iface_dut/wb_dat_o_reg[10]/D
  -------------------------------------------------------------------    -------------------

                         (clock clk_out5_clk_wiz_1_1 rise edge)
                                                     20.000    20.000 r  
    H9                                                0.000    20.000 r  clk_p (IN)
                         net (fo=0)                   0.000    20.000    u_pll/inst/clk_in1_p
    H9                   IBUFDS (Prop_ibufds_I_O)     0.778    20.778 r  u_pll/inst/clkin1_ibufgds/O
                         net (fo=1, routed)           0.986    21.764    u_pll/inst/clk_in1_clk_wiz_1
    MMCME2_ADV_X1Y5      MMCME2_ADV (Prop_mmcme2_adv_CLKIN1_CLKOUT4)
                                                     -6.516    15.248 r  u_pll/inst/mmcm_adv_inst/CLKOUT4
                         net (fo=1, routed)           1.788    17.036    u_pll/inst/clk_out5_clk_wiz_1
    BUFGCTRL_X0Y20       BUFG (Prop_bufg_I_O)         0.083    17.119 r  u_pll/inst/clkout5_buf/O
                         net (fo=2471, routed)        1.294    18.413    dram_dut/dram_iface_dut/clk_out5
    SLICE_X160Y219       FDRE                                         r  dram_dut/dram_iface_dut/wb_dat_o_reg[10]/C
                         clock pessimism             -0.926    17.487    
                         clock uncertainty           -0.194    17.293    
    SLICE_X160Y219       FDRE (Setup_fdre_C_D)        0.064    17.357    dram_dut/dram_iface_dut/wb_dat_o_reg[10]
  -------------------------------------------------------------------
                         required time                         17.357    
                         arrival time                          -9.301    
  -------------------------------------------------------------------
                         slack                                  8.055    





Min Delay Paths
--------------------------------------------------------------------------------------
Slack (MET) :             0.054ns  (arrival time - required time)
  Source:                 dram_dut/dram_iface_dut/controller/u_ddr_core/u_seq/rd_data_q_reg[11]/C
                            (rising edge-triggered cell FDRE clocked by clk_out1_clk_wiz_1_1  {rise@0.000ns fall@5.000ns period=10.000ns})
  Destination:            dram_dut/dram_iface_dut/wb_dat_o_reg[11]/D
                            (rising edge-triggered cell FDRE clocked by clk_out5_clk_wiz_1_1  {rise@0.000ns fall@10.000ns period=20.000ns})
  Path Group:             clk_out5_clk_wiz_1_1
  Path Type:              Hold (Min at Fast Process Corner)
  Requirement:            0.000ns  (clk_out5_clk_wiz_1_1 rise@0.000ns - clk_out1_clk_wiz_1_1 rise@0.000ns)
  Data Path Delay:        0.616ns  (logic 0.157ns (25.500%)  route 0.459ns (74.500%))
  Logic Levels:           1  (LUT5=1)
  Clock Path Skew:        0.307ns (DCD - SCD - CPR)
    Destination Clock Delay (DCD):    -0.631ns
    Source Clock Delay      (SCD):    -0.601ns
    Clock Pessimism Removal (CPR):    -0.337ns
  Clock Uncertainty:      0.194ns  ((TSJ^2 + DJ^2)^1/2) / 2 + PE
    Total System Jitter     (TSJ):    0.071ns
    Discrete Jitter          (DJ):    0.131ns
    Phase Error              (PE):    0.120ns

    Location             Delay type                Incr(ns)  Path(ns)    Netlist Resource(s)
  -------------------------------------------------------------------    -------------------
                         (clock clk_out1_clk_wiz_1_1 rise edge)
                                                      0.000     0.000 r  
    H9                                                0.000     0.000 r  clk_p (IN)
                         net (fo=0)                   0.000     0.000    u_pll/inst/clk_in1_p
    H9                   IBUFDS (Prop_ibufds_I_O)     0.363     0.363 r  u_pll/inst/clkin1_ibufgds/O
                         net (fo=1, routed)           0.503     0.866    u_pll/inst/clk_in1_clk_wiz_1
    MMCME2_ADV_X1Y5      MMCME2_ADV (Prop_mmcme2_adv_CLKIN1_CLKOUT0)
                                                     -3.122    -2.256 r  u_pll/inst/mmcm_adv_inst/CLKOUT0
                         net (fo=1, routed)           0.969    -1.287    u_pll/inst/clk_out1_clk_wiz_1
    BUFGCTRL_X0Y16       BUFG (Prop_bufg_I_O)         0.026    -1.261 r  u_pll/inst/clkout1_buf/O
                         net (fo=567, routed)         0.660    -0.601    dram_dut/dram_iface_dut/controller/u_ddr_core/u_seq/clk_out1
    SLICE_X161Y222       FDRE                                         r  dram_dut/dram_iface_dut/controller/u_ddr_core/u_seq/rd_data_q_reg[11]/C
  -------------------------------------------------------------------    -------------------
    SLICE_X161Y222       FDRE (Prop_fdre_C_Q)         0.091    -0.510 r  dram_dut/dram_iface_dut/controller/u_ddr_core/u_seq/rd_data_q_reg[11]/Q
                         net (fo=1, routed)           0.459    -0.051    obi_demux_dut/wb_dat_o_reg[31]_0[10]
    SLICE_X159Y219       LUT5 (Prop_lut5_I1_O)        0.066     0.015 r  obi_demux_dut/wb_dat_o[11]_i_1/O
                         net (fo=1, routed)           0.000     0.015    dram_dut/dram_iface_dut/D[10]
    SLICE_X159Y219       FDRE                                         r  dram_dut/dram_iface_dut/wb_dat_o_reg[11]/D
  -------------------------------------------------------------------    -------------------

                         (clock clk_out5_clk_wiz_1_1 rise edge)
                                                      0.000     0.000 r  
    H9                                                0.000     0.000 r  clk_p (IN)
                         net (fo=0)                   0.000     0.000    u_pll/inst/clk_in1_p
    H9                   IBUFDS (Prop_ibufds_I_O)     0.444     0.444 r  u_pll/inst/clkin1_ibufgds/O
                         net (fo=1, routed)           0.553     0.997    u_pll/inst/clk_in1_clk_wiz_1
    MMCME2_ADV_X1Y5      MMCME2_ADV (Prop_mmcme2_adv_CLKIN1_CLKOUT4)
                                                     -3.590    -2.593 r  u_pll/inst/mmcm_adv_inst/CLKOUT4
                         net (fo=1, routed)           1.044    -1.549    u_pll/inst/clk_out5_clk_wiz_1
    BUFGCTRL_X0Y20       BUFG (Prop_bufg_I_O)         0.030    -1.519 r  u_pll/inst/clkout5_buf/O
                         net (fo=2471, routed)        0.888    -0.631    dram_dut/dram_iface_dut/clk_out5
    SLICE_X159Y219       FDRE                                         r  dram_dut/dram_iface_dut/wb_dat_o_reg[11]/C
                         clock pessimism              0.337    -0.294    
                         clock uncertainty            0.194    -0.100    
    SLICE_X159Y219       FDRE (Hold_fdre_C_D)         0.060    -0.040    dram_dut/dram_iface_dut/wb_dat_o_reg[11]
  -------------------------------------------------------------------
                         required time                          0.040    
                         arrival time                           0.015    
  -------------------------------------------------------------------
                         slack                                  0.054    

Slack (MET) :             0.073ns  (arrival time - required time)
  Source:                 dram_dut/dram_iface_dut/controller/u_ddr_core/u_seq/rd_data_q_reg[29]/C
                            (rising edge-triggered cell FDRE clocked by clk_out1_clk_wiz_1_1  {rise@0.000ns fall@5.000ns period=10.000ns})
  Destination:            dram_dut/dram_iface_dut/wb_dat_o_reg[29]/D
                            (rising edge-triggered cell FDRE clocked by clk_out5_clk_wiz_1_1  {rise@0.000ns fall@10.000ns period=20.000ns})
  Path Group:             clk_out5_clk_wiz_1_1
  Path Type:              Hold (Min at Fast Process Corner)
  Requirement:            0.000ns  (clk_out5_clk_wiz_1_1 rise@0.000ns - clk_out1_clk_wiz_1_1 rise@0.000ns)
  Data Path Delay:        0.630ns  (logic 0.173ns (27.467%)  route 0.457ns (72.533%))
  Logic Levels:           1  (LUT5=1)
  Clock Path Skew:        0.302ns (DCD - SCD - CPR)
    Destination Clock Delay (DCD):    -0.637ns
    Source Clock Delay      (SCD):    -0.602ns
    Clock Pessimism Removal (CPR):    -0.337ns
  Clock Uncertainty:      0.194ns  ((TSJ^2 + DJ^2)^1/2) / 2 + PE
    Total System Jitter     (TSJ):    0.071ns
    Discrete Jitter          (DJ):    0.131ns
    Phase Error              (PE):    0.120ns

    Location             Delay type                Incr(ns)  Path(ns)    Netlist Resource(s)
  -------------------------------------------------------------------    -------------------
                         (clock clk_out1_clk_wiz_1_1 rise edge)
                                                      0.000     0.000 r  
    H9                                                0.000     0.000 r  clk_p (IN)
                         net (fo=0)                   0.000     0.000    u_pll/inst/clk_in1_p
    H9                   IBUFDS (Prop_ibufds_I_O)     0.363     0.363 r  u_pll/inst/clkin1_ibufgds/O
                         net (fo=1, routed)           0.503     0.866    u_pll/inst/clk_in1_clk_wiz_1
    MMCME2_ADV_X1Y5      MMCME2_ADV (Prop_mmcme2_adv_CLKIN1_CLKOUT0)
                                                     -3.122    -2.256 r  u_pll/inst/mmcm_adv_inst/CLKOUT0
                         net (fo=1, routed)           0.969    -1.287    u_pll/inst/clk_out1_clk_wiz_1
    BUFGCTRL_X0Y16       BUFG (Prop_bufg_I_O)         0.026    -1.261 r  u_pll/inst/clkout1_buf/O
                         net (fo=567, routed)         0.659    -0.602    dram_dut/dram_iface_dut/controller/u_ddr_core/u_seq/clk_out1
    SLICE_X158Y226       FDRE                                         r  dram_dut/dram_iface_dut/controller/u_ddr_core/u_seq/rd_data_q_reg[29]/C
  -------------------------------------------------------------------    -------------------
    SLICE_X158Y226       FDRE (Prop_fdre_C_Q)         0.107    -0.495 r  dram_dut/dram_iface_dut/controller/u_ddr_core/u_seq/rd_data_q_reg[29]/Q
                         net (fo=1, routed)           0.457    -0.038    obi_demux_dut/wb_dat_o_reg[31]_0[28]
    SLICE_X159Y225       LUT5 (Prop_lut5_I1_O)        0.066     0.028 r  obi_demux_dut/wb_dat_o[29]_i_1/O
                         net (fo=1, routed)           0.000     0.028    dram_dut/dram_iface_dut/D[28]
    SLICE_X159Y225       FDRE                                         r  dram_dut/dram_iface_dut/wb_dat_o_reg[29]/D
  -------------------------------------------------------------------    -------------------

                         (clock clk_out5_clk_wiz_1_1 rise edge)
                                                      0.000     0.000 r  
    H9                                                0.000     0.000 r  clk_p (IN)
                         net (fo=0)                   0.000     0.000    u_pll/inst/clk_in1_p
    H9                   IBUFDS (Prop_ibufds_I_O)     0.444     0.444 r  u_pll/inst/clkin1_ibufgds/O
                         net (fo=1, routed)           0.553     0.997    u_pll/inst/clk_in1_clk_wiz_1
    MMCME2_ADV_X1Y5      MMCME2_ADV (Prop_mmcme2_adv_CLKIN1_CLKOUT4)
                                                     -3.590    -2.593 r  u_pll/inst/mmcm_adv_inst/CLKOUT4
                         net (fo=1, routed)           1.044    -1.549    u_pll/inst/clk_out5_clk_wiz_1
    BUFGCTRL_X0Y20       BUFG (Prop_bufg_I_O)         0.030    -1.519 r  u_pll/inst/clkout5_buf/O
                         net (fo=2471, routed)        0.882    -0.637    dram_dut/dram_iface_dut/clk_out5
    SLICE_X159Y225       FDRE                                         r  dram_dut/dram_iface_dut/wb_dat_o_reg[29]/C
                         clock pessimism              0.337    -0.300    
                         clock uncertainty            0.194    -0.106    
    SLICE_X159Y225       FDRE (Hold_fdre_C_D)         0.061    -0.045    dram_dut/dram_iface_dut/wb_dat_o_reg[29]
  -------------------------------------------------------------------
                         required time                          0.045    
                         arrival time                           0.028    
  -------------------------------------------------------------------
                         slack                                  0.073    

Slack (MET) :             0.075ns  (arrival time - required time)
  Source:                 dram_dut/dram_iface_dut/controller/u_ddr_core/u_seq/rd_data_q_reg[24]/C
                            (rising edge-triggered cell FDRE clocked by clk_out1_clk_wiz_1_1  {rise@0.000ns fall@5.000ns period=10.000ns})
  Destination:            dram_dut/dram_iface_dut/wb_dat_o_reg[24]/D
                            (rising edge-triggered cell FDRE clocked by clk_out5_clk_wiz_1_1  {rise@0.000ns fall@10.000ns period=20.000ns})
  Path Group:             clk_out5_clk_wiz_1_1
  Path Type:              Hold (Min at Fast Process Corner)
  Requirement:            0.000ns  (clk_out5_clk_wiz_1_1 rise@0.000ns - clk_out1_clk_wiz_1_1 rise@0.000ns)
  Data Path Delay:        0.631ns  (logic 0.128ns (20.278%)  route 0.503ns (79.722%))
  Logic Levels:           1  (LUT5=1)
  Clock Path Skew:        0.302ns (DCD - SCD - CPR)
    Destination Clock Delay (DCD):    -0.637ns
    Source Clock Delay      (SCD):    -0.602ns
    Clock Pessimism Removal (CPR):    -0.337ns
  Clock Uncertainty:      0.194ns  ((TSJ^2 + DJ^2)^1/2) / 2 + PE
    Total System Jitter     (TSJ):    0.071ns
    Discrete Jitter          (DJ):    0.131ns
    Phase Error              (PE):    0.120ns

    Location             Delay type                Incr(ns)  Path(ns)    Netlist Resource(s)
  -------------------------------------------------------------------    -------------------
                         (clock clk_out1_clk_wiz_1_1 rise edge)
                                                      0.000     0.000 r  
    H9                                                0.000     0.000 r  clk_p (IN)
                         net (fo=0)                   0.000     0.000    u_pll/inst/clk_in1_p
    H9                   IBUFDS (Prop_ibufds_I_O)     0.363     0.363 r  u_pll/inst/clkin1_ibufgds/O
                         net (fo=1, routed)           0.503     0.866    u_pll/inst/clk_in1_clk_wiz_1
    MMCME2_ADV_X1Y5      MMCME2_ADV (Prop_mmcme2_adv_CLKIN1_CLKOUT0)
                                                     -3.122    -2.256 r  u_pll/inst/mmcm_adv_inst/CLKOUT0
                         net (fo=1, routed)           0.969    -1.287    u_pll/inst/clk_out1_clk_wiz_1
    BUFGCTRL_X0Y16       BUFG (Prop_bufg_I_O)         0.026    -1.261 r  u_pll/inst/clkout1_buf/O
                         net (fo=567, routed)         0.659    -0.602    dram_dut/dram_iface_dut/controller/u_ddr_core/u_seq/clk_out1
    SLICE_X159Y226       FDRE                                         r  dram_dut/dram_iface_dut/controller/u_ddr_core/u_seq/rd_data_q_reg[24]/C
  -------------------------------------------------------------------    -------------------
    SLICE_X159Y226       FDRE (Prop_fdre_C_Q)         0.100    -0.502 r  dram_dut/dram_iface_dut/controller/u_ddr_core/u_seq/rd_data_q_reg[24]/Q
                         net (fo=1, routed)           0.503     0.001    obi_demux_dut/wb_dat_o_reg[31]_0[23]
    SLICE_X159Y224       LUT5 (Prop_lut5_I1_O)        0.028     0.029 r  obi_demux_dut/wb_dat_o[24]_i_1/O
                         net (fo=1, routed)           0.000     0.029    dram_dut/dram_iface_dut/D[23]
    SLICE_X159Y224       FDRE                                         r  dram_dut/dram_iface_dut/wb_dat_o_reg[24]/D
  -------------------------------------------------------------------    -------------------

                         (clock clk_out5_clk_wiz_1_1 rise edge)
                                                      0.000     0.000 r  
    H9                                                0.000     0.000 r  clk_p (IN)
                         net (fo=0)                   0.000     0.000    u_pll/inst/clk_in1_p
    H9                   IBUFDS (Prop_ibufds_I_O)     0.444     0.444 r  u_pll/inst/clkin1_ibufgds/O
                         net (fo=1, routed)           0.553     0.997    u_pll/inst/clk_in1_clk_wiz_1
    MMCME2_ADV_X1Y5      MMCME2_ADV (Prop_mmcme2_adv_CLKIN1_CLKOUT4)
                                                     -3.590    -2.593 r  u_pll/inst/mmcm_adv_inst/CLKOUT4
                         net (fo=1, routed)           1.044    -1.549    u_pll/inst/clk_out5_clk_wiz_1
    BUFGCTRL_X0Y20       BUFG (Prop_bufg_I_O)         0.030    -1.519 r  u_pll/inst/clkout5_buf/O
                         net (fo=2471, routed)        0.882    -0.637    dram_dut/dram_iface_dut/clk_out5
    SLICE_X159Y224       FDRE                                         r  dram_dut/dram_iface_dut/wb_dat_o_reg[24]/C
                         clock pessimism              0.337    -0.300    
                         clock uncertainty            0.194    -0.106    
    SLICE_X159Y224       FDRE (Hold_fdre_C_D)         0.060    -0.046    dram_dut/dram_iface_dut/wb_dat_o_reg[24]
  -------------------------------------------------------------------
                         required time                          0.046    
                         arrival time                           0.029    
  -------------------------------------------------------------------
                         slack                                  0.075    

Slack (MET) :             0.096ns  (arrival time - required time)
  Source:                 dram_dut/dram_iface_dut/controller/u_ddr_core/u_seq/rd_data_q_reg[19]/C
                            (rising edge-triggered cell FDRE clocked by clk_out1_clk_wiz_1_1  {rise@0.000ns fall@5.000ns period=10.000ns})
  Destination:            dram_dut/dram_iface_dut/wb_dat_o_reg[19]/D
                            (rising edge-triggered cell FDRE clocked by clk_out5_clk_wiz_1_1  {rise@0.000ns fall@10.000ns period=20.000ns})
  Path Group:             clk_out5_clk_wiz_1_1
  Path Type:              Hold (Min at Fast Process Corner)
  Requirement:            0.000ns  (clk_out5_clk_wiz_1_1 rise@0.000ns - clk_out1_clk_wiz_1_1 rise@0.000ns)
  Data Path Delay:        0.657ns  (logic 0.157ns (23.894%)  route 0.500ns (76.106%))
  Logic Levels:           1  (LUT5=1)
  Clock Path Skew:        0.306ns (DCD - SCD - CPR)
    Destination Clock Delay (DCD):    -0.633ns
    Source Clock Delay      (SCD):    -0.602ns
    Clock Pessimism Removal (CPR):    -0.337ns
  Clock Uncertainty:      0.194ns  ((TSJ^2 + DJ^2)^1/2) / 2 + PE
    Total System Jitter     (TSJ):    0.071ns
    Discrete Jitter          (DJ):    0.131ns
    Phase Error              (PE):    0.120ns

    Location             Delay type                Incr(ns)  Path(ns)    Netlist Resource(s)
  -------------------------------------------------------------------    -------------------
                         (clock clk_out1_clk_wiz_1_1 rise edge)
                                                      0.000     0.000 r  
    H9                                                0.000     0.000 r  clk_p (IN)
                         net (fo=0)                   0.000     0.000    u_pll/inst/clk_in1_p
    H9                   IBUFDS (Prop_ibufds_I_O)     0.363     0.363 r  u_pll/inst/clkin1_ibufgds/O
                         net (fo=1, routed)           0.503     0.866    u_pll/inst/clk_in1_clk_wiz_1
    MMCME2_ADV_X1Y5      MMCME2_ADV (Prop_mmcme2_adv_CLKIN1_CLKOUT0)
                                                     -3.122    -2.256 r  u_pll/inst/mmcm_adv_inst/CLKOUT0
                         net (fo=1, routed)           0.969    -1.287    u_pll/inst/clk_out1_clk_wiz_1
    BUFGCTRL_X0Y16       BUFG (Prop_bufg_I_O)         0.026    -1.261 r  u_pll/inst/clkout1_buf/O
                         net (fo=567, routed)         0.659    -0.602    dram_dut/dram_iface_dut/controller/u_ddr_core/u_seq/clk_out1
    SLICE_X159Y226       FDRE                                         r  dram_dut/dram_iface_dut/controller/u_ddr_core/u_seq/rd_data_q_reg[19]/C
  -------------------------------------------------------------------    -------------------
    SLICE_X159Y226       FDRE (Prop_fdre_C_Q)         0.091    -0.511 r  dram_dut/dram_iface_dut/controller/u_ddr_core/u_seq/rd_data_q_reg[19]/Q
                         net (fo=1, routed)           0.500    -0.011    obi_demux_dut/wb_dat_o_reg[31]_0[18]
    SLICE_X159Y221       LUT5 (Prop_lut5_I1_O)        0.066     0.055 r  obi_demux_dut/wb_dat_o[19]_i_1/O
                         net (fo=1, routed)           0.000     0.055    dram_dut/dram_iface_dut/D[18]
    SLICE_X159Y221       FDRE                                         r  dram_dut/dram_iface_dut/wb_dat_o_reg[19]/D
  -------------------------------------------------------------------    -------------------

                         (clock clk_out5_clk_wiz_1_1 rise edge)
                                                      0.000     0.000 r  
    H9                                                0.000     0.000 r  clk_p (IN)
                         net (fo=0)                   0.000     0.000    u_pll/inst/clk_in1_p
    H9                   IBUFDS (Prop_ibufds_I_O)     0.444     0.444 r  u_pll/inst/clkin1_ibufgds/O
                         net (fo=1, routed)           0.553     0.997    u_pll/inst/clk_in1_clk_wiz_1
    MMCME2_ADV_X1Y5      MMCME2_ADV (Prop_mmcme2_adv_CLKIN1_CLKOUT4)
                                                     -3.590    -2.593 r  u_pll/inst/mmcm_adv_inst/CLKOUT4
                         net (fo=1, routed)           1.044    -1.549    u_pll/inst/clk_out5_clk_wiz_1
    BUFGCTRL_X0Y20       BUFG (Prop_bufg_I_O)         0.030    -1.519 r  u_pll/inst/clkout5_buf/O
                         net (fo=2471, routed)        0.886    -0.633    dram_dut/dram_iface_dut/clk_out5
    SLICE_X159Y221       FDRE                                         r  dram_dut/dram_iface_dut/wb_dat_o_reg[19]/C
                         clock pessimism              0.337    -0.296    
                         clock uncertainty            0.194    -0.102    
    SLICE_X159Y221       FDRE (Hold_fdre_C_D)         0.061    -0.041    dram_dut/dram_iface_dut/wb_dat_o_reg[19]
  -------------------------------------------------------------------
                         required time                          0.041    
                         arrival time                           0.055    
  -------------------------------------------------------------------
                         slack                                  0.096    

Slack (MET) :             0.101ns  (arrival time - required time)
  Source:                 dram_dut/dram_iface_dut/controller/u_ddr_core/u_seq/rd_data_q_reg[9]/C
                            (rising edge-triggered cell FDRE clocked by clk_out1_clk_wiz_1_1  {rise@0.000ns fall@5.000ns period=10.000ns})
  Destination:            dram_dut/dram_iface_dut/wb_dat_o_reg[9]/D
                            (rising edge-triggered cell FDRE clocked by clk_out5_clk_wiz_1_1  {rise@0.000ns fall@10.000ns period=20.000ns})
  Path Group:             clk_out5_clk_wiz_1_1
  Path Type:              Hold (Min at Fast Process Corner)
  Requirement:            0.000ns  (clk_out5_clk_wiz_1_1 rise@0.000ns - clk_out1_clk_wiz_1_1 rise@0.000ns)
  Data Path Delay:        0.663ns  (logic 0.155ns (23.369%)  route 0.508ns (76.631%))
  Logic Levels:           1  (LUT5=1)
  Clock Path Skew:        0.307ns (DCD - SCD - CPR)
    Destination Clock Delay (DCD):    -0.631ns
    Source Clock Delay      (SCD):    -0.601ns
    Clock Pessimism Removal (CPR):    -0.337ns
  Clock Uncertainty:      0.194ns  ((TSJ^2 + DJ^2)^1/2) / 2 + PE
    Total System Jitter     (TSJ):    0.071ns
    Discrete Jitter          (DJ):    0.131ns
    Phase Error              (PE):    0.120ns

    Location             Delay type                Incr(ns)  Path(ns)    Netlist Resource(s)
  -------------------------------------------------------------------    -------------------
                         (clock clk_out1_clk_wiz_1_1 rise edge)
                                                      0.000     0.000 r  
    H9                                                0.000     0.000 r  clk_p (IN)
                         net (fo=0)                   0.000     0.000    u_pll/inst/clk_in1_p
    H9                   IBUFDS (Prop_ibufds_I_O)     0.363     0.363 r  u_pll/inst/clkin1_ibufgds/O
                         net (fo=1, routed)           0.503     0.866    u_pll/inst/clk_in1_clk_wiz_1
    MMCME2_ADV_X1Y5      MMCME2_ADV (Prop_mmcme2_adv_CLKIN1_CLKOUT0)
                                                     -3.122    -2.256 r  u_pll/inst/mmcm_adv_inst/CLKOUT0
                         net (fo=1, routed)           0.969    -1.287    u_pll/inst/clk_out1_clk_wiz_1
    BUFGCTRL_X0Y16       BUFG (Prop_bufg_I_O)         0.026    -1.261 r  u_pll/inst/clkout1_buf/O
                         net (fo=567, routed)         0.660    -0.601    dram_dut/dram_iface_dut/controller/u_ddr_core/u_seq/clk_out1
    SLICE_X161Y222       FDRE                                         r  dram_dut/dram_iface_dut/controller/u_ddr_core/u_seq/rd_data_q_reg[9]/C
  -------------------------------------------------------------------    -------------------
    SLICE_X161Y222       FDRE (Prop_fdre_C_Q)         0.091    -0.510 r  dram_dut/dram_iface_dut/controller/u_ddr_core/u_seq/rd_data_q_reg[9]/Q
                         net (fo=1, routed)           0.508    -0.002    obi_demux_dut/wb_dat_o_reg[31]_0[8]
    SLICE_X159Y219       LUT5 (Prop_lut5_I1_O)        0.064     0.062 r  obi_demux_dut/wb_dat_o[9]_i_1/O
                         net (fo=1, routed)           0.000     0.062    dram_dut/dram_iface_dut/D[8]
    SLICE_X159Y219       FDRE                                         r  dram_dut/dram_iface_dut/wb_dat_o_reg[9]/D
  -------------------------------------------------------------------    -------------------

                         (clock clk_out5_clk_wiz_1_1 rise edge)
                                                      0.000     0.000 r  
    H9                                                0.000     0.000 r  clk_p (IN)
                         net (fo=0)                   0.000     0.000    u_pll/inst/clk_in1_p
    H9                   IBUFDS (Prop_ibufds_I_O)     0.444     0.444 r  u_pll/inst/clkin1_ibufgds/O
                         net (fo=1, routed)           0.553     0.997    u_pll/inst/clk_in1_clk_wiz_1
    MMCME2_ADV_X1Y5      MMCME2_ADV (Prop_mmcme2_adv_CLKIN1_CLKOUT4)
                                                     -3.590    -2.593 r  u_pll/inst/mmcm_adv_inst/CLKOUT4
                         net (fo=1, routed)           1.044    -1.549    u_pll/inst/clk_out5_clk_wiz_1
    BUFGCTRL_X0Y20       BUFG (Prop_bufg_I_O)         0.030    -1.519 r  u_pll/inst/clkout5_buf/O
                         net (fo=2471, routed)        0.888    -0.631    dram_dut/dram_iface_dut/clk_out5
    SLICE_X159Y219       FDRE                                         r  dram_dut/dram_iface_dut/wb_dat_o_reg[9]/C
                         clock pessimism              0.337    -0.294    
                         clock uncertainty            0.194    -0.100    
    SLICE_X159Y219       FDRE (Hold_fdre_C_D)         0.061    -0.039    dram_dut/dram_iface_dut/wb_dat_o_reg[9]
  -------------------------------------------------------------------
                         required time                          0.039    
                         arrival time                           0.062    
  -------------------------------------------------------------------
                         slack                                  0.101    

Slack (MET) :             0.103ns  (arrival time - required time)
  Source:                 dram_dut/dram_iface_dut/controller/u_ddr_core/u_seq/rd_data_q_reg[16]/C
                            (rising edge-triggered cell FDRE clocked by clk_out1_clk_wiz_1_1  {rise@0.000ns fall@5.000ns period=10.000ns})
  Destination:            dram_dut/dram_iface_dut/wb_dat_o_reg[16]/D
                            (rising edge-triggered cell FDRE clocked by clk_out5_clk_wiz_1_1  {rise@0.000ns fall@10.000ns period=20.000ns})
  Path Group:             clk_out5_clk_wiz_1_1
  Path Type:              Hold (Min at Fast Process Corner)
  Requirement:            0.000ns  (clk_out5_clk_wiz_1_1 rise@0.000ns - clk_out1_clk_wiz_1_1 rise@0.000ns)
  Data Path Delay:        0.659ns  (logic 0.128ns (19.409%)  route 0.531ns (80.591%))
  Logic Levels:           1  (LUT5=1)
  Clock Path Skew:        0.302ns (DCD - SCD - CPR)
    Destination Clock Delay (DCD):    -0.637ns
    Source Clock Delay      (SCD):    -0.602ns
    Clock Pessimism Removal (CPR):    -0.337ns
  Clock Uncertainty:      0.194ns  ((TSJ^2 + DJ^2)^1/2) / 2 + PE
    Total System Jitter     (TSJ):    0.071ns
    Discrete Jitter          (DJ):    0.131ns
    Phase Error              (PE):    0.120ns

    Location             Delay type                Incr(ns)  Path(ns)    Netlist Resource(s)
  -------------------------------------------------------------------    -------------------
                         (clock clk_out1_clk_wiz_1_1 rise edge)
                                                      0.000     0.000 r  
    H9                                                0.000     0.000 r  clk_p (IN)
                         net (fo=0)                   0.000     0.000    u_pll/inst/clk_in1_p
    H9                   IBUFDS (Prop_ibufds_I_O)     0.363     0.363 r  u_pll/inst/clkin1_ibufgds/O
                         net (fo=1, routed)           0.503     0.866    u_pll/inst/clk_in1_clk_wiz_1
    MMCME2_ADV_X1Y5      MMCME2_ADV (Prop_mmcme2_adv_CLKIN1_CLKOUT0)
                                                     -3.122    -2.256 r  u_pll/inst/mmcm_adv_inst/CLKOUT0
                         net (fo=1, routed)           0.969    -1.287    u_pll/inst/clk_out1_clk_wiz_1
    BUFGCTRL_X0Y16       BUFG (Prop_bufg_I_O)         0.026    -1.261 r  u_pll/inst/clkout1_buf/O
                         net (fo=567, routed)         0.659    -0.602    dram_dut/dram_iface_dut/controller/u_ddr_core/u_seq/clk_out1
    SLICE_X159Y226       FDRE                                         r  dram_dut/dram_iface_dut/controller/u_ddr_core/u_seq/rd_data_q_reg[16]/C
  -------------------------------------------------------------------    -------------------
    SLICE_X159Y226       FDRE (Prop_fdre_C_Q)         0.100    -0.502 r  dram_dut/dram_iface_dut/controller/u_ddr_core/u_seq/rd_data_q_reg[16]/Q
                         net (fo=1, routed)           0.531     0.029    obi_demux_dut/wb_dat_o_reg[31]_0[15]
    SLICE_X159Y225       LUT5 (Prop_lut5_I1_O)        0.028     0.057 r  obi_demux_dut/wb_dat_o[16]_i_1/O
                         net (fo=1, routed)           0.000     0.057    dram_dut/dram_iface_dut/D[15]
    SLICE_X159Y225       FDRE                                         r  dram_dut/dram_iface_dut/wb_dat_o_reg[16]/D
  -------------------------------------------------------------------    -------------------

                         (clock clk_out5_clk_wiz_1_1 rise edge)
                                                      0.000     0.000 r  
    H9                                                0.000     0.000 r  clk_p (IN)
                         net (fo=0)                   0.000     0.000    u_pll/inst/clk_in1_p
    H9                   IBUFDS (Prop_ibufds_I_O)     0.444     0.444 r  u_pll/inst/clkin1_ibufgds/O
                         net (fo=1, routed)           0.553     0.997    u_pll/inst/clk_in1_clk_wiz_1
    MMCME2_ADV_X1Y5      MMCME2_ADV (Prop_mmcme2_adv_CLKIN1_CLKOUT4)
                                                     -3.590    -2.593 r  u_pll/inst/mmcm_adv_inst/CLKOUT4
                         net (fo=1, routed)           1.044    -1.549    u_pll/inst/clk_out5_clk_wiz_1
    BUFGCTRL_X0Y20       BUFG (Prop_bufg_I_O)         0.030    -1.519 r  u_pll/inst/clkout5_buf/O
                         net (fo=2471, routed)        0.882    -0.637    dram_dut/dram_iface_dut/clk_out5
    SLICE_X159Y225       FDRE                                         r  dram_dut/dram_iface_dut/wb_dat_o_reg[16]/C
                         clock pessimism              0.337    -0.300    
                         clock uncertainty            0.194    -0.106    
    SLICE_X159Y225       FDRE (Hold_fdre_C_D)         0.060    -0.046    dram_dut/dram_iface_dut/wb_dat_o_reg[16]
  -------------------------------------------------------------------
                         required time                          0.046    
                         arrival time                           0.057    
  -------------------------------------------------------------------
                         slack                                  0.103    

Slack (MET) :             0.108ns  (arrival time - required time)
  Source:                 dram_dut/dram_iface_dut/controller/u_ddr_core/u_seq/rd_data_q_reg[28]/C
                            (rising edge-triggered cell FDRE clocked by clk_out1_clk_wiz_1_1  {rise@0.000ns fall@5.000ns period=10.000ns})
  Destination:            dram_dut/dram_iface_dut/wb_dat_o_reg[28]/D
                            (rising edge-triggered cell FDRE clocked by clk_out5_clk_wiz_1_1  {rise@0.000ns fall@10.000ns period=20.000ns})
  Path Group:             clk_out5_clk_wiz_1_1
  Path Type:              Hold (Min at Fast Process Corner)
  Requirement:            0.000ns  (clk_out5_clk_wiz_1_1 rise@0.000ns - clk_out1_clk_wiz_1_1 rise@0.000ns)
  Data Path Delay:        0.665ns  (logic 0.146ns (21.942%)  route 0.519ns (78.058%))
  Logic Levels:           1  (LUT5=1)
  Clock Path Skew:        0.302ns (DCD - SCD - CPR)
    Destination Clock Delay (DCD):    -0.637ns
    Source Clock Delay      (SCD):    -0.602ns
    Clock Pessimism Removal (CPR):    -0.337ns
  Clock Uncertainty:      0.194ns  ((TSJ^2 + DJ^2)^1/2) / 2 + PE
    Total System Jitter     (TSJ):    0.071ns
    Discrete Jitter          (DJ):    0.131ns
    Phase Error              (PE):    0.120ns

    Location             Delay type                Incr(ns)  Path(ns)    Netlist Resource(s)
  -------------------------------------------------------------------    -------------------
                         (clock clk_out1_clk_wiz_1_1 rise edge)
                                                      0.000     0.000 r  
    H9                                                0.000     0.000 r  clk_p (IN)
                         net (fo=0)                   0.000     0.000    u_pll/inst/clk_in1_p
    H9                   IBUFDS (Prop_ibufds_I_O)     0.363     0.363 r  u_pll/inst/clkin1_ibufgds/O
                         net (fo=1, routed)           0.503     0.866    u_pll/inst/clk_in1_clk_wiz_1
    MMCME2_ADV_X1Y5      MMCME2_ADV (Prop_mmcme2_adv_CLKIN1_CLKOUT0)
                                                     -3.122    -2.256 r  u_pll/inst/mmcm_adv_inst/CLKOUT0
                         net (fo=1, routed)           0.969    -1.287    u_pll/inst/clk_out1_clk_wiz_1
    BUFGCTRL_X0Y16       BUFG (Prop_bufg_I_O)         0.026    -1.261 r  u_pll/inst/clkout1_buf/O
                         net (fo=567, routed)         0.659    -0.602    dram_dut/dram_iface_dut/controller/u_ddr_core/u_seq/clk_out1
    SLICE_X158Y226       FDRE                                         r  dram_dut/dram_iface_dut/controller/u_ddr_core/u_seq/rd_data_q_reg[28]/C
  -------------------------------------------------------------------    -------------------
    SLICE_X158Y226       FDRE (Prop_fdre_C_Q)         0.118    -0.484 r  dram_dut/dram_iface_dut/controller/u_ddr_core/u_seq/rd_data_q_reg[28]/Q
                         net (fo=1, routed)           0.519     0.035    obi_demux_dut/wb_dat_o_reg[31]_0[27]
    SLICE_X159Y225       LUT5 (Prop_lut5_I1_O)        0.028     0.063 r  obi_demux_dut/wb_dat_o[28]_i_1/O
                         net (fo=1, routed)           0.000     0.063    dram_dut/dram_iface_dut/D[27]
    SLICE_X159Y225       FDRE                                         r  dram_dut/dram_iface_dut/wb_dat_o_reg[28]/D
  -------------------------------------------------------------------    -------------------

                         (clock clk_out5_clk_wiz_1_1 rise edge)
                                                      0.000     0.000 r  
    H9                                                0.000     0.000 r  clk_p (IN)
                         net (fo=0)                   0.000     0.000    u_pll/inst/clk_in1_p
    H9                   IBUFDS (Prop_ibufds_I_O)     0.444     0.444 r  u_pll/inst/clkin1_ibufgds/O
                         net (fo=1, routed)           0.553     0.997    u_pll/inst/clk_in1_clk_wiz_1
    MMCME2_ADV_X1Y5      MMCME2_ADV (Prop_mmcme2_adv_CLKIN1_CLKOUT4)
                                                     -3.590    -2.593 r  u_pll/inst/mmcm_adv_inst/CLKOUT4
                         net (fo=1, routed)           1.044    -1.549    u_pll/inst/clk_out5_clk_wiz_1
    BUFGCTRL_X0Y20       BUFG (Prop_bufg_I_O)         0.030    -1.519 r  u_pll/inst/clkout5_buf/O
                         net (fo=2471, routed)        0.882    -0.637    dram_dut/dram_iface_dut/clk_out5
    SLICE_X159Y225       FDRE                                         r  dram_dut/dram_iface_dut/wb_dat_o_reg[28]/C
                         clock pessimism              0.337    -0.300    
                         clock uncertainty            0.194    -0.106    
    SLICE_X159Y225       FDRE (Hold_fdre_C_D)         0.061    -0.045    dram_dut/dram_iface_dut/wb_dat_o_reg[28]
  -------------------------------------------------------------------
                         required time                          0.045    
                         arrival time                           0.063    
  -------------------------------------------------------------------
                         slack                                  0.108    

Slack (MET) :             0.111ns  (arrival time - required time)
  Source:                 dram_dut/dram_iface_dut/controller/u_ddr_core/u_seq/rd_data_q_reg[31]/C
                            (rising edge-triggered cell FDRE clocked by clk_out1_clk_wiz_1_1  {rise@0.000ns fall@5.000ns period=10.000ns})
  Destination:            dram_dut/dram_iface_dut/wb_dat_o_reg[31]/D
                            (rising edge-triggered cell FDRE clocked by clk_out5_clk_wiz_1_1  {rise@0.000ns fall@10.000ns period=20.000ns})
  Path Group:             clk_out5_clk_wiz_1_1
  Path Type:              Hold (Min at Fast Process Corner)
  Requirement:            0.000ns  (clk_out5_clk_wiz_1_1 rise@0.000ns - clk_out1_clk_wiz_1_1 rise@0.000ns)
  Data Path Delay:        0.672ns  (logic 0.157ns (23.371%)  route 0.515ns (76.629%))
  Logic Levels:           1  (LUT5=1)
  Clock Path Skew:        0.305ns (DCD - SCD - CPR)
    Destination Clock Delay (DCD):    -0.633ns
    Source Clock Delay      (SCD):    -0.601ns
    Clock Pessimism Removal (CPR):    -0.337ns
  Clock Uncertainty:      0.194ns  ((TSJ^2 + DJ^2)^1/2) / 2 + PE
    Total System Jitter     (TSJ):    0.071ns
    Discrete Jitter          (DJ):    0.131ns
    Phase Error              (PE):    0.120ns

    Location             Delay type                Incr(ns)  Path(ns)    Netlist Resource(s)
  -------------------------------------------------------------------    -------------------
                         (clock clk_out1_clk_wiz_1_1 rise edge)
                                                      0.000     0.000 r  
    H9                                                0.000     0.000 r  clk_p (IN)
                         net (fo=0)                   0.000     0.000    u_pll/inst/clk_in1_p
    H9                   IBUFDS (Prop_ibufds_I_O)     0.363     0.363 r  u_pll/inst/clkin1_ibufgds/O
                         net (fo=1, routed)           0.503     0.866    u_pll/inst/clk_in1_clk_wiz_1
    MMCME2_ADV_X1Y5      MMCME2_ADV (Prop_mmcme2_adv_CLKIN1_CLKOUT0)
                                                     -3.122    -2.256 r  u_pll/inst/mmcm_adv_inst/CLKOUT0
                         net (fo=1, routed)           0.969    -1.287    u_pll/inst/clk_out1_clk_wiz_1
    BUFGCTRL_X0Y16       BUFG (Prop_bufg_I_O)         0.026    -1.261 r  u_pll/inst/clkout1_buf/O
                         net (fo=567, routed)         0.660    -0.601    dram_dut/dram_iface_dut/controller/u_ddr_core/u_seq/clk_out1
    SLICE_X159Y222       FDRE                                         r  dram_dut/dram_iface_dut/controller/u_ddr_core/u_seq/rd_data_q_reg[31]/C
  -------------------------------------------------------------------    -------------------
    SLICE_X159Y222       FDRE (Prop_fdre_C_Q)         0.091    -0.510 r  dram_dut/dram_iface_dut/controller/u_ddr_core/u_seq/rd_data_q_reg[31]/Q
                         net (fo=1, routed)           0.515     0.005    obi_demux_dut/wb_dat_o_reg[31]_0[30]
    SLICE_X159Y221       LUT5 (Prop_lut5_I1_O)        0.066     0.071 r  obi_demux_dut/wb_dat_o[31]_i_2/O
                         net (fo=1, routed)           0.000     0.071    dram_dut/dram_iface_dut/D[30]
    SLICE_X159Y221       FDRE                                         r  dram_dut/dram_iface_dut/wb_dat_o_reg[31]/D
  -------------------------------------------------------------------    -------------------

                         (clock clk_out5_clk_wiz_1_1 rise edge)
                                                      0.000     0.000 r  
    H9                                                0.000     0.000 r  clk_p (IN)
                         net (fo=0)                   0.000     0.000    u_pll/inst/clk_in1_p
    H9                   IBUFDS (Prop_ibufds_I_O)     0.444     0.444 r  u_pll/inst/clkin1_ibufgds/O
                         net (fo=1, routed)           0.553     0.997    u_pll/inst/clk_in1_clk_wiz_1
    MMCME2_ADV_X1Y5      MMCME2_ADV (Prop_mmcme2_adv_CLKIN1_CLKOUT4)
                                                     -3.590    -2.593 r  u_pll/inst/mmcm_adv_inst/CLKOUT4
                         net (fo=1, routed)           1.044    -1.549    u_pll/inst/clk_out5_clk_wiz_1
    BUFGCTRL_X0Y20       BUFG (Prop_bufg_I_O)         0.030    -1.519 r  u_pll/inst/clkout5_buf/O
                         net (fo=2471, routed)        0.886    -0.633    dram_dut/dram_iface_dut/clk_out5
    SLICE_X159Y221       FDRE                                         r  dram_dut/dram_iface_dut/wb_dat_o_reg[31]/C
                         clock pessimism              0.337    -0.296    
                         clock uncertainty            0.194    -0.102    
    SLICE_X159Y221       FDRE (Hold_fdre_C_D)         0.061    -0.041    dram_dut/dram_iface_dut/wb_dat_o_reg[31]
  -------------------------------------------------------------------
                         required time                          0.041    
                         arrival time                           0.071    
  -------------------------------------------------------------------
                         slack                                  0.111    

Slack (MET) :             0.113ns  (arrival time - required time)
  Source:                 dram_dut/dram_iface_dut/controller/u_ddr_core/u_seq/rd_data_q_reg[17]/C
                            (rising edge-triggered cell FDRE clocked by clk_out1_clk_wiz_1_1  {rise@0.000ns fall@5.000ns period=10.000ns})
  Destination:            dram_dut/dram_iface_dut/wb_dat_o_reg[17]/D
                            (rising edge-triggered cell FDRE clocked by clk_out5_clk_wiz_1_1  {rise@0.000ns fall@10.000ns period=20.000ns})
  Path Group:             clk_out5_clk_wiz_1_1
  Path Type:              Hold (Min at Fast Process Corner)
  Requirement:            0.000ns  (clk_out5_clk_wiz_1_1 rise@0.000ns - clk_out1_clk_wiz_1_1 rise@0.000ns)
  Data Path Delay:        0.675ns  (logic 0.155ns (22.955%)  route 0.520ns (77.045%))
  Logic Levels:           1  (LUT5=1)
  Clock Path Skew:        0.307ns (DCD - SCD - CPR)
    Destination Clock Delay (DCD):    -0.632ns
    Source Clock Delay      (SCD):    -0.602ns
    Clock Pessimism Removal (CPR):    -0.337ns
  Clock Uncertainty:      0.194ns  ((TSJ^2 + DJ^2)^1/2) / 2 + PE
    Total System Jitter     (TSJ):    0.071ns
    Discrete Jitter          (DJ):    0.131ns
    Phase Error              (PE):    0.120ns

    Location             Delay type                Incr(ns)  Path(ns)    Netlist Resource(s)
  -------------------------------------------------------------------    -------------------
                         (clock clk_out1_clk_wiz_1_1 rise edge)
                                                      0.000     0.000 r  
    H9                                                0.000     0.000 r  clk_p (IN)
                         net (fo=0)                   0.000     0.000    u_pll/inst/clk_in1_p
    H9                   IBUFDS (Prop_ibufds_I_O)     0.363     0.363 r  u_pll/inst/clkin1_ibufgds/O
                         net (fo=1, routed)           0.503     0.866    u_pll/inst/clk_in1_clk_wiz_1
    MMCME2_ADV_X1Y5      MMCME2_ADV (Prop_mmcme2_adv_CLKIN1_CLKOUT0)
                                                     -3.122    -2.256 r  u_pll/inst/mmcm_adv_inst/CLKOUT0
                         net (fo=1, routed)           0.969    -1.287    u_pll/inst/clk_out1_clk_wiz_1
    BUFGCTRL_X0Y16       BUFG (Prop_bufg_I_O)         0.026    -1.261 r  u_pll/inst/clkout1_buf/O
                         net (fo=567, routed)         0.659    -0.602    dram_dut/dram_iface_dut/controller/u_ddr_core/u_seq/clk_out1
    SLICE_X159Y226       FDRE                                         r  dram_dut/dram_iface_dut/controller/u_ddr_core/u_seq/rd_data_q_reg[17]/C
  -------------------------------------------------------------------    -------------------
    SLICE_X159Y226       FDRE (Prop_fdre_C_Q)         0.091    -0.511 r  dram_dut/dram_iface_dut/controller/u_ddr_core/u_seq/rd_data_q_reg[17]/Q
                         net (fo=1, routed)           0.520     0.009    obi_demux_dut/wb_dat_o_reg[31]_0[16]
    SLICE_X159Y220       LUT5 (Prop_lut5_I1_O)        0.064     0.073 r  obi_demux_dut/wb_dat_o[17]_i_1/O
                         net (fo=1, routed)           0.000     0.073    dram_dut/dram_iface_dut/D[16]
    SLICE_X159Y220       FDRE                                         r  dram_dut/dram_iface_dut/wb_dat_o_reg[17]/D
  -------------------------------------------------------------------    -------------------

                         (clock clk_out5_clk_wiz_1_1 rise edge)
                                                      0.000     0.000 r  
    H9                                                0.000     0.000 r  clk_p (IN)
                         net (fo=0)                   0.000     0.000    u_pll/inst/clk_in1_p
    H9                   IBUFDS (Prop_ibufds_I_O)     0.444     0.444 r  u_pll/inst/clkin1_ibufgds/O
                         net (fo=1, routed)           0.553     0.997    u_pll/inst/clk_in1_clk_wiz_1
    MMCME2_ADV_X1Y5      MMCME2_ADV (Prop_mmcme2_adv_CLKIN1_CLKOUT4)
                                                     -3.590    -2.593 r  u_pll/inst/mmcm_adv_inst/CLKOUT4
                         net (fo=1, routed)           1.044    -1.549    u_pll/inst/clk_out5_clk_wiz_1
    BUFGCTRL_X0Y20       BUFG (Prop_bufg_I_O)         0.030    -1.519 r  u_pll/inst/clkout5_buf/O
                         net (fo=2471, routed)        0.887    -0.632    dram_dut/dram_iface_dut/clk_out5
    SLICE_X159Y220       FDRE                                         r  dram_dut/dram_iface_dut/wb_dat_o_reg[17]/C
                         clock pessimism              0.337    -0.295    
                         clock uncertainty            0.194    -0.101    
    SLICE_X159Y220       FDRE (Hold_fdre_C_D)         0.061    -0.040    dram_dut/dram_iface_dut/wb_dat_o_reg[17]
  -------------------------------------------------------------------
                         required time                          0.040    
                         arrival time                           0.073    
  -------------------------------------------------------------------
                         slack                                  0.113    

Slack (MET) :             0.121ns  (arrival time - required time)
  Source:                 dram_dut/dram_iface_dut/controller/u_ddr_core/u_seq/rd_data_q_reg[26]/C
                            (rising edge-triggered cell FDRE clocked by clk_out1_clk_wiz_1_1  {rise@0.000ns fall@5.000ns period=10.000ns})
  Destination:            dram_dut/dram_iface_dut/wb_dat_o_reg[26]/D
                            (rising edge-triggered cell FDRE clocked by clk_out5_clk_wiz_1_1  {rise@0.000ns fall@10.000ns period=20.000ns})
  Path Group:             clk_out5_clk_wiz_1_1
  Path Type:              Hold (Min at Fast Process Corner)
  Requirement:            0.000ns  (clk_out5_clk_wiz_1_1 rise@0.000ns - clk_out1_clk_wiz_1_1 rise@0.000ns)
  Data Path Delay:        0.678ns  (logic 0.128ns (18.870%)  route 0.550ns (81.130%))
  Logic Levels:           1  (LUT5=1)
  Clock Path Skew:        0.302ns (DCD - SCD - CPR)
    Destination Clock Delay (DCD):    -0.636ns
    Source Clock Delay      (SCD):    -0.601ns
    Clock Pessimism Removal (CPR):    -0.337ns
  Clock Uncertainty:      0.194ns  ((TSJ^2 + DJ^2)^1/2) / 2 + PE
    Total System Jitter     (TSJ):    0.071ns
    Discrete Jitter          (DJ):    0.131ns
    Phase Error              (PE):    0.120ns

    Location             Delay type                Incr(ns)  Path(ns)    Netlist Resource(s)
  -------------------------------------------------------------------    -------------------
                         (clock clk_out1_clk_wiz_1_1 rise edge)
                                                      0.000     0.000 r  
    H9                                                0.000     0.000 r  clk_p (IN)
                         net (fo=0)                   0.000     0.000    u_pll/inst/clk_in1_p
    H9                   IBUFDS (Prop_ibufds_I_O)     0.363     0.363 r  u_pll/inst/clkin1_ibufgds/O
                         net (fo=1, routed)           0.503     0.866    u_pll/inst/clk_in1_clk_wiz_1
    MMCME2_ADV_X1Y5      MMCME2_ADV (Prop_mmcme2_adv_CLKIN1_CLKOUT0)
                                                     -3.122    -2.256 r  u_pll/inst/mmcm_adv_inst/CLKOUT0
                         net (fo=1, routed)           0.969    -1.287    u_pll/inst/clk_out1_clk_wiz_1
    BUFGCTRL_X0Y16       BUFG (Prop_bufg_I_O)         0.026    -1.261 r  u_pll/inst/clkout1_buf/O
                         net (fo=567, routed)         0.660    -0.601    dram_dut/dram_iface_dut/controller/u_ddr_core/u_seq/clk_out1
    SLICE_X159Y222       FDRE                                         r  dram_dut/dram_iface_dut/controller/u_ddr_core/u_seq/rd_data_q_reg[26]/C
  -------------------------------------------------------------------    -------------------
    SLICE_X159Y222       FDRE (Prop_fdre_C_Q)         0.100    -0.501 r  dram_dut/dram_iface_dut/controller/u_ddr_core/u_seq/rd_data_q_reg[26]/Q
                         net (fo=1, routed)           0.550     0.049    obi_demux_dut/wb_dat_o_reg[31]_0[25]
    SLICE_X159Y223       LUT5 (Prop_lut5_I1_O)        0.028     0.077 r  obi_demux_dut/wb_dat_o[26]_i_1/O
                         net (fo=1, routed)           0.000     0.077    dram_dut/dram_iface_dut/D[25]
    SLICE_X159Y223       FDRE                                         r  dram_dut/dram_iface_dut/wb_dat_o_reg[26]/D
  -------------------------------------------------------------------    -------------------

                         (clock clk_out5_clk_wiz_1_1 rise edge)
                                                      0.000     0.000 r  
    H9                                                0.000     0.000 r  clk_p (IN)
                         net (fo=0)                   0.000     0.000    u_pll/inst/clk_in1_p
    H9                   IBUFDS (Prop_ibufds_I_O)     0.444     0.444 r  u_pll/inst/clkin1_ibufgds/O
                         net (fo=1, routed)           0.553     0.997    u_pll/inst/clk_in1_clk_wiz_1
    MMCME2_ADV_X1Y5      MMCME2_ADV (Prop_mmcme2_adv_CLKIN1_CLKOUT4)
                                                     -3.590    -2.593 r  u_pll/inst/mmcm_adv_inst/CLKOUT4
                         net (fo=1, routed)           1.044    -1.549    u_pll/inst/clk_out5_clk_wiz_1
    BUFGCTRL_X0Y20       BUFG (Prop_bufg_I_O)         0.030    -1.519 r  u_pll/inst/clkout5_buf/O
                         net (fo=2471, routed)        0.883    -0.636    dram_dut/dram_iface_dut/clk_out5
    SLICE_X159Y223       FDRE                                         r  dram_dut/dram_iface_dut/wb_dat_o_reg[26]/C
                         clock pessimism              0.337    -0.299    
                         clock uncertainty            0.194    -0.105    
    SLICE_X159Y223       FDRE (Hold_fdre_C_D)         0.061    -0.044    dram_dut/dram_iface_dut/wb_dat_o_reg[26]
  -------------------------------------------------------------------
                         required time                          0.044    
                         arrival time                           0.077    
  -------------------------------------------------------------------
                         slack                                  0.121    





---------------------------------------------------------------------------------------------------
Path Group:  **async_default**
From Clock:  clk_out5_clk_wiz_1_1
  To Clock:  clk_out5_clk_wiz_1_1

Setup :            0  Failing Endpoints,  Worst Slack        4.202ns,  Total Violation        0.000ns
Hold  :            0  Failing Endpoints,  Worst Slack        0.485ns,  Total Violation        0.000ns
---------------------------------------------------------------------------------------------------


Max Delay Paths
--------------------------------------------------------------------------------------
Slack (MET) :             4.202ns  (required time - arrival time)
  Source:                 main_memory/prog_sys_rst_n_reg/C
                            (rising edge-triggered cell FDSE clocked by clk_out5_clk_wiz_1_1  {rise@0.000ns fall@10.000ns period=20.000ns})
  Destination:            cv32e40p_core_ip/core_i/id_stage_i/register_file_i/mem_reg[14][17]/CLR
                            (recovery check against falling-edge clock clk_out5_clk_wiz_1_1  {rise@0.000ns fall@10.000ns period=20.000ns})
  Path Group:             **async_default**
  Path Type:              Recovery (Max at Slow Process Corner)
  Requirement:            10.000ns  (clk_out5_clk_wiz_1_1 fall@10.000ns - clk_out5_clk_wiz_1_1 rise@0.000ns)
  Data Path Delay:        6.333ns  (logic 0.456ns (7.201%)  route 5.877ns (92.799%))
  Logic Levels:           2  (LUT1=1 LUT3=1)
  Clock Path Skew:        0.916ns (DCD - SCD + CPR)
    Destination Clock Delay (DCD):    -0.722ns = ( 9.278 - 10.000 ) 
    Source Clock Delay      (SCD):    -2.394ns
    Clock Pessimism Removal (CPR):    -0.756ns
  Clock Uncertainty:      0.074ns  ((TSJ^2 + DJ^2)^1/2) / 2 + PE
    Total System Jitter     (TSJ):    0.071ns
    Discrete Jitter          (DJ):    0.131ns
    Phase Error              (PE):    0.000ns

    Location             Delay type                Incr(ns)  Path(ns)    Netlist Resource(s)
  -------------------------------------------------------------------    -------------------
                         (clock clk_out5_clk_wiz_1_1 rise edge)
                                                      0.000     0.000 r  
    H9                                                0.000     0.000 r  clk_p (IN)
                         net (fo=0)                   0.000     0.000    u_pll/inst/clk_in1_p
    H9                   IBUFDS (Prop_ibufds_I_O)     0.880     0.880 r  u_pll/inst/clkin1_ibufgds/O
                         net (fo=1, routed)           1.081     1.961    u_pll/inst/clk_in1_clk_wiz_1
    MMCME2_ADV_X1Y5      MMCME2_ADV (Prop_mmcme2_adv_CLKIN1_CLKOUT4)
                                                     -7.639    -5.678 r  u_pll/inst/mmcm_adv_inst/CLKOUT4
                         net (fo=1, routed)           1.948    -3.730    u_pll/inst/clk_out5_clk_wiz_1
    BUFGCTRL_X0Y20       BUFG (Prop_bufg_I_O)         0.093    -3.637 r  u_pll/inst/clkout5_buf/O
                         net (fo=2471, routed)        1.243    -2.394    main_memory/clk_out5
    SLICE_X106Y189       FDSE                                         r  main_memory/prog_sys_rst_n_reg/C
  -------------------------------------------------------------------    -------------------
    SLICE_X106Y189       FDSE (Prop_fdse_C_Q)         0.259    -2.135 r  main_memory/prog_sys_rst_n_reg/Q
                         net (fo=5, routed)           0.620    -1.515    main_memory/system_reset_o
    SLICE_X107Y189       LUT3 (Prop_lut3_I1_O)        0.049    -1.466 r  main_memory/rdirty_o_i_1__0/O
                         net (fo=232, routed)         2.004     0.538    main_memory/rst_n
    SLICE_X151Y192       LUT1 (Prop_lut1_I0_O)        0.148     0.686 f  main_memory/adr_r[28]_i_1/O
                         net (fo=2335, routed)        3.253     3.939    cv32e40p_core_ip/core_i/id_stage_i/register_file_i/wdata_a_q_reg[0]_0
    SLICE_X99Y217        LDCE                                         f  cv32e40p_core_ip/core_i/id_stage_i/register_file_i/mem_reg[14][17]/CLR
  -------------------------------------------------------------------    -------------------

                         (clock clk_out5_clk_wiz_1_1 fall edge)
                                                     10.000    10.000 f  
    H9                                                0.000    10.000 f  clk_p (IN)
                         net (fo=0)                   0.000    10.000    u_pll/inst/clk_in1_p
    H9                   IBUFDS (Prop_ibufds_I_O)     0.778    10.778 f  u_pll/inst/clkin1_ibufgds/O
                         net (fo=1, routed)           0.986    11.764    u_pll/inst/clk_in1_clk_wiz_1
    MMCME2_ADV_X1Y5      MMCME2_ADV (Prop_mmcme2_adv_CLKIN1_CLKOUT4)
                                                     -6.516     5.248 f  u_pll/inst/mmcm_adv_inst/CLKOUT4
                         net (fo=1, routed)           1.788     7.036    u_pll/inst/clk_out5_clk_wiz_1
    BUFGCTRL_X0Y20       BUFG (Prop_bufg_I_O)         0.083     7.119 f  u_pll/inst/clkout5_buf/O
                         net (fo=2471, routed)        1.418     8.537    cv32e40p_core_ip/core_i/id_stage_i/register_file_i/CG_WE_GLOBAL/clk_gate_i/clk_out5
    SLICE_X94Y195        LUT4 (Prop_lut4_I0_O)        0.036     8.573 f  cv32e40p_core_ip/core_i/id_stage_i/register_file_i/CG_WE_GLOBAL/clk_gate_i/mem_reg[14][31]_i_2/O
                         net (fo=32, routed)          0.705     9.278    cv32e40p_core_ip/core_i/id_stage_i/register_file_i/p_48_in
    SLICE_X99Y217        LDCE                                         f  cv32e40p_core_ip/core_i/id_stage_i/register_file_i/mem_reg[14][17]/G
                         clock pessimism             -0.756     8.521    
                         clock uncertainty           -0.074     8.447    
    SLICE_X99Y217        LDCE (Recov_ldce_G_CLR)     -0.306     8.141    cv32e40p_core_ip/core_i/id_stage_i/register_file_i/mem_reg[14][17]
  -------------------------------------------------------------------
                         required time                          8.141    
                         arrival time                          -3.939    
  -------------------------------------------------------------------
                         slack                                  4.202    

Slack (MET) :             4.202ns  (required time - arrival time)
  Source:                 main_memory/prog_sys_rst_n_reg/C
                            (rising edge-triggered cell FDSE clocked by clk_out5_clk_wiz_1_1  {rise@0.000ns fall@10.000ns period=20.000ns})
  Destination:            cv32e40p_core_ip/core_i/id_stage_i/register_file_i/mem_reg[14][21]/CLR
                            (recovery check against falling-edge clock clk_out5_clk_wiz_1_1  {rise@0.000ns fall@10.000ns period=20.000ns})
  Path Group:             **async_default**
  Path Type:              Recovery (Max at Slow Process Corner)
  Requirement:            10.000ns  (clk_out5_clk_wiz_1_1 fall@10.000ns - clk_out5_clk_wiz_1_1 rise@0.000ns)
  Data Path Delay:        6.333ns  (logic 0.456ns (7.201%)  route 5.877ns (92.799%))
  Logic Levels:           2  (LUT1=1 LUT3=1)
  Clock Path Skew:        0.916ns (DCD - SCD + CPR)
    Destination Clock Delay (DCD):    -0.722ns = ( 9.278 - 10.000 ) 
    Source Clock Delay      (SCD):    -2.394ns
    Clock Pessimism Removal (CPR):    -0.756ns
  Clock Uncertainty:      0.074ns  ((TSJ^2 + DJ^2)^1/2) / 2 + PE
    Total System Jitter     (TSJ):    0.071ns
    Discrete Jitter          (DJ):    0.131ns
    Phase Error              (PE):    0.000ns

    Location             Delay type                Incr(ns)  Path(ns)    Netlist Resource(s)
  -------------------------------------------------------------------    -------------------
                         (clock clk_out5_clk_wiz_1_1 rise edge)
                                                      0.000     0.000 r  
    H9                                                0.000     0.000 r  clk_p (IN)
                         net (fo=0)                   0.000     0.000    u_pll/inst/clk_in1_p
    H9                   IBUFDS (Prop_ibufds_I_O)     0.880     0.880 r  u_pll/inst/clkin1_ibufgds/O
                         net (fo=1, routed)           1.081     1.961    u_pll/inst/clk_in1_clk_wiz_1
    MMCME2_ADV_X1Y5      MMCME2_ADV (Prop_mmcme2_adv_CLKIN1_CLKOUT4)
                                                     -7.639    -5.678 r  u_pll/inst/mmcm_adv_inst/CLKOUT4
                         net (fo=1, routed)           1.948    -3.730    u_pll/inst/clk_out5_clk_wiz_1
    BUFGCTRL_X0Y20       BUFG (Prop_bufg_I_O)         0.093    -3.637 r  u_pll/inst/clkout5_buf/O
                         net (fo=2471, routed)        1.243    -2.394    main_memory/clk_out5
    SLICE_X106Y189       FDSE                                         r  main_memory/prog_sys_rst_n_reg/C
  -------------------------------------------------------------------    -------------------
    SLICE_X106Y189       FDSE (Prop_fdse_C_Q)         0.259    -2.135 r  main_memory/prog_sys_rst_n_reg/Q
                         net (fo=5, routed)           0.620    -1.515    main_memory/system_reset_o
    SLICE_X107Y189       LUT3 (Prop_lut3_I1_O)        0.049    -1.466 r  main_memory/rdirty_o_i_1__0/O
                         net (fo=232, routed)         2.004     0.538    main_memory/rst_n
    SLICE_X151Y192       LUT1 (Prop_lut1_I0_O)        0.148     0.686 f  main_memory/adr_r[28]_i_1/O
                         net (fo=2335, routed)        3.253     3.939    cv32e40p_core_ip/core_i/id_stage_i/register_file_i/wdata_a_q_reg[0]_0
    SLICE_X99Y217        LDCE                                         f  cv32e40p_core_ip/core_i/id_stage_i/register_file_i/mem_reg[14][21]/CLR
  -------------------------------------------------------------------    -------------------

                         (clock clk_out5_clk_wiz_1_1 fall edge)
                                                     10.000    10.000 f  
    H9                                                0.000    10.000 f  clk_p (IN)
                         net (fo=0)                   0.000    10.000    u_pll/inst/clk_in1_p
    H9                   IBUFDS (Prop_ibufds_I_O)     0.778    10.778 f  u_pll/inst/clkin1_ibufgds/O
                         net (fo=1, routed)           0.986    11.764    u_pll/inst/clk_in1_clk_wiz_1
    MMCME2_ADV_X1Y5      MMCME2_ADV (Prop_mmcme2_adv_CLKIN1_CLKOUT4)
                                                     -6.516     5.248 f  u_pll/inst/mmcm_adv_inst/CLKOUT4
                         net (fo=1, routed)           1.788     7.036    u_pll/inst/clk_out5_clk_wiz_1
    BUFGCTRL_X0Y20       BUFG (Prop_bufg_I_O)         0.083     7.119 f  u_pll/inst/clkout5_buf/O
                         net (fo=2471, routed)        1.418     8.537    cv32e40p_core_ip/core_i/id_stage_i/register_file_i/CG_WE_GLOBAL/clk_gate_i/clk_out5
    SLICE_X94Y195        LUT4 (Prop_lut4_I0_O)        0.036     8.573 f  cv32e40p_core_ip/core_i/id_stage_i/register_file_i/CG_WE_GLOBAL/clk_gate_i/mem_reg[14][31]_i_2/O
                         net (fo=32, routed)          0.705     9.278    cv32e40p_core_ip/core_i/id_stage_i/register_file_i/p_48_in
    SLICE_X99Y217        LDCE                                         f  cv32e40p_core_ip/core_i/id_stage_i/register_file_i/mem_reg[14][21]/G
                         clock pessimism             -0.756     8.521    
                         clock uncertainty           -0.074     8.447    
    SLICE_X99Y217        LDCE (Recov_ldce_G_CLR)     -0.306     8.141    cv32e40p_core_ip/core_i/id_stage_i/register_file_i/mem_reg[14][21]
  -------------------------------------------------------------------
                         required time                          8.141    
                         arrival time                          -3.939    
  -------------------------------------------------------------------
                         slack                                  4.202    

Slack (MET) :             4.213ns  (required time - arrival time)
  Source:                 main_memory/prog_sys_rst_n_reg/C
                            (rising edge-triggered cell FDSE clocked by clk_out5_clk_wiz_1_1  {rise@0.000ns fall@10.000ns period=20.000ns})
  Destination:            cv32e40p_core_ip/core_i/id_stage_i/register_file_i/mem_reg[26][21]/CLR
                            (recovery check against falling-edge clock clk_out5_clk_wiz_1_1  {rise@0.000ns fall@10.000ns period=20.000ns})
  Path Group:             **async_default**
  Path Type:              Recovery (Max at Slow Process Corner)
  Requirement:            10.000ns  (clk_out5_clk_wiz_1_1 fall@10.000ns - clk_out5_clk_wiz_1_1 rise@0.000ns)
  Data Path Delay:        6.364ns  (logic 0.456ns (7.166%)  route 5.908ns (92.834%))
  Logic Levels:           2  (LUT1=1 LUT3=1)
  Clock Path Skew:        0.957ns (DCD - SCD + CPR)
    Destination Clock Delay (DCD):    -0.681ns = ( 9.319 - 10.000 ) 
    Source Clock Delay      (SCD):    -2.394ns
    Clock Pessimism Removal (CPR):    -0.756ns
  Clock Uncertainty:      0.074ns  ((TSJ^2 + DJ^2)^1/2) / 2 + PE
    Total System Jitter     (TSJ):    0.071ns
    Discrete Jitter          (DJ):    0.131ns
    Phase Error              (PE):    0.000ns

    Location             Delay type                Incr(ns)  Path(ns)    Netlist Resource(s)
  -------------------------------------------------------------------    -------------------
                         (clock clk_out5_clk_wiz_1_1 rise edge)
                                                      0.000     0.000 r  
    H9                                                0.000     0.000 r  clk_p (IN)
                         net (fo=0)                   0.000     0.000    u_pll/inst/clk_in1_p
    H9                   IBUFDS (Prop_ibufds_I_O)     0.880     0.880 r  u_pll/inst/clkin1_ibufgds/O
                         net (fo=1, routed)           1.081     1.961    u_pll/inst/clk_in1_clk_wiz_1
    MMCME2_ADV_X1Y5      MMCME2_ADV (Prop_mmcme2_adv_CLKIN1_CLKOUT4)
                                                     -7.639    -5.678 r  u_pll/inst/mmcm_adv_inst/CLKOUT4
                         net (fo=1, routed)           1.948    -3.730    u_pll/inst/clk_out5_clk_wiz_1
    BUFGCTRL_X0Y20       BUFG (Prop_bufg_I_O)         0.093    -3.637 r  u_pll/inst/clkout5_buf/O
                         net (fo=2471, routed)        1.243    -2.394    main_memory/clk_out5
    SLICE_X106Y189       FDSE                                         r  main_memory/prog_sys_rst_n_reg/C
  -------------------------------------------------------------------    -------------------
    SLICE_X106Y189       FDSE (Prop_fdse_C_Q)         0.259    -2.135 r  main_memory/prog_sys_rst_n_reg/Q
                         net (fo=5, routed)           0.620    -1.515    main_memory/system_reset_o
    SLICE_X107Y189       LUT3 (Prop_lut3_I1_O)        0.049    -1.466 r  main_memory/rdirty_o_i_1__0/O
                         net (fo=232, routed)         2.004     0.538    main_memory/rst_n
    SLICE_X151Y192       LUT1 (Prop_lut1_I0_O)        0.148     0.686 f  main_memory/adr_r[28]_i_1/O
                         net (fo=2335, routed)        3.284     3.969    cv32e40p_core_ip/core_i/id_stage_i/register_file_i/wdata_a_q_reg[0]_0
    SLICE_X101Y219       LDCE                                         f  cv32e40p_core_ip/core_i/id_stage_i/register_file_i/mem_reg[26][21]/CLR
  -------------------------------------------------------------------    -------------------

                         (clock clk_out5_clk_wiz_1_1 fall edge)
                                                     10.000    10.000 f  
    H9                                                0.000    10.000 f  clk_p (IN)
                         net (fo=0)                   0.000    10.000    u_pll/inst/clk_in1_p
    H9                   IBUFDS (Prop_ibufds_I_O)     0.778    10.778 f  u_pll/inst/clkin1_ibufgds/O
                         net (fo=1, routed)           0.986    11.764    u_pll/inst/clk_in1_clk_wiz_1
    MMCME2_ADV_X1Y5      MMCME2_ADV (Prop_mmcme2_adv_CLKIN1_CLKOUT4)
                                                     -6.516     5.248 f  u_pll/inst/mmcm_adv_inst/CLKOUT4
                         net (fo=1, routed)           1.788     7.036    u_pll/inst/clk_out5_clk_wiz_1
    BUFGCTRL_X0Y20       BUFG (Prop_bufg_I_O)         0.083     7.119 f  u_pll/inst/clkout5_buf/O
                         net (fo=2471, routed)        1.404     8.523    cv32e40p_core_ip/core_i/id_stage_i/register_file_i/CG_WE_GLOBAL/clk_gate_i/clk_out5
    SLICE_X96Y197        LUT4 (Prop_lut4_I0_O)        0.036     8.559 f  cv32e40p_core_ip/core_i/id_stage_i/register_file_i/CG_WE_GLOBAL/clk_gate_i/mem_reg[26][31]_i_2/O
                         net (fo=32, routed)          0.760     9.319    cv32e40p_core_ip/core_i/id_stage_i/register_file_i/p_36_in
    SLICE_X101Y219       LDCE                                         f  cv32e40p_core_ip/core_i/id_stage_i/register_file_i/mem_reg[26][21]/G
                         clock pessimism             -0.756     8.563    
                         clock uncertainty           -0.074     8.489    
    SLICE_X101Y219       LDCE (Recov_ldce_G_CLR)     -0.306     8.183    cv32e40p_core_ip/core_i/id_stage_i/register_file_i/mem_reg[26][21]
  -------------------------------------------------------------------
                         required time                          8.183    
                         arrival time                          -3.969    
  -------------------------------------------------------------------
                         slack                                  4.213    

Slack (MET) :             4.213ns  (required time - arrival time)
  Source:                 main_memory/prog_sys_rst_n_reg/C
                            (rising edge-triggered cell FDSE clocked by clk_out5_clk_wiz_1_1  {rise@0.000ns fall@10.000ns period=20.000ns})
  Destination:            cv32e40p_core_ip/core_i/id_stage_i/register_file_i/mem_reg[26][22]/CLR
                            (recovery check against falling-edge clock clk_out5_clk_wiz_1_1  {rise@0.000ns fall@10.000ns period=20.000ns})
  Path Group:             **async_default**
  Path Type:              Recovery (Max at Slow Process Corner)
  Requirement:            10.000ns  (clk_out5_clk_wiz_1_1 fall@10.000ns - clk_out5_clk_wiz_1_1 rise@0.000ns)
  Data Path Delay:        6.364ns  (logic 0.456ns (7.166%)  route 5.908ns (92.834%))
  Logic Levels:           2  (LUT1=1 LUT3=1)
  Clock Path Skew:        0.957ns (DCD - SCD + CPR)
    Destination Clock Delay (DCD):    -0.681ns = ( 9.319 - 10.000 ) 
    Source Clock Delay      (SCD):    -2.394ns
    Clock Pessimism Removal (CPR):    -0.756ns
  Clock Uncertainty:      0.074ns  ((TSJ^2 + DJ^2)^1/2) / 2 + PE
    Total System Jitter     (TSJ):    0.071ns
    Discrete Jitter          (DJ):    0.131ns
    Phase Error              (PE):    0.000ns

    Location             Delay type                Incr(ns)  Path(ns)    Netlist Resource(s)
  -------------------------------------------------------------------    -------------------
                         (clock clk_out5_clk_wiz_1_1 rise edge)
                                                      0.000     0.000 r  
    H9                                                0.000     0.000 r  clk_p (IN)
                         net (fo=0)                   0.000     0.000    u_pll/inst/clk_in1_p
    H9                   IBUFDS (Prop_ibufds_I_O)     0.880     0.880 r  u_pll/inst/clkin1_ibufgds/O
                         net (fo=1, routed)           1.081     1.961    u_pll/inst/clk_in1_clk_wiz_1
    MMCME2_ADV_X1Y5      MMCME2_ADV (Prop_mmcme2_adv_CLKIN1_CLKOUT4)
                                                     -7.639    -5.678 r  u_pll/inst/mmcm_adv_inst/CLKOUT4
                         net (fo=1, routed)           1.948    -3.730    u_pll/inst/clk_out5_clk_wiz_1
    BUFGCTRL_X0Y20       BUFG (Prop_bufg_I_O)         0.093    -3.637 r  u_pll/inst/clkout5_buf/O
                         net (fo=2471, routed)        1.243    -2.394    main_memory/clk_out5
    SLICE_X106Y189       FDSE                                         r  main_memory/prog_sys_rst_n_reg/C
  -------------------------------------------------------------------    -------------------
    SLICE_X106Y189       FDSE (Prop_fdse_C_Q)         0.259    -2.135 r  main_memory/prog_sys_rst_n_reg/Q
                         net (fo=5, routed)           0.620    -1.515    main_memory/system_reset_o
    SLICE_X107Y189       LUT3 (Prop_lut3_I1_O)        0.049    -1.466 r  main_memory/rdirty_o_i_1__0/O
                         net (fo=232, routed)         2.004     0.538    main_memory/rst_n
    SLICE_X151Y192       LUT1 (Prop_lut1_I0_O)        0.148     0.686 f  main_memory/adr_r[28]_i_1/O
                         net (fo=2335, routed)        3.284     3.969    cv32e40p_core_ip/core_i/id_stage_i/register_file_i/wdata_a_q_reg[0]_0
    SLICE_X101Y219       LDCE                                         f  cv32e40p_core_ip/core_i/id_stage_i/register_file_i/mem_reg[26][22]/CLR
  -------------------------------------------------------------------    -------------------

                         (clock clk_out5_clk_wiz_1_1 fall edge)
                                                     10.000    10.000 f  
    H9                                                0.000    10.000 f  clk_p (IN)
                         net (fo=0)                   0.000    10.000    u_pll/inst/clk_in1_p
    H9                   IBUFDS (Prop_ibufds_I_O)     0.778    10.778 f  u_pll/inst/clkin1_ibufgds/O
                         net (fo=1, routed)           0.986    11.764    u_pll/inst/clk_in1_clk_wiz_1
    MMCME2_ADV_X1Y5      MMCME2_ADV (Prop_mmcme2_adv_CLKIN1_CLKOUT4)
                                                     -6.516     5.248 f  u_pll/inst/mmcm_adv_inst/CLKOUT4
                         net (fo=1, routed)           1.788     7.036    u_pll/inst/clk_out5_clk_wiz_1
    BUFGCTRL_X0Y20       BUFG (Prop_bufg_I_O)         0.083     7.119 f  u_pll/inst/clkout5_buf/O
                         net (fo=2471, routed)        1.404     8.523    cv32e40p_core_ip/core_i/id_stage_i/register_file_i/CG_WE_GLOBAL/clk_gate_i/clk_out5
    SLICE_X96Y197        LUT4 (Prop_lut4_I0_O)        0.036     8.559 f  cv32e40p_core_ip/core_i/id_stage_i/register_file_i/CG_WE_GLOBAL/clk_gate_i/mem_reg[26][31]_i_2/O
                         net (fo=32, routed)          0.760     9.319    cv32e40p_core_ip/core_i/id_stage_i/register_file_i/p_36_in
    SLICE_X101Y219       LDCE                                         f  cv32e40p_core_ip/core_i/id_stage_i/register_file_i/mem_reg[26][22]/G
                         clock pessimism             -0.756     8.563    
                         clock uncertainty           -0.074     8.489    
    SLICE_X101Y219       LDCE (Recov_ldce_G_CLR)     -0.306     8.183    cv32e40p_core_ip/core_i/id_stage_i/register_file_i/mem_reg[26][22]
  -------------------------------------------------------------------
                         required time                          8.183    
                         arrival time                          -3.969    
  -------------------------------------------------------------------
                         slack                                  4.213    

Slack (MET) :             4.213ns  (required time - arrival time)
  Source:                 main_memory/prog_sys_rst_n_reg/C
                            (rising edge-triggered cell FDSE clocked by clk_out5_clk_wiz_1_1  {rise@0.000ns fall@10.000ns period=20.000ns})
  Destination:            cv32e40p_core_ip/core_i/id_stage_i/register_file_i/mem_reg[26][23]/CLR
                            (recovery check against falling-edge clock clk_out5_clk_wiz_1_1  {rise@0.000ns fall@10.000ns period=20.000ns})
  Path Group:             **async_default**
  Path Type:              Recovery (Max at Slow Process Corner)
  Requirement:            10.000ns  (clk_out5_clk_wiz_1_1 fall@10.000ns - clk_out5_clk_wiz_1_1 rise@0.000ns)
  Data Path Delay:        6.364ns  (logic 0.456ns (7.166%)  route 5.908ns (92.834%))
  Logic Levels:           2  (LUT1=1 LUT3=1)
  Clock Path Skew:        0.957ns (DCD - SCD + CPR)
    Destination Clock Delay (DCD):    -0.681ns = ( 9.319 - 10.000 ) 
    Source Clock Delay      (SCD):    -2.394ns
    Clock Pessimism Removal (CPR):    -0.756ns
  Clock Uncertainty:      0.074ns  ((TSJ^2 + DJ^2)^1/2) / 2 + PE
    Total System Jitter     (TSJ):    0.071ns
    Discrete Jitter          (DJ):    0.131ns
    Phase Error              (PE):    0.000ns

    Location             Delay type                Incr(ns)  Path(ns)    Netlist Resource(s)
  -------------------------------------------------------------------    -------------------
                         (clock clk_out5_clk_wiz_1_1 rise edge)
                                                      0.000     0.000 r  
    H9                                                0.000     0.000 r  clk_p (IN)
                         net (fo=0)                   0.000     0.000    u_pll/inst/clk_in1_p
    H9                   IBUFDS (Prop_ibufds_I_O)     0.880     0.880 r  u_pll/inst/clkin1_ibufgds/O
                         net (fo=1, routed)           1.081     1.961    u_pll/inst/clk_in1_clk_wiz_1
    MMCME2_ADV_X1Y5      MMCME2_ADV (Prop_mmcme2_adv_CLKIN1_CLKOUT4)
                                                     -7.639    -5.678 r  u_pll/inst/mmcm_adv_inst/CLKOUT4
                         net (fo=1, routed)           1.948    -3.730    u_pll/inst/clk_out5_clk_wiz_1
    BUFGCTRL_X0Y20       BUFG (Prop_bufg_I_O)         0.093    -3.637 r  u_pll/inst/clkout5_buf/O
                         net (fo=2471, routed)        1.243    -2.394    main_memory/clk_out5
    SLICE_X106Y189       FDSE                                         r  main_memory/prog_sys_rst_n_reg/C
  -------------------------------------------------------------------    -------------------
    SLICE_X106Y189       FDSE (Prop_fdse_C_Q)         0.259    -2.135 r  main_memory/prog_sys_rst_n_reg/Q
                         net (fo=5, routed)           0.620    -1.515    main_memory/system_reset_o
    SLICE_X107Y189       LUT3 (Prop_lut3_I1_O)        0.049    -1.466 r  main_memory/rdirty_o_i_1__0/O
                         net (fo=232, routed)         2.004     0.538    main_memory/rst_n
    SLICE_X151Y192       LUT1 (Prop_lut1_I0_O)        0.148     0.686 f  main_memory/adr_r[28]_i_1/O
                         net (fo=2335, routed)        3.284     3.969    cv32e40p_core_ip/core_i/id_stage_i/register_file_i/wdata_a_q_reg[0]_0
    SLICE_X101Y219       LDCE                                         f  cv32e40p_core_ip/core_i/id_stage_i/register_file_i/mem_reg[26][23]/CLR
  -------------------------------------------------------------------    -------------------

                         (clock clk_out5_clk_wiz_1_1 fall edge)
                                                     10.000    10.000 f  
    H9                                                0.000    10.000 f  clk_p (IN)
                         net (fo=0)                   0.000    10.000    u_pll/inst/clk_in1_p
    H9                   IBUFDS (Prop_ibufds_I_O)     0.778    10.778 f  u_pll/inst/clkin1_ibufgds/O
                         net (fo=1, routed)           0.986    11.764    u_pll/inst/clk_in1_clk_wiz_1
    MMCME2_ADV_X1Y5      MMCME2_ADV (Prop_mmcme2_adv_CLKIN1_CLKOUT4)
                                                     -6.516     5.248 f  u_pll/inst/mmcm_adv_inst/CLKOUT4
                         net (fo=1, routed)           1.788     7.036    u_pll/inst/clk_out5_clk_wiz_1
    BUFGCTRL_X0Y20       BUFG (Prop_bufg_I_O)         0.083     7.119 f  u_pll/inst/clkout5_buf/O
                         net (fo=2471, routed)        1.404     8.523    cv32e40p_core_ip/core_i/id_stage_i/register_file_i/CG_WE_GLOBAL/clk_gate_i/clk_out5
    SLICE_X96Y197        LUT4 (Prop_lut4_I0_O)        0.036     8.559 f  cv32e40p_core_ip/core_i/id_stage_i/register_file_i/CG_WE_GLOBAL/clk_gate_i/mem_reg[26][31]_i_2/O
                         net (fo=32, routed)          0.760     9.319    cv32e40p_core_ip/core_i/id_stage_i/register_file_i/p_36_in
    SLICE_X101Y219       LDCE                                         f  cv32e40p_core_ip/core_i/id_stage_i/register_file_i/mem_reg[26][23]/G
                         clock pessimism             -0.756     8.563    
                         clock uncertainty           -0.074     8.489    
    SLICE_X101Y219       LDCE (Recov_ldce_G_CLR)     -0.306     8.183    cv32e40p_core_ip/core_i/id_stage_i/register_file_i/mem_reg[26][23]
  -------------------------------------------------------------------
                         required time                          8.183    
                         arrival time                          -3.969    
  -------------------------------------------------------------------
                         slack                                  4.213    

Slack (MET) :             4.272ns  (required time - arrival time)
  Source:                 main_memory/prog_sys_rst_n_reg/C
                            (rising edge-triggered cell FDSE clocked by clk_out5_clk_wiz_1_1  {rise@0.000ns fall@10.000ns period=20.000ns})
  Destination:            cv32e40p_core_ip/core_i/id_stage_i/register_file_i/mem_reg[24][21]/CLR
                            (recovery check against falling-edge clock clk_out5_clk_wiz_1_1  {rise@0.000ns fall@10.000ns period=20.000ns})
  Path Group:             **async_default**
  Path Type:              Recovery (Max at Slow Process Corner)
  Requirement:            10.000ns  (clk_out5_clk_wiz_1_1 fall@10.000ns - clk_out5_clk_wiz_1_1 rise@0.000ns)
  Data Path Delay:        6.389ns  (logic 0.456ns (7.137%)  route 5.933ns (92.863%))
  Logic Levels:           2  (LUT1=1 LUT3=1)
  Clock Path Skew:        0.984ns (DCD - SCD + CPR)
    Destination Clock Delay (DCD):    -0.654ns = ( 9.346 - 10.000 ) 
    Source Clock Delay      (SCD):    -2.394ns
    Clock Pessimism Removal (CPR):    -0.756ns
  Clock Uncertainty:      0.074ns  ((TSJ^2 + DJ^2)^1/2) / 2 + PE
    Total System Jitter     (TSJ):    0.071ns
    Discrete Jitter          (DJ):    0.131ns
    Phase Error              (PE):    0.000ns

    Location             Delay type                Incr(ns)  Path(ns)    Netlist Resource(s)
  -------------------------------------------------------------------    -------------------
                         (clock clk_out5_clk_wiz_1_1 rise edge)
                                                      0.000     0.000 r  
    H9                                                0.000     0.000 r  clk_p (IN)
                         net (fo=0)                   0.000     0.000    u_pll/inst/clk_in1_p
    H9                   IBUFDS (Prop_ibufds_I_O)     0.880     0.880 r  u_pll/inst/clkin1_ibufgds/O
                         net (fo=1, routed)           1.081     1.961    u_pll/inst/clk_in1_clk_wiz_1
    MMCME2_ADV_X1Y5      MMCME2_ADV (Prop_mmcme2_adv_CLKIN1_CLKOUT4)
                                                     -7.639    -5.678 r  u_pll/inst/mmcm_adv_inst/CLKOUT4
                         net (fo=1, routed)           1.948    -3.730    u_pll/inst/clk_out5_clk_wiz_1
    BUFGCTRL_X0Y20       BUFG (Prop_bufg_I_O)         0.093    -3.637 r  u_pll/inst/clkout5_buf/O
                         net (fo=2471, routed)        1.243    -2.394    main_memory/clk_out5
    SLICE_X106Y189       FDSE                                         r  main_memory/prog_sys_rst_n_reg/C
  -------------------------------------------------------------------    -------------------
    SLICE_X106Y189       FDSE (Prop_fdse_C_Q)         0.259    -2.135 r  main_memory/prog_sys_rst_n_reg/Q
                         net (fo=5, routed)           0.620    -1.515    main_memory/system_reset_o
    SLICE_X107Y189       LUT3 (Prop_lut3_I1_O)        0.049    -1.466 r  main_memory/rdirty_o_i_1__0/O
                         net (fo=232, routed)         2.004     0.538    main_memory/rst_n
    SLICE_X151Y192       LUT1 (Prop_lut1_I0_O)        0.148     0.686 f  main_memory/adr_r[28]_i_1/O
                         net (fo=2335, routed)        3.310     3.995    cv32e40p_core_ip/core_i/id_stage_i/register_file_i/wdata_a_q_reg[0]_0
    SLICE_X98Y221        LDCE                                         f  cv32e40p_core_ip/core_i/id_stage_i/register_file_i/mem_reg[24][21]/CLR
  -------------------------------------------------------------------    -------------------

                         (clock clk_out5_clk_wiz_1_1 fall edge)
                                                     10.000    10.000 f  
    H9                                                0.000    10.000 f  clk_p (IN)
                         net (fo=0)                   0.000    10.000    u_pll/inst/clk_in1_p
    H9                   IBUFDS (Prop_ibufds_I_O)     0.778    10.778 f  u_pll/inst/clkin1_ibufgds/O
                         net (fo=1, routed)           0.986    11.764    u_pll/inst/clk_in1_clk_wiz_1
    MMCME2_ADV_X1Y5      MMCME2_ADV (Prop_mmcme2_adv_CLKIN1_CLKOUT4)
                                                     -6.516     5.248 f  u_pll/inst/mmcm_adv_inst/CLKOUT4
                         net (fo=1, routed)           1.788     7.036    u_pll/inst/clk_out5_clk_wiz_1
    BUFGCTRL_X0Y20       BUFG (Prop_bufg_I_O)         0.083     7.119 f  u_pll/inst/clkout5_buf/O
                         net (fo=2471, routed)        1.397     8.515    cv32e40p_core_ip/core_i/id_stage_i/register_file_i/CG_WE_GLOBAL/clk_gate_i/clk_out5
    SLICE_X93Y198        LUT4 (Prop_lut4_I0_O)        0.036     8.551 f  cv32e40p_core_ip/core_i/id_stage_i/register_file_i/CG_WE_GLOBAL/clk_gate_i/mem_reg[24][31]_i_2/O
                         net (fo=32, routed)          0.794     9.346    cv32e40p_core_ip/core_i/id_stage_i/register_file_i/p_38_in
    SLICE_X98Y221        LDCE                                         f  cv32e40p_core_ip/core_i/id_stage_i/register_file_i/mem_reg[24][21]/G
                         clock pessimism             -0.756     8.589    
                         clock uncertainty           -0.074     8.515    
    SLICE_X98Y221        LDCE (Recov_ldce_G_CLR)     -0.248     8.267    cv32e40p_core_ip/core_i/id_stage_i/register_file_i/mem_reg[24][21]
  -------------------------------------------------------------------
                         required time                          8.267    
                         arrival time                          -3.995    
  -------------------------------------------------------------------
                         slack                                  4.272    

Slack (MET) :             4.272ns  (required time - arrival time)
  Source:                 main_memory/prog_sys_rst_n_reg/C
                            (rising edge-triggered cell FDSE clocked by clk_out5_clk_wiz_1_1  {rise@0.000ns fall@10.000ns period=20.000ns})
  Destination:            cv32e40p_core_ip/core_i/id_stage_i/register_file_i/mem_reg[24][23]/CLR
                            (recovery check against falling-edge clock clk_out5_clk_wiz_1_1  {rise@0.000ns fall@10.000ns period=20.000ns})
  Path Group:             **async_default**
  Path Type:              Recovery (Max at Slow Process Corner)
  Requirement:            10.000ns  (clk_out5_clk_wiz_1_1 fall@10.000ns - clk_out5_clk_wiz_1_1 rise@0.000ns)
  Data Path Delay:        6.389ns  (logic 0.456ns (7.137%)  route 5.933ns (92.863%))
  Logic Levels:           2  (LUT1=1 LUT3=1)
  Clock Path Skew:        0.984ns (DCD - SCD + CPR)
    Destination Clock Delay (DCD):    -0.654ns = ( 9.346 - 10.000 ) 
    Source Clock Delay      (SCD):    -2.394ns
    Clock Pessimism Removal (CPR):    -0.756ns
  Clock Uncertainty:      0.074ns  ((TSJ^2 + DJ^2)^1/2) / 2 + PE
    Total System Jitter     (TSJ):    0.071ns
    Discrete Jitter          (DJ):    0.131ns
    Phase Error              (PE):    0.000ns

    Location             Delay type                Incr(ns)  Path(ns)    Netlist Resource(s)
  -------------------------------------------------------------------    -------------------
                         (clock clk_out5_clk_wiz_1_1 rise edge)
                                                      0.000     0.000 r  
    H9                                                0.000     0.000 r  clk_p (IN)
                         net (fo=0)                   0.000     0.000    u_pll/inst/clk_in1_p
    H9                   IBUFDS (Prop_ibufds_I_O)     0.880     0.880 r  u_pll/inst/clkin1_ibufgds/O
                         net (fo=1, routed)           1.081     1.961    u_pll/inst/clk_in1_clk_wiz_1
    MMCME2_ADV_X1Y5      MMCME2_ADV (Prop_mmcme2_adv_CLKIN1_CLKOUT4)
                                                     -7.639    -5.678 r  u_pll/inst/mmcm_adv_inst/CLKOUT4
                         net (fo=1, routed)           1.948    -3.730    u_pll/inst/clk_out5_clk_wiz_1
    BUFGCTRL_X0Y20       BUFG (Prop_bufg_I_O)         0.093    -3.637 r  u_pll/inst/clkout5_buf/O
                         net (fo=2471, routed)        1.243    -2.394    main_memory/clk_out5
    SLICE_X106Y189       FDSE                                         r  main_memory/prog_sys_rst_n_reg/C
  -------------------------------------------------------------------    -------------------
    SLICE_X106Y189       FDSE (Prop_fdse_C_Q)         0.259    -2.135 r  main_memory/prog_sys_rst_n_reg/Q
                         net (fo=5, routed)           0.620    -1.515    main_memory/system_reset_o
    SLICE_X107Y189       LUT3 (Prop_lut3_I1_O)        0.049    -1.466 r  main_memory/rdirty_o_i_1__0/O
                         net (fo=232, routed)         2.004     0.538    main_memory/rst_n
    SLICE_X151Y192       LUT1 (Prop_lut1_I0_O)        0.148     0.686 f  main_memory/adr_r[28]_i_1/O
                         net (fo=2335, routed)        3.310     3.995    cv32e40p_core_ip/core_i/id_stage_i/register_file_i/wdata_a_q_reg[0]_0
    SLICE_X98Y221        LDCE                                         f  cv32e40p_core_ip/core_i/id_stage_i/register_file_i/mem_reg[24][23]/CLR
  -------------------------------------------------------------------    -------------------

                         (clock clk_out5_clk_wiz_1_1 fall edge)
                                                     10.000    10.000 f  
    H9                                                0.000    10.000 f  clk_p (IN)
                         net (fo=0)                   0.000    10.000    u_pll/inst/clk_in1_p
    H9                   IBUFDS (Prop_ibufds_I_O)     0.778    10.778 f  u_pll/inst/clkin1_ibufgds/O
                         net (fo=1, routed)           0.986    11.764    u_pll/inst/clk_in1_clk_wiz_1
    MMCME2_ADV_X1Y5      MMCME2_ADV (Prop_mmcme2_adv_CLKIN1_CLKOUT4)
                                                     -6.516     5.248 f  u_pll/inst/mmcm_adv_inst/CLKOUT4
                         net (fo=1, routed)           1.788     7.036    u_pll/inst/clk_out5_clk_wiz_1
    BUFGCTRL_X0Y20       BUFG (Prop_bufg_I_O)         0.083     7.119 f  u_pll/inst/clkout5_buf/O
                         net (fo=2471, routed)        1.397     8.515    cv32e40p_core_ip/core_i/id_stage_i/register_file_i/CG_WE_GLOBAL/clk_gate_i/clk_out5
    SLICE_X93Y198        LUT4 (Prop_lut4_I0_O)        0.036     8.551 f  cv32e40p_core_ip/core_i/id_stage_i/register_file_i/CG_WE_GLOBAL/clk_gate_i/mem_reg[24][31]_i_2/O
                         net (fo=32, routed)          0.794     9.346    cv32e40p_core_ip/core_i/id_stage_i/register_file_i/p_38_in
    SLICE_X98Y221        LDCE                                         f  cv32e40p_core_ip/core_i/id_stage_i/register_file_i/mem_reg[24][23]/G
                         clock pessimism             -0.756     8.589    
                         clock uncertainty           -0.074     8.515    
    SLICE_X98Y221        LDCE (Recov_ldce_G_CLR)     -0.248     8.267    cv32e40p_core_ip/core_i/id_stage_i/register_file_i/mem_reg[24][23]
  -------------------------------------------------------------------
                         required time                          8.267    
                         arrival time                          -3.995    
  -------------------------------------------------------------------
                         slack                                  4.272    

Slack (MET) :             4.282ns  (required time - arrival time)
  Source:                 main_memory/prog_sys_rst_n_reg/C
                            (rising edge-triggered cell FDSE clocked by clk_out5_clk_wiz_1_1  {rise@0.000ns fall@10.000ns period=20.000ns})
  Destination:            cv32e40p_core_ip/core_i/id_stage_i/register_file_i/mem_reg[13][17]/CLR
                            (recovery check against falling-edge clock clk_out5_clk_wiz_1_1  {rise@0.000ns fall@10.000ns period=20.000ns})
  Path Group:             **async_default**
  Path Type:              Recovery (Max at Slow Process Corner)
  Requirement:            10.000ns  (clk_out5_clk_wiz_1_1 fall@10.000ns - clk_out5_clk_wiz_1_1 rise@0.000ns)
  Data Path Delay:        6.348ns  (logic 0.456ns (7.183%)  route 5.892ns (92.817%))
  Logic Levels:           2  (LUT1=1 LUT3=1)
  Clock Path Skew:        0.879ns (DCD - SCD + CPR)
    Destination Clock Delay (DCD):    -0.759ns = ( 9.241 - 10.000 ) 
    Source Clock Delay      (SCD):    -2.394ns
    Clock Pessimism Removal (CPR):    -0.756ns
  Clock Uncertainty:      0.074ns  ((TSJ^2 + DJ^2)^1/2) / 2 + PE
    Total System Jitter     (TSJ):    0.071ns
    Discrete Jitter          (DJ):    0.131ns
    Phase Error              (PE):    0.000ns

    Location             Delay type                Incr(ns)  Path(ns)    Netlist Resource(s)
  -------------------------------------------------------------------    -------------------
                         (clock clk_out5_clk_wiz_1_1 rise edge)
                                                      0.000     0.000 r  
    H9                                                0.000     0.000 r  clk_p (IN)
                         net (fo=0)                   0.000     0.000    u_pll/inst/clk_in1_p
    H9                   IBUFDS (Prop_ibufds_I_O)     0.880     0.880 r  u_pll/inst/clkin1_ibufgds/O
                         net (fo=1, routed)           1.081     1.961    u_pll/inst/clk_in1_clk_wiz_1
    MMCME2_ADV_X1Y5      MMCME2_ADV (Prop_mmcme2_adv_CLKIN1_CLKOUT4)
                                                     -7.639    -5.678 r  u_pll/inst/mmcm_adv_inst/CLKOUT4
                         net (fo=1, routed)           1.948    -3.730    u_pll/inst/clk_out5_clk_wiz_1
    BUFGCTRL_X0Y20       BUFG (Prop_bufg_I_O)         0.093    -3.637 r  u_pll/inst/clkout5_buf/O
                         net (fo=2471, routed)        1.243    -2.394    main_memory/clk_out5
    SLICE_X106Y189       FDSE                                         r  main_memory/prog_sys_rst_n_reg/C
  -------------------------------------------------------------------    -------------------
    SLICE_X106Y189       FDSE (Prop_fdse_C_Q)         0.259    -2.135 r  main_memory/prog_sys_rst_n_reg/Q
                         net (fo=5, routed)           0.620    -1.515    main_memory/system_reset_o
    SLICE_X107Y189       LUT3 (Prop_lut3_I1_O)        0.049    -1.466 r  main_memory/rdirty_o_i_1__0/O
                         net (fo=232, routed)         2.004     0.538    main_memory/rst_n
    SLICE_X151Y192       LUT1 (Prop_lut1_I0_O)        0.148     0.686 f  main_memory/adr_r[28]_i_1/O
                         net (fo=2335, routed)        3.268     3.954    cv32e40p_core_ip/core_i/id_stage_i/register_file_i/wdata_a_q_reg[0]_0
    SLICE_X98Y216        LDCE                                         f  cv32e40p_core_ip/core_i/id_stage_i/register_file_i/mem_reg[13][17]/CLR
  -------------------------------------------------------------------    -------------------

                         (clock clk_out5_clk_wiz_1_1 fall edge)
                                                     10.000    10.000 f  
    H9                                                0.000    10.000 f  clk_p (IN)
                         net (fo=0)                   0.000    10.000    u_pll/inst/clk_in1_p
    H9                   IBUFDS (Prop_ibufds_I_O)     0.778    10.778 f  u_pll/inst/clkin1_ibufgds/O
                         net (fo=1, routed)           0.986    11.764    u_pll/inst/clk_in1_clk_wiz_1
    MMCME2_ADV_X1Y5      MMCME2_ADV (Prop_mmcme2_adv_CLKIN1_CLKOUT4)
                                                     -6.516     5.248 f  u_pll/inst/mmcm_adv_inst/CLKOUT4
                         net (fo=1, routed)           1.788     7.036    u_pll/inst/clk_out5_clk_wiz_1
    BUFGCTRL_X0Y20       BUFG (Prop_bufg_I_O)         0.083     7.119 f  u_pll/inst/clkout5_buf/O
                         net (fo=2471, routed)        1.410     8.528    cv32e40p_core_ip/core_i/id_stage_i/register_file_i/CG_WE_GLOBAL/clk_gate_i/clk_out5
    SLICE_X94Y198        LUT4 (Prop_lut4_I0_O)        0.040     8.568 f  cv32e40p_core_ip/core_i/id_stage_i/register_file_i/CG_WE_GLOBAL/clk_gate_i/mem_reg[13][31]_i_2/O
                         net (fo=32, routed)          0.673     9.241    cv32e40p_core_ip/core_i/id_stage_i/register_file_i/p_49_in
    SLICE_X98Y216        LDCE                                         f  cv32e40p_core_ip/core_i/id_stage_i/register_file_i/mem_reg[13][17]/G
                         clock pessimism             -0.756     8.485    
                         clock uncertainty           -0.074     8.411    
    SLICE_X98Y216        LDCE (Recov_ldce_G_CLR)     -0.175     8.236    cv32e40p_core_ip/core_i/id_stage_i/register_file_i/mem_reg[13][17]
  -------------------------------------------------------------------
                         required time                          8.236    
                         arrival time                          -3.954    
  -------------------------------------------------------------------
                         slack                                  4.282    

Slack (MET) :             4.335ns  (required time - arrival time)
  Source:                 main_memory/prog_sys_rst_n_reg/C
                            (rising edge-triggered cell FDSE clocked by clk_out5_clk_wiz_1_1  {rise@0.000ns fall@10.000ns period=20.000ns})
  Destination:            cv32e40p_core_ip/core_i/id_stage_i/register_file_i/mem_reg[18][21]/CLR
                            (recovery check against falling-edge clock clk_out5_clk_wiz_1_1  {rise@0.000ns fall@10.000ns period=20.000ns})
  Path Group:             **async_default**
  Path Type:              Recovery (Max at Slow Process Corner)
  Requirement:            10.000ns  (clk_out5_clk_wiz_1_1 fall@10.000ns - clk_out5_clk_wiz_1_1 rise@0.000ns)
  Data Path Delay:        6.389ns  (logic 0.456ns (7.137%)  route 5.933ns (92.863%))
  Logic Levels:           2  (LUT1=1 LUT3=1)
  Clock Path Skew:        1.105ns (DCD - SCD + CPR)
    Destination Clock Delay (DCD):    -0.533ns = ( 9.467 - 10.000 ) 
    Source Clock Delay      (SCD):    -2.394ns
    Clock Pessimism Removal (CPR):    -0.756ns
  Clock Uncertainty:      0.074ns  ((TSJ^2 + DJ^2)^1/2) / 2 + PE
    Total System Jitter     (TSJ):    0.071ns
    Discrete Jitter          (DJ):    0.131ns
    Phase Error              (PE):    0.000ns

    Location             Delay type                Incr(ns)  Path(ns)    Netlist Resource(s)
  -------------------------------------------------------------------    -------------------
                         (clock clk_out5_clk_wiz_1_1 rise edge)
                                                      0.000     0.000 r  
    H9                                                0.000     0.000 r  clk_p (IN)
                         net (fo=0)                   0.000     0.000    u_pll/inst/clk_in1_p
    H9                   IBUFDS (Prop_ibufds_I_O)     0.880     0.880 r  u_pll/inst/clkin1_ibufgds/O
                         net (fo=1, routed)           1.081     1.961    u_pll/inst/clk_in1_clk_wiz_1
    MMCME2_ADV_X1Y5      MMCME2_ADV (Prop_mmcme2_adv_CLKIN1_CLKOUT4)
                                                     -7.639    -5.678 r  u_pll/inst/mmcm_adv_inst/CLKOUT4
                         net (fo=1, routed)           1.948    -3.730    u_pll/inst/clk_out5_clk_wiz_1
    BUFGCTRL_X0Y20       BUFG (Prop_bufg_I_O)         0.093    -3.637 r  u_pll/inst/clkout5_buf/O
                         net (fo=2471, routed)        1.243    -2.394    main_memory/clk_out5
    SLICE_X106Y189       FDSE                                         r  main_memory/prog_sys_rst_n_reg/C
  -------------------------------------------------------------------    -------------------
    SLICE_X106Y189       FDSE (Prop_fdse_C_Q)         0.259    -2.135 r  main_memory/prog_sys_rst_n_reg/Q
                         net (fo=5, routed)           0.620    -1.515    main_memory/system_reset_o
    SLICE_X107Y189       LUT3 (Prop_lut3_I1_O)        0.049    -1.466 r  main_memory/rdirty_o_i_1__0/O
                         net (fo=232, routed)         2.004     0.538    main_memory/rst_n
    SLICE_X151Y192       LUT1 (Prop_lut1_I0_O)        0.148     0.686 f  main_memory/adr_r[28]_i_1/O
                         net (fo=2335, routed)        3.310     3.995    cv32e40p_core_ip/core_i/id_stage_i/register_file_i/wdata_a_q_reg[0]_0
    SLICE_X99Y221        LDCE                                         f  cv32e40p_core_ip/core_i/id_stage_i/register_file_i/mem_reg[18][21]/CLR
  -------------------------------------------------------------------    -------------------

                         (clock clk_out5_clk_wiz_1_1 fall edge)
                                                     10.000    10.000 f  
    H9                                                0.000    10.000 f  clk_p (IN)
                         net (fo=0)                   0.000    10.000    u_pll/inst/clk_in1_p
    H9                   IBUFDS (Prop_ibufds_I_O)     0.778    10.778 f  u_pll/inst/clkin1_ibufgds/O
                         net (fo=1, routed)           0.986    11.764    u_pll/inst/clk_in1_clk_wiz_1
    MMCME2_ADV_X1Y5      MMCME2_ADV (Prop_mmcme2_adv_CLKIN1_CLKOUT4)
                                                     -6.516     5.248 f  u_pll/inst/mmcm_adv_inst/CLKOUT4
                         net (fo=1, routed)           1.788     7.036    u_pll/inst/clk_out5_clk_wiz_1
    BUFGCTRL_X0Y20       BUFG (Prop_bufg_I_O)         0.083     7.119 f  u_pll/inst/clkout5_buf/O
                         net (fo=2471, routed)        1.409     8.527    cv32e40p_core_ip/core_i/id_stage_i/register_file_i/CG_WE_GLOBAL/clk_gate_i/clk_out5
    SLICE_X94Y198        LUT4 (Prop_lut4_I0_O)        0.036     8.563 f  cv32e40p_core_ip/core_i/id_stage_i/register_file_i/CG_WE_GLOBAL/clk_gate_i/mem_reg[18][31]_i_2/O
                         net (fo=32, routed)          0.903     9.467    cv32e40p_core_ip/core_i/id_stage_i/register_file_i/p_44_in
    SLICE_X99Y221        LDCE                                         f  cv32e40p_core_ip/core_i/id_stage_i/register_file_i/mem_reg[18][21]/G
                         clock pessimism             -0.756     8.711    
                         clock uncertainty           -0.074     8.637    
    SLICE_X99Y221        LDCE (Recov_ldce_G_CLR)     -0.306     8.331    cv32e40p_core_ip/core_i/id_stage_i/register_file_i/mem_reg[18][21]
  -------------------------------------------------------------------
                         required time                          8.331    
                         arrival time                          -3.995    
  -------------------------------------------------------------------
                         slack                                  4.335    

Slack (MET) :             4.335ns  (required time - arrival time)
  Source:                 main_memory/prog_sys_rst_n_reg/C
                            (rising edge-triggered cell FDSE clocked by clk_out5_clk_wiz_1_1  {rise@0.000ns fall@10.000ns period=20.000ns})
  Destination:            cv32e40p_core_ip/core_i/id_stage_i/register_file_i/mem_reg[18][23]/CLR
                            (recovery check against falling-edge clock clk_out5_clk_wiz_1_1  {rise@0.000ns fall@10.000ns period=20.000ns})
  Path Group:             **async_default**
  Path Type:              Recovery (Max at Slow Process Corner)
  Requirement:            10.000ns  (clk_out5_clk_wiz_1_1 fall@10.000ns - clk_out5_clk_wiz_1_1 rise@0.000ns)
  Data Path Delay:        6.389ns  (logic 0.456ns (7.137%)  route 5.933ns (92.863%))
  Logic Levels:           2  (LUT1=1 LUT3=1)
  Clock Path Skew:        1.105ns (DCD - SCD + CPR)
    Destination Clock Delay (DCD):    -0.533ns = ( 9.467 - 10.000 ) 
    Source Clock Delay      (SCD):    -2.394ns
    Clock Pessimism Removal (CPR):    -0.756ns
  Clock Uncertainty:      0.074ns  ((TSJ^2 + DJ^2)^1/2) / 2 + PE
    Total System Jitter     (TSJ):    0.071ns
    Discrete Jitter          (DJ):    0.131ns
    Phase Error              (PE):    0.000ns

    Location             Delay type                Incr(ns)  Path(ns)    Netlist Resource(s)
  -------------------------------------------------------------------    -------------------
                         (clock clk_out5_clk_wiz_1_1 rise edge)
                                                      0.000     0.000 r  
    H9                                                0.000     0.000 r  clk_p (IN)
                         net (fo=0)                   0.000     0.000    u_pll/inst/clk_in1_p
    H9                   IBUFDS (Prop_ibufds_I_O)     0.880     0.880 r  u_pll/inst/clkin1_ibufgds/O
                         net (fo=1, routed)           1.081     1.961    u_pll/inst/clk_in1_clk_wiz_1
    MMCME2_ADV_X1Y5      MMCME2_ADV (Prop_mmcme2_adv_CLKIN1_CLKOUT4)
                                                     -7.639    -5.678 r  u_pll/inst/mmcm_adv_inst/CLKOUT4
                         net (fo=1, routed)           1.948    -3.730    u_pll/inst/clk_out5_clk_wiz_1
    BUFGCTRL_X0Y20       BUFG (Prop_bufg_I_O)         0.093    -3.637 r  u_pll/inst/clkout5_buf/O
                         net (fo=2471, routed)        1.243    -2.394    main_memory/clk_out5
    SLICE_X106Y189       FDSE                                         r  main_memory/prog_sys_rst_n_reg/C
  -------------------------------------------------------------------    -------------------
    SLICE_X106Y189       FDSE (Prop_fdse_C_Q)         0.259    -2.135 r  main_memory/prog_sys_rst_n_reg/Q
                         net (fo=5, routed)           0.620    -1.515    main_memory/system_reset_o
    SLICE_X107Y189       LUT3 (Prop_lut3_I1_O)        0.049    -1.466 r  main_memory/rdirty_o_i_1__0/O
                         net (fo=232, routed)         2.004     0.538    main_memory/rst_n
    SLICE_X151Y192       LUT1 (Prop_lut1_I0_O)        0.148     0.686 f  main_memory/adr_r[28]_i_1/O
                         net (fo=2335, routed)        3.310     3.995    cv32e40p_core_ip/core_i/id_stage_i/register_file_i/wdata_a_q_reg[0]_0
    SLICE_X99Y221        LDCE                                         f  cv32e40p_core_ip/core_i/id_stage_i/register_file_i/mem_reg[18][23]/CLR
  -------------------------------------------------------------------    -------------------

                         (clock clk_out5_clk_wiz_1_1 fall edge)
                                                     10.000    10.000 f  
    H9                                                0.000    10.000 f  clk_p (IN)
                         net (fo=0)                   0.000    10.000    u_pll/inst/clk_in1_p
    H9                   IBUFDS (Prop_ibufds_I_O)     0.778    10.778 f  u_pll/inst/clkin1_ibufgds/O
                         net (fo=1, routed)           0.986    11.764    u_pll/inst/clk_in1_clk_wiz_1
    MMCME2_ADV_X1Y5      MMCME2_ADV (Prop_mmcme2_adv_CLKIN1_CLKOUT4)
                                                     -6.516     5.248 f  u_pll/inst/mmcm_adv_inst/CLKOUT4
                         net (fo=1, routed)           1.788     7.036    u_pll/inst/clk_out5_clk_wiz_1
    BUFGCTRL_X0Y20       BUFG (Prop_bufg_I_O)         0.083     7.119 f  u_pll/inst/clkout5_buf/O
                         net (fo=2471, routed)        1.409     8.527    cv32e40p_core_ip/core_i/id_stage_i/register_file_i/CG_WE_GLOBAL/clk_gate_i/clk_out5
    SLICE_X94Y198        LUT4 (Prop_lut4_I0_O)        0.036     8.563 f  cv32e40p_core_ip/core_i/id_stage_i/register_file_i/CG_WE_GLOBAL/clk_gate_i/mem_reg[18][31]_i_2/O
                         net (fo=32, routed)          0.903     9.467    cv32e40p_core_ip/core_i/id_stage_i/register_file_i/p_44_in
    SLICE_X99Y221        LDCE                                         f  cv32e40p_core_ip/core_i/id_stage_i/register_file_i/mem_reg[18][23]/G
                         clock pessimism             -0.756     8.711    
                         clock uncertainty           -0.074     8.637    
    SLICE_X99Y221        LDCE (Recov_ldce_G_CLR)     -0.306     8.331    cv32e40p_core_ip/core_i/id_stage_i/register_file_i/mem_reg[18][23]
  -------------------------------------------------------------------
                         required time                          8.331    
                         arrival time                          -3.995    
  -------------------------------------------------------------------
                         slack                                  4.335    





Min Delay Paths
--------------------------------------------------------------------------------------
Slack (MET) :             0.485ns  (arrival time - required time)
  Source:                 main_memory/prog_sys_rst_n_reg/C
                            (rising edge-triggered cell FDSE clocked by clk_out5_clk_wiz_1_1  {rise@0.000ns fall@10.000ns period=20.000ns})
  Destination:            dcache/way1/tags_reg[2][1]/PRE
                            (removal check against rising-edge clock clk_out5_clk_wiz_1_1  {rise@0.000ns fall@10.000ns period=20.000ns})
  Path Group:             **async_default**
  Path Type:              Removal (Min at Fast Process Corner)
  Requirement:            0.000ns  (clk_out5_clk_wiz_1_1 rise@0.000ns - clk_out5_clk_wiz_1_1 rise@0.000ns)
  Data Path Delay:        0.468ns  (logic 0.146ns (31.218%)  route 0.322ns (68.782%))
  Logic Levels:           1  (LUT3=1)
  Clock Path Skew:        0.035ns (DCD - SCD - CPR)
    Destination Clock Delay (DCD):    -0.768ns
    Source Clock Delay      (SCD):    -0.718ns
    Clock Pessimism Removal (CPR):    -0.085ns

    Location             Delay type                Incr(ns)  Path(ns)    Netlist Resource(s)
  -------------------------------------------------------------------    -------------------
                         (clock clk_out5_clk_wiz_1_1 rise edge)
                                                      0.000     0.000 r  
    H9                                                0.000     0.000 r  clk_p (IN)
                         net (fo=0)                   0.000     0.000    u_pll/inst/clk_in1_p
    H9                   IBUFDS (Prop_ibufds_I_O)     0.363     0.363 r  u_pll/inst/clkin1_ibufgds/O
                         net (fo=1, routed)           0.503     0.866    u_pll/inst/clk_in1_clk_wiz_1
    MMCME2_ADV_X1Y5      MMCME2_ADV (Prop_mmcme2_adv_CLKIN1_CLKOUT4)
                                                     -3.122    -2.256 r  u_pll/inst/mmcm_adv_inst/CLKOUT4
                         net (fo=1, routed)           0.969    -1.287    u_pll/inst/clk_out5_clk_wiz_1
    BUFGCTRL_X0Y20       BUFG (Prop_bufg_I_O)         0.026    -1.261 r  u_pll/inst/clkout5_buf/O
                         net (fo=2471, routed)        0.543    -0.718    main_memory/clk_out5
    SLICE_X106Y189       FDSE                                         r  main_memory/prog_sys_rst_n_reg/C
  -------------------------------------------------------------------    -------------------
    SLICE_X106Y189       FDSE (Prop_fdse_C_Q)         0.118    -0.600 r  main_memory/prog_sys_rst_n_reg/Q
                         net (fo=5, routed)           0.146    -0.454    main_memory/system_reset_o
    SLICE_X106Y189       LUT3 (Prop_lut3_I1_O)        0.028    -0.426 f  main_memory/data_addr[31]_i_1/O
                         net (fo=1203, routed)        0.176    -0.250    dcache/way1/lines_reg[1][0]_0
    SLICE_X110Y189       FDPE                                         f  dcache/way1/tags_reg[2][1]/PRE
  -------------------------------------------------------------------    -------------------

                         (clock clk_out5_clk_wiz_1_1 rise edge)
                                                      0.000     0.000 r  
    H9                                                0.000     0.000 r  clk_p (IN)
                         net (fo=0)                   0.000     0.000    u_pll/inst/clk_in1_p
    H9                   IBUFDS (Prop_ibufds_I_O)     0.444     0.444 r  u_pll/inst/clkin1_ibufgds/O
                         net (fo=1, routed)           0.553     0.997    u_pll/inst/clk_in1_clk_wiz_1
    MMCME2_ADV_X1Y5      MMCME2_ADV (Prop_mmcme2_adv_CLKIN1_CLKOUT4)
                                                     -3.590    -2.593 r  u_pll/inst/mmcm_adv_inst/CLKOUT4
                         net (fo=1, routed)           1.044    -1.549    u_pll/inst/clk_out5_clk_wiz_1
    BUFGCTRL_X0Y20       BUFG (Prop_bufg_I_O)         0.030    -1.519 r  u_pll/inst/clkout5_buf/O
                         net (fo=2471, routed)        0.751    -0.768    dcache/way1/clk_out5
    SLICE_X110Y189       FDPE                                         r  dcache/way1/tags_reg[2][1]/C
                         clock pessimism              0.085    -0.683    
    SLICE_X110Y189       FDPE (Remov_fdpe_C_PRE)     -0.052    -0.735    dcache/way1/tags_reg[2][1]
  -------------------------------------------------------------------
                         required time                          0.735    
                         arrival time                          -0.250    
  -------------------------------------------------------------------
                         slack                                  0.485    

Slack (MET) :             0.485ns  (arrival time - required time)
  Source:                 main_memory/prog_sys_rst_n_reg/C
                            (rising edge-triggered cell FDSE clocked by clk_out5_clk_wiz_1_1  {rise@0.000ns fall@10.000ns period=20.000ns})
  Destination:            dcache/way1/tags_reg[2][2]/PRE
                            (removal check against rising-edge clock clk_out5_clk_wiz_1_1  {rise@0.000ns fall@10.000ns period=20.000ns})
  Path Group:             **async_default**
  Path Type:              Removal (Min at Fast Process Corner)
  Requirement:            0.000ns  (clk_out5_clk_wiz_1_1 rise@0.000ns - clk_out5_clk_wiz_1_1 rise@0.000ns)
  Data Path Delay:        0.468ns  (logic 0.146ns (31.218%)  route 0.322ns (68.782%))
  Logic Levels:           1  (LUT3=1)
  Clock Path Skew:        0.035ns (DCD - SCD - CPR)
    Destination Clock Delay (DCD):    -0.768ns
    Source Clock Delay      (SCD):    -0.718ns
    Clock Pessimism Removal (CPR):    -0.085ns

    Location             Delay type                Incr(ns)  Path(ns)    Netlist Resource(s)
  -------------------------------------------------------------------    -------------------
                         (clock clk_out5_clk_wiz_1_1 rise edge)
                                                      0.000     0.000 r  
    H9                                                0.000     0.000 r  clk_p (IN)
                         net (fo=0)                   0.000     0.000    u_pll/inst/clk_in1_p
    H9                   IBUFDS (Prop_ibufds_I_O)     0.363     0.363 r  u_pll/inst/clkin1_ibufgds/O
                         net (fo=1, routed)           0.503     0.866    u_pll/inst/clk_in1_clk_wiz_1
    MMCME2_ADV_X1Y5      MMCME2_ADV (Prop_mmcme2_adv_CLKIN1_CLKOUT4)
                                                     -3.122    -2.256 r  u_pll/inst/mmcm_adv_inst/CLKOUT4
                         net (fo=1, routed)           0.969    -1.287    u_pll/inst/clk_out5_clk_wiz_1
    BUFGCTRL_X0Y20       BUFG (Prop_bufg_I_O)         0.026    -1.261 r  u_pll/inst/clkout5_buf/O
                         net (fo=2471, routed)        0.543    -0.718    main_memory/clk_out5
    SLICE_X106Y189       FDSE                                         r  main_memory/prog_sys_rst_n_reg/C
  -------------------------------------------------------------------    -------------------
    SLICE_X106Y189       FDSE (Prop_fdse_C_Q)         0.118    -0.600 r  main_memory/prog_sys_rst_n_reg/Q
                         net (fo=5, routed)           0.146    -0.454    main_memory/system_reset_o
    SLICE_X106Y189       LUT3 (Prop_lut3_I1_O)        0.028    -0.426 f  main_memory/data_addr[31]_i_1/O
                         net (fo=1203, routed)        0.176    -0.250    dcache/way1/lines_reg[1][0]_0
    SLICE_X110Y189       FDPE                                         f  dcache/way1/tags_reg[2][2]/PRE
  -------------------------------------------------------------------    -------------------

                         (clock clk_out5_clk_wiz_1_1 rise edge)
                                                      0.000     0.000 r  
    H9                                                0.000     0.000 r  clk_p (IN)
                         net (fo=0)                   0.000     0.000    u_pll/inst/clk_in1_p
    H9                   IBUFDS (Prop_ibufds_I_O)     0.444     0.444 r  u_pll/inst/clkin1_ibufgds/O
                         net (fo=1, routed)           0.553     0.997    u_pll/inst/clk_in1_clk_wiz_1
    MMCME2_ADV_X1Y5      MMCME2_ADV (Prop_mmcme2_adv_CLKIN1_CLKOUT4)
                                                     -3.590    -2.593 r  u_pll/inst/mmcm_adv_inst/CLKOUT4
                         net (fo=1, routed)           1.044    -1.549    u_pll/inst/clk_out5_clk_wiz_1
    BUFGCTRL_X0Y20       BUFG (Prop_bufg_I_O)         0.030    -1.519 r  u_pll/inst/clkout5_buf/O
                         net (fo=2471, routed)        0.751    -0.768    dcache/way1/clk_out5
    SLICE_X110Y189       FDPE                                         r  dcache/way1/tags_reg[2][2]/C
                         clock pessimism              0.085    -0.683    
    SLICE_X110Y189       FDPE (Remov_fdpe_C_PRE)     -0.052    -0.735    dcache/way1/tags_reg[2][2]
  -------------------------------------------------------------------
                         required time                          0.735    
                         arrival time                          -0.250    
  -------------------------------------------------------------------
                         slack                                  0.485    

Slack (MET) :             0.485ns  (arrival time - required time)
  Source:                 main_memory/prog_sys_rst_n_reg/C
                            (rising edge-triggered cell FDSE clocked by clk_out5_clk_wiz_1_1  {rise@0.000ns fall@10.000ns period=20.000ns})
  Destination:            dcache/way1/tags_reg[2][3]/PRE
                            (removal check against rising-edge clock clk_out5_clk_wiz_1_1  {rise@0.000ns fall@10.000ns period=20.000ns})
  Path Group:             **async_default**
  Path Type:              Removal (Min at Fast Process Corner)
  Requirement:            0.000ns  (clk_out5_clk_wiz_1_1 rise@0.000ns - clk_out5_clk_wiz_1_1 rise@0.000ns)
  Data Path Delay:        0.468ns  (logic 0.146ns (31.218%)  route 0.322ns (68.782%))
  Logic Levels:           1  (LUT3=1)
  Clock Path Skew:        0.035ns (DCD - SCD - CPR)
    Destination Clock Delay (DCD):    -0.768ns
    Source Clock Delay      (SCD):    -0.718ns
    Clock Pessimism Removal (CPR):    -0.085ns

    Location             Delay type                Incr(ns)  Path(ns)    Netlist Resource(s)
  -------------------------------------------------------------------    -------------------
                         (clock clk_out5_clk_wiz_1_1 rise edge)
                                                      0.000     0.000 r  
    H9                                                0.000     0.000 r  clk_p (IN)
                         net (fo=0)                   0.000     0.000    u_pll/inst/clk_in1_p
    H9                   IBUFDS (Prop_ibufds_I_O)     0.363     0.363 r  u_pll/inst/clkin1_ibufgds/O
                         net (fo=1, routed)           0.503     0.866    u_pll/inst/clk_in1_clk_wiz_1
    MMCME2_ADV_X1Y5      MMCME2_ADV (Prop_mmcme2_adv_CLKIN1_CLKOUT4)
                                                     -3.122    -2.256 r  u_pll/inst/mmcm_adv_inst/CLKOUT4
                         net (fo=1, routed)           0.969    -1.287    u_pll/inst/clk_out5_clk_wiz_1
    BUFGCTRL_X0Y20       BUFG (Prop_bufg_I_O)         0.026    -1.261 r  u_pll/inst/clkout5_buf/O
                         net (fo=2471, routed)        0.543    -0.718    main_memory/clk_out5
    SLICE_X106Y189       FDSE                                         r  main_memory/prog_sys_rst_n_reg/C
  -------------------------------------------------------------------    -------------------
    SLICE_X106Y189       FDSE (Prop_fdse_C_Q)         0.118    -0.600 r  main_memory/prog_sys_rst_n_reg/Q
                         net (fo=5, routed)           0.146    -0.454    main_memory/system_reset_o
    SLICE_X106Y189       LUT3 (Prop_lut3_I1_O)        0.028    -0.426 f  main_memory/data_addr[31]_i_1/O
                         net (fo=1203, routed)        0.176    -0.250    dcache/way1/lines_reg[1][0]_0
    SLICE_X110Y189       FDPE                                         f  dcache/way1/tags_reg[2][3]/PRE
  -------------------------------------------------------------------    -------------------

                         (clock clk_out5_clk_wiz_1_1 rise edge)
                                                      0.000     0.000 r  
    H9                                                0.000     0.000 r  clk_p (IN)
                         net (fo=0)                   0.000     0.000    u_pll/inst/clk_in1_p
    H9                   IBUFDS (Prop_ibufds_I_O)     0.444     0.444 r  u_pll/inst/clkin1_ibufgds/O
                         net (fo=1, routed)           0.553     0.997    u_pll/inst/clk_in1_clk_wiz_1
    MMCME2_ADV_X1Y5      MMCME2_ADV (Prop_mmcme2_adv_CLKIN1_CLKOUT4)
                                                     -3.590    -2.593 r  u_pll/inst/mmcm_adv_inst/CLKOUT4
                         net (fo=1, routed)           1.044    -1.549    u_pll/inst/clk_out5_clk_wiz_1
    BUFGCTRL_X0Y20       BUFG (Prop_bufg_I_O)         0.030    -1.519 r  u_pll/inst/clkout5_buf/O
                         net (fo=2471, routed)        0.751    -0.768    dcache/way1/clk_out5
    SLICE_X110Y189       FDPE                                         r  dcache/way1/tags_reg[2][3]/C
                         clock pessimism              0.085    -0.683    
    SLICE_X110Y189       FDPE (Remov_fdpe_C_PRE)     -0.052    -0.735    dcache/way1/tags_reg[2][3]
  -------------------------------------------------------------------
                         required time                          0.735    
                         arrival time                          -0.250    
  -------------------------------------------------------------------
                         slack                                  0.485    

Slack (MET) :             0.485ns  (arrival time - required time)
  Source:                 main_memory/prog_sys_rst_n_reg/C
                            (rising edge-triggered cell FDSE clocked by clk_out5_clk_wiz_1_1  {rise@0.000ns fall@10.000ns period=20.000ns})
  Destination:            dcache/way1/tags_reg[2][6]/PRE
                            (removal check against rising-edge clock clk_out5_clk_wiz_1_1  {rise@0.000ns fall@10.000ns period=20.000ns})
  Path Group:             **async_default**
  Path Type:              Removal (Min at Fast Process Corner)
  Requirement:            0.000ns  (clk_out5_clk_wiz_1_1 rise@0.000ns - clk_out5_clk_wiz_1_1 rise@0.000ns)
  Data Path Delay:        0.468ns  (logic 0.146ns (31.218%)  route 0.322ns (68.782%))
  Logic Levels:           1  (LUT3=1)
  Clock Path Skew:        0.035ns (DCD - SCD - CPR)
    Destination Clock Delay (DCD):    -0.768ns
    Source Clock Delay      (SCD):    -0.718ns
    Clock Pessimism Removal (CPR):    -0.085ns

    Location             Delay type                Incr(ns)  Path(ns)    Netlist Resource(s)
  -------------------------------------------------------------------    -------------------
                         (clock clk_out5_clk_wiz_1_1 rise edge)
                                                      0.000     0.000 r  
    H9                                                0.000     0.000 r  clk_p (IN)
                         net (fo=0)                   0.000     0.000    u_pll/inst/clk_in1_p
    H9                   IBUFDS (Prop_ibufds_I_O)     0.363     0.363 r  u_pll/inst/clkin1_ibufgds/O
                         net (fo=1, routed)           0.503     0.866    u_pll/inst/clk_in1_clk_wiz_1
    MMCME2_ADV_X1Y5      MMCME2_ADV (Prop_mmcme2_adv_CLKIN1_CLKOUT4)
                                                     -3.122    -2.256 r  u_pll/inst/mmcm_adv_inst/CLKOUT4
                         net (fo=1, routed)           0.969    -1.287    u_pll/inst/clk_out5_clk_wiz_1
    BUFGCTRL_X0Y20       BUFG (Prop_bufg_I_O)         0.026    -1.261 r  u_pll/inst/clkout5_buf/O
                         net (fo=2471, routed)        0.543    -0.718    main_memory/clk_out5
    SLICE_X106Y189       FDSE                                         r  main_memory/prog_sys_rst_n_reg/C
  -------------------------------------------------------------------    -------------------
    SLICE_X106Y189       FDSE (Prop_fdse_C_Q)         0.118    -0.600 r  main_memory/prog_sys_rst_n_reg/Q
                         net (fo=5, routed)           0.146    -0.454    main_memory/system_reset_o
    SLICE_X106Y189       LUT3 (Prop_lut3_I1_O)        0.028    -0.426 f  main_memory/data_addr[31]_i_1/O
                         net (fo=1203, routed)        0.176    -0.250    dcache/way1/lines_reg[1][0]_0
    SLICE_X110Y189       FDPE                                         f  dcache/way1/tags_reg[2][6]/PRE
  -------------------------------------------------------------------    -------------------

                         (clock clk_out5_clk_wiz_1_1 rise edge)
                                                      0.000     0.000 r  
    H9                                                0.000     0.000 r  clk_p (IN)
                         net (fo=0)                   0.000     0.000    u_pll/inst/clk_in1_p
    H9                   IBUFDS (Prop_ibufds_I_O)     0.444     0.444 r  u_pll/inst/clkin1_ibufgds/O
                         net (fo=1, routed)           0.553     0.997    u_pll/inst/clk_in1_clk_wiz_1
    MMCME2_ADV_X1Y5      MMCME2_ADV (Prop_mmcme2_adv_CLKIN1_CLKOUT4)
                                                     -3.590    -2.593 r  u_pll/inst/mmcm_adv_inst/CLKOUT4
                         net (fo=1, routed)           1.044    -1.549    u_pll/inst/clk_out5_clk_wiz_1
    BUFGCTRL_X0Y20       BUFG (Prop_bufg_I_O)         0.030    -1.519 r  u_pll/inst/clkout5_buf/O
                         net (fo=2471, routed)        0.751    -0.768    dcache/way1/clk_out5
    SLICE_X110Y189       FDPE                                         r  dcache/way1/tags_reg[2][6]/C
                         clock pessimism              0.085    -0.683    
    SLICE_X110Y189       FDPE (Remov_fdpe_C_PRE)     -0.052    -0.735    dcache/way1/tags_reg[2][6]
  -------------------------------------------------------------------
                         required time                          0.735    
                         arrival time                          -0.250    
  -------------------------------------------------------------------
                         slack                                  0.485    

Slack (MET) :             0.485ns  (arrival time - required time)
  Source:                 main_memory/prog_sys_rst_n_reg/C
                            (rising edge-triggered cell FDSE clocked by clk_out5_clk_wiz_1_1  {rise@0.000ns fall@10.000ns period=20.000ns})
  Destination:            dcache/way1/tags_reg[2][7]/PRE
                            (removal check against rising-edge clock clk_out5_clk_wiz_1_1  {rise@0.000ns fall@10.000ns period=20.000ns})
  Path Group:             **async_default**
  Path Type:              Removal (Min at Fast Process Corner)
  Requirement:            0.000ns  (clk_out5_clk_wiz_1_1 rise@0.000ns - clk_out5_clk_wiz_1_1 rise@0.000ns)
  Data Path Delay:        0.468ns  (logic 0.146ns (31.218%)  route 0.322ns (68.782%))
  Logic Levels:           1  (LUT3=1)
  Clock Path Skew:        0.035ns (DCD - SCD - CPR)
    Destination Clock Delay (DCD):    -0.768ns
    Source Clock Delay      (SCD):    -0.718ns
    Clock Pessimism Removal (CPR):    -0.085ns

    Location             Delay type                Incr(ns)  Path(ns)    Netlist Resource(s)
  -------------------------------------------------------------------    -------------------
                         (clock clk_out5_clk_wiz_1_1 rise edge)
                                                      0.000     0.000 r  
    H9                                                0.000     0.000 r  clk_p (IN)
                         net (fo=0)                   0.000     0.000    u_pll/inst/clk_in1_p
    H9                   IBUFDS (Prop_ibufds_I_O)     0.363     0.363 r  u_pll/inst/clkin1_ibufgds/O
                         net (fo=1, routed)           0.503     0.866    u_pll/inst/clk_in1_clk_wiz_1
    MMCME2_ADV_X1Y5      MMCME2_ADV (Prop_mmcme2_adv_CLKIN1_CLKOUT4)
                                                     -3.122    -2.256 r  u_pll/inst/mmcm_adv_inst/CLKOUT4
                         net (fo=1, routed)           0.969    -1.287    u_pll/inst/clk_out5_clk_wiz_1
    BUFGCTRL_X0Y20       BUFG (Prop_bufg_I_O)         0.026    -1.261 r  u_pll/inst/clkout5_buf/O
                         net (fo=2471, routed)        0.543    -0.718    main_memory/clk_out5
    SLICE_X106Y189       FDSE                                         r  main_memory/prog_sys_rst_n_reg/C
  -------------------------------------------------------------------    -------------------
    SLICE_X106Y189       FDSE (Prop_fdse_C_Q)         0.118    -0.600 r  main_memory/prog_sys_rst_n_reg/Q
                         net (fo=5, routed)           0.146    -0.454    main_memory/system_reset_o
    SLICE_X106Y189       LUT3 (Prop_lut3_I1_O)        0.028    -0.426 f  main_memory/data_addr[31]_i_1/O
                         net (fo=1203, routed)        0.176    -0.250    dcache/way1/lines_reg[1][0]_0
    SLICE_X110Y189       FDPE                                         f  dcache/way1/tags_reg[2][7]/PRE
  -------------------------------------------------------------------    -------------------

                         (clock clk_out5_clk_wiz_1_1 rise edge)
                                                      0.000     0.000 r  
    H9                                                0.000     0.000 r  clk_p (IN)
                         net (fo=0)                   0.000     0.000    u_pll/inst/clk_in1_p
    H9                   IBUFDS (Prop_ibufds_I_O)     0.444     0.444 r  u_pll/inst/clkin1_ibufgds/O
                         net (fo=1, routed)           0.553     0.997    u_pll/inst/clk_in1_clk_wiz_1
    MMCME2_ADV_X1Y5      MMCME2_ADV (Prop_mmcme2_adv_CLKIN1_CLKOUT4)
                                                     -3.590    -2.593 r  u_pll/inst/mmcm_adv_inst/CLKOUT4
                         net (fo=1, routed)           1.044    -1.549    u_pll/inst/clk_out5_clk_wiz_1
    BUFGCTRL_X0Y20       BUFG (Prop_bufg_I_O)         0.030    -1.519 r  u_pll/inst/clkout5_buf/O
                         net (fo=2471, routed)        0.751    -0.768    dcache/way1/clk_out5
    SLICE_X110Y189       FDPE                                         r  dcache/way1/tags_reg[2][7]/C
                         clock pessimism              0.085    -0.683    
    SLICE_X110Y189       FDPE (Remov_fdpe_C_PRE)     -0.052    -0.735    dcache/way1/tags_reg[2][7]
  -------------------------------------------------------------------
                         required time                          0.735    
                         arrival time                          -0.250    
  -------------------------------------------------------------------
                         slack                                  0.485    

Slack (MET) :             0.505ns  (arrival time - required time)
  Source:                 main_memory/prog_sys_rst_n_reg/C
                            (rising edge-triggered cell FDSE clocked by clk_out5_clk_wiz_1_1  {rise@0.000ns fall@10.000ns period=20.000ns})
  Destination:            dcache/way1/tags_reg[3][2]/PRE
                            (removal check against rising-edge clock clk_out5_clk_wiz_1_1  {rise@0.000ns fall@10.000ns period=20.000ns})
  Path Group:             **async_default**
  Path Type:              Removal (Min at Fast Process Corner)
  Requirement:            0.000ns  (clk_out5_clk_wiz_1_1 rise@0.000ns - clk_out5_clk_wiz_1_1 rise@0.000ns)
  Data Path Delay:        0.468ns  (logic 0.146ns (31.218%)  route 0.322ns (68.782%))
  Logic Levels:           1  (LUT3=1)
  Clock Path Skew:        0.035ns (DCD - SCD - CPR)
    Destination Clock Delay (DCD):    -0.768ns
    Source Clock Delay      (SCD):    -0.718ns
    Clock Pessimism Removal (CPR):    -0.085ns

    Location             Delay type                Incr(ns)  Path(ns)    Netlist Resource(s)
  -------------------------------------------------------------------    -------------------
                         (clock clk_out5_clk_wiz_1_1 rise edge)
                                                      0.000     0.000 r  
    H9                                                0.000     0.000 r  clk_p (IN)
                         net (fo=0)                   0.000     0.000    u_pll/inst/clk_in1_p
    H9                   IBUFDS (Prop_ibufds_I_O)     0.363     0.363 r  u_pll/inst/clkin1_ibufgds/O
                         net (fo=1, routed)           0.503     0.866    u_pll/inst/clk_in1_clk_wiz_1
    MMCME2_ADV_X1Y5      MMCME2_ADV (Prop_mmcme2_adv_CLKIN1_CLKOUT4)
                                                     -3.122    -2.256 r  u_pll/inst/mmcm_adv_inst/CLKOUT4
                         net (fo=1, routed)           0.969    -1.287    u_pll/inst/clk_out5_clk_wiz_1
    BUFGCTRL_X0Y20       BUFG (Prop_bufg_I_O)         0.026    -1.261 r  u_pll/inst/clkout5_buf/O
                         net (fo=2471, routed)        0.543    -0.718    main_memory/clk_out5
    SLICE_X106Y189       FDSE                                         r  main_memory/prog_sys_rst_n_reg/C
  -------------------------------------------------------------------    -------------------
    SLICE_X106Y189       FDSE (Prop_fdse_C_Q)         0.118    -0.600 r  main_memory/prog_sys_rst_n_reg/Q
                         net (fo=5, routed)           0.146    -0.454    main_memory/system_reset_o
    SLICE_X106Y189       LUT3 (Prop_lut3_I1_O)        0.028    -0.426 f  main_memory/data_addr[31]_i_1/O
                         net (fo=1203, routed)        0.176    -0.250    dcache/way1/lines_reg[1][0]_0
    SLICE_X111Y189       FDPE                                         f  dcache/way1/tags_reg[3][2]/PRE
  -------------------------------------------------------------------    -------------------

                         (clock clk_out5_clk_wiz_1_1 rise edge)
                                                      0.000     0.000 r  
    H9                                                0.000     0.000 r  clk_p (IN)
                         net (fo=0)                   0.000     0.000    u_pll/inst/clk_in1_p
    H9                   IBUFDS (Prop_ibufds_I_O)     0.444     0.444 r  u_pll/inst/clkin1_ibufgds/O
                         net (fo=1, routed)           0.553     0.997    u_pll/inst/clk_in1_clk_wiz_1
    MMCME2_ADV_X1Y5      MMCME2_ADV (Prop_mmcme2_adv_CLKIN1_CLKOUT4)
                                                     -3.590    -2.593 r  u_pll/inst/mmcm_adv_inst/CLKOUT4
                         net (fo=1, routed)           1.044    -1.549    u_pll/inst/clk_out5_clk_wiz_1
    BUFGCTRL_X0Y20       BUFG (Prop_bufg_I_O)         0.030    -1.519 r  u_pll/inst/clkout5_buf/O
                         net (fo=2471, routed)        0.751    -0.768    dcache/way1/clk_out5
    SLICE_X111Y189       FDPE                                         r  dcache/way1/tags_reg[3][2]/C
                         clock pessimism              0.085    -0.683    
    SLICE_X111Y189       FDPE (Remov_fdpe_C_PRE)     -0.072    -0.755    dcache/way1/tags_reg[3][2]
  -------------------------------------------------------------------
                         required time                          0.755    
                         arrival time                          -0.250    
  -------------------------------------------------------------------
                         slack                                  0.505    

Slack (MET) :             0.507ns  (arrival time - required time)
  Source:                 main_memory/prog_sys_rst_n_reg/C
                            (rising edge-triggered cell FDSE clocked by clk_out5_clk_wiz_1_1  {rise@0.000ns fall@10.000ns period=20.000ns})
  Destination:            dcache/way1/tags_reg[0][2]/PRE
                            (removal check against rising-edge clock clk_out5_clk_wiz_1_1  {rise@0.000ns fall@10.000ns period=20.000ns})
  Path Group:             **async_default**
  Path Type:              Removal (Min at Fast Process Corner)
  Requirement:            0.000ns  (clk_out5_clk_wiz_1_1 rise@0.000ns - clk_out5_clk_wiz_1_1 rise@0.000ns)
  Data Path Delay:        0.449ns  (logic 0.146ns (32.526%)  route 0.303ns (67.474%))
  Logic Levels:           1  (LUT3=1)
  Clock Path Skew:        0.014ns (DCD - SCD - CPR)
    Destination Clock Delay (DCD):    -0.770ns
    Source Clock Delay      (SCD):    -0.718ns
    Clock Pessimism Removal (CPR):    -0.066ns

    Location             Delay type                Incr(ns)  Path(ns)    Netlist Resource(s)
  -------------------------------------------------------------------    -------------------
                         (clock clk_out5_clk_wiz_1_1 rise edge)
                                                      0.000     0.000 r  
    H9                                                0.000     0.000 r  clk_p (IN)
                         net (fo=0)                   0.000     0.000    u_pll/inst/clk_in1_p
    H9                   IBUFDS (Prop_ibufds_I_O)     0.363     0.363 r  u_pll/inst/clkin1_ibufgds/O
                         net (fo=1, routed)           0.503     0.866    u_pll/inst/clk_in1_clk_wiz_1
    MMCME2_ADV_X1Y5      MMCME2_ADV (Prop_mmcme2_adv_CLKIN1_CLKOUT4)
                                                     -3.122    -2.256 r  u_pll/inst/mmcm_adv_inst/CLKOUT4
                         net (fo=1, routed)           0.969    -1.287    u_pll/inst/clk_out5_clk_wiz_1
    BUFGCTRL_X0Y20       BUFG (Prop_bufg_I_O)         0.026    -1.261 r  u_pll/inst/clkout5_buf/O
                         net (fo=2471, routed)        0.543    -0.718    main_memory/clk_out5
    SLICE_X106Y189       FDSE                                         r  main_memory/prog_sys_rst_n_reg/C
  -------------------------------------------------------------------    -------------------
    SLICE_X106Y189       FDSE (Prop_fdse_C_Q)         0.118    -0.600 r  main_memory/prog_sys_rst_n_reg/Q
                         net (fo=5, routed)           0.146    -0.454    main_memory/system_reset_o
    SLICE_X106Y189       LUT3 (Prop_lut3_I1_O)        0.028    -0.426 f  main_memory/data_addr[31]_i_1/O
                         net (fo=1203, routed)        0.157    -0.269    dcache/way1/lines_reg[1][0]_0
    SLICE_X109Y189       FDPE                                         f  dcache/way1/tags_reg[0][2]/PRE
  -------------------------------------------------------------------    -------------------

                         (clock clk_out5_clk_wiz_1_1 rise edge)
                                                      0.000     0.000 r  
    H9                                                0.000     0.000 r  clk_p (IN)
                         net (fo=0)                   0.000     0.000    u_pll/inst/clk_in1_p
    H9                   IBUFDS (Prop_ibufds_I_O)     0.444     0.444 r  u_pll/inst/clkin1_ibufgds/O
                         net (fo=1, routed)           0.553     0.997    u_pll/inst/clk_in1_clk_wiz_1
    MMCME2_ADV_X1Y5      MMCME2_ADV (Prop_mmcme2_adv_CLKIN1_CLKOUT4)
                                                     -3.590    -2.593 r  u_pll/inst/mmcm_adv_inst/CLKOUT4
                         net (fo=1, routed)           1.044    -1.549    u_pll/inst/clk_out5_clk_wiz_1
    BUFGCTRL_X0Y20       BUFG (Prop_bufg_I_O)         0.030    -1.519 r  u_pll/inst/clkout5_buf/O
                         net (fo=2471, routed)        0.749    -0.770    dcache/way1/clk_out5
    SLICE_X109Y189       FDPE                                         r  dcache/way1/tags_reg[0][2]/C
                         clock pessimism              0.066    -0.704    
    SLICE_X109Y189       FDPE (Remov_fdpe_C_PRE)     -0.072    -0.776    dcache/way1/tags_reg[0][2]
  -------------------------------------------------------------------
                         required time                          0.776    
                         arrival time                          -0.269    
  -------------------------------------------------------------------
                         slack                                  0.507    

Slack (MET) :             0.526ns  (arrival time - required time)
  Source:                 main_memory/prog_sys_rst_n_reg/C
                            (rising edge-triggered cell FDSE clocked by clk_out5_clk_wiz_1_1  {rise@0.000ns fall@10.000ns period=20.000ns})
  Destination:            dcache/way1/tags_reg[1][2]/PRE
                            (removal check against rising-edge clock clk_out5_clk_wiz_1_1  {rise@0.000ns fall@10.000ns period=20.000ns})
  Path Group:             **async_default**
  Path Type:              Removal (Min at Fast Process Corner)
  Requirement:            0.000ns  (clk_out5_clk_wiz_1_1 rise@0.000ns - clk_out5_clk_wiz_1_1 rise@0.000ns)
  Data Path Delay:        0.489ns  (logic 0.146ns (29.881%)  route 0.343ns (70.119%))
  Logic Levels:           1  (LUT3=1)
  Clock Path Skew:        0.035ns (DCD - SCD - CPR)
    Destination Clock Delay (DCD):    -0.768ns
    Source Clock Delay      (SCD):    -0.718ns
    Clock Pessimism Removal (CPR):    -0.085ns

    Location             Delay type                Incr(ns)  Path(ns)    Netlist Resource(s)
  -------------------------------------------------------------------    -------------------
                         (clock clk_out5_clk_wiz_1_1 rise edge)
                                                      0.000     0.000 r  
    H9                                                0.000     0.000 r  clk_p (IN)
                         net (fo=0)                   0.000     0.000    u_pll/inst/clk_in1_p
    H9                   IBUFDS (Prop_ibufds_I_O)     0.363     0.363 r  u_pll/inst/clkin1_ibufgds/O
                         net (fo=1, routed)           0.503     0.866    u_pll/inst/clk_in1_clk_wiz_1
    MMCME2_ADV_X1Y5      MMCME2_ADV (Prop_mmcme2_adv_CLKIN1_CLKOUT4)
                                                     -3.122    -2.256 r  u_pll/inst/mmcm_adv_inst/CLKOUT4
                         net (fo=1, routed)           0.969    -1.287    u_pll/inst/clk_out5_clk_wiz_1
    BUFGCTRL_X0Y20       BUFG (Prop_bufg_I_O)         0.026    -1.261 r  u_pll/inst/clkout5_buf/O
                         net (fo=2471, routed)        0.543    -0.718    main_memory/clk_out5
    SLICE_X106Y189       FDSE                                         r  main_memory/prog_sys_rst_n_reg/C
  -------------------------------------------------------------------    -------------------
    SLICE_X106Y189       FDSE (Prop_fdse_C_Q)         0.118    -0.600 r  main_memory/prog_sys_rst_n_reg/Q
                         net (fo=5, routed)           0.146    -0.454    main_memory/system_reset_o
    SLICE_X106Y189       LUT3 (Prop_lut3_I1_O)        0.028    -0.426 f  main_memory/data_addr[31]_i_1/O
                         net (fo=1203, routed)        0.197    -0.229    dcache/way1/lines_reg[1][0]_0
    SLICE_X111Y188       FDPE                                         f  dcache/way1/tags_reg[1][2]/PRE
  -------------------------------------------------------------------    -------------------

                         (clock clk_out5_clk_wiz_1_1 rise edge)
                                                      0.000     0.000 r  
    H9                                                0.000     0.000 r  clk_p (IN)
                         net (fo=0)                   0.000     0.000    u_pll/inst/clk_in1_p
    H9                   IBUFDS (Prop_ibufds_I_O)     0.444     0.444 r  u_pll/inst/clkin1_ibufgds/O
                         net (fo=1, routed)           0.553     0.997    u_pll/inst/clk_in1_clk_wiz_1
    MMCME2_ADV_X1Y5      MMCME2_ADV (Prop_mmcme2_adv_CLKIN1_CLKOUT4)
                                                     -3.590    -2.593 r  u_pll/inst/mmcm_adv_inst/CLKOUT4
                         net (fo=1, routed)           1.044    -1.549    u_pll/inst/clk_out5_clk_wiz_1
    BUFGCTRL_X0Y20       BUFG (Prop_bufg_I_O)         0.030    -1.519 r  u_pll/inst/clkout5_buf/O
                         net (fo=2471, routed)        0.751    -0.768    dcache/way1/clk_out5
    SLICE_X111Y188       FDPE                                         r  dcache/way1/tags_reg[1][2]/C
                         clock pessimism              0.085    -0.683    
    SLICE_X111Y188       FDPE (Remov_fdpe_C_PRE)     -0.072    -0.755    dcache/way1/tags_reg[1][2]
  -------------------------------------------------------------------
                         required time                          0.755    
                         arrival time                          -0.229    
  -------------------------------------------------------------------
                         slack                                  0.526    

Slack (MET) :             0.536ns  (arrival time - required time)
  Source:                 main_memory/prog_sys_rst_n_reg/C
                            (rising edge-triggered cell FDSE clocked by clk_out5_clk_wiz_1_1  {rise@0.000ns fall@10.000ns period=20.000ns})
  Destination:            dcache/way1/tags_reg[0][6]/PRE
                            (removal check against rising-edge clock clk_out5_clk_wiz_1_1  {rise@0.000ns fall@10.000ns period=20.000ns})
  Path Group:             **async_default**
  Path Type:              Removal (Min at Fast Process Corner)
  Requirement:            0.000ns  (clk_out5_clk_wiz_1_1 rise@0.000ns - clk_out5_clk_wiz_1_1 rise@0.000ns)
  Data Path Delay:        0.520ns  (logic 0.146ns (28.101%)  route 0.374ns (71.899%))
  Logic Levels:           1  (LUT3=1)
  Clock Path Skew:        0.036ns (DCD - SCD - CPR)
    Destination Clock Delay (DCD):    -0.767ns
    Source Clock Delay      (SCD):    -0.718ns
    Clock Pessimism Removal (CPR):    -0.085ns

    Location             Delay type                Incr(ns)  Path(ns)    Netlist Resource(s)
  -------------------------------------------------------------------    -------------------
                         (clock clk_out5_clk_wiz_1_1 rise edge)
                                                      0.000     0.000 r  
    H9                                                0.000     0.000 r  clk_p (IN)
                         net (fo=0)                   0.000     0.000    u_pll/inst/clk_in1_p
    H9                   IBUFDS (Prop_ibufds_I_O)     0.363     0.363 r  u_pll/inst/clkin1_ibufgds/O
                         net (fo=1, routed)           0.503     0.866    u_pll/inst/clk_in1_clk_wiz_1
    MMCME2_ADV_X1Y5      MMCME2_ADV (Prop_mmcme2_adv_CLKIN1_CLKOUT4)
                                                     -3.122    -2.256 r  u_pll/inst/mmcm_adv_inst/CLKOUT4
                         net (fo=1, routed)           0.969    -1.287    u_pll/inst/clk_out5_clk_wiz_1
    BUFGCTRL_X0Y20       BUFG (Prop_bufg_I_O)         0.026    -1.261 r  u_pll/inst/clkout5_buf/O
                         net (fo=2471, routed)        0.543    -0.718    main_memory/clk_out5
    SLICE_X106Y189       FDSE                                         r  main_memory/prog_sys_rst_n_reg/C
  -------------------------------------------------------------------    -------------------
    SLICE_X106Y189       FDSE (Prop_fdse_C_Q)         0.118    -0.600 r  main_memory/prog_sys_rst_n_reg/Q
                         net (fo=5, routed)           0.146    -0.454    main_memory/system_reset_o
    SLICE_X106Y189       LUT3 (Prop_lut3_I1_O)        0.028    -0.426 f  main_memory/data_addr[31]_i_1/O
                         net (fo=1203, routed)        0.228    -0.198    dcache/way1/lines_reg[1][0]_0
    SLICE_X110Y190       FDPE                                         f  dcache/way1/tags_reg[0][6]/PRE
  -------------------------------------------------------------------    -------------------

                         (clock clk_out5_clk_wiz_1_1 rise edge)
                                                      0.000     0.000 r  
    H9                                                0.000     0.000 r  clk_p (IN)
                         net (fo=0)                   0.000     0.000    u_pll/inst/clk_in1_p
    H9                   IBUFDS (Prop_ibufds_I_O)     0.444     0.444 r  u_pll/inst/clkin1_ibufgds/O
                         net (fo=1, routed)           0.553     0.997    u_pll/inst/clk_in1_clk_wiz_1
    MMCME2_ADV_X1Y5      MMCME2_ADV (Prop_mmcme2_adv_CLKIN1_CLKOUT4)
                                                     -3.590    -2.593 r  u_pll/inst/mmcm_adv_inst/CLKOUT4
                         net (fo=1, routed)           1.044    -1.549    u_pll/inst/clk_out5_clk_wiz_1
    BUFGCTRL_X0Y20       BUFG (Prop_bufg_I_O)         0.030    -1.519 r  u_pll/inst/clkout5_buf/O
                         net (fo=2471, routed)        0.752    -0.767    dcache/way1/clk_out5
    SLICE_X110Y190       FDPE                                         r  dcache/way1/tags_reg[0][6]/C
                         clock pessimism              0.085    -0.682    
    SLICE_X110Y190       FDPE (Remov_fdpe_C_PRE)     -0.052    -0.734    dcache/way1/tags_reg[0][6]
  -------------------------------------------------------------------
                         required time                          0.734    
                         arrival time                          -0.198    
  -------------------------------------------------------------------
                         slack                                  0.536    

Slack (MET) :             0.536ns  (arrival time - required time)
  Source:                 main_memory/prog_sys_rst_n_reg/C
                            (rising edge-triggered cell FDSE clocked by clk_out5_clk_wiz_1_1  {rise@0.000ns fall@10.000ns period=20.000ns})
  Destination:            dcache/way1/tags_reg[0][0]/PRE
                            (removal check against rising-edge clock clk_out5_clk_wiz_1_1  {rise@0.000ns fall@10.000ns period=20.000ns})
  Path Group:             **async_default**
  Path Type:              Removal (Min at Fast Process Corner)
  Requirement:            0.000ns  (clk_out5_clk_wiz_1_1 rise@0.000ns - clk_out5_clk_wiz_1_1 rise@0.000ns)
  Data Path Delay:        0.499ns  (logic 0.146ns (29.265%)  route 0.353ns (70.735%))
  Logic Levels:           1  (LUT3=1)
  Clock Path Skew:        0.035ns (DCD - SCD - CPR)
    Destination Clock Delay (DCD):    -0.768ns
    Source Clock Delay      (SCD):    -0.718ns
    Clock Pessimism Removal (CPR):    -0.085ns

    Location             Delay type                Incr(ns)  Path(ns)    Netlist Resource(s)
  -------------------------------------------------------------------    -------------------
                         (clock clk_out5_clk_wiz_1_1 rise edge)
                                                      0.000     0.000 r  
    H9                                                0.000     0.000 r  clk_p (IN)
                         net (fo=0)                   0.000     0.000    u_pll/inst/clk_in1_p
    H9                   IBUFDS (Prop_ibufds_I_O)     0.363     0.363 r  u_pll/inst/clkin1_ibufgds/O
                         net (fo=1, routed)           0.503     0.866    u_pll/inst/clk_in1_clk_wiz_1
    MMCME2_ADV_X1Y5      MMCME2_ADV (Prop_mmcme2_adv_CLKIN1_CLKOUT4)
                                                     -3.122    -2.256 r  u_pll/inst/mmcm_adv_inst/CLKOUT4
                         net (fo=1, routed)           0.969    -1.287    u_pll/inst/clk_out5_clk_wiz_1
    BUFGCTRL_X0Y20       BUFG (Prop_bufg_I_O)         0.026    -1.261 r  u_pll/inst/clkout5_buf/O
                         net (fo=2471, routed)        0.543    -0.718    main_memory/clk_out5
    SLICE_X106Y189       FDSE                                         r  main_memory/prog_sys_rst_n_reg/C
  -------------------------------------------------------------------    -------------------
    SLICE_X106Y189       FDSE (Prop_fdse_C_Q)         0.118    -0.600 r  main_memory/prog_sys_rst_n_reg/Q
                         net (fo=5, routed)           0.146    -0.454    main_memory/system_reset_o
    SLICE_X106Y189       LUT3 (Prop_lut3_I1_O)        0.028    -0.426 f  main_memory/data_addr[31]_i_1/O
                         net (fo=1203, routed)        0.207    -0.219    dcache/way1/lines_reg[1][0]_0
    SLICE_X113Y188       FDPE                                         f  dcache/way1/tags_reg[0][0]/PRE
  -------------------------------------------------------------------    -------------------

                         (clock clk_out5_clk_wiz_1_1 rise edge)
                                                      0.000     0.000 r  
    H9                                                0.000     0.000 r  clk_p (IN)
                         net (fo=0)                   0.000     0.000    u_pll/inst/clk_in1_p
    H9                   IBUFDS (Prop_ibufds_I_O)     0.444     0.444 r  u_pll/inst/clkin1_ibufgds/O
                         net (fo=1, routed)           0.553     0.997    u_pll/inst/clk_in1_clk_wiz_1
    MMCME2_ADV_X1Y5      MMCME2_ADV (Prop_mmcme2_adv_CLKIN1_CLKOUT4)
                                                     -3.590    -2.593 r  u_pll/inst/mmcm_adv_inst/CLKOUT4
                         net (fo=1, routed)           1.044    -1.549    u_pll/inst/clk_out5_clk_wiz_1
    BUFGCTRL_X0Y20       BUFG (Prop_bufg_I_O)         0.030    -1.519 r  u_pll/inst/clkout5_buf/O
                         net (fo=2471, routed)        0.751    -0.768    dcache/way1/clk_out5
    SLICE_X113Y188       FDPE                                         r  dcache/way1/tags_reg[0][0]/C
                         clock pessimism              0.085    -0.683    
    SLICE_X113Y188       FDPE (Remov_fdpe_C_PRE)     -0.072    -0.755    dcache/way1/tags_reg[0][0]
  -------------------------------------------------------------------
                         required time                          0.755    
                         arrival time                          -0.219    
  -------------------------------------------------------------------
                         slack                                  0.536    





--------------------------------------------------------------------------------------
Path Group:  (none)
From Clock:  
  To Clock:  

Max Delay            16 Endpoints
Min Delay            16 Endpoints
--------------------------------------------------------------------------------------


Max Delay Paths
--------------------------------------------------------------------------------------
Slack:                    inf
  Source:                 ddr3_dq[12]
                            (input port)
  Destination:            dram_dut/dram_iface_dut/controller/u_phy/u_serdes_dq_in12/DDLY
  Path Group:             (none)
  Path Type:              Max at Slow Process Corner
  Data Path Delay:        1.523ns  (logic 1.523ns (100.000%)  route 0.000ns (0.000%))
  Logic Levels:           2  (IBUF=1 IDELAYE2=1)

    Location             Delay type                Incr(ns)  Path(ns)    Netlist Resource(s)
  -------------------------------------------------------------------    -------------------
    G1                                                0.000     0.000 r  ddr3_dq[12] (INOUT)
                         net (fo=1, unset)            0.000     0.000    dram_dut/dram_iface_dut/controller/u_phy/u_pad_dq12/IO
    G1                   IBUF (Prop_ibuf_I_O)         0.857     0.857 r  dram_dut/dram_iface_dut/controller/u_phy/u_pad_dq12/IBUF/O
                         net (fo=1, routed)           0.000     0.857    dram_dut/dram_iface_dut/controller/u_phy/dq_in_w_12
    IDELAY_X1Y229        IDELAYE2 (Prop_idelaye2_IDATAIN_DATAOUT)
                                                      0.666     1.523 r  dram_dut/dram_iface_dut/controller/u_phy/u_dq_delay12/DATAOUT
                         net (fo=1, routed)           0.000     1.523    dram_dut/dram_iface_dut/controller/u_phy/dq_delayed_w_12
    ILOGIC_X1Y229        ISERDESE2                                    r  dram_dut/dram_iface_dut/controller/u_phy/u_serdes_dq_in12/DDLY
  -------------------------------------------------------------------    -------------------

Slack:                    inf
  Source:                 ddr3_dq[13]
                            (input port)
  Destination:            dram_dut/dram_iface_dut/controller/u_phy/u_serdes_dq_in13/DDLY
  Path Group:             (none)
  Path Type:              Max at Slow Process Corner
  Data Path Delay:        1.522ns  (logic 1.522ns (100.000%)  route 0.000ns (0.000%))
  Logic Levels:           2  (IBUF=1 IDELAYE2=1)

    Location             Delay type                Incr(ns)  Path(ns)    Netlist Resource(s)
  -------------------------------------------------------------------    -------------------
    H2                                                0.000     0.000 r  ddr3_dq[13] (INOUT)
                         net (fo=1, unset)            0.000     0.000    dram_dut/dram_iface_dut/controller/u_phy/u_pad_dq13/IO
    H2                   IBUF (Prop_ibuf_I_O)         0.856     0.856 r  dram_dut/dram_iface_dut/controller/u_phy/u_pad_dq13/IBUF/O
                         net (fo=1, routed)           0.000     0.856    dram_dut/dram_iface_dut/controller/u_phy/dq_in_w_13
    IDELAY_X1Y230        IDELAYE2 (Prop_idelaye2_IDATAIN_DATAOUT)
                                                      0.666     1.522 r  dram_dut/dram_iface_dut/controller/u_phy/u_dq_delay13/DATAOUT
                         net (fo=1, routed)           0.000     1.522    dram_dut/dram_iface_dut/controller/u_phy/dq_delayed_w_13
    ILOGIC_X1Y230        ISERDESE2                                    r  dram_dut/dram_iface_dut/controller/u_phy/u_serdes_dq_in13/DDLY
  -------------------------------------------------------------------    -------------------

Slack:                    inf
  Source:                 ddr3_dq[14]
                            (input port)
  Destination:            dram_dut/dram_iface_dut/controller/u_phy/u_serdes_dq_in14/DDLY
  Path Group:             (none)
  Path Type:              Max at Slow Process Corner
  Data Path Delay:        1.520ns  (logic 1.520ns (100.000%)  route 0.000ns (0.000%))
  Logic Levels:           2  (IBUF=1 IDELAYE2=1)

    Location             Delay type                Incr(ns)  Path(ns)    Netlist Resource(s)
  -------------------------------------------------------------------    -------------------
    G5                                                0.000     0.000 r  ddr3_dq[14] (INOUT)
                         net (fo=1, unset)            0.000     0.000    dram_dut/dram_iface_dut/controller/u_phy/u_pad_dq14/IO
    G5                   IBUF (Prop_ibuf_I_O)         0.854     0.854 r  dram_dut/dram_iface_dut/controller/u_phy/u_pad_dq14/IBUF/O
                         net (fo=1, routed)           0.000     0.854    dram_dut/dram_iface_dut/controller/u_phy/dq_in_w_14
    IDELAY_X1Y226        IDELAYE2 (Prop_idelaye2_IDATAIN_DATAOUT)
                                                      0.666     1.520 r  dram_dut/dram_iface_dut/controller/u_phy/u_dq_delay14/DATAOUT
                         net (fo=1, routed)           0.000     1.520    dram_dut/dram_iface_dut/controller/u_phy/dq_delayed_w_14
    ILOGIC_X1Y226        ISERDESE2                                    r  dram_dut/dram_iface_dut/controller/u_phy/u_serdes_dq_in14/DDLY
  -------------------------------------------------------------------    -------------------

Slack:                    inf
  Source:                 ddr3_dq[15]
                            (input port)
  Destination:            dram_dut/dram_iface_dut/controller/u_phy/u_serdes_dq_in15/DDLY
  Path Group:             (none)
  Path Type:              Max at Slow Process Corner
  Data Path Delay:        1.519ns  (logic 1.519ns (100.000%)  route 0.000ns (0.000%))
  Logic Levels:           2  (IBUF=1 IDELAYE2=1)

    Location             Delay type                Incr(ns)  Path(ns)    Netlist Resource(s)
  -------------------------------------------------------------------    -------------------
    G4                                                0.000     0.000 r  ddr3_dq[15] (INOUT)
                         net (fo=1, unset)            0.000     0.000    dram_dut/dram_iface_dut/controller/u_phy/u_pad_dq15/IO
    G4                   IBUF (Prop_ibuf_I_O)         0.853     0.853 r  dram_dut/dram_iface_dut/controller/u_phy/u_pad_dq15/IBUF/O
                         net (fo=1, routed)           0.000     0.853    dram_dut/dram_iface_dut/controller/u_phy/dq_in_w_15
    IDELAY_X1Y225        IDELAYE2 (Prop_idelaye2_IDATAIN_DATAOUT)
                                                      0.666     1.519 r  dram_dut/dram_iface_dut/controller/u_phy/u_dq_delay15/DATAOUT
                         net (fo=1, routed)           0.000     1.519    dram_dut/dram_iface_dut/controller/u_phy/dq_delayed_w_15
    ILOGIC_X1Y225        ISERDESE2                                    r  dram_dut/dram_iface_dut/controller/u_phy/u_serdes_dq_in15/DDLY
  -------------------------------------------------------------------    -------------------

Slack:                    inf
  Source:                 ddr3_dq[9]
                            (input port)
  Destination:            dram_dut/dram_iface_dut/controller/u_phy/u_serdes_dq_in9/DDLY
  Path Group:             (none)
  Path Type:              Max at Slow Process Corner
  Data Path Delay:        1.509ns  (logic 1.509ns (100.000%)  route 0.000ns (0.000%))
  Logic Levels:           2  (IBUF=1 IDELAYE2=1)

    Location             Delay type                Incr(ns)  Path(ns)    Netlist Resource(s)
  -------------------------------------------------------------------    -------------------
    H4                                                0.000     0.000 r  ddr3_dq[9] (INOUT)
                         net (fo=1, unset)            0.000     0.000    dram_dut/dram_iface_dut/controller/u_phy/u_pad_dq9/IO
    H4                   IBUF (Prop_ibuf_I_O)         0.843     0.843 r  dram_dut/dram_iface_dut/controller/u_phy/u_pad_dq9/IBUF/O
                         net (fo=1, routed)           0.000     0.843    dram_dut/dram_iface_dut/controller/u_phy/dq_in_w_9
    IDELAY_X1Y228        IDELAYE2 (Prop_idelaye2_IDATAIN_DATAOUT)
                                                      0.666     1.509 r  dram_dut/dram_iface_dut/controller/u_phy/u_dq_delay9/DATAOUT
                         net (fo=1, routed)           0.000     1.509    dram_dut/dram_iface_dut/controller/u_phy/dq_delayed_w_9
    ILOGIC_X1Y228        ISERDESE2                                    r  dram_dut/dram_iface_dut/controller/u_phy/u_serdes_dq_in9/DDLY
  -------------------------------------------------------------------    -------------------

Slack:                    inf
  Source:                 ddr3_dq[11]
                            (input port)
  Destination:            dram_dut/dram_iface_dut/controller/u_phy/u_serdes_dq_in11/DDLY
  Path Group:             (none)
  Path Type:              Max at Slow Process Corner
  Data Path Delay:        1.509ns  (logic 1.509ns (100.000%)  route 0.000ns (0.000%))
  Logic Levels:           2  (IBUF=1 IDELAYE2=1)

    Location             Delay type                Incr(ns)  Path(ns)    Netlist Resource(s)
  -------------------------------------------------------------------    -------------------
    H3                                                0.000     0.000 r  ddr3_dq[11] (INOUT)
                         net (fo=1, unset)            0.000     0.000    dram_dut/dram_iface_dut/controller/u_phy/u_pad_dq11/IO
    H3                   IBUF (Prop_ibuf_I_O)         0.843     0.843 r  dram_dut/dram_iface_dut/controller/u_phy/u_pad_dq11/IBUF/O
                         net (fo=1, routed)           0.000     0.843    dram_dut/dram_iface_dut/controller/u_phy/dq_in_w_11
    IDELAY_X1Y227        IDELAYE2 (Prop_idelaye2_IDATAIN_DATAOUT)
                                                      0.666     1.509 r  dram_dut/dram_iface_dut/controller/u_phy/u_dq_delay11/DATAOUT
                         net (fo=1, routed)           0.000     1.509    dram_dut/dram_iface_dut/controller/u_phy/dq_delayed_w_11
    ILOGIC_X1Y227        ISERDESE2                                    r  dram_dut/dram_iface_dut/controller/u_phy/u_serdes_dq_in11/DDLY
  -------------------------------------------------------------------    -------------------

Slack:                    inf
  Source:                 ddr3_dq[4]
                            (input port)
  Destination:            dram_dut/dram_iface_dut/controller/u_phy/u_serdes_dq_in4/DDLY
  Path Group:             (none)
  Path Type:              Max at Slow Process Corner
  Data Path Delay:        1.506ns  (logic 1.506ns (100.000%)  route 0.000ns (0.000%))
  Logic Levels:           2  (IBUF=1 IDELAYE2=1)

    Location             Delay type                Incr(ns)  Path(ns)    Netlist Resource(s)
  -------------------------------------------------------------------    -------------------
    K1                                                0.000     0.000 r  ddr3_dq[4] (INOUT)
                         net (fo=1, unset)            0.000     0.000    dram_dut/dram_iface_dut/controller/u_phy/u_pad_dq4/IO
    K1                   IBUF (Prop_ibuf_I_O)         0.840     0.840 r  dram_dut/dram_iface_dut/controller/u_phy/u_pad_dq4/IBUF/O
                         net (fo=1, routed)           0.000     0.840    dram_dut/dram_iface_dut/controller/u_phy/dq_in_w_4
    IDELAY_X1Y245        IDELAYE2 (Prop_idelaye2_IDATAIN_DATAOUT)
                                                      0.666     1.506 r  dram_dut/dram_iface_dut/controller/u_phy/u_dq_delay4/DATAOUT
                         net (fo=1, routed)           0.000     1.506    dram_dut/dram_iface_dut/controller/u_phy/dq_delayed_w_4
    ILOGIC_X1Y245        ISERDESE2                                    r  dram_dut/dram_iface_dut/controller/u_phy/u_serdes_dq_in4/DDLY
  -------------------------------------------------------------------    -------------------

Slack:                    inf
  Source:                 ddr3_dq[0]
                            (input port)
  Destination:            dram_dut/dram_iface_dut/controller/u_phy/u_serdes_dq_in0/DDLY
  Path Group:             (none)
  Path Type:              Max at Slow Process Corner
  Data Path Delay:        1.505ns  (logic 1.505ns (100.000%)  route 0.000ns (0.000%))
  Logic Levels:           2  (IBUF=1 IDELAYE2=1)

    Location             Delay type                Incr(ns)  Path(ns)    Netlist Resource(s)
  -------------------------------------------------------------------    -------------------
    L1                                                0.000     0.000 r  ddr3_dq[0] (INOUT)
                         net (fo=1, unset)            0.000     0.000    dram_dut/dram_iface_dut/controller/u_phy/u_pad_dq0/IO
    L1                   IBUF (Prop_ibuf_I_O)         0.839     0.839 r  dram_dut/dram_iface_dut/controller/u_phy/u_pad_dq0/IBUF/O
                         net (fo=1, routed)           0.000     0.839    dram_dut/dram_iface_dut/controller/u_phy/dq_in_w_0
    IDELAY_X1Y246        IDELAYE2 (Prop_idelaye2_IDATAIN_DATAOUT)
                                                      0.666     1.505 r  dram_dut/dram_iface_dut/controller/u_phy/u_dq_delay0/DATAOUT
                         net (fo=1, routed)           0.000     1.505    dram_dut/dram_iface_dut/controller/u_phy/dq_delayed_w_0
    ILOGIC_X1Y246        ISERDESE2                                    r  dram_dut/dram_iface_dut/controller/u_phy/u_serdes_dq_in0/DDLY
  -------------------------------------------------------------------    -------------------

Slack:                    inf
  Source:                 ddr3_dq[8]
                            (input port)
  Destination:            dram_dut/dram_iface_dut/controller/u_phy/u_serdes_dq_in8/DDLY
  Path Group:             (none)
  Path Type:              Max at Slow Process Corner
  Data Path Delay:        1.503ns  (logic 1.503ns (100.000%)  route 0.000ns (0.000%))
  Logic Levels:           2  (IBUF=1 IDELAYE2=1)

    Location             Delay type                Incr(ns)  Path(ns)    Netlist Resource(s)
  -------------------------------------------------------------------    -------------------
    G6                                                0.000     0.000 r  ddr3_dq[8] (INOUT)
                         net (fo=1, unset)            0.000     0.000    dram_dut/dram_iface_dut/controller/u_phy/u_pad_dq8/IO
    G6                   IBUF (Prop_ibuf_I_O)         0.837     0.837 r  dram_dut/dram_iface_dut/controller/u_phy/u_pad_dq8/IBUF/O
                         net (fo=1, routed)           0.000     0.837    dram_dut/dram_iface_dut/controller/u_phy/dq_in_w_8
    IDELAY_X1Y233        IDELAYE2 (Prop_idelaye2_IDATAIN_DATAOUT)
                                                      0.666     1.503 r  dram_dut/dram_iface_dut/controller/u_phy/u_dq_delay8/DATAOUT
                         net (fo=1, routed)           0.000     1.503    dram_dut/dram_iface_dut/controller/u_phy/dq_delayed_w_8
    ILOGIC_X1Y233        ISERDESE2                                    r  dram_dut/dram_iface_dut/controller/u_phy/u_serdes_dq_in8/DDLY
  -------------------------------------------------------------------    -------------------

Slack:                    inf
  Source:                 ddr3_dq[10]
                            (input port)
  Destination:            dram_dut/dram_iface_dut/controller/u_phy/u_serdes_dq_in10/DDLY
  Path Group:             (none)
  Path Type:              Max at Slow Process Corner
  Data Path Delay:        1.503ns  (logic 1.503ns (100.000%)  route 0.000ns (0.000%))
  Logic Levels:           2  (IBUF=1 IDELAYE2=1)

    Location             Delay type                Incr(ns)  Path(ns)    Netlist Resource(s)
  -------------------------------------------------------------------    -------------------
    H6                                                0.000     0.000 r  ddr3_dq[10] (INOUT)
                         net (fo=1, unset)            0.000     0.000    dram_dut/dram_iface_dut/controller/u_phy/u_pad_dq10/IO
    H6                   IBUF (Prop_ibuf_I_O)         0.837     0.837 r  dram_dut/dram_iface_dut/controller/u_phy/u_pad_dq10/IBUF/O
                         net (fo=1, routed)           0.000     0.837    dram_dut/dram_iface_dut/controller/u_phy/dq_in_w_10
    IDELAY_X1Y234        IDELAYE2 (Prop_idelaye2_IDATAIN_DATAOUT)
                                                      0.666     1.503 r  dram_dut/dram_iface_dut/controller/u_phy/u_dq_delay10/DATAOUT
                         net (fo=1, routed)           0.000     1.503    dram_dut/dram_iface_dut/controller/u_phy/dq_delayed_w_10
    ILOGIC_X1Y234        ISERDESE2                                    r  dram_dut/dram_iface_dut/controller/u_phy/u_serdes_dq_in10/DDLY
  -------------------------------------------------------------------    -------------------





Min Delay Paths
--------------------------------------------------------------------------------------
Slack:                    inf
  Source:                 ddr3_dq[7]
                            (input port)
  Destination:            dram_dut/dram_iface_dut/controller/u_phy/u_serdes_dq_in7/DDLY
  Path Group:             (none)
  Path Type:              Min at Fast Process Corner
  Data Path Delay:        0.616ns  (logic 0.616ns (100.000%)  route 0.000ns (0.000%))
  Logic Levels:           2  (IBUF=1 IDELAYE2=1)

    Location             Delay type                Incr(ns)  Path(ns)    Netlist Resource(s)
  -------------------------------------------------------------------    -------------------
    K6                                                0.000     0.000 r  ddr3_dq[7] (INOUT)
                         net (fo=1, unset)            0.000     0.000    dram_dut/dram_iface_dut/controller/u_phy/u_pad_dq7/IO
    K6                   IBUF (Prop_ibuf_I_O)         0.352     0.352 r  dram_dut/dram_iface_dut/controller/u_phy/u_pad_dq7/IBUF/O
                         net (fo=1, routed)           0.000     0.352    dram_dut/dram_iface_dut/controller/u_phy/dq_in_w_7
    IDELAY_X1Y238        IDELAYE2 (Prop_idelaye2_IDATAIN_DATAOUT)
                                                      0.264     0.616 r  dram_dut/dram_iface_dut/controller/u_phy/u_dq_delay7/DATAOUT
                         net (fo=1, routed)           0.000     0.616    dram_dut/dram_iface_dut/controller/u_phy/dq_delayed_w_7
    ILOGIC_X1Y238        ISERDESE2                                    r  dram_dut/dram_iface_dut/controller/u_phy/u_serdes_dq_in7/DDLY
  -------------------------------------------------------------------    -------------------

Slack:                    inf
  Source:                 ddr3_dq[5]
                            (input port)
  Destination:            dram_dut/dram_iface_dut/controller/u_phy/u_serdes_dq_in5/DDLY
  Path Group:             (none)
  Path Type:              Min at Fast Process Corner
  Data Path Delay:        0.621ns  (logic 0.621ns (100.000%)  route 0.000ns (0.000%))
  Logic Levels:           2  (IBUF=1 IDELAYE2=1)

    Location             Delay type                Incr(ns)  Path(ns)    Netlist Resource(s)
  -------------------------------------------------------------------    -------------------
    L3                                                0.000     0.000 r  ddr3_dq[5] (INOUT)
                         net (fo=1, unset)            0.000     0.000    dram_dut/dram_iface_dut/controller/u_phy/u_pad_dq5/IO
    L3                   IBUF (Prop_ibuf_I_O)         0.357     0.357 r  dram_dut/dram_iface_dut/controller/u_phy/u_pad_dq5/IBUF/O
                         net (fo=1, routed)           0.000     0.357    dram_dut/dram_iface_dut/controller/u_phy/dq_in_w_5
    IDELAY_X1Y242        IDELAYE2 (Prop_idelaye2_IDATAIN_DATAOUT)
                                                      0.264     0.621 r  dram_dut/dram_iface_dut/controller/u_phy/u_dq_delay5/DATAOUT
                         net (fo=1, routed)           0.000     0.621    dram_dut/dram_iface_dut/controller/u_phy/dq_delayed_w_5
    ILOGIC_X1Y242        ISERDESE2                                    r  dram_dut/dram_iface_dut/controller/u_phy/u_serdes_dq_in5/DDLY
  -------------------------------------------------------------------    -------------------

Slack:                    inf
  Source:                 ddr3_dq[1]
                            (input port)
  Destination:            dram_dut/dram_iface_dut/controller/u_phy/u_serdes_dq_in1/DDLY
  Path Group:             (none)
  Path Type:              Min at Fast Process Corner
  Data Path Delay:        0.622ns  (logic 0.622ns (100.000%)  route 0.000ns (0.000%))
  Logic Levels:           2  (IBUF=1 IDELAYE2=1)

    Location             Delay type                Incr(ns)  Path(ns)    Netlist Resource(s)
  -------------------------------------------------------------------    -------------------
    L2                                                0.000     0.000 r  ddr3_dq[1] (INOUT)
                         net (fo=1, unset)            0.000     0.000    dram_dut/dram_iface_dut/controller/u_phy/u_pad_dq1/IO
    L2                   IBUF (Prop_ibuf_I_O)         0.358     0.358 r  dram_dut/dram_iface_dut/controller/u_phy/u_pad_dq1/IBUF/O
                         net (fo=1, routed)           0.000     0.358    dram_dut/dram_iface_dut/controller/u_phy/dq_in_w_1
    IDELAY_X1Y241        IDELAYE2 (Prop_idelaye2_IDATAIN_DATAOUT)
                                                      0.264     0.622 r  dram_dut/dram_iface_dut/controller/u_phy/u_dq_delay1/DATAOUT
                         net (fo=1, routed)           0.000     0.622    dram_dut/dram_iface_dut/controller/u_phy/dq_delayed_w_1
    ILOGIC_X1Y241        ISERDESE2                                    r  dram_dut/dram_iface_dut/controller/u_phy/u_serdes_dq_in1/DDLY
  -------------------------------------------------------------------    -------------------

Slack:                    inf
  Source:                 ddr3_dq[2]
                            (input port)
  Destination:            dram_dut/dram_iface_dut/controller/u_phy/u_serdes_dq_in2/DDLY
  Path Group:             (none)
  Path Type:              Min at Fast Process Corner
  Data Path Delay:        0.626ns  (logic 0.626ns (100.000%)  route 0.000ns (0.000%))
  Logic Levels:           2  (IBUF=1 IDELAYE2=1)

    Location             Delay type                Incr(ns)  Path(ns)    Netlist Resource(s)
  -------------------------------------------------------------------    -------------------
    K5                                                0.000     0.000 r  ddr3_dq[2] (INOUT)
                         net (fo=1, unset)            0.000     0.000    dram_dut/dram_iface_dut/controller/u_phy/u_pad_dq2/IO
    K5                   IBUF (Prop_ibuf_I_O)         0.362     0.362 r  dram_dut/dram_iface_dut/controller/u_phy/u_pad_dq2/IBUF/O
                         net (fo=1, routed)           0.000     0.362    dram_dut/dram_iface_dut/controller/u_phy/dq_in_w_2
    IDELAY_X1Y240        IDELAYE2 (Prop_idelaye2_IDATAIN_DATAOUT)
                                                      0.264     0.626 r  dram_dut/dram_iface_dut/controller/u_phy/u_dq_delay2/DATAOUT
                         net (fo=1, routed)           0.000     0.626    dram_dut/dram_iface_dut/controller/u_phy/dq_delayed_w_2
    ILOGIC_X1Y240        ISERDESE2                                    r  dram_dut/dram_iface_dut/controller/u_phy/u_serdes_dq_in2/DDLY
  -------------------------------------------------------------------    -------------------

Slack:                    inf
  Source:                 ddr3_dq[3]
                            (input port)
  Destination:            dram_dut/dram_iface_dut/controller/u_phy/u_serdes_dq_in3/DDLY
  Path Group:             (none)
  Path Type:              Min at Fast Process Corner
  Data Path Delay:        0.627ns  (logic 0.627ns (100.000%)  route 0.000ns (0.000%))
  Logic Levels:           2  (IBUF=1 IDELAYE2=1)

    Location             Delay type                Incr(ns)  Path(ns)    Netlist Resource(s)
  -------------------------------------------------------------------    -------------------
    J4                                                0.000     0.000 r  ddr3_dq[3] (INOUT)
                         net (fo=1, unset)            0.000     0.000    dram_dut/dram_iface_dut/controller/u_phy/u_pad_dq3/IO
    J4                   IBUF (Prop_ibuf_I_O)         0.363     0.363 r  dram_dut/dram_iface_dut/controller/u_phy/u_pad_dq3/IBUF/O
                         net (fo=1, routed)           0.000     0.363    dram_dut/dram_iface_dut/controller/u_phy/dq_in_w_3
    IDELAY_X1Y248        IDELAYE2 (Prop_idelaye2_IDATAIN_DATAOUT)
                                                      0.264     0.627 r  dram_dut/dram_iface_dut/controller/u_phy/u_dq_delay3/DATAOUT
                         net (fo=1, routed)           0.000     0.627    dram_dut/dram_iface_dut/controller/u_phy/dq_delayed_w_3
    ILOGIC_X1Y248        ISERDESE2                                    r  dram_dut/dram_iface_dut/controller/u_phy/u_serdes_dq_in3/DDLY
  -------------------------------------------------------------------    -------------------

Slack:                    inf
  Source:                 ddr3_dq[6]
                            (input port)
  Destination:            dram_dut/dram_iface_dut/controller/u_phy/u_serdes_dq_in6/DDLY
  Path Group:             (none)
  Path Type:              Min at Fast Process Corner
  Data Path Delay:        0.627ns  (logic 0.627ns (100.000%)  route 0.000ns (0.000%))
  Logic Levels:           2  (IBUF=1 IDELAYE2=1)

    Location             Delay type                Incr(ns)  Path(ns)    Netlist Resource(s)
  -------------------------------------------------------------------    -------------------
    J5                                                0.000     0.000 r  ddr3_dq[6] (INOUT)
                         net (fo=1, unset)            0.000     0.000    dram_dut/dram_iface_dut/controller/u_phy/u_pad_dq6/IO
    J5                   IBUF (Prop_ibuf_I_O)         0.363     0.363 r  dram_dut/dram_iface_dut/controller/u_phy/u_pad_dq6/IBUF/O
                         net (fo=1, routed)           0.000     0.363    dram_dut/dram_iface_dut/controller/u_phy/dq_in_w_6
    IDELAY_X1Y239        IDELAYE2 (Prop_idelaye2_IDATAIN_DATAOUT)
                                                      0.264     0.627 r  dram_dut/dram_iface_dut/controller/u_phy/u_dq_delay6/DATAOUT
                         net (fo=1, routed)           0.000     0.627    dram_dut/dram_iface_dut/controller/u_phy/dq_delayed_w_6
    ILOGIC_X1Y239        ISERDESE2                                    r  dram_dut/dram_iface_dut/controller/u_phy/u_serdes_dq_in6/DDLY
  -------------------------------------------------------------------    -------------------

Slack:                    inf
  Source:                 ddr3_dq[10]
                            (input port)
  Destination:            dram_dut/dram_iface_dut/controller/u_phy/u_serdes_dq_in10/DDLY
  Path Group:             (none)
  Path Type:              Min at Fast Process Corner
  Data Path Delay:        0.636ns  (logic 0.636ns (100.000%)  route 0.000ns (0.000%))
  Logic Levels:           2  (IBUF=1 IDELAYE2=1)

    Location             Delay type                Incr(ns)  Path(ns)    Netlist Resource(s)
  -------------------------------------------------------------------    -------------------
    H6                                                0.000     0.000 r  ddr3_dq[10] (INOUT)
                         net (fo=1, unset)            0.000     0.000    dram_dut/dram_iface_dut/controller/u_phy/u_pad_dq10/IO
    H6                   IBUF (Prop_ibuf_I_O)         0.372     0.372 r  dram_dut/dram_iface_dut/controller/u_phy/u_pad_dq10/IBUF/O
                         net (fo=1, routed)           0.000     0.372    dram_dut/dram_iface_dut/controller/u_phy/dq_in_w_10
    IDELAY_X1Y234        IDELAYE2 (Prop_idelaye2_IDATAIN_DATAOUT)
                                                      0.264     0.636 r  dram_dut/dram_iface_dut/controller/u_phy/u_dq_delay10/DATAOUT
                         net (fo=1, routed)           0.000     0.636    dram_dut/dram_iface_dut/controller/u_phy/dq_delayed_w_10
    ILOGIC_X1Y234        ISERDESE2                                    r  dram_dut/dram_iface_dut/controller/u_phy/u_serdes_dq_in10/DDLY
  -------------------------------------------------------------------    -------------------

Slack:                    inf
  Source:                 ddr3_dq[8]
                            (input port)
  Destination:            dram_dut/dram_iface_dut/controller/u_phy/u_serdes_dq_in8/DDLY
  Path Group:             (none)
  Path Type:              Min at Fast Process Corner
  Data Path Delay:        0.637ns  (logic 0.637ns (100.000%)  route 0.000ns (0.000%))
  Logic Levels:           2  (IBUF=1 IDELAYE2=1)

    Location             Delay type                Incr(ns)  Path(ns)    Netlist Resource(s)
  -------------------------------------------------------------------    -------------------
    G6                                                0.000     0.000 r  ddr3_dq[8] (INOUT)
                         net (fo=1, unset)            0.000     0.000    dram_dut/dram_iface_dut/controller/u_phy/u_pad_dq8/IO
    G6                   IBUF (Prop_ibuf_I_O)         0.373     0.373 r  dram_dut/dram_iface_dut/controller/u_phy/u_pad_dq8/IBUF/O
                         net (fo=1, routed)           0.000     0.373    dram_dut/dram_iface_dut/controller/u_phy/dq_in_w_8
    IDELAY_X1Y233        IDELAYE2 (Prop_idelaye2_IDATAIN_DATAOUT)
                                                      0.264     0.637 r  dram_dut/dram_iface_dut/controller/u_phy/u_dq_delay8/DATAOUT
                         net (fo=1, routed)           0.000     0.637    dram_dut/dram_iface_dut/controller/u_phy/dq_delayed_w_8
    ILOGIC_X1Y233        ISERDESE2                                    r  dram_dut/dram_iface_dut/controller/u_phy/u_serdes_dq_in8/DDLY
  -------------------------------------------------------------------    -------------------

Slack:                    inf
  Source:                 ddr3_dq[0]
                            (input port)
  Destination:            dram_dut/dram_iface_dut/controller/u_phy/u_serdes_dq_in0/DDLY
  Path Group:             (none)
  Path Type:              Min at Fast Process Corner
  Data Path Delay:        0.639ns  (logic 0.639ns (100.000%)  route 0.000ns (0.000%))
  Logic Levels:           2  (IBUF=1 IDELAYE2=1)

    Location             Delay type                Incr(ns)  Path(ns)    Netlist Resource(s)
  -------------------------------------------------------------------    -------------------
    L1                                                0.000     0.000 r  ddr3_dq[0] (INOUT)
                         net (fo=1, unset)            0.000     0.000    dram_dut/dram_iface_dut/controller/u_phy/u_pad_dq0/IO
    L1                   IBUF (Prop_ibuf_I_O)         0.375     0.375 r  dram_dut/dram_iface_dut/controller/u_phy/u_pad_dq0/IBUF/O
                         net (fo=1, routed)           0.000     0.375    dram_dut/dram_iface_dut/controller/u_phy/dq_in_w_0
    IDELAY_X1Y246        IDELAYE2 (Prop_idelaye2_IDATAIN_DATAOUT)
                                                      0.264     0.639 r  dram_dut/dram_iface_dut/controller/u_phy/u_dq_delay0/DATAOUT
                         net (fo=1, routed)           0.000     0.639    dram_dut/dram_iface_dut/controller/u_phy/dq_delayed_w_0
    ILOGIC_X1Y246        ISERDESE2                                    r  dram_dut/dram_iface_dut/controller/u_phy/u_serdes_dq_in0/DDLY
  -------------------------------------------------------------------    -------------------

Slack:                    inf
  Source:                 ddr3_dq[4]
                            (input port)
  Destination:            dram_dut/dram_iface_dut/controller/u_phy/u_serdes_dq_in4/DDLY
  Path Group:             (none)
  Path Type:              Min at Fast Process Corner
  Data Path Delay:        0.640ns  (logic 0.640ns (100.000%)  route 0.000ns (0.000%))
  Logic Levels:           2  (IBUF=1 IDELAYE2=1)

    Location             Delay type                Incr(ns)  Path(ns)    Netlist Resource(s)
  -------------------------------------------------------------------    -------------------
    K1                                                0.000     0.000 r  ddr3_dq[4] (INOUT)
                         net (fo=1, unset)            0.000     0.000    dram_dut/dram_iface_dut/controller/u_phy/u_pad_dq4/IO
    K1                   IBUF (Prop_ibuf_I_O)         0.376     0.376 r  dram_dut/dram_iface_dut/controller/u_phy/u_pad_dq4/IBUF/O
                         net (fo=1, routed)           0.000     0.376    dram_dut/dram_iface_dut/controller/u_phy/dq_in_w_4
    IDELAY_X1Y245        IDELAYE2 (Prop_idelaye2_IDATAIN_DATAOUT)
                                                      0.264     0.640 r  dram_dut/dram_iface_dut/controller/u_phy/u_dq_delay4/DATAOUT
                         net (fo=1, routed)           0.000     0.640    dram_dut/dram_iface_dut/controller/u_phy/dq_delayed_w_4
    ILOGIC_X1Y245        ISERDESE2                                    r  dram_dut/dram_iface_dut/controller/u_phy/u_serdes_dq_in4/DDLY
  -------------------------------------------------------------------    -------------------





--------------------------------------------------------------------------------------
Path Group:  (none)
From Clock:  clk_out1_clk_wiz_1_1
  To Clock:  

Max Delay            44 Endpoints
Min Delay            44 Endpoints
--------------------------------------------------------------------------------------


Max Delay Paths
--------------------------------------------------------------------------------------
Slack:                    inf
  Source:                 u_pll/inst/mmcm_adv_inst/CLKOUT0
                            (clock source 'clk_out1_clk_wiz_1_1'  {rise@0.000ns fall@5.000ns period=10.000ns})
  Destination:            ddr3_ck_n
                            (output port)
  Path Group:             (none)
  Path Type:              Max at Fast Process Corner
  Data Path Delay:        3.449ns  (logic 0.824ns (23.898%)  route 2.625ns (76.102%))
  Logic Levels:           4  (BUFG=1 INV=1 LUT1=1 OBUFDS=1)
  Clock Uncertainty:      0.160ns  ((TSJ^2 + DJ^2)^1/2) / 2 + PE
    Total System Jitter     (TSJ):    0.050ns
    Discrete Jitter          (DJ):    0.114ns
    Phase Error              (PE):    0.098ns

    Location             Delay type                Incr(ns)  Path(ns)    Netlist Resource(s)
  -------------------------------------------------------------------    -------------------
                         (clock clk_out1_clk_wiz_1_1 fall edge)
                                                      5.000     5.000 f  
    H9                                                0.000     5.000 f  clk_p (IN)
                         net (fo=0)                   0.000     5.000    u_pll/inst/clk_in1_p
    H9                   IBUFDS (Prop_ibufds_I_O)     0.444     5.444 f  u_pll/inst/clkin1_ibufgds/O
                         net (fo=1, routed)           0.553     5.997    u_pll/inst/clk_in1_clk_wiz_1
  -------------------------------------------------------------------    -------------------
    MMCME2_ADV_X1Y5      MMCME2_ADV (Prop_mmcme2_adv_CLKIN1_CLKOUT0)
                                                     -3.590     2.407 f  u_pll/inst/mmcm_adv_inst/CLKOUT0
                         net (fo=1, routed)           1.044     3.451    u_pll/inst/clk_out1_clk_wiz_1
    BUFGCTRL_X0Y16       BUFG (Prop_bufg_I_O)         0.030     3.481 f  u_pll/inst/clkout1_buf/O
                         net (fo=567, routed)         1.074     4.554    dram_dut/dram_iface_dut/controller/u_phy/clk_out1
    SLICE_X171Y277       LUT1 (Prop_lut1_I0_O)        0.035     4.589 r  dram_dut/dram_iface_dut/controller/u_phy/u_pad_ck_i_1/O
                         net (fo=2, routed)           0.507     5.097    dram_dut/dram_iface_dut/controller/u_phy/u_pad_ck/I
    F10                  INV (Prop_inv_I_O)           0.000     5.097 f  dram_dut/dram_iface_dut/controller/u_phy/u_pad_ck/INV/O
                         net (fo=1, routed)           0.000     5.097    dram_dut/dram_iface_dut/controller/u_phy/u_pad_ck/I_B
    F10                  OBUFDS (Prop_obufds_I_O)     0.759     5.856 f  dram_dut/dram_iface_dut/controller/u_phy/u_pad_ck/N/O
                         net (fo=0)                   0.000     5.856    ddr3_ck_n
    F10                                                               f  ddr3_ck_n (OUT)
  -------------------------------------------------------------------    -------------------

Slack:                    inf
  Source:                 u_pll/inst/mmcm_adv_inst/CLKOUT0
                            (clock source 'clk_out1_clk_wiz_1_1'  {rise@0.000ns fall@5.000ns period=10.000ns})
  Destination:            ddr3_ck_p
                            (output port)
  Path Group:             (none)
  Path Type:              Max at Fast Process Corner
  Data Path Delay:        3.448ns  (logic 0.824ns (23.887%)  route 2.625ns (76.113%))
  Logic Levels:           3  (BUFG=1 LUT1=1 OBUFDS=1)
  Clock Uncertainty:      0.160ns  ((TSJ^2 + DJ^2)^1/2) / 2 + PE
    Total System Jitter     (TSJ):    0.050ns
    Discrete Jitter          (DJ):    0.114ns
    Phase Error              (PE):    0.098ns

    Location             Delay type                Incr(ns)  Path(ns)    Netlist Resource(s)
  -------------------------------------------------------------------    -------------------
                         (clock clk_out1_clk_wiz_1_1 fall edge)
                                                      5.000     5.000 f  
    H9                                                0.000     5.000 f  clk_p (IN)
                         net (fo=0)                   0.000     5.000    u_pll/inst/clk_in1_p
    H9                   IBUFDS (Prop_ibufds_I_O)     0.444     5.444 f  u_pll/inst/clkin1_ibufgds/O
                         net (fo=1, routed)           0.553     5.997    u_pll/inst/clk_in1_clk_wiz_1
  -------------------------------------------------------------------    -------------------
    MMCME2_ADV_X1Y5      MMCME2_ADV (Prop_mmcme2_adv_CLKIN1_CLKOUT0)
                                                     -3.590     2.407 f  u_pll/inst/mmcm_adv_inst/CLKOUT0
                         net (fo=1, routed)           1.044     3.451    u_pll/inst/clk_out1_clk_wiz_1
    BUFGCTRL_X0Y16       BUFG (Prop_bufg_I_O)         0.030     3.481 f  u_pll/inst/clkout1_buf/O
                         net (fo=567, routed)         1.074     4.554    dram_dut/dram_iface_dut/controller/u_phy/clk_out1
    SLICE_X171Y277       LUT1 (Prop_lut1_I0_O)        0.035     4.589 r  dram_dut/dram_iface_dut/controller/u_phy/u_pad_ck_i_1/O
                         net (fo=2, routed)           0.507     5.097    dram_dut/dram_iface_dut/controller/u_phy/u_pad_ck/I
    G10                  OBUFDS (Prop_obufds_I_O)     0.759     5.855 r  dram_dut/dram_iface_dut/controller/u_phy/u_pad_ck/P/O
                         net (fo=0)                   0.000     5.855    ddr3_ck_p
    G10                                                               r  ddr3_ck_p (OUT)
  -------------------------------------------------------------------    -------------------

Slack:                    inf
  Source:                 dram_dut/dram_iface_dut/controller/u_phy/dqs_out_en_n_q_reg/C
                            (rising edge-triggered cell FDRE clocked by clk_out1_clk_wiz_1_1  {rise@0.000ns fall@5.000ns period=10.000ns})
  Destination:            ddr3_dq[3]
                            (output port)
  Path Group:             (none)
  Path Type:              Max at Fast Process Corner
  Data Path Delay:        2.000ns  (logic 1.127ns (56.361%)  route 0.873ns (43.639%))
  Logic Levels:           2  (OBUFT=1 OSERDESE2=1)
  Clock Uncertainty:      0.160ns  ((TSJ^2 + DJ^2)^1/2) / 2 + PE
    Total System Jitter     (TSJ):    0.050ns
    Discrete Jitter          (DJ):    0.114ns
    Phase Error              (PE):    0.098ns

    Location             Delay type                Incr(ns)  Path(ns)    Netlist Resource(s)
  -------------------------------------------------------------------    -------------------
                         (clock clk_out1_clk_wiz_1_1 rise edge)
                                                      0.000     0.000 r  
    H9                                                0.000     0.000 r  clk_p (IN)
                         net (fo=0)                   0.000     0.000    u_pll/inst/clk_in1_p
    H9                   IBUFDS (Prop_ibufds_I_O)     0.444     0.444 r  u_pll/inst/clkin1_ibufgds/O
                         net (fo=1, routed)           0.553     0.997    u_pll/inst/clk_in1_clk_wiz_1
    MMCME2_ADV_X1Y5      MMCME2_ADV (Prop_mmcme2_adv_CLKIN1_CLKOUT0)
                                                     -3.590    -2.593 r  u_pll/inst/mmcm_adv_inst/CLKOUT0
                         net (fo=1, routed)           1.044    -1.549    u_pll/inst/clk_out1_clk_wiz_1
    BUFGCTRL_X0Y16       BUFG (Prop_bufg_I_O)         0.030    -1.519 r  u_pll/inst/clkout1_buf/O
                         net (fo=567, routed)         0.918    -0.601    dram_dut/dram_iface_dut/controller/u_phy/clk_out1
    SLICE_X166Y230       FDRE                                         r  dram_dut/dram_iface_dut/controller/u_phy/dqs_out_en_n_q_reg/C
  -------------------------------------------------------------------    -------------------
    SLICE_X166Y230       FDRE (Prop_fdre_C_Q)         0.147    -0.454 r  dram_dut/dram_iface_dut/controller/u_phy/dqs_out_en_n_q_reg/Q
                         net (fo=72, routed)          0.873     0.419    dram_dut/dram_iface_dut/controller/u_phy/dqs_out_en_n_q
    OLOGIC_X1Y248        OSERDESE2 (Prop_oserdese2_T1_TQ)
                                                      0.438     0.857 f  dram_dut/dram_iface_dut/controller/u_phy/u_serdes_dq3/TQ
                         net (fo=1, routed)           0.000     0.857    dram_dut/dram_iface_dut/controller/u_phy/u_pad_dq3/T
    J4                   OBUFT (TriStatE_obuft_T_O)
                                                      0.542     1.399 r  dram_dut/dram_iface_dut/controller/u_phy/u_pad_dq3/OBUFT/O
                         net (fo=1, unset)            0.000     1.399    ddr3_dq[3]
    J4                                                                r  ddr3_dq[3] (INOUT)
  -------------------------------------------------------------------    -------------------

Slack:                    inf
  Source:                 dram_dut/dram_iface_dut/controller/u_phy/dqs_out_en_n_q_reg/C
                            (rising edge-triggered cell FDRE clocked by clk_out1_clk_wiz_1_1  {rise@0.000ns fall@5.000ns period=10.000ns})
  Destination:            ddr3_dq[4]
                            (output port)
  Path Group:             (none)
  Path Type:              Max at Fast Process Corner
  Data Path Delay:        1.997ns  (logic 1.140ns (57.114%)  route 0.856ns (42.886%))
  Logic Levels:           2  (OBUFT=1 OSERDESE2=1)
  Clock Uncertainty:      0.160ns  ((TSJ^2 + DJ^2)^1/2) / 2 + PE
    Total System Jitter     (TSJ):    0.050ns
    Discrete Jitter          (DJ):    0.114ns
    Phase Error              (PE):    0.098ns

    Location             Delay type                Incr(ns)  Path(ns)    Netlist Resource(s)
  -------------------------------------------------------------------    -------------------
                         (clock clk_out1_clk_wiz_1_1 rise edge)
                                                      0.000     0.000 r  
    H9                                                0.000     0.000 r  clk_p (IN)
                         net (fo=0)                   0.000     0.000    u_pll/inst/clk_in1_p
    H9                   IBUFDS (Prop_ibufds_I_O)     0.444     0.444 r  u_pll/inst/clkin1_ibufgds/O
                         net (fo=1, routed)           0.553     0.997    u_pll/inst/clk_in1_clk_wiz_1
    MMCME2_ADV_X1Y5      MMCME2_ADV (Prop_mmcme2_adv_CLKIN1_CLKOUT0)
                                                     -3.590    -2.593 r  u_pll/inst/mmcm_adv_inst/CLKOUT0
                         net (fo=1, routed)           1.044    -1.549    u_pll/inst/clk_out1_clk_wiz_1
    BUFGCTRL_X0Y16       BUFG (Prop_bufg_I_O)         0.030    -1.519 r  u_pll/inst/clkout1_buf/O
                         net (fo=567, routed)         0.918    -0.601    dram_dut/dram_iface_dut/controller/u_phy/clk_out1
    SLICE_X166Y230       FDRE                                         r  dram_dut/dram_iface_dut/controller/u_phy/dqs_out_en_n_q_reg/C
  -------------------------------------------------------------------    -------------------
    SLICE_X166Y230       FDRE (Prop_fdre_C_Q)         0.147    -0.454 r  dram_dut/dram_iface_dut/controller/u_phy/dqs_out_en_n_q_reg/Q
                         net (fo=72, routed)          0.856     0.402    dram_dut/dram_iface_dut/controller/u_phy/dqs_out_en_n_q
    OLOGIC_X1Y245        OSERDESE2 (Prop_oserdese2_T1_TQ)
                                                      0.438     0.840 f  dram_dut/dram_iface_dut/controller/u_phy/u_serdes_dq4/TQ
                         net (fo=1, routed)           0.000     0.840    dram_dut/dram_iface_dut/controller/u_phy/u_pad_dq4/T
    K1                   OBUFT (TriStatE_obuft_T_O)
                                                      0.555     1.396 r  dram_dut/dram_iface_dut/controller/u_phy/u_pad_dq4/OBUFT/O
                         net (fo=1, unset)            0.000     1.396    ddr3_dq[4]
    K1                                                                r  ddr3_dq[4] (INOUT)
  -------------------------------------------------------------------    -------------------

Slack:                    inf
  Source:                 dram_dut/dram_iface_dut/controller/u_phy/dqs_out_en_n_q_reg/C
                            (rising edge-triggered cell FDRE clocked by clk_out1_clk_wiz_1_1  {rise@0.000ns fall@5.000ns period=10.000ns})
  Destination:            ddr3_dq[0]
                            (output port)
  Path Group:             (none)
  Path Type:              Max at Fast Process Corner
  Data Path Delay:        1.942ns  (logic 1.139ns (58.635%)  route 0.803ns (41.365%))
  Logic Levels:           2  (OBUFT=1 OSERDESE2=1)
  Clock Uncertainty:      0.160ns  ((TSJ^2 + DJ^2)^1/2) / 2 + PE
    Total System Jitter     (TSJ):    0.050ns
    Discrete Jitter          (DJ):    0.114ns
    Phase Error              (PE):    0.098ns

    Location             Delay type                Incr(ns)  Path(ns)    Netlist Resource(s)
  -------------------------------------------------------------------    -------------------
                         (clock clk_out1_clk_wiz_1_1 rise edge)
                                                      0.000     0.000 r  
    H9                                                0.000     0.000 r  clk_p (IN)
                         net (fo=0)                   0.000     0.000    u_pll/inst/clk_in1_p
    H9                   IBUFDS (Prop_ibufds_I_O)     0.444     0.444 r  u_pll/inst/clkin1_ibufgds/O
                         net (fo=1, routed)           0.553     0.997    u_pll/inst/clk_in1_clk_wiz_1
    MMCME2_ADV_X1Y5      MMCME2_ADV (Prop_mmcme2_adv_CLKIN1_CLKOUT0)
                                                     -3.590    -2.593 r  u_pll/inst/mmcm_adv_inst/CLKOUT0
                         net (fo=1, routed)           1.044    -1.549    u_pll/inst/clk_out1_clk_wiz_1
    BUFGCTRL_X0Y16       BUFG (Prop_bufg_I_O)         0.030    -1.519 r  u_pll/inst/clkout1_buf/O
                         net (fo=567, routed)         0.918    -0.601    dram_dut/dram_iface_dut/controller/u_phy/clk_out1
    SLICE_X166Y230       FDRE                                         r  dram_dut/dram_iface_dut/controller/u_phy/dqs_out_en_n_q_reg/C
  -------------------------------------------------------------------    -------------------
    SLICE_X166Y230       FDRE (Prop_fdre_C_Q)         0.147    -0.454 r  dram_dut/dram_iface_dut/controller/u_phy/dqs_out_en_n_q_reg/Q
                         net (fo=72, routed)          0.803     0.349    dram_dut/dram_iface_dut/controller/u_phy/dqs_out_en_n_q
    OLOGIC_X1Y246        OSERDESE2 (Prop_oserdese2_T1_TQ)
                                                      0.438     0.787 f  dram_dut/dram_iface_dut/controller/u_phy/u_serdes_dq0/TQ
                         net (fo=1, routed)           0.000     0.787    dram_dut/dram_iface_dut/controller/u_phy/u_pad_dq0/T
    L1                   OBUFT (TriStatE_obuft_T_O)
                                                      0.554     1.341 r  dram_dut/dram_iface_dut/controller/u_phy/u_pad_dq0/OBUFT/O
                         net (fo=1, unset)            0.000     1.341    ddr3_dq[0]
    L1                                                                r  ddr3_dq[0] (INOUT)
  -------------------------------------------------------------------    -------------------

Slack:                    inf
  Source:                 dram_dut/dram_iface_dut/controller/u_phy/dqs_out_en_n_q_reg/C
                            (rising edge-triggered cell FDRE clocked by clk_out1_clk_wiz_1_1  {rise@0.000ns fall@5.000ns period=10.000ns})
  Destination:            ddr3_dqs_n[0]
                            (output port)
  Path Group:             (none)
  Path Type:              Max at Fast Process Corner
  Data Path Delay:        1.860ns  (logic 1.134ns (60.944%)  route 0.726ns (39.056%))
  Logic Levels:           2  (OBUFTDS=1 OSERDESE2=1)
  Clock Uncertainty:      0.160ns  ((TSJ^2 + DJ^2)^1/2) / 2 + PE
    Total System Jitter     (TSJ):    0.050ns
    Discrete Jitter          (DJ):    0.114ns
    Phase Error              (PE):    0.098ns

    Location             Delay type                Incr(ns)  Path(ns)    Netlist Resource(s)
  -------------------------------------------------------------------    -------------------
                         (clock clk_out1_clk_wiz_1_1 rise edge)
                                                      0.000     0.000 r  
    H9                                                0.000     0.000 r  clk_p (IN)
                         net (fo=0)                   0.000     0.000    u_pll/inst/clk_in1_p
    H9                   IBUFDS (Prop_ibufds_I_O)     0.444     0.444 r  u_pll/inst/clkin1_ibufgds/O
                         net (fo=1, routed)           0.553     0.997    u_pll/inst/clk_in1_clk_wiz_1
    MMCME2_ADV_X1Y5      MMCME2_ADV (Prop_mmcme2_adv_CLKIN1_CLKOUT0)
                                                     -3.590    -2.593 r  u_pll/inst/mmcm_adv_inst/CLKOUT0
                         net (fo=1, routed)           1.044    -1.549    u_pll/inst/clk_out1_clk_wiz_1
    BUFGCTRL_X0Y16       BUFG (Prop_bufg_I_O)         0.030    -1.519 r  u_pll/inst/clkout1_buf/O
                         net (fo=567, routed)         0.918    -0.601    dram_dut/dram_iface_dut/controller/u_phy/clk_out1
    SLICE_X166Y230       FDRE                                         r  dram_dut/dram_iface_dut/controller/u_phy/dqs_out_en_n_q_reg/C
  -------------------------------------------------------------------    -------------------
    SLICE_X166Y230       FDRE (Prop_fdre_C_Q)         0.147    -0.454 r  dram_dut/dram_iface_dut/controller/u_phy/dqs_out_en_n_q_reg/Q
                         net (fo=72, routed)          0.726     0.272    dram_dut/dram_iface_dut/controller/u_phy/dqs_out_en_n_q
    OLOGIC_X1Y244        OSERDESE2 (Prop_oserdese2_T1_TQ)
                                                      0.438     0.710 f  dram_dut/dram_iface_dut/controller/u_phy/u_serdes_dqs0/TQ
                         net (fo=2, routed)           0.000     0.710    dram_dut/dram_iface_dut/controller/u_phy/u_pad_dqs0/OBUFTDS/T
    K2                   OBUFTDS (TriStatE_obuftds_T_O)
                                                      0.549     1.259 r  dram_dut/dram_iface_dut/controller/u_phy/u_pad_dqs0/OBUFTDS/N/O
                         net (fo=1, unset)            0.000     1.259    ddr3_dqs_n[0]
    K2                                                                r  ddr3_dqs_n[0] (INOUT)
  -------------------------------------------------------------------    -------------------

Slack:                    inf
  Source:                 dram_dut/dram_iface_dut/controller/u_phy/dqs_out_en_n_q_reg/C
                            (rising edge-triggered cell FDRE clocked by clk_out1_clk_wiz_1_1  {rise@0.000ns fall@5.000ns period=10.000ns})
  Destination:            ddr3_dqs_p[0]
                            (output port)
  Path Group:             (none)
  Path Type:              Max at Fast Process Corner
  Data Path Delay:        1.860ns  (logic 1.133ns (60.937%)  route 0.726ns (39.063%))
  Logic Levels:           2  (OBUFTDS=1 OSERDESE2=1)
  Clock Uncertainty:      0.160ns  ((TSJ^2 + DJ^2)^1/2) / 2 + PE
    Total System Jitter     (TSJ):    0.050ns
    Discrete Jitter          (DJ):    0.114ns
    Phase Error              (PE):    0.098ns

    Location             Delay type                Incr(ns)  Path(ns)    Netlist Resource(s)
  -------------------------------------------------------------------    -------------------
                         (clock clk_out1_clk_wiz_1_1 rise edge)
                                                      0.000     0.000 r  
    H9                                                0.000     0.000 r  clk_p (IN)
                         net (fo=0)                   0.000     0.000    u_pll/inst/clk_in1_p
    H9                   IBUFDS (Prop_ibufds_I_O)     0.444     0.444 r  u_pll/inst/clkin1_ibufgds/O
                         net (fo=1, routed)           0.553     0.997    u_pll/inst/clk_in1_clk_wiz_1
    MMCME2_ADV_X1Y5      MMCME2_ADV (Prop_mmcme2_adv_CLKIN1_CLKOUT0)
                                                     -3.590    -2.593 r  u_pll/inst/mmcm_adv_inst/CLKOUT0
                         net (fo=1, routed)           1.044    -1.549    u_pll/inst/clk_out1_clk_wiz_1
    BUFGCTRL_X0Y16       BUFG (Prop_bufg_I_O)         0.030    -1.519 r  u_pll/inst/clkout1_buf/O
                         net (fo=567, routed)         0.918    -0.601    dram_dut/dram_iface_dut/controller/u_phy/clk_out1
    SLICE_X166Y230       FDRE                                         r  dram_dut/dram_iface_dut/controller/u_phy/dqs_out_en_n_q_reg/C
  -------------------------------------------------------------------    -------------------
    SLICE_X166Y230       FDRE (Prop_fdre_C_Q)         0.147    -0.454 r  dram_dut/dram_iface_dut/controller/u_phy/dqs_out_en_n_q_reg/Q
                         net (fo=72, routed)          0.726     0.272    dram_dut/dram_iface_dut/controller/u_phy/dqs_out_en_n_q
    OLOGIC_X1Y244        OSERDESE2 (Prop_oserdese2_T1_TQ)
                                                      0.438     0.710 f  dram_dut/dram_iface_dut/controller/u_phy/u_serdes_dqs0/TQ
                         net (fo=2, routed)           0.000     0.710    dram_dut/dram_iface_dut/controller/u_phy/u_pad_dqs0/OBUFTDS/T
    K3                   OBUFTDS (TriStatE_obuftds_T_O)
                                                      0.548     1.259 r  dram_dut/dram_iface_dut/controller/u_phy/u_pad_dqs0/OBUFTDS/P/O
                         net (fo=1, unset)            0.000     1.259    ddr3_dqs_p[0]
    K3                                                                r  ddr3_dqs_p[0] (INOUT)
  -------------------------------------------------------------------    -------------------

Slack:                    inf
  Source:                 dram_dut/dram_iface_dut/controller/u_phy/dqs_out_en_n_q_reg/C
                            (rising edge-triggered cell FDRE clocked by clk_out1_clk_wiz_1_1  {rise@0.000ns fall@5.000ns period=10.000ns})
  Destination:            ddr3_dq[1]
                            (output port)
  Path Group:             (none)
  Path Type:              Max at Fast Process Corner
  Data Path Delay:        1.829ns  (logic 1.123ns (61.380%)  route 0.706ns (38.620%))
  Logic Levels:           2  (OBUFT=1 OSERDESE2=1)
  Clock Uncertainty:      0.160ns  ((TSJ^2 + DJ^2)^1/2) / 2 + PE
    Total System Jitter     (TSJ):    0.050ns
    Discrete Jitter          (DJ):    0.114ns
    Phase Error              (PE):    0.098ns

    Location             Delay type                Incr(ns)  Path(ns)    Netlist Resource(s)
  -------------------------------------------------------------------    -------------------
                         (clock clk_out1_clk_wiz_1_1 rise edge)
                                                      0.000     0.000 r  
    H9                                                0.000     0.000 r  clk_p (IN)
                         net (fo=0)                   0.000     0.000    u_pll/inst/clk_in1_p
    H9                   IBUFDS (Prop_ibufds_I_O)     0.444     0.444 r  u_pll/inst/clkin1_ibufgds/O
                         net (fo=1, routed)           0.553     0.997    u_pll/inst/clk_in1_clk_wiz_1
    MMCME2_ADV_X1Y5      MMCME2_ADV (Prop_mmcme2_adv_CLKIN1_CLKOUT0)
                                                     -3.590    -2.593 r  u_pll/inst/mmcm_adv_inst/CLKOUT0
                         net (fo=1, routed)           1.044    -1.549    u_pll/inst/clk_out1_clk_wiz_1
    BUFGCTRL_X0Y16       BUFG (Prop_bufg_I_O)         0.030    -1.519 r  u_pll/inst/clkout1_buf/O
                         net (fo=567, routed)         0.918    -0.601    dram_dut/dram_iface_dut/controller/u_phy/clk_out1
    SLICE_X166Y230       FDRE                                         r  dram_dut/dram_iface_dut/controller/u_phy/dqs_out_en_n_q_reg/C
  -------------------------------------------------------------------    -------------------
    SLICE_X166Y230       FDRE (Prop_fdre_C_Q)         0.147    -0.454 r  dram_dut/dram_iface_dut/controller/u_phy/dqs_out_en_n_q_reg/Q
                         net (fo=72, routed)          0.706     0.252    dram_dut/dram_iface_dut/controller/u_phy/dqs_out_en_n_q
    OLOGIC_X1Y241        OSERDESE2 (Prop_oserdese2_T1_TQ)
                                                      0.438     0.690 f  dram_dut/dram_iface_dut/controller/u_phy/u_serdes_dq1/TQ
                         net (fo=1, routed)           0.000     0.690    dram_dut/dram_iface_dut/controller/u_phy/u_pad_dq1/T
    L2                   OBUFT (TriStatE_obuft_T_O)
                                                      0.538     1.228 r  dram_dut/dram_iface_dut/controller/u_phy/u_pad_dq1/OBUFT/O
                         net (fo=1, unset)            0.000     1.228    ddr3_dq[1]
    L2                                                                r  ddr3_dq[1] (INOUT)
  -------------------------------------------------------------------    -------------------

Slack:                    inf
  Source:                 dram_dut/dram_iface_dut/controller/u_phy/dqs_out_en_n_q_reg/C
                            (rising edge-triggered cell FDRE clocked by clk_out1_clk_wiz_1_1  {rise@0.000ns fall@5.000ns period=10.000ns})
  Destination:            ddr3_dq[7]
                            (output port)
  Path Group:             (none)
  Path Type:              Max at Fast Process Corner
  Data Path Delay:        1.809ns  (logic 1.116ns (61.710%)  route 0.693ns (38.290%))
  Logic Levels:           2  (OBUFT=1 OSERDESE2=1)
  Clock Uncertainty:      0.160ns  ((TSJ^2 + DJ^2)^1/2) / 2 + PE
    Total System Jitter     (TSJ):    0.050ns
    Discrete Jitter          (DJ):    0.114ns
    Phase Error              (PE):    0.098ns

    Location             Delay type                Incr(ns)  Path(ns)    Netlist Resource(s)
  -------------------------------------------------------------------    -------------------
                         (clock clk_out1_clk_wiz_1_1 rise edge)
                                                      0.000     0.000 r  
    H9                                                0.000     0.000 r  clk_p (IN)
                         net (fo=0)                   0.000     0.000    u_pll/inst/clk_in1_p
    H9                   IBUFDS (Prop_ibufds_I_O)     0.444     0.444 r  u_pll/inst/clkin1_ibufgds/O
                         net (fo=1, routed)           0.553     0.997    u_pll/inst/clk_in1_clk_wiz_1
    MMCME2_ADV_X1Y5      MMCME2_ADV (Prop_mmcme2_adv_CLKIN1_CLKOUT0)
                                                     -3.590    -2.593 r  u_pll/inst/mmcm_adv_inst/CLKOUT0
                         net (fo=1, routed)           1.044    -1.549    u_pll/inst/clk_out1_clk_wiz_1
    BUFGCTRL_X0Y16       BUFG (Prop_bufg_I_O)         0.030    -1.519 r  u_pll/inst/clkout1_buf/O
                         net (fo=567, routed)         0.918    -0.601    dram_dut/dram_iface_dut/controller/u_phy/clk_out1
    SLICE_X166Y230       FDRE                                         r  dram_dut/dram_iface_dut/controller/u_phy/dqs_out_en_n_q_reg/C
  -------------------------------------------------------------------    -------------------
    SLICE_X166Y230       FDRE (Prop_fdre_C_Q)         0.147    -0.454 r  dram_dut/dram_iface_dut/controller/u_phy/dqs_out_en_n_q_reg/Q
                         net (fo=72, routed)          0.693     0.238    dram_dut/dram_iface_dut/controller/u_phy/dqs_out_en_n_q
    OLOGIC_X1Y238        OSERDESE2 (Prop_oserdese2_T1_TQ)
                                                      0.438     0.676 f  dram_dut/dram_iface_dut/controller/u_phy/u_serdes_dq7/TQ
                         net (fo=1, routed)           0.000     0.676    dram_dut/dram_iface_dut/controller/u_phy/u_pad_dq7/T
    K6                   OBUFT (TriStatE_obuft_T_O)
                                                      0.531     1.208 r  dram_dut/dram_iface_dut/controller/u_phy/u_pad_dq7/OBUFT/O
                         net (fo=1, unset)            0.000     1.208    ddr3_dq[7]
    K6                                                                r  ddr3_dq[7] (INOUT)
  -------------------------------------------------------------------    -------------------

Slack:                    inf
  Source:                 dram_dut/dram_iface_dut/controller/u_phy/dqs_out_en_n_q_reg/C
                            (rising edge-triggered cell FDRE clocked by clk_out1_clk_wiz_1_1  {rise@0.000ns fall@5.000ns period=10.000ns})
  Destination:            ddr3_dq[15]
                            (output port)
  Path Group:             (none)
  Path Type:              Max at Fast Process Corner
  Data Path Delay:        1.786ns  (logic 1.153ns (64.592%)  route 0.632ns (35.408%))
  Logic Levels:           2  (OBUFT=1 OSERDESE2=1)
  Clock Uncertainty:      0.160ns  ((TSJ^2 + DJ^2)^1/2) / 2 + PE
    Total System Jitter     (TSJ):    0.050ns
    Discrete Jitter          (DJ):    0.114ns
    Phase Error              (PE):    0.098ns

    Location             Delay type                Incr(ns)  Path(ns)    Netlist Resource(s)
  -------------------------------------------------------------------    -------------------
                         (clock clk_out1_clk_wiz_1_1 rise edge)
                                                      0.000     0.000 r  
    H9                                                0.000     0.000 r  clk_p (IN)
                         net (fo=0)                   0.000     0.000    u_pll/inst/clk_in1_p
    H9                   IBUFDS (Prop_ibufds_I_O)     0.444     0.444 r  u_pll/inst/clkin1_ibufgds/O
                         net (fo=1, routed)           0.553     0.997    u_pll/inst/clk_in1_clk_wiz_1
    MMCME2_ADV_X1Y5      MMCME2_ADV (Prop_mmcme2_adv_CLKIN1_CLKOUT0)
                                                     -3.590    -2.593 r  u_pll/inst/mmcm_adv_inst/CLKOUT0
                         net (fo=1, routed)           1.044    -1.549    u_pll/inst/clk_out1_clk_wiz_1
    BUFGCTRL_X0Y16       BUFG (Prop_bufg_I_O)         0.030    -1.519 r  u_pll/inst/clkout1_buf/O
                         net (fo=567, routed)         0.918    -0.601    dram_dut/dram_iface_dut/controller/u_phy/clk_out1
    SLICE_X166Y230       FDRE                                         r  dram_dut/dram_iface_dut/controller/u_phy/dqs_out_en_n_q_reg/C
  -------------------------------------------------------------------    -------------------
    SLICE_X166Y230       FDRE (Prop_fdre_C_Q)         0.147    -0.454 r  dram_dut/dram_iface_dut/controller/u_phy/dqs_out_en_n_q_reg/Q
                         net (fo=72, routed)          0.632     0.178    dram_dut/dram_iface_dut/controller/u_phy/dqs_out_en_n_q
    OLOGIC_X1Y225        OSERDESE2 (Prop_oserdese2_T1_TQ)
                                                      0.438     0.616 f  dram_dut/dram_iface_dut/controller/u_phy/u_serdes_dq15/TQ
                         net (fo=1, routed)           0.000     0.616    dram_dut/dram_iface_dut/controller/u_phy/u_pad_dq15/T
    G4                   OBUFT (TriStatE_obuft_T_O)
                                                      0.568     1.185 r  dram_dut/dram_iface_dut/controller/u_phy/u_pad_dq15/OBUFT/O
                         net (fo=1, unset)            0.000     1.185    ddr3_dq[15]
    G4                                                                r  ddr3_dq[15] (INOUT)
  -------------------------------------------------------------------    -------------------





Min Delay Paths
--------------------------------------------------------------------------------------
Slack:                    inf
  Source:                 dram_dut/dram_iface_dut/controller/u_phy/ba_q_reg[1]/C
                            (rising edge-triggered cell FDRE clocked by clk_out1_clk_wiz_1_1  {rise@0.000ns fall@5.000ns period=10.000ns})
  Destination:            ddr3_ba[1]
                            (output port)
  Path Group:             (none)
  Path Type:              Min at Slow Process Corner
  Data Path Delay:        1.361ns  (logic 1.361ns (100.000%)  route 0.000ns (0.000%))
  Logic Levels:           1  (OBUF=1)
  Clock Uncertainty:      0.160ns  ((TSJ^2 + DJ^2)^1/2) / 2 + PE
    Total System Jitter     (TSJ):    0.050ns
    Discrete Jitter          (DJ):    0.114ns
    Phase Error              (PE):    0.098ns

    Location             Delay type                Incr(ns)  Path(ns)    Netlist Resource(s)
  -------------------------------------------------------------------    -------------------
                         (clock clk_out1_clk_wiz_1_1 rise edge)
                                                      0.000     0.000 r  
    H9                                                0.000     0.000 r  clk_p (IN)
                         net (fo=0)                   0.000     0.000    u_pll/inst/clk_in1_p
    H9                   IBUFDS (Prop_ibufds_I_O)     0.778     0.778 r  u_pll/inst/clkin1_ibufgds/O
                         net (fo=1, routed)           0.986     1.764    u_pll/inst/clk_in1_clk_wiz_1
    MMCME2_ADV_X1Y5      MMCME2_ADV (Prop_mmcme2_adv_CLKIN1_CLKOUT0)
                                                     -6.516    -4.752 r  u_pll/inst/mmcm_adv_inst/CLKOUT0
                         net (fo=1, routed)           1.788    -2.964    u_pll/inst/clk_out1_clk_wiz_1
    BUFGCTRL_X0Y16       BUFG (Prop_bufg_I_O)         0.083    -2.881 r  u_pll/inst/clkout1_buf/O
                         net (fo=567, routed)         1.546    -1.335    dram_dut/dram_iface_dut/controller/u_phy/clk_out1
    OLOGIC_X1Y264        FDRE                                         r  dram_dut/dram_iface_dut/controller/u_phy/ba_q_reg[1]/C
  -------------------------------------------------------------------    -------------------
    OLOGIC_X1Y264        FDRE (Prop_fdre_C_Q)         0.338    -0.997 r  dram_dut/dram_iface_dut/controller/u_phy/ba_q_reg[1]/Q
                         net (fo=1, routed)           0.000    -0.997    ddr3_ba_OBUF[1]
    H7                   OBUF (Prop_obuf_I_O)         1.023     0.026 r  ddr3_ba_OBUF[1]_inst/O
                         net (fo=0)                   0.000     0.026    ddr3_ba[1]
    H7                                                                r  ddr3_ba[1] (OUT)
  -------------------------------------------------------------------    -------------------

Slack:                    inf
  Source:                 dram_dut/dram_iface_dut/controller/u_phy/we_n_q_reg/C
                            (rising edge-triggered cell FDRE clocked by clk_out1_clk_wiz_1_1  {rise@0.000ns fall@5.000ns period=10.000ns})
  Destination:            ddr3_we_n
                            (output port)
  Path Group:             (none)
  Path Type:              Min at Slow Process Corner
  Data Path Delay:        1.368ns  (logic 1.368ns (100.000%)  route 0.000ns (0.000%))
  Logic Levels:           1  (OBUF=1)
  Clock Uncertainty:      0.160ns  ((TSJ^2 + DJ^2)^1/2) / 2 + PE
    Total System Jitter     (TSJ):    0.050ns
    Discrete Jitter          (DJ):    0.114ns
    Phase Error              (PE):    0.098ns

    Location             Delay type                Incr(ns)  Path(ns)    Netlist Resource(s)
  -------------------------------------------------------------------    -------------------
                         (clock clk_out1_clk_wiz_1_1 rise edge)
                                                      0.000     0.000 r  
    H9                                                0.000     0.000 r  clk_p (IN)
                         net (fo=0)                   0.000     0.000    u_pll/inst/clk_in1_p
    H9                   IBUFDS (Prop_ibufds_I_O)     0.778     0.778 r  u_pll/inst/clkin1_ibufgds/O
                         net (fo=1, routed)           0.986     1.764    u_pll/inst/clk_in1_clk_wiz_1
    MMCME2_ADV_X1Y5      MMCME2_ADV (Prop_mmcme2_adv_CLKIN1_CLKOUT0)
                                                     -6.516    -4.752 r  u_pll/inst/mmcm_adv_inst/CLKOUT0
                         net (fo=1, routed)           1.788    -2.964    u_pll/inst/clk_out1_clk_wiz_1
    BUFGCTRL_X0Y16       BUFG (Prop_bufg_I_O)         0.083    -2.881 r  u_pll/inst/clkout1_buf/O
                         net (fo=567, routed)         1.543    -1.338    dram_dut/dram_iface_dut/controller/u_phy/clk_out1
    OLOGIC_X1Y267        FDRE                                         r  dram_dut/dram_iface_dut/controller/u_phy/we_n_q_reg/C
  -------------------------------------------------------------------    -------------------
    OLOGIC_X1Y267        FDRE (Prop_fdre_C_Q)         0.338    -1.000 r  dram_dut/dram_iface_dut/controller/u_phy/we_n_q_reg/Q
                         net (fo=1, routed)           0.000    -1.000    ddr3_we_n_OBUF
    F7                   OBUF (Prop_obuf_I_O)         1.030     0.030 r  ddr3_we_n_OBUF_inst/O
                         net (fo=0)                   0.000     0.030    ddr3_we_n
    F7                                                                r  ddr3_we_n (OUT)
  -------------------------------------------------------------------    -------------------

Slack:                    inf
  Source:                 dram_dut/dram_iface_dut/controller/u_phy/ba_q_reg[0]/C
                            (rising edge-triggered cell FDRE clocked by clk_out1_clk_wiz_1_1  {rise@0.000ns fall@5.000ns period=10.000ns})
  Destination:            ddr3_ba[0]
                            (output port)
  Path Group:             (none)
  Path Type:              Min at Slow Process Corner
  Data Path Delay:        1.369ns  (logic 1.369ns (100.000%)  route 0.000ns (0.000%))
  Logic Levels:           1  (OBUF=1)
  Clock Uncertainty:      0.160ns  ((TSJ^2 + DJ^2)^1/2) / 2 + PE
    Total System Jitter     (TSJ):    0.050ns
    Discrete Jitter          (DJ):    0.114ns
    Phase Error              (PE):    0.098ns

    Location             Delay type                Incr(ns)  Path(ns)    Netlist Resource(s)
  -------------------------------------------------------------------    -------------------
                         (clock clk_out1_clk_wiz_1_1 rise edge)
                                                      0.000     0.000 r  
    H9                                                0.000     0.000 r  clk_p (IN)
                         net (fo=0)                   0.000     0.000    u_pll/inst/clk_in1_p
    H9                   IBUFDS (Prop_ibufds_I_O)     0.778     0.778 r  u_pll/inst/clkin1_ibufgds/O
                         net (fo=1, routed)           0.986     1.764    u_pll/inst/clk_in1_clk_wiz_1
    MMCME2_ADV_X1Y5      MMCME2_ADV (Prop_mmcme2_adv_CLKIN1_CLKOUT0)
                                                     -6.516    -4.752 r  u_pll/inst/mmcm_adv_inst/CLKOUT0
                         net (fo=1, routed)           1.788    -2.964    u_pll/inst/clk_out1_clk_wiz_1
    BUFGCTRL_X0Y16       BUFG (Prop_bufg_I_O)         0.083    -2.881 r  u_pll/inst/clkout1_buf/O
                         net (fo=567, routed)         1.543    -1.338    dram_dut/dram_iface_dut/controller/u_phy/clk_out1
    OLOGIC_X1Y268        FDRE                                         r  dram_dut/dram_iface_dut/controller/u_phy/ba_q_reg[0]/C
  -------------------------------------------------------------------    -------------------
    OLOGIC_X1Y268        FDRE (Prop_fdre_C_Q)         0.338    -1.000 r  dram_dut/dram_iface_dut/controller/u_phy/ba_q_reg[0]/Q
                         net (fo=1, routed)           0.000    -1.000    ddr3_ba_OBUF[0]
    F8                   OBUF (Prop_obuf_I_O)         1.031     0.031 r  ddr3_ba_OBUF[0]_inst/O
                         net (fo=0)                   0.000     0.031    ddr3_ba[0]
    F8                                                                r  ddr3_ba[0] (OUT)
  -------------------------------------------------------------------    -------------------

Slack:                    inf
  Source:                 dram_dut/dram_iface_dut/controller/u_phy/addr_q_reg[7]/C
                            (rising edge-triggered cell FDRE clocked by clk_out1_clk_wiz_1_1  {rise@0.000ns fall@5.000ns period=10.000ns})
  Destination:            ddr3_addr[7]
                            (output port)
  Path Group:             (none)
  Path Type:              Min at Slow Process Corner
  Data Path Delay:        1.372ns  (logic 1.372ns (100.000%)  route 0.000ns (0.000%))
  Logic Levels:           1  (OBUF=1)
  Clock Uncertainty:      0.160ns  ((TSJ^2 + DJ^2)^1/2) / 2 + PE
    Total System Jitter     (TSJ):    0.050ns
    Discrete Jitter          (DJ):    0.114ns
    Phase Error              (PE):    0.098ns

    Location             Delay type                Incr(ns)  Path(ns)    Netlist Resource(s)
  -------------------------------------------------------------------    -------------------
                         (clock clk_out1_clk_wiz_1_1 rise edge)
                                                      0.000     0.000 r  
    H9                                                0.000     0.000 r  clk_p (IN)
                         net (fo=0)                   0.000     0.000    u_pll/inst/clk_in1_p
    H9                   IBUFDS (Prop_ibufds_I_O)     0.778     0.778 r  u_pll/inst/clkin1_ibufgds/O
                         net (fo=1, routed)           0.986     1.764    u_pll/inst/clk_in1_clk_wiz_1
    MMCME2_ADV_X1Y5      MMCME2_ADV (Prop_mmcme2_adv_CLKIN1_CLKOUT0)
                                                     -6.516    -4.752 r  u_pll/inst/mmcm_adv_inst/CLKOUT0
                         net (fo=1, routed)           1.788    -2.964    u_pll/inst/clk_out1_clk_wiz_1
    BUFGCTRL_X0Y16       BUFG (Prop_bufg_I_O)         0.083    -2.881 r  u_pll/inst/clkout1_buf/O
                         net (fo=567, routed)         1.540    -1.341    dram_dut/dram_iface_dut/controller/u_phy/clk_out1
    OLOGIC_X1Y271        FDRE                                         r  dram_dut/dram_iface_dut/controller/u_phy/addr_q_reg[7]/C
  -------------------------------------------------------------------    -------------------
    OLOGIC_X1Y271        FDRE (Prop_fdre_C_Q)         0.338    -1.003 r  dram_dut/dram_iface_dut/controller/u_phy/addr_q_reg[7]/Q
                         net (fo=1, routed)           0.000    -1.003    ddr3_addr_OBUF[7]
    E8                   OBUF (Prop_obuf_I_O)         1.034     0.031 r  ddr3_addr_OBUF[7]_inst/O
                         net (fo=0)                   0.000     0.031    ddr3_addr[7]
    E8                                                                r  ddr3_addr[7] (OUT)
  -------------------------------------------------------------------    -------------------

Slack:                    inf
  Source:                 dram_dut/dram_iface_dut/controller/u_phy/addr_q_reg[6]/C
                            (rising edge-triggered cell FDRE clocked by clk_out1_clk_wiz_1_1  {rise@0.000ns fall@5.000ns period=10.000ns})
  Destination:            ddr3_addr[6]
                            (output port)
  Path Group:             (none)
  Path Type:              Min at Slow Process Corner
  Data Path Delay:        1.373ns  (logic 1.373ns (100.000%)  route 0.000ns (0.000%))
  Logic Levels:           1  (OBUF=1)
  Clock Uncertainty:      0.160ns  ((TSJ^2 + DJ^2)^1/2) / 2 + PE
    Total System Jitter     (TSJ):    0.050ns
    Discrete Jitter          (DJ):    0.114ns
    Phase Error              (PE):    0.098ns

    Location             Delay type                Incr(ns)  Path(ns)    Netlist Resource(s)
  -------------------------------------------------------------------    -------------------
                         (clock clk_out1_clk_wiz_1_1 rise edge)
                                                      0.000     0.000 r  
    H9                                                0.000     0.000 r  clk_p (IN)
                         net (fo=0)                   0.000     0.000    u_pll/inst/clk_in1_p
    H9                   IBUFDS (Prop_ibufds_I_O)     0.778     0.778 r  u_pll/inst/clkin1_ibufgds/O
                         net (fo=1, routed)           0.986     1.764    u_pll/inst/clk_in1_clk_wiz_1
    MMCME2_ADV_X1Y5      MMCME2_ADV (Prop_mmcme2_adv_CLKIN1_CLKOUT0)
                                                     -6.516    -4.752 r  u_pll/inst/mmcm_adv_inst/CLKOUT0
                         net (fo=1, routed)           1.788    -2.964    u_pll/inst/clk_out1_clk_wiz_1
    BUFGCTRL_X0Y16       BUFG (Prop_bufg_I_O)         0.083    -2.881 r  u_pll/inst/clkout1_buf/O
                         net (fo=567, routed)         1.540    -1.341    dram_dut/dram_iface_dut/controller/u_phy/clk_out1
    OLOGIC_X1Y272        FDRE                                         r  dram_dut/dram_iface_dut/controller/u_phy/addr_q_reg[6]/C
  -------------------------------------------------------------------    -------------------
    OLOGIC_X1Y272        FDRE (Prop_fdre_C_Q)         0.338    -1.003 r  dram_dut/dram_iface_dut/controller/u_phy/addr_q_reg[6]/Q
                         net (fo=1, routed)           0.000    -1.003    ddr3_addr_OBUF[6]
    F9                   OBUF (Prop_obuf_I_O)         1.035     0.032 r  ddr3_addr_OBUF[6]_inst/O
                         net (fo=0)                   0.000     0.032    ddr3_addr[6]
    F9                                                                r  ddr3_addr[6] (OUT)
  -------------------------------------------------------------------    -------------------

Slack:                    inf
  Source:                 dram_dut/dram_iface_dut/controller/u_phy/ras_n_q_reg/C
                            (rising edge-triggered cell FDRE clocked by clk_out1_clk_wiz_1_1  {rise@0.000ns fall@5.000ns period=10.000ns})
  Destination:            ddr3_ras_n
                            (output port)
  Path Group:             (none)
  Path Type:              Min at Slow Process Corner
  Data Path Delay:        1.369ns  (logic 1.369ns (100.000%)  route 0.000ns (0.000%))
  Logic Levels:           1  (OBUF=1)
  Clock Uncertainty:      0.160ns  ((TSJ^2 + DJ^2)^1/2) / 2 + PE
    Total System Jitter     (TSJ):    0.050ns
    Discrete Jitter          (DJ):    0.114ns
    Phase Error              (PE):    0.098ns

    Location             Delay type                Incr(ns)  Path(ns)    Netlist Resource(s)
  -------------------------------------------------------------------    -------------------
                         (clock clk_out1_clk_wiz_1_1 rise edge)
                                                      0.000     0.000 r  
    H9                                                0.000     0.000 r  clk_p (IN)
                         net (fo=0)                   0.000     0.000    u_pll/inst/clk_in1_p
    H9                   IBUFDS (Prop_ibufds_I_O)     0.778     0.778 r  u_pll/inst/clkin1_ibufgds/O
                         net (fo=1, routed)           0.986     1.764    u_pll/inst/clk_in1_clk_wiz_1
    MMCME2_ADV_X1Y5      MMCME2_ADV (Prop_mmcme2_adv_CLKIN1_CLKOUT0)
                                                     -6.516    -4.752 r  u_pll/inst/mmcm_adv_inst/CLKOUT0
                         net (fo=1, routed)           1.788    -2.964    u_pll/inst/clk_out1_clk_wiz_1
    BUFGCTRL_X0Y16       BUFG (Prop_bufg_I_O)         0.083    -2.881 r  u_pll/inst/clkout1_buf/O
                         net (fo=567, routed)         1.546    -1.335    dram_dut/dram_iface_dut/controller/u_phy/clk_out1
    OLOGIC_X1Y285        FDRE                                         r  dram_dut/dram_iface_dut/controller/u_phy/ras_n_q_reg/C
  -------------------------------------------------------------------    -------------------
    OLOGIC_X1Y285        FDRE (Prop_fdre_C_Q)         0.338    -0.997 r  dram_dut/dram_iface_dut/controller/u_phy/ras_n_q_reg/Q
                         net (fo=1, routed)           0.000    -0.997    ddr3_ras_n_OBUF
    H11                  OBUF (Prop_obuf_I_O)         1.031     0.034 r  ddr3_ras_n_OBUF_inst/O
                         net (fo=0)                   0.000     0.034    ddr3_ras_n
    H11                                                               r  ddr3_ras_n (OUT)
  -------------------------------------------------------------------    -------------------

Slack:                    inf
  Source:                 dram_dut/dram_iface_dut/controller/u_phy/addr_q_reg[9]/C
                            (rising edge-triggered cell FDRE clocked by clk_out1_clk_wiz_1_1  {rise@0.000ns fall@5.000ns period=10.000ns})
  Destination:            ddr3_addr[9]
                            (output port)
  Path Group:             (none)
  Path Type:              Min at Slow Process Corner
  Data Path Delay:        1.376ns  (logic 1.376ns (100.000%)  route 0.000ns (0.000%))
  Logic Levels:           1  (OBUF=1)
  Clock Uncertainty:      0.160ns  ((TSJ^2 + DJ^2)^1/2) / 2 + PE
    Total System Jitter     (TSJ):    0.050ns
    Discrete Jitter          (DJ):    0.114ns
    Phase Error              (PE):    0.098ns

    Location             Delay type                Incr(ns)  Path(ns)    Netlist Resource(s)
  -------------------------------------------------------------------    -------------------
                         (clock clk_out1_clk_wiz_1_1 rise edge)
                                                      0.000     0.000 r  
    H9                                                0.000     0.000 r  clk_p (IN)
                         net (fo=0)                   0.000     0.000    u_pll/inst/clk_in1_p
    H9                   IBUFDS (Prop_ibufds_I_O)     0.778     0.778 r  u_pll/inst/clkin1_ibufgds/O
                         net (fo=1, routed)           0.986     1.764    u_pll/inst/clk_in1_clk_wiz_1
    MMCME2_ADV_X1Y5      MMCME2_ADV (Prop_mmcme2_adv_CLKIN1_CLKOUT0)
                                                     -6.516    -4.752 r  u_pll/inst/mmcm_adv_inst/CLKOUT0
                         net (fo=1, routed)           1.788    -2.964    u_pll/inst/clk_out1_clk_wiz_1
    BUFGCTRL_X0Y16       BUFG (Prop_bufg_I_O)         0.083    -2.881 r  u_pll/inst/clkout1_buf/O
                         net (fo=567, routed)         1.541    -1.340    dram_dut/dram_iface_dut/controller/u_phy/clk_out1
    OLOGIC_X1Y270        FDRE                                         r  dram_dut/dram_iface_dut/controller/u_phy/addr_q_reg[9]/C
  -------------------------------------------------------------------    -------------------
    OLOGIC_X1Y270        FDRE (Prop_fdre_C_Q)         0.338    -1.002 r  dram_dut/dram_iface_dut/controller/u_phy/addr_q_reg[9]/Q
                         net (fo=1, routed)           0.000    -1.002    ddr3_addr_OBUF[9]
    J8                   OBUF (Prop_obuf_I_O)         1.038     0.036 r  ddr3_addr_OBUF[9]_inst/O
                         net (fo=0)                   0.000     0.036    ddr3_addr[9]
    J8                                                                r  ddr3_addr[9] (OUT)
  -------------------------------------------------------------------    -------------------

Slack:                    inf
  Source:                 dram_dut/dram_iface_dut/controller/u_phy/addr_q_reg[12]/C
                            (rising edge-triggered cell FDRE clocked by clk_out1_clk_wiz_1_1  {rise@0.000ns fall@5.000ns period=10.000ns})
  Destination:            ddr3_addr[12]
                            (output port)
  Path Group:             (none)
  Path Type:              Min at Slow Process Corner
  Data Path Delay:        1.384ns  (logic 1.384ns (100.000%)  route 0.000ns (0.000%))
  Logic Levels:           1  (OBUF=1)
  Clock Uncertainty:      0.160ns  ((TSJ^2 + DJ^2)^1/2) / 2 + PE
    Total System Jitter     (TSJ):    0.050ns
    Discrete Jitter          (DJ):    0.114ns
    Phase Error              (PE):    0.098ns

    Location             Delay type                Incr(ns)  Path(ns)    Netlist Resource(s)
  -------------------------------------------------------------------    -------------------
                         (clock clk_out1_clk_wiz_1_1 rise edge)
                                                      0.000     0.000 r  
    H9                                                0.000     0.000 r  clk_p (IN)
                         net (fo=0)                   0.000     0.000    u_pll/inst/clk_in1_p
    H9                   IBUFDS (Prop_ibufds_I_O)     0.778     0.778 r  u_pll/inst/clkin1_ibufgds/O
                         net (fo=1, routed)           0.986     1.764    u_pll/inst/clk_in1_clk_wiz_1
    MMCME2_ADV_X1Y5      MMCME2_ADV (Prop_mmcme2_adv_CLKIN1_CLKOUT0)
                                                     -6.516    -4.752 r  u_pll/inst/mmcm_adv_inst/CLKOUT0
                         net (fo=1, routed)           1.788    -2.964    u_pll/inst/clk_out1_clk_wiz_1
    BUFGCTRL_X0Y16       BUFG (Prop_bufg_I_O)         0.083    -2.881 r  u_pll/inst/clkout1_buf/O
                         net (fo=567, routed)         1.543    -1.338    dram_dut/dram_iface_dut/controller/u_phy/clk_out1
    OLOGIC_X1Y282        FDRE                                         r  dram_dut/dram_iface_dut/controller/u_phy/addr_q_reg[12]/C
  -------------------------------------------------------------------    -------------------
    OLOGIC_X1Y282        FDRE (Prop_fdre_C_Q)         0.338    -1.000 r  dram_dut/dram_iface_dut/controller/u_phy/addr_q_reg[12]/Q
                         net (fo=1, routed)           0.000    -1.000    ddr3_addr_OBUF[12]
    H12                  OBUF (Prop_obuf_I_O)         1.046     0.046 r  ddr3_addr_OBUF[12]_inst/O
                         net (fo=0)                   0.000     0.046    ddr3_addr[12]
    H12                                                               r  ddr3_addr[12] (OUT)
  -------------------------------------------------------------------    -------------------

Slack:                    inf
  Source:                 dram_dut/dram_iface_dut/controller/u_phy/cas_n_q_reg/C
                            (rising edge-triggered cell FDRE clocked by clk_out1_clk_wiz_1_1  {rise@0.000ns fall@5.000ns period=10.000ns})
  Destination:            ddr3_cas_n
                            (output port)
  Path Group:             (none)
  Path Type:              Min at Slow Process Corner
  Data Path Delay:        1.392ns  (logic 1.392ns (100.000%)  route 0.000ns (0.000%))
  Logic Levels:           1  (OBUF=1)
  Clock Uncertainty:      0.160ns  ((TSJ^2 + DJ^2)^1/2) / 2 + PE
    Total System Jitter     (TSJ):    0.050ns
    Discrete Jitter          (DJ):    0.114ns
    Phase Error              (PE):    0.098ns

    Location             Delay type                Incr(ns)  Path(ns)    Netlist Resource(s)
  -------------------------------------------------------------------    -------------------
                         (clock clk_out1_clk_wiz_1_1 rise edge)
                                                      0.000     0.000 r  
    H9                                                0.000     0.000 r  clk_p (IN)
                         net (fo=0)                   0.000     0.000    u_pll/inst/clk_in1_p
    H9                   IBUFDS (Prop_ibufds_I_O)     0.778     0.778 r  u_pll/inst/clkin1_ibufgds/O
                         net (fo=1, routed)           0.986     1.764    u_pll/inst/clk_in1_clk_wiz_1
    MMCME2_ADV_X1Y5      MMCME2_ADV (Prop_mmcme2_adv_CLKIN1_CLKOUT0)
                                                     -6.516    -4.752 r  u_pll/inst/mmcm_adv_inst/CLKOUT0
                         net (fo=1, routed)           1.788    -2.964    u_pll/inst/clk_out1_clk_wiz_1
    BUFGCTRL_X0Y16       BUFG (Prop_bufg_I_O)         0.083    -2.881 r  u_pll/inst/clkout1_buf/O
                         net (fo=567, routed)         1.546    -1.335    dram_dut/dram_iface_dut/controller/u_phy/clk_out1
    OLOGIC_X1Y266        FDRE                                         r  dram_dut/dram_iface_dut/controller/u_phy/cas_n_q_reg/C
  -------------------------------------------------------------------    -------------------
    OLOGIC_X1Y266        FDRE (Prop_fdre_C_Q)         0.338    -0.997 r  dram_dut/dram_iface_dut/controller/u_phy/cas_n_q_reg/Q
                         net (fo=1, routed)           0.000    -0.997    ddr3_cas_n_OBUF
    E7                   OBUF (Prop_obuf_I_O)         1.054     0.057 r  ddr3_cas_n_OBUF_inst/O
                         net (fo=0)                   0.000     0.057    ddr3_cas_n
    E7                                                                r  ddr3_cas_n (OUT)
  -------------------------------------------------------------------    -------------------

Slack:                    inf
  Source:                 dram_dut/dram_iface_dut/controller/u_phy/addr_q_reg[10]/C
                            (rising edge-triggered cell FDRE clocked by clk_out1_clk_wiz_1_1  {rise@0.000ns fall@5.000ns period=10.000ns})
  Destination:            ddr3_addr[10]
                            (output port)
  Path Group:             (none)
  Path Type:              Min at Slow Process Corner
  Data Path Delay:        1.393ns  (logic 1.393ns (100.000%)  route 0.000ns (0.000%))
  Logic Levels:           1  (OBUF=1)
  Clock Uncertainty:      0.160ns  ((TSJ^2 + DJ^2)^1/2) / 2 + PE
    Total System Jitter     (TSJ):    0.050ns
    Discrete Jitter          (DJ):    0.114ns
    Phase Error              (PE):    0.098ns

    Location             Delay type                Incr(ns)  Path(ns)    Netlist Resource(s)
  -------------------------------------------------------------------    -------------------
                         (clock clk_out1_clk_wiz_1_1 rise edge)
                                                      0.000     0.000 r  
    H9                                                0.000     0.000 r  clk_p (IN)
                         net (fo=0)                   0.000     0.000    u_pll/inst/clk_in1_p
    H9                   IBUFDS (Prop_ibufds_I_O)     0.778     0.778 r  u_pll/inst/clkin1_ibufgds/O
                         net (fo=1, routed)           0.986     1.764    u_pll/inst/clk_in1_clk_wiz_1
    MMCME2_ADV_X1Y5      MMCME2_ADV (Prop_mmcme2_adv_CLKIN1_CLKOUT0)
                                                     -6.516    -4.752 r  u_pll/inst/mmcm_adv_inst/CLKOUT0
                         net (fo=1, routed)           1.788    -2.964    u_pll/inst/clk_out1_clk_wiz_1
    BUFGCTRL_X0Y16       BUFG (Prop_bufg_I_O)         0.083    -2.881 r  u_pll/inst/clkout1_buf/O
                         net (fo=567, routed)         1.546    -1.335    dram_dut/dram_iface_dut/controller/u_phy/clk_out1
    OLOGIC_X1Y265        FDRE                                         r  dram_dut/dram_iface_dut/controller/u_phy/addr_q_reg[10]/C
  -------------------------------------------------------------------    -------------------
    OLOGIC_X1Y265        FDRE (Prop_fdre_C_Q)         0.338    -0.997 r  dram_dut/dram_iface_dut/controller/u_phy/addr_q_reg[10]/Q
                         net (fo=1, routed)           0.000    -0.997    ddr3_addr_OBUF[10]
    D6                   OBUF (Prop_obuf_I_O)         1.055     0.058 r  ddr3_addr_OBUF[10]_inst/O
                         net (fo=0)                   0.000     0.058    ddr3_addr[10]
    D6                                                                r  ddr3_addr[10] (OUT)
  -------------------------------------------------------------------    -------------------





--------------------------------------------------------------------------------------
Path Group:  (none)
From Clock:  clk_out2_clk_wiz_1_1
  To Clock:  

Max Delay            18 Endpoints
Min Delay            18 Endpoints
--------------------------------------------------------------------------------------


Max Delay Paths
--------------------------------------------------------------------------------------
Slack:                    inf
  Source:                 dram_dut/dram_iface_dut/controller/u_phy/u_serdes_dq12/CLK
                            (rising edge-triggered cell OSERDESE2 clocked by clk_out2_clk_wiz_1_1  {rise@0.000ns fall@1.250ns period=2.500ns})
  Destination:            ddr3_dq[12]
                            (output port)
  Path Group:             (none)
  Path Type:              Max at Fast Process Corner
  Data Path Delay:        1.031ns  (logic 1.031ns (100.000%)  route 0.000ns (0.000%))
  Logic Levels:           1  (OBUFT=1)
  Clock Uncertainty:      0.148ns  ((TSJ^2 + DJ^2)^1/2) / 2 + PE
    Total System Jitter     (TSJ):    0.050ns
    Discrete Jitter          (DJ):    0.087ns
    Phase Error              (PE):    0.098ns

    Location             Delay type                Incr(ns)  Path(ns)    Netlist Resource(s)
  -------------------------------------------------------------------    -------------------
                         (clock clk_out2_clk_wiz_1_1 rise edge)
                                                      0.000     0.000 r  
    H9                                                0.000     0.000 r  clk_p (IN)
                         net (fo=0)                   0.000     0.000    u_pll/inst/clk_in1_p
    H9                   IBUFDS (Prop_ibufds_I_O)     0.444     0.444 r  u_pll/inst/clkin1_ibufgds/O
                         net (fo=1, routed)           0.553     0.997    u_pll/inst/clk_in1_clk_wiz_1
    MMCME2_ADV_X1Y5      MMCME2_ADV (Prop_mmcme2_adv_CLKIN1_CLKOUT1)
                                                     -3.590    -2.593 r  u_pll/inst/mmcm_adv_inst/CLKOUT1
                         net (fo=1, routed)           1.044    -1.549    u_pll/inst/clk_out2_clk_wiz_1
    BUFGCTRL_X0Y17       BUFG (Prop_bufg_I_O)         0.030    -1.519 r  u_pll/inst/clkout2_buf/O
                         net (fo=50, routed)          0.949    -0.570    dram_dut/dram_iface_dut/controller/u_phy/clk_out2
    OLOGIC_X1Y229        OSERDESE2                                    r  dram_dut/dram_iface_dut/controller/u_phy/u_serdes_dq12/CLK
  -------------------------------------------------------------------    -------------------
    OLOGIC_X1Y229        OSERDESE2 (Prop_oserdese2_CLK_OQ)
                                                      0.221    -0.349 r  dram_dut/dram_iface_dut/controller/u_phy/u_serdes_dq12/OQ
                         net (fo=1, routed)           0.000    -0.349    dram_dut/dram_iface_dut/controller/u_phy/u_pad_dq12/I
    G1                   OBUFT (Prop_obuft_I_O)       0.810     0.461 r  dram_dut/dram_iface_dut/controller/u_phy/u_pad_dq12/OBUFT/O
                         net (fo=1, unset)            0.000     0.461    ddr3_dq[12]
    G1                                                                r  ddr3_dq[12] (INOUT)
  -------------------------------------------------------------------    -------------------

Slack:                    inf
  Source:                 dram_dut/dram_iface_dut/controller/u_phy/u_serdes_dq13/CLK
                            (rising edge-triggered cell OSERDESE2 clocked by clk_out2_clk_wiz_1_1  {rise@0.000ns fall@1.250ns period=2.500ns})
  Destination:            ddr3_dq[13]
                            (output port)
  Path Group:             (none)
  Path Type:              Max at Fast Process Corner
  Data Path Delay:        1.030ns  (logic 1.030ns (100.000%)  route 0.000ns (0.000%))
  Logic Levels:           1  (OBUFT=1)
  Clock Uncertainty:      0.148ns  ((TSJ^2 + DJ^2)^1/2) / 2 + PE
    Total System Jitter     (TSJ):    0.050ns
    Discrete Jitter          (DJ):    0.087ns
    Phase Error              (PE):    0.098ns

    Location             Delay type                Incr(ns)  Path(ns)    Netlist Resource(s)
  -------------------------------------------------------------------    -------------------
                         (clock clk_out2_clk_wiz_1_1 rise edge)
                                                      0.000     0.000 r  
    H9                                                0.000     0.000 r  clk_p (IN)
                         net (fo=0)                   0.000     0.000    u_pll/inst/clk_in1_p
    H9                   IBUFDS (Prop_ibufds_I_O)     0.444     0.444 r  u_pll/inst/clkin1_ibufgds/O
                         net (fo=1, routed)           0.553     0.997    u_pll/inst/clk_in1_clk_wiz_1
    MMCME2_ADV_X1Y5      MMCME2_ADV (Prop_mmcme2_adv_CLKIN1_CLKOUT1)
                                                     -3.590    -2.593 r  u_pll/inst/mmcm_adv_inst/CLKOUT1
                         net (fo=1, routed)           1.044    -1.549    u_pll/inst/clk_out2_clk_wiz_1
    BUFGCTRL_X0Y17       BUFG (Prop_bufg_I_O)         0.030    -1.519 r  u_pll/inst/clkout2_buf/O
                         net (fo=50, routed)          0.949    -0.570    dram_dut/dram_iface_dut/controller/u_phy/clk_out2
    OLOGIC_X1Y230        OSERDESE2                                    r  dram_dut/dram_iface_dut/controller/u_phy/u_serdes_dq13/CLK
  -------------------------------------------------------------------    -------------------
    OLOGIC_X1Y230        OSERDESE2 (Prop_oserdese2_CLK_OQ)
                                                      0.221    -0.349 r  dram_dut/dram_iface_dut/controller/u_phy/u_serdes_dq13/OQ
                         net (fo=1, routed)           0.000    -0.349    dram_dut/dram_iface_dut/controller/u_phy/u_pad_dq13/I
    H2                   OBUFT (Prop_obuft_I_O)       0.809     0.460 r  dram_dut/dram_iface_dut/controller/u_phy/u_pad_dq13/OBUFT/O
                         net (fo=1, unset)            0.000     0.460    ddr3_dq[13]
    H2                                                                r  ddr3_dq[13] (INOUT)
  -------------------------------------------------------------------    -------------------

Slack:                    inf
  Source:                 dram_dut/dram_iface_dut/controller/u_phy/u_serdes_dm1/CLK
                            (rising edge-triggered cell OSERDESE2 clocked by clk_out2_clk_wiz_1_1  {rise@0.000ns fall@1.250ns period=2.500ns})
  Destination:            ddr3_dm[1]
                            (output port)
  Path Group:             (none)
  Path Type:              Max at Fast Process Corner
  Data Path Delay:        1.022ns  (logic 1.022ns (100.000%)  route 0.000ns (0.000%))
  Logic Levels:           1  (OBUF=1)
  Clock Uncertainty:      0.148ns  ((TSJ^2 + DJ^2)^1/2) / 2 + PE
    Total System Jitter     (TSJ):    0.050ns
    Discrete Jitter          (DJ):    0.087ns
    Phase Error              (PE):    0.098ns

    Location             Delay type                Incr(ns)  Path(ns)    Netlist Resource(s)
  -------------------------------------------------------------------    -------------------
                         (clock clk_out2_clk_wiz_1_1 rise edge)
                                                      0.000     0.000 r  
    H9                                                0.000     0.000 r  clk_p (IN)
                         net (fo=0)                   0.000     0.000    u_pll/inst/clk_in1_p
    H9                   IBUFDS (Prop_ibufds_I_O)     0.444     0.444 r  u_pll/inst/clkin1_ibufgds/O
                         net (fo=1, routed)           0.553     0.997    u_pll/inst/clk_in1_clk_wiz_1
    MMCME2_ADV_X1Y5      MMCME2_ADV (Prop_mmcme2_adv_CLKIN1_CLKOUT1)
                                                     -3.590    -2.593 r  u_pll/inst/mmcm_adv_inst/CLKOUT1
                         net (fo=1, routed)           1.044    -1.549    u_pll/inst/clk_out2_clk_wiz_1
    BUFGCTRL_X0Y17       BUFG (Prop_bufg_I_O)         0.030    -1.519 r  u_pll/inst/clkout2_buf/O
                         net (fo=50, routed)          0.953    -0.566    dram_dut/dram_iface_dut/controller/u_phy/clk_out2
    OLOGIC_X1Y235        OSERDESE2                                    r  dram_dut/dram_iface_dut/controller/u_phy/u_serdes_dm1/CLK
  -------------------------------------------------------------------    -------------------
    OLOGIC_X1Y235        OSERDESE2 (Prop_oserdese2_CLK_OQ)
                                                      0.221    -0.345 r  dram_dut/dram_iface_dut/controller/u_phy/u_serdes_dm1/OQ
                         net (fo=1, routed)           0.000    -0.345    ddr3_dm_OBUF[1]
    F2                   OBUF (Prop_obuf_I_O)         0.801     0.456 r  ddr3_dm_OBUF[1]_inst/O
                         net (fo=0)                   0.000     0.456    ddr3_dm[1]
    F2                                                                r  ddr3_dm[1] (OUT)
  -------------------------------------------------------------------    -------------------

Slack:                    inf
  Source:                 dram_dut/dram_iface_dut/controller/u_phy/u_serdes_dq14/CLK
                            (rising edge-triggered cell OSERDESE2 clocked by clk_out2_clk_wiz_1_1  {rise@0.000ns fall@1.250ns period=2.500ns})
  Destination:            ddr3_dq[14]
                            (output port)
  Path Group:             (none)
  Path Type:              Max at Fast Process Corner
  Data Path Delay:        1.028ns  (logic 1.028ns (100.000%)  route 0.000ns (0.000%))
  Logic Levels:           1  (OBUFT=1)
  Clock Uncertainty:      0.148ns  ((TSJ^2 + DJ^2)^1/2) / 2 + PE
    Total System Jitter     (TSJ):    0.050ns
    Discrete Jitter          (DJ):    0.087ns
    Phase Error              (PE):    0.098ns

    Location             Delay type                Incr(ns)  Path(ns)    Netlist Resource(s)
  -------------------------------------------------------------------    -------------------
                         (clock clk_out2_clk_wiz_1_1 rise edge)
                                                      0.000     0.000 r  
    H9                                                0.000     0.000 r  clk_p (IN)
                         net (fo=0)                   0.000     0.000    u_pll/inst/clk_in1_p
    H9                   IBUFDS (Prop_ibufds_I_O)     0.444     0.444 r  u_pll/inst/clkin1_ibufgds/O
                         net (fo=1, routed)           0.553     0.997    u_pll/inst/clk_in1_clk_wiz_1
    MMCME2_ADV_X1Y5      MMCME2_ADV (Prop_mmcme2_adv_CLKIN1_CLKOUT1)
                                                     -3.590    -2.593 r  u_pll/inst/mmcm_adv_inst/CLKOUT1
                         net (fo=1, routed)           1.044    -1.549    u_pll/inst/clk_out2_clk_wiz_1
    BUFGCTRL_X0Y17       BUFG (Prop_bufg_I_O)         0.030    -1.519 r  u_pll/inst/clkout2_buf/O
                         net (fo=50, routed)          0.947    -0.572    dram_dut/dram_iface_dut/controller/u_phy/clk_out2
    OLOGIC_X1Y226        OSERDESE2                                    r  dram_dut/dram_iface_dut/controller/u_phy/u_serdes_dq14/CLK
  -------------------------------------------------------------------    -------------------
    OLOGIC_X1Y226        OSERDESE2 (Prop_oserdese2_CLK_OQ)
                                                      0.221    -0.351 r  dram_dut/dram_iface_dut/controller/u_phy/u_serdes_dq14/OQ
                         net (fo=1, routed)           0.000    -0.351    dram_dut/dram_iface_dut/controller/u_phy/u_pad_dq14/I
    G5                   OBUFT (Prop_obuft_I_O)       0.807     0.456 r  dram_dut/dram_iface_dut/controller/u_phy/u_pad_dq14/OBUFT/O
                         net (fo=1, unset)            0.000     0.456    ddr3_dq[14]
    G5                                                                r  ddr3_dq[14] (INOUT)
  -------------------------------------------------------------------    -------------------

Slack:                    inf
  Source:                 dram_dut/dram_iface_dut/controller/u_phy/u_serdes_dq15/CLK
                            (rising edge-triggered cell OSERDESE2 clocked by clk_out2_clk_wiz_1_1  {rise@0.000ns fall@1.250ns period=2.500ns})
  Destination:            ddr3_dq[15]
                            (output port)
  Path Group:             (none)
  Path Type:              Max at Fast Process Corner
  Data Path Delay:        1.027ns  (logic 1.027ns (100.000%)  route 0.000ns (0.000%))
  Logic Levels:           1  (OBUFT=1)
  Clock Uncertainty:      0.148ns  ((TSJ^2 + DJ^2)^1/2) / 2 + PE
    Total System Jitter     (TSJ):    0.050ns
    Discrete Jitter          (DJ):    0.087ns
    Phase Error              (PE):    0.098ns

    Location             Delay type                Incr(ns)  Path(ns)    Netlist Resource(s)
  -------------------------------------------------------------------    -------------------
                         (clock clk_out2_clk_wiz_1_1 rise edge)
                                                      0.000     0.000 r  
    H9                                                0.000     0.000 r  clk_p (IN)
                         net (fo=0)                   0.000     0.000    u_pll/inst/clk_in1_p
    H9                   IBUFDS (Prop_ibufds_I_O)     0.444     0.444 r  u_pll/inst/clkin1_ibufgds/O
                         net (fo=1, routed)           0.553     0.997    u_pll/inst/clk_in1_clk_wiz_1
    MMCME2_ADV_X1Y5      MMCME2_ADV (Prop_mmcme2_adv_CLKIN1_CLKOUT1)
                                                     -3.590    -2.593 r  u_pll/inst/mmcm_adv_inst/CLKOUT1
                         net (fo=1, routed)           1.044    -1.549    u_pll/inst/clk_out2_clk_wiz_1
    BUFGCTRL_X0Y17       BUFG (Prop_bufg_I_O)         0.030    -1.519 r  u_pll/inst/clkout2_buf/O
                         net (fo=50, routed)          0.947    -0.572    dram_dut/dram_iface_dut/controller/u_phy/clk_out2
    OLOGIC_X1Y225        OSERDESE2                                    r  dram_dut/dram_iface_dut/controller/u_phy/u_serdes_dq15/CLK
  -------------------------------------------------------------------    -------------------
    OLOGIC_X1Y225        OSERDESE2 (Prop_oserdese2_CLK_OQ)
                                                      0.221    -0.351 r  dram_dut/dram_iface_dut/controller/u_phy/u_serdes_dq15/OQ
                         net (fo=1, routed)           0.000    -0.351    dram_dut/dram_iface_dut/controller/u_phy/u_pad_dq15/I
    G4                   OBUFT (Prop_obuft_I_O)       0.806     0.455 r  dram_dut/dram_iface_dut/controller/u_phy/u_pad_dq15/OBUFT/O
                         net (fo=1, unset)            0.000     0.455    ddr3_dq[15]
    G4                                                                r  ddr3_dq[15] (INOUT)
  -------------------------------------------------------------------    -------------------

Slack:                    inf
  Source:                 dram_dut/dram_iface_dut/controller/u_phy/u_serdes_dq4/CLK
                            (rising edge-triggered cell OSERDESE2 clocked by clk_out2_clk_wiz_1_1  {rise@0.000ns fall@1.250ns period=2.500ns})
  Destination:            ddr3_dq[4]
                            (output port)
  Path Group:             (none)
  Path Type:              Max at Fast Process Corner
  Data Path Delay:        1.014ns  (logic 1.014ns (100.000%)  route 0.000ns (0.000%))
  Logic Levels:           1  (OBUFT=1)
  Clock Uncertainty:      0.148ns  ((TSJ^2 + DJ^2)^1/2) / 2 + PE
    Total System Jitter     (TSJ):    0.050ns
    Discrete Jitter          (DJ):    0.087ns
    Phase Error              (PE):    0.098ns

    Location             Delay type                Incr(ns)  Path(ns)    Netlist Resource(s)
  -------------------------------------------------------------------    -------------------
                         (clock clk_out2_clk_wiz_1_1 rise edge)
                                                      0.000     0.000 r  
    H9                                                0.000     0.000 r  clk_p (IN)
                         net (fo=0)                   0.000     0.000    u_pll/inst/clk_in1_p
    H9                   IBUFDS (Prop_ibufds_I_O)     0.444     0.444 r  u_pll/inst/clkin1_ibufgds/O
                         net (fo=1, routed)           0.553     0.997    u_pll/inst/clk_in1_clk_wiz_1
    MMCME2_ADV_X1Y5      MMCME2_ADV (Prop_mmcme2_adv_CLKIN1_CLKOUT1)
                                                     -3.590    -2.593 r  u_pll/inst/mmcm_adv_inst/CLKOUT1
                         net (fo=1, routed)           1.044    -1.549    u_pll/inst/clk_out2_clk_wiz_1
    BUFGCTRL_X0Y17       BUFG (Prop_bufg_I_O)         0.030    -1.519 r  u_pll/inst/clkout2_buf/O
                         net (fo=50, routed)          0.958    -0.561    dram_dut/dram_iface_dut/controller/u_phy/clk_out2
    OLOGIC_X1Y245        OSERDESE2                                    r  dram_dut/dram_iface_dut/controller/u_phy/u_serdes_dq4/CLK
  -------------------------------------------------------------------    -------------------
    OLOGIC_X1Y245        OSERDESE2 (Prop_oserdese2_CLK_OQ)
                                                      0.221    -0.340 r  dram_dut/dram_iface_dut/controller/u_phy/u_serdes_dq4/OQ
                         net (fo=1, routed)           0.000    -0.340    dram_dut/dram_iface_dut/controller/u_phy/u_pad_dq4/I
    K1                   OBUFT (Prop_obuft_I_O)       0.793     0.453 r  dram_dut/dram_iface_dut/controller/u_phy/u_pad_dq4/OBUFT/O
                         net (fo=1, unset)            0.000     0.453    ddr3_dq[4]
    K1                                                                r  ddr3_dq[4] (INOUT)
  -------------------------------------------------------------------    -------------------

Slack:                    inf
  Source:                 dram_dut/dram_iface_dut/controller/u_phy/u_serdes_dq0/CLK
                            (rising edge-triggered cell OSERDESE2 clocked by clk_out2_clk_wiz_1_1  {rise@0.000ns fall@1.250ns period=2.500ns})
  Destination:            ddr3_dq[0]
                            (output port)
  Path Group:             (none)
  Path Type:              Max at Fast Process Corner
  Data Path Delay:        1.013ns  (logic 1.013ns (100.000%)  route 0.000ns (0.000%))
  Logic Levels:           1  (OBUFT=1)
  Clock Uncertainty:      0.148ns  ((TSJ^2 + DJ^2)^1/2) / 2 + PE
    Total System Jitter     (TSJ):    0.050ns
    Discrete Jitter          (DJ):    0.087ns
    Phase Error              (PE):    0.098ns

    Location             Delay type                Incr(ns)  Path(ns)    Netlist Resource(s)
  -------------------------------------------------------------------    -------------------
                         (clock clk_out2_clk_wiz_1_1 rise edge)
                                                      0.000     0.000 r  
    H9                                                0.000     0.000 r  clk_p (IN)
                         net (fo=0)                   0.000     0.000    u_pll/inst/clk_in1_p
    H9                   IBUFDS (Prop_ibufds_I_O)     0.444     0.444 r  u_pll/inst/clkin1_ibufgds/O
                         net (fo=1, routed)           0.553     0.997    u_pll/inst/clk_in1_clk_wiz_1
    MMCME2_ADV_X1Y5      MMCME2_ADV (Prop_mmcme2_adv_CLKIN1_CLKOUT1)
                                                     -3.590    -2.593 r  u_pll/inst/mmcm_adv_inst/CLKOUT1
                         net (fo=1, routed)           1.044    -1.549    u_pll/inst/clk_out2_clk_wiz_1
    BUFGCTRL_X0Y17       BUFG (Prop_bufg_I_O)         0.030    -1.519 r  u_pll/inst/clkout2_buf/O
                         net (fo=50, routed)          0.958    -0.561    dram_dut/dram_iface_dut/controller/u_phy/clk_out2
    OLOGIC_X1Y246        OSERDESE2                                    r  dram_dut/dram_iface_dut/controller/u_phy/u_serdes_dq0/CLK
  -------------------------------------------------------------------    -------------------
    OLOGIC_X1Y246        OSERDESE2 (Prop_oserdese2_CLK_OQ)
                                                      0.221    -0.340 r  dram_dut/dram_iface_dut/controller/u_phy/u_serdes_dq0/OQ
                         net (fo=1, routed)           0.000    -0.340    dram_dut/dram_iface_dut/controller/u_phy/u_pad_dq0/I
    L1                   OBUFT (Prop_obuft_I_O)       0.792     0.452 r  dram_dut/dram_iface_dut/controller/u_phy/u_pad_dq0/OBUFT/O
                         net (fo=1, unset)            0.000     0.452    ddr3_dq[0]
    L1                                                                r  ddr3_dq[0] (INOUT)
  -------------------------------------------------------------------    -------------------

Slack:                    inf
  Source:                 dram_dut/dram_iface_dut/controller/u_phy/u_serdes_dq9/CLK
                            (rising edge-triggered cell OSERDESE2 clocked by clk_out2_clk_wiz_1_1  {rise@0.000ns fall@1.250ns period=2.500ns})
  Destination:            ddr3_dq[9]
                            (output port)
  Path Group:             (none)
  Path Type:              Max at Fast Process Corner
  Data Path Delay:        1.017ns  (logic 1.017ns (100.000%)  route 0.000ns (0.000%))
  Logic Levels:           1  (OBUFT=1)
  Clock Uncertainty:      0.148ns  ((TSJ^2 + DJ^2)^1/2) / 2 + PE
    Total System Jitter     (TSJ):    0.050ns
    Discrete Jitter          (DJ):    0.087ns
    Phase Error              (PE):    0.098ns

    Location             Delay type                Incr(ns)  Path(ns)    Netlist Resource(s)
  -------------------------------------------------------------------    -------------------
                         (clock clk_out2_clk_wiz_1_1 rise edge)
                                                      0.000     0.000 r  
    H9                                                0.000     0.000 r  clk_p (IN)
                         net (fo=0)                   0.000     0.000    u_pll/inst/clk_in1_p
    H9                   IBUFDS (Prop_ibufds_I_O)     0.444     0.444 r  u_pll/inst/clkin1_ibufgds/O
                         net (fo=1, routed)           0.553     0.997    u_pll/inst/clk_in1_clk_wiz_1
    MMCME2_ADV_X1Y5      MMCME2_ADV (Prop_mmcme2_adv_CLKIN1_CLKOUT1)
                                                     -3.590    -2.593 r  u_pll/inst/mmcm_adv_inst/CLKOUT1
                         net (fo=1, routed)           1.044    -1.549    u_pll/inst/clk_out2_clk_wiz_1
    BUFGCTRL_X0Y17       BUFG (Prop_bufg_I_O)         0.030    -1.519 r  u_pll/inst/clkout2_buf/O
                         net (fo=50, routed)          0.948    -0.571    dram_dut/dram_iface_dut/controller/u_phy/clk_out2
    OLOGIC_X1Y228        OSERDESE2                                    r  dram_dut/dram_iface_dut/controller/u_phy/u_serdes_dq9/CLK
  -------------------------------------------------------------------    -------------------
    OLOGIC_X1Y228        OSERDESE2 (Prop_oserdese2_CLK_OQ)
                                                      0.221    -0.350 r  dram_dut/dram_iface_dut/controller/u_phy/u_serdes_dq9/OQ
                         net (fo=1, routed)           0.000    -0.350    dram_dut/dram_iface_dut/controller/u_phy/u_pad_dq9/I
    H4                   OBUFT (Prop_obuft_I_O)       0.796     0.446 r  dram_dut/dram_iface_dut/controller/u_phy/u_pad_dq9/OBUFT/O
                         net (fo=1, unset)            0.000     0.446    ddr3_dq[9]
    H4                                                                r  ddr3_dq[9] (INOUT)
  -------------------------------------------------------------------    -------------------

Slack:                    inf
  Source:                 dram_dut/dram_iface_dut/controller/u_phy/u_serdes_dq11/CLK
                            (rising edge-triggered cell OSERDESE2 clocked by clk_out2_clk_wiz_1_1  {rise@0.000ns fall@1.250ns period=2.500ns})
  Destination:            ddr3_dq[11]
                            (output port)
  Path Group:             (none)
  Path Type:              Max at Fast Process Corner
  Data Path Delay:        1.017ns  (logic 1.017ns (100.000%)  route 0.000ns (0.000%))
  Logic Levels:           1  (OBUFT=1)
  Clock Uncertainty:      0.148ns  ((TSJ^2 + DJ^2)^1/2) / 2 + PE
    Total System Jitter     (TSJ):    0.050ns
    Discrete Jitter          (DJ):    0.087ns
    Phase Error              (PE):    0.098ns

    Location             Delay type                Incr(ns)  Path(ns)    Netlist Resource(s)
  -------------------------------------------------------------------    -------------------
                         (clock clk_out2_clk_wiz_1_1 rise edge)
                                                      0.000     0.000 r  
    H9                                                0.000     0.000 r  clk_p (IN)
                         net (fo=0)                   0.000     0.000    u_pll/inst/clk_in1_p
    H9                   IBUFDS (Prop_ibufds_I_O)     0.444     0.444 r  u_pll/inst/clkin1_ibufgds/O
                         net (fo=1, routed)           0.553     0.997    u_pll/inst/clk_in1_clk_wiz_1
    MMCME2_ADV_X1Y5      MMCME2_ADV (Prop_mmcme2_adv_CLKIN1_CLKOUT1)
                                                     -3.590    -2.593 r  u_pll/inst/mmcm_adv_inst/CLKOUT1
                         net (fo=1, routed)           1.044    -1.549    u_pll/inst/clk_out2_clk_wiz_1
    BUFGCTRL_X0Y17       BUFG (Prop_bufg_I_O)         0.030    -1.519 r  u_pll/inst/clkout2_buf/O
                         net (fo=50, routed)          0.948    -0.571    dram_dut/dram_iface_dut/controller/u_phy/clk_out2
    OLOGIC_X1Y227        OSERDESE2                                    r  dram_dut/dram_iface_dut/controller/u_phy/u_serdes_dq11/CLK
  -------------------------------------------------------------------    -------------------
    OLOGIC_X1Y227        OSERDESE2 (Prop_oserdese2_CLK_OQ)
                                                      0.221    -0.350 r  dram_dut/dram_iface_dut/controller/u_phy/u_serdes_dq11/OQ
                         net (fo=1, routed)           0.000    -0.350    dram_dut/dram_iface_dut/controller/u_phy/u_pad_dq11/I
    H3                   OBUFT (Prop_obuft_I_O)       0.796     0.446 r  dram_dut/dram_iface_dut/controller/u_phy/u_pad_dq11/OBUFT/O
                         net (fo=1, unset)            0.000     0.446    ddr3_dq[11]
    H3                                                                r  ddr3_dq[11] (INOUT)
  -------------------------------------------------------------------    -------------------

Slack:                    inf
  Source:                 dram_dut/dram_iface_dut/controller/u_phy/u_serdes_dq8/CLK
                            (rising edge-triggered cell OSERDESE2 clocked by clk_out2_clk_wiz_1_1  {rise@0.000ns fall@1.250ns period=2.500ns})
  Destination:            ddr3_dq[8]
                            (output port)
  Path Group:             (none)
  Path Type:              Max at Fast Process Corner
  Data Path Delay:        1.011ns  (logic 1.011ns (100.000%)  route 0.000ns (0.000%))
  Logic Levels:           1  (OBUFT=1)
  Clock Uncertainty:      0.148ns  ((TSJ^2 + DJ^2)^1/2) / 2 + PE
    Total System Jitter     (TSJ):    0.050ns
    Discrete Jitter          (DJ):    0.087ns
    Phase Error              (PE):    0.098ns

    Location             Delay type                Incr(ns)  Path(ns)    Netlist Resource(s)
  -------------------------------------------------------------------    -------------------
                         (clock clk_out2_clk_wiz_1_1 rise edge)
                                                      0.000     0.000 r  
    H9                                                0.000     0.000 r  clk_p (IN)
                         net (fo=0)                   0.000     0.000    u_pll/inst/clk_in1_p
    H9                   IBUFDS (Prop_ibufds_I_O)     0.444     0.444 r  u_pll/inst/clkin1_ibufgds/O
                         net (fo=1, routed)           0.553     0.997    u_pll/inst/clk_in1_clk_wiz_1
    MMCME2_ADV_X1Y5      MMCME2_ADV (Prop_mmcme2_adv_CLKIN1_CLKOUT1)
                                                     -3.590    -2.593 r  u_pll/inst/mmcm_adv_inst/CLKOUT1
                         net (fo=1, routed)           1.044    -1.549    u_pll/inst/clk_out2_clk_wiz_1
    BUFGCTRL_X0Y17       BUFG (Prop_bufg_I_O)         0.030    -1.519 r  u_pll/inst/clkout2_buf/O
                         net (fo=50, routed)          0.953    -0.566    dram_dut/dram_iface_dut/controller/u_phy/clk_out2
    OLOGIC_X1Y233        OSERDESE2                                    r  dram_dut/dram_iface_dut/controller/u_phy/u_serdes_dq8/CLK
  -------------------------------------------------------------------    -------------------
    OLOGIC_X1Y233        OSERDESE2 (Prop_oserdese2_CLK_OQ)
                                                      0.221    -0.345 r  dram_dut/dram_iface_dut/controller/u_phy/u_serdes_dq8/OQ
                         net (fo=1, routed)           0.000    -0.345    dram_dut/dram_iface_dut/controller/u_phy/u_pad_dq8/I
    G6                   OBUFT (Prop_obuft_I_O)       0.790     0.445 r  dram_dut/dram_iface_dut/controller/u_phy/u_pad_dq8/OBUFT/O
                         net (fo=1, unset)            0.000     0.445    ddr3_dq[8]
    G6                                                                r  ddr3_dq[8] (INOUT)
  -------------------------------------------------------------------    -------------------





Min Delay Paths
--------------------------------------------------------------------------------------
Slack:                    inf
  Source:                 dram_dut/dram_iface_dut/controller/u_phy/u_serdes_dq14/CLK
                            (rising edge-triggered cell OSERDESE2 clocked by clk_out2_clk_wiz_1_1  {rise@0.000ns fall@1.250ns period=2.500ns})
  Destination:            ddr3_dq[14]
                            (output port)
  Path Group:             (none)
  Path Type:              Min at Slow Process Corner
  Data Path Delay:        1.041ns  (logic 1.041ns (100.000%)  route 0.000ns (0.000%))
  Logic Levels:           1  (OBUFT=1)
  Clock Uncertainty:      0.148ns  ((TSJ^2 + DJ^2)^1/2) / 2 + PE
    Total System Jitter     (TSJ):    0.050ns
    Discrete Jitter          (DJ):    0.087ns
    Phase Error              (PE):    0.098ns

    Location             Delay type                Incr(ns)  Path(ns)    Netlist Resource(s)
  -------------------------------------------------------------------    -------------------
                         (clock clk_out2_clk_wiz_1_1 rise edge)
                                                      0.000     0.000 r  
    H9                                                0.000     0.000 r  clk_p (IN)
                         net (fo=0)                   0.000     0.000    u_pll/inst/clk_in1_p
    H9                   IBUFDS (Prop_ibufds_I_O)     0.778     0.778 r  u_pll/inst/clkin1_ibufgds/O
                         net (fo=1, routed)           0.986     1.764    u_pll/inst/clk_in1_clk_wiz_1
    MMCME2_ADV_X1Y5      MMCME2_ADV (Prop_mmcme2_adv_CLKIN1_CLKOUT1)
                                                     -6.516    -4.752 r  u_pll/inst/mmcm_adv_inst/CLKOUT1
                         net (fo=1, routed)           1.788    -2.964    u_pll/inst/clk_out2_clk_wiz_1
    BUFGCTRL_X0Y17       BUFG (Prop_bufg_I_O)         0.083    -2.881 r  u_pll/inst/clkout2_buf/O
                         net (fo=50, routed)          1.408    -1.473    dram_dut/dram_iface_dut/controller/u_phy/clk_out2
    OLOGIC_X1Y226        OSERDESE2                                    r  dram_dut/dram_iface_dut/controller/u_phy/u_serdes_dq14/CLK
  -------------------------------------------------------------------    -------------------
    OLOGIC_X1Y226        OSERDESE2 (Prop_oserdese2_CLK_TQ)
                                                      0.371    -1.102 r  dram_dut/dram_iface_dut/controller/u_phy/u_serdes_dq14/TQ
                         net (fo=1, routed)           0.000    -1.102    dram_dut/dram_iface_dut/controller/u_phy/u_pad_dq14/T
    G5                   OBUFT (TriStatD_obuft_T_O)
                                                      0.670    -0.432 r  dram_dut/dram_iface_dut/controller/u_phy/u_pad_dq14/OBUFT/O
                         net (fo=1, unset)            0.000    -0.432    ddr3_dq[14]
    G5                                                                r  ddr3_dq[14] (INOUT)
  -------------------------------------------------------------------    -------------------

Slack:                    inf
  Source:                 dram_dut/dram_iface_dut/controller/u_phy/u_serdes_dq15/CLK
                            (rising edge-triggered cell OSERDESE2 clocked by clk_out2_clk_wiz_1_1  {rise@0.000ns fall@1.250ns period=2.500ns})
  Destination:            ddr3_dq[15]
                            (output port)
  Path Group:             (none)
  Path Type:              Min at Slow Process Corner
  Data Path Delay:        1.041ns  (logic 1.041ns (100.000%)  route 0.000ns (0.000%))
  Logic Levels:           1  (OBUFT=1)
  Clock Uncertainty:      0.148ns  ((TSJ^2 + DJ^2)^1/2) / 2 + PE
    Total System Jitter     (TSJ):    0.050ns
    Discrete Jitter          (DJ):    0.087ns
    Phase Error              (PE):    0.098ns

    Location             Delay type                Incr(ns)  Path(ns)    Netlist Resource(s)
  -------------------------------------------------------------------    -------------------
                         (clock clk_out2_clk_wiz_1_1 rise edge)
                                                      0.000     0.000 r  
    H9                                                0.000     0.000 r  clk_p (IN)
                         net (fo=0)                   0.000     0.000    u_pll/inst/clk_in1_p
    H9                   IBUFDS (Prop_ibufds_I_O)     0.778     0.778 r  u_pll/inst/clkin1_ibufgds/O
                         net (fo=1, routed)           0.986     1.764    u_pll/inst/clk_in1_clk_wiz_1
    MMCME2_ADV_X1Y5      MMCME2_ADV (Prop_mmcme2_adv_CLKIN1_CLKOUT1)
                                                     -6.516    -4.752 r  u_pll/inst/mmcm_adv_inst/CLKOUT1
                         net (fo=1, routed)           1.788    -2.964    u_pll/inst/clk_out2_clk_wiz_1
    BUFGCTRL_X0Y17       BUFG (Prop_bufg_I_O)         0.083    -2.881 r  u_pll/inst/clkout2_buf/O
                         net (fo=50, routed)          1.408    -1.473    dram_dut/dram_iface_dut/controller/u_phy/clk_out2
    OLOGIC_X1Y225        OSERDESE2                                    r  dram_dut/dram_iface_dut/controller/u_phy/u_serdes_dq15/CLK
  -------------------------------------------------------------------    -------------------
    OLOGIC_X1Y225        OSERDESE2 (Prop_oserdese2_CLK_TQ)
                                                      0.371    -1.102 r  dram_dut/dram_iface_dut/controller/u_phy/u_serdes_dq15/TQ
                         net (fo=1, routed)           0.000    -1.102    dram_dut/dram_iface_dut/controller/u_phy/u_pad_dq15/T
    G4                   OBUFT (TriStatD_obuft_T_O)
                                                      0.670    -0.432 r  dram_dut/dram_iface_dut/controller/u_phy/u_pad_dq15/OBUFT/O
                         net (fo=1, unset)            0.000    -0.432    ddr3_dq[15]
    G4                                                                r  ddr3_dq[15] (INOUT)
  -------------------------------------------------------------------    -------------------

Slack:                    inf
  Source:                 dram_dut/dram_iface_dut/controller/u_phy/u_serdes_dq11/CLK
                            (rising edge-triggered cell OSERDESE2 clocked by clk_out2_clk_wiz_1_1  {rise@0.000ns fall@1.250ns period=2.500ns})
  Destination:            ddr3_dq[11]
                            (output port)
  Path Group:             (none)
  Path Type:              Min at Slow Process Corner
  Data Path Delay:        1.041ns  (logic 1.041ns (100.000%)  route 0.000ns (0.000%))
  Logic Levels:           1  (OBUFT=1)
  Clock Uncertainty:      0.148ns  ((TSJ^2 + DJ^2)^1/2) / 2 + PE
    Total System Jitter     (TSJ):    0.050ns
    Discrete Jitter          (DJ):    0.087ns
    Phase Error              (PE):    0.098ns

    Location             Delay type                Incr(ns)  Path(ns)    Netlist Resource(s)
  -------------------------------------------------------------------    -------------------
                         (clock clk_out2_clk_wiz_1_1 rise edge)
                                                      0.000     0.000 r  
    H9                                                0.000     0.000 r  clk_p (IN)
                         net (fo=0)                   0.000     0.000    u_pll/inst/clk_in1_p
    H9                   IBUFDS (Prop_ibufds_I_O)     0.778     0.778 r  u_pll/inst/clkin1_ibufgds/O
                         net (fo=1, routed)           0.986     1.764    u_pll/inst/clk_in1_clk_wiz_1
    MMCME2_ADV_X1Y5      MMCME2_ADV (Prop_mmcme2_adv_CLKIN1_CLKOUT1)
                                                     -6.516    -4.752 r  u_pll/inst/mmcm_adv_inst/CLKOUT1
                         net (fo=1, routed)           1.788    -2.964    u_pll/inst/clk_out2_clk_wiz_1
    BUFGCTRL_X0Y17       BUFG (Prop_bufg_I_O)         0.083    -2.881 r  u_pll/inst/clkout2_buf/O
                         net (fo=50, routed)          1.410    -1.471    dram_dut/dram_iface_dut/controller/u_phy/clk_out2
    OLOGIC_X1Y227        OSERDESE2                                    r  dram_dut/dram_iface_dut/controller/u_phy/u_serdes_dq11/CLK
  -------------------------------------------------------------------    -------------------
    OLOGIC_X1Y227        OSERDESE2 (Prop_oserdese2_CLK_TQ)
                                                      0.371    -1.100 r  dram_dut/dram_iface_dut/controller/u_phy/u_serdes_dq11/TQ
                         net (fo=1, routed)           0.000    -1.100    dram_dut/dram_iface_dut/controller/u_phy/u_pad_dq11/T
    H3                   OBUFT (TriStatD_obuft_T_O)
                                                      0.670    -0.430 r  dram_dut/dram_iface_dut/controller/u_phy/u_pad_dq11/OBUFT/O
                         net (fo=1, unset)            0.000    -0.430    ddr3_dq[11]
    H3                                                                r  ddr3_dq[11] (INOUT)
  -------------------------------------------------------------------    -------------------

Slack:                    inf
  Source:                 dram_dut/dram_iface_dut/controller/u_phy/u_serdes_dq9/CLK
                            (rising edge-triggered cell OSERDESE2 clocked by clk_out2_clk_wiz_1_1  {rise@0.000ns fall@1.250ns period=2.500ns})
  Destination:            ddr3_dq[9]
                            (output port)
  Path Group:             (none)
  Path Type:              Min at Slow Process Corner
  Data Path Delay:        1.041ns  (logic 1.041ns (100.000%)  route 0.000ns (0.000%))
  Logic Levels:           1  (OBUFT=1)
  Clock Uncertainty:      0.148ns  ((TSJ^2 + DJ^2)^1/2) / 2 + PE
    Total System Jitter     (TSJ):    0.050ns
    Discrete Jitter          (DJ):    0.087ns
    Phase Error              (PE):    0.098ns

    Location             Delay type                Incr(ns)  Path(ns)    Netlist Resource(s)
  -------------------------------------------------------------------    -------------------
                         (clock clk_out2_clk_wiz_1_1 rise edge)
                                                      0.000     0.000 r  
    H9                                                0.000     0.000 r  clk_p (IN)
                         net (fo=0)                   0.000     0.000    u_pll/inst/clk_in1_p
    H9                   IBUFDS (Prop_ibufds_I_O)     0.778     0.778 r  u_pll/inst/clkin1_ibufgds/O
                         net (fo=1, routed)           0.986     1.764    u_pll/inst/clk_in1_clk_wiz_1
    MMCME2_ADV_X1Y5      MMCME2_ADV (Prop_mmcme2_adv_CLKIN1_CLKOUT1)
                                                     -6.516    -4.752 r  u_pll/inst/mmcm_adv_inst/CLKOUT1
                         net (fo=1, routed)           1.788    -2.964    u_pll/inst/clk_out2_clk_wiz_1
    BUFGCTRL_X0Y17       BUFG (Prop_bufg_I_O)         0.083    -2.881 r  u_pll/inst/clkout2_buf/O
                         net (fo=50, routed)          1.410    -1.471    dram_dut/dram_iface_dut/controller/u_phy/clk_out2
    OLOGIC_X1Y228        OSERDESE2                                    r  dram_dut/dram_iface_dut/controller/u_phy/u_serdes_dq9/CLK
  -------------------------------------------------------------------    -------------------
    OLOGIC_X1Y228        OSERDESE2 (Prop_oserdese2_CLK_TQ)
                                                      0.371    -1.100 r  dram_dut/dram_iface_dut/controller/u_phy/u_serdes_dq9/TQ
                         net (fo=1, routed)           0.000    -1.100    dram_dut/dram_iface_dut/controller/u_phy/u_pad_dq9/T
    H4                   OBUFT (TriStatD_obuft_T_O)
                                                      0.670    -0.430 r  dram_dut/dram_iface_dut/controller/u_phy/u_pad_dq9/OBUFT/O
                         net (fo=1, unset)            0.000    -0.430    ddr3_dq[9]
    H4                                                                r  ddr3_dq[9] (INOUT)
  -------------------------------------------------------------------    -------------------

Slack:                    inf
  Source:                 dram_dut/dram_iface_dut/controller/u_phy/u_serdes_dq12/CLK
                            (rising edge-triggered cell OSERDESE2 clocked by clk_out2_clk_wiz_1_1  {rise@0.000ns fall@1.250ns period=2.500ns})
  Destination:            ddr3_dq[12]
                            (output port)
  Path Group:             (none)
  Path Type:              Min at Slow Process Corner
  Data Path Delay:        1.041ns  (logic 1.041ns (100.000%)  route 0.000ns (0.000%))
  Logic Levels:           1  (OBUFT=1)
  Clock Uncertainty:      0.148ns  ((TSJ^2 + DJ^2)^1/2) / 2 + PE
    Total System Jitter     (TSJ):    0.050ns
    Discrete Jitter          (DJ):    0.087ns
    Phase Error              (PE):    0.098ns

    Location             Delay type                Incr(ns)  Path(ns)    Netlist Resource(s)
  -------------------------------------------------------------------    -------------------
                         (clock clk_out2_clk_wiz_1_1 rise edge)
                                                      0.000     0.000 r  
    H9                                                0.000     0.000 r  clk_p (IN)
                         net (fo=0)                   0.000     0.000    u_pll/inst/clk_in1_p
    H9                   IBUFDS (Prop_ibufds_I_O)     0.778     0.778 r  u_pll/inst/clkin1_ibufgds/O
                         net (fo=1, routed)           0.986     1.764    u_pll/inst/clk_in1_clk_wiz_1
    MMCME2_ADV_X1Y5      MMCME2_ADV (Prop_mmcme2_adv_CLKIN1_CLKOUT1)
                                                     -6.516    -4.752 r  u_pll/inst/mmcm_adv_inst/CLKOUT1
                         net (fo=1, routed)           1.788    -2.964    u_pll/inst/clk_out2_clk_wiz_1
    BUFGCTRL_X0Y17       BUFG (Prop_bufg_I_O)         0.083    -2.881 r  u_pll/inst/clkout2_buf/O
                         net (fo=50, routed)          1.411    -1.470    dram_dut/dram_iface_dut/controller/u_phy/clk_out2
    OLOGIC_X1Y229        OSERDESE2                                    r  dram_dut/dram_iface_dut/controller/u_phy/u_serdes_dq12/CLK
  -------------------------------------------------------------------    -------------------
    OLOGIC_X1Y229        OSERDESE2 (Prop_oserdese2_CLK_TQ)
                                                      0.371    -1.099 r  dram_dut/dram_iface_dut/controller/u_phy/u_serdes_dq12/TQ
                         net (fo=1, routed)           0.000    -1.099    dram_dut/dram_iface_dut/controller/u_phy/u_pad_dq12/T
    G1                   OBUFT (TriStatD_obuft_T_O)
                                                      0.670    -0.429 r  dram_dut/dram_iface_dut/controller/u_phy/u_pad_dq12/OBUFT/O
                         net (fo=1, unset)            0.000    -0.429    ddr3_dq[12]
    G1                                                                r  ddr3_dq[12] (INOUT)
  -------------------------------------------------------------------    -------------------

Slack:                    inf
  Source:                 dram_dut/dram_iface_dut/controller/u_phy/u_serdes_dq13/CLK
                            (rising edge-triggered cell OSERDESE2 clocked by clk_out2_clk_wiz_1_1  {rise@0.000ns fall@1.250ns period=2.500ns})
  Destination:            ddr3_dq[13]
                            (output port)
  Path Group:             (none)
  Path Type:              Min at Slow Process Corner
  Data Path Delay:        1.041ns  (logic 1.041ns (100.000%)  route 0.000ns (0.000%))
  Logic Levels:           1  (OBUFT=1)
  Clock Uncertainty:      0.148ns  ((TSJ^2 + DJ^2)^1/2) / 2 + PE
    Total System Jitter     (TSJ):    0.050ns
    Discrete Jitter          (DJ):    0.087ns
    Phase Error              (PE):    0.098ns

    Location             Delay type                Incr(ns)  Path(ns)    Netlist Resource(s)
  -------------------------------------------------------------------    -------------------
                         (clock clk_out2_clk_wiz_1_1 rise edge)
                                                      0.000     0.000 r  
    H9                                                0.000     0.000 r  clk_p (IN)
                         net (fo=0)                   0.000     0.000    u_pll/inst/clk_in1_p
    H9                   IBUFDS (Prop_ibufds_I_O)     0.778     0.778 r  u_pll/inst/clkin1_ibufgds/O
                         net (fo=1, routed)           0.986     1.764    u_pll/inst/clk_in1_clk_wiz_1
    MMCME2_ADV_X1Y5      MMCME2_ADV (Prop_mmcme2_adv_CLKIN1_CLKOUT1)
                                                     -6.516    -4.752 r  u_pll/inst/mmcm_adv_inst/CLKOUT1
                         net (fo=1, routed)           1.788    -2.964    u_pll/inst/clk_out2_clk_wiz_1
    BUFGCTRL_X0Y17       BUFG (Prop_bufg_I_O)         0.083    -2.881 r  u_pll/inst/clkout2_buf/O
                         net (fo=50, routed)          1.411    -1.470    dram_dut/dram_iface_dut/controller/u_phy/clk_out2
    OLOGIC_X1Y230        OSERDESE2                                    r  dram_dut/dram_iface_dut/controller/u_phy/u_serdes_dq13/CLK
  -------------------------------------------------------------------    -------------------
    OLOGIC_X1Y230        OSERDESE2 (Prop_oserdese2_CLK_TQ)
                                                      0.371    -1.099 r  dram_dut/dram_iface_dut/controller/u_phy/u_serdes_dq13/TQ
                         net (fo=1, routed)           0.000    -1.099    dram_dut/dram_iface_dut/controller/u_phy/u_pad_dq13/T
    H2                   OBUFT (TriStatD_obuft_T_O)
                                                      0.670    -0.429 r  dram_dut/dram_iface_dut/controller/u_phy/u_pad_dq13/OBUFT/O
                         net (fo=1, unset)            0.000    -0.429    ddr3_dq[13]
    H2                                                                r  ddr3_dq[13] (INOUT)
  -------------------------------------------------------------------    -------------------

Slack:                    inf
  Source:                 dram_dut/dram_iface_dut/controller/u_phy/u_serdes_dq10/CLK
                            (rising edge-triggered cell OSERDESE2 clocked by clk_out2_clk_wiz_1_1  {rise@0.000ns fall@1.250ns period=2.500ns})
  Destination:            ddr3_dq[10]
                            (output port)
  Path Group:             (none)
  Path Type:              Min at Slow Process Corner
  Data Path Delay:        1.041ns  (logic 1.041ns (100.000%)  route 0.000ns (0.000%))
  Logic Levels:           1  (OBUFT=1)
  Clock Uncertainty:      0.148ns  ((TSJ^2 + DJ^2)^1/2) / 2 + PE
    Total System Jitter     (TSJ):    0.050ns
    Discrete Jitter          (DJ):    0.087ns
    Phase Error              (PE):    0.098ns

    Location             Delay type                Incr(ns)  Path(ns)    Netlist Resource(s)
  -------------------------------------------------------------------    -------------------
                         (clock clk_out2_clk_wiz_1_1 rise edge)
                                                      0.000     0.000 r  
    H9                                                0.000     0.000 r  clk_p (IN)
                         net (fo=0)                   0.000     0.000    u_pll/inst/clk_in1_p
    H9                   IBUFDS (Prop_ibufds_I_O)     0.778     0.778 r  u_pll/inst/clkin1_ibufgds/O
                         net (fo=1, routed)           0.986     1.764    u_pll/inst/clk_in1_clk_wiz_1
    MMCME2_ADV_X1Y5      MMCME2_ADV (Prop_mmcme2_adv_CLKIN1_CLKOUT1)
                                                     -6.516    -4.752 r  u_pll/inst/mmcm_adv_inst/CLKOUT1
                         net (fo=1, routed)           1.788    -2.964    u_pll/inst/clk_out2_clk_wiz_1
    BUFGCTRL_X0Y17       BUFG (Prop_bufg_I_O)         0.083    -2.881 r  u_pll/inst/clkout2_buf/O
                         net (fo=50, routed)          1.416    -1.465    dram_dut/dram_iface_dut/controller/u_phy/clk_out2
    OLOGIC_X1Y234        OSERDESE2                                    r  dram_dut/dram_iface_dut/controller/u_phy/u_serdes_dq10/CLK
  -------------------------------------------------------------------    -------------------
    OLOGIC_X1Y234        OSERDESE2 (Prop_oserdese2_CLK_TQ)
                                                      0.371    -1.094 r  dram_dut/dram_iface_dut/controller/u_phy/u_serdes_dq10/TQ
                         net (fo=1, routed)           0.000    -1.094    dram_dut/dram_iface_dut/controller/u_phy/u_pad_dq10/T
    H6                   OBUFT (TriStatD_obuft_T_O)
                                                      0.670    -0.424 r  dram_dut/dram_iface_dut/controller/u_phy/u_pad_dq10/OBUFT/O
                         net (fo=1, unset)            0.000    -0.424    ddr3_dq[10]
    H6                                                                r  ddr3_dq[10] (INOUT)
  -------------------------------------------------------------------    -------------------

Slack:                    inf
  Source:                 dram_dut/dram_iface_dut/controller/u_phy/u_serdes_dq8/CLK
                            (rising edge-triggered cell OSERDESE2 clocked by clk_out2_clk_wiz_1_1  {rise@0.000ns fall@1.250ns period=2.500ns})
  Destination:            ddr3_dq[8]
                            (output port)
  Path Group:             (none)
  Path Type:              Min at Slow Process Corner
  Data Path Delay:        1.041ns  (logic 1.041ns (100.000%)  route 0.000ns (0.000%))
  Logic Levels:           1  (OBUFT=1)
  Clock Uncertainty:      0.148ns  ((TSJ^2 + DJ^2)^1/2) / 2 + PE
    Total System Jitter     (TSJ):    0.050ns
    Discrete Jitter          (DJ):    0.087ns
    Phase Error              (PE):    0.098ns

    Location             Delay type                Incr(ns)  Path(ns)    Netlist Resource(s)
  -------------------------------------------------------------------    -------------------
                         (clock clk_out2_clk_wiz_1_1 rise edge)
                                                      0.000     0.000 r  
    H9                                                0.000     0.000 r  clk_p (IN)
                         net (fo=0)                   0.000     0.000    u_pll/inst/clk_in1_p
    H9                   IBUFDS (Prop_ibufds_I_O)     0.778     0.778 r  u_pll/inst/clkin1_ibufgds/O
                         net (fo=1, routed)           0.986     1.764    u_pll/inst/clk_in1_clk_wiz_1
    MMCME2_ADV_X1Y5      MMCME2_ADV (Prop_mmcme2_adv_CLKIN1_CLKOUT1)
                                                     -6.516    -4.752 r  u_pll/inst/mmcm_adv_inst/CLKOUT1
                         net (fo=1, routed)           1.788    -2.964    u_pll/inst/clk_out2_clk_wiz_1
    BUFGCTRL_X0Y17       BUFG (Prop_bufg_I_O)         0.083    -2.881 r  u_pll/inst/clkout2_buf/O
                         net (fo=50, routed)          1.416    -1.465    dram_dut/dram_iface_dut/controller/u_phy/clk_out2
    OLOGIC_X1Y233        OSERDESE2                                    r  dram_dut/dram_iface_dut/controller/u_phy/u_serdes_dq8/CLK
  -------------------------------------------------------------------    -------------------
    OLOGIC_X1Y233        OSERDESE2 (Prop_oserdese2_CLK_TQ)
                                                      0.371    -1.094 r  dram_dut/dram_iface_dut/controller/u_phy/u_serdes_dq8/TQ
                         net (fo=1, routed)           0.000    -1.094    dram_dut/dram_iface_dut/controller/u_phy/u_pad_dq8/T
    G6                   OBUFT (TriStatD_obuft_T_O)
                                                      0.670    -0.424 r  dram_dut/dram_iface_dut/controller/u_phy/u_pad_dq8/OBUFT/O
                         net (fo=1, unset)            0.000    -0.424    ddr3_dq[8]
    G6                                                                r  ddr3_dq[8] (INOUT)
  -------------------------------------------------------------------    -------------------

Slack:                    inf
  Source:                 dram_dut/dram_iface_dut/controller/u_phy/u_serdes_dq1/CLK
                            (rising edge-triggered cell OSERDESE2 clocked by clk_out2_clk_wiz_1_1  {rise@0.000ns fall@1.250ns period=2.500ns})
  Destination:            ddr3_dq[1]
                            (output port)
  Path Group:             (none)
  Path Type:              Min at Slow Process Corner
  Data Path Delay:        1.041ns  (logic 1.041ns (100.000%)  route 0.000ns (0.000%))
  Logic Levels:           1  (OBUFT=1)
  Clock Uncertainty:      0.148ns  ((TSJ^2 + DJ^2)^1/2) / 2 + PE
    Total System Jitter     (TSJ):    0.050ns
    Discrete Jitter          (DJ):    0.087ns
    Phase Error              (PE):    0.098ns

    Location             Delay type                Incr(ns)  Path(ns)    Netlist Resource(s)
  -------------------------------------------------------------------    -------------------
                         (clock clk_out2_clk_wiz_1_1 rise edge)
                                                      0.000     0.000 r  
    H9                                                0.000     0.000 r  clk_p (IN)
                         net (fo=0)                   0.000     0.000    u_pll/inst/clk_in1_p
    H9                   IBUFDS (Prop_ibufds_I_O)     0.778     0.778 r  u_pll/inst/clkin1_ibufgds/O
                         net (fo=1, routed)           0.986     1.764    u_pll/inst/clk_in1_clk_wiz_1
    MMCME2_ADV_X1Y5      MMCME2_ADV (Prop_mmcme2_adv_CLKIN1_CLKOUT1)
                                                     -6.516    -4.752 r  u_pll/inst/mmcm_adv_inst/CLKOUT1
                         net (fo=1, routed)           1.788    -2.964    u_pll/inst/clk_out2_clk_wiz_1
    BUFGCTRL_X0Y17       BUFG (Prop_bufg_I_O)         0.083    -2.881 r  u_pll/inst/clkout2_buf/O
                         net (fo=50, routed)          1.418    -1.463    dram_dut/dram_iface_dut/controller/u_phy/clk_out2
    OLOGIC_X1Y241        OSERDESE2                                    r  dram_dut/dram_iface_dut/controller/u_phy/u_serdes_dq1/CLK
  -------------------------------------------------------------------    -------------------
    OLOGIC_X1Y241        OSERDESE2 (Prop_oserdese2_CLK_TQ)
                                                      0.371    -1.092 r  dram_dut/dram_iface_dut/controller/u_phy/u_serdes_dq1/TQ
                         net (fo=1, routed)           0.000    -1.092    dram_dut/dram_iface_dut/controller/u_phy/u_pad_dq1/T
    L2                   OBUFT (TriStatD_obuft_T_O)
                                                      0.670    -0.422 r  dram_dut/dram_iface_dut/controller/u_phy/u_pad_dq1/OBUFT/O
                         net (fo=1, unset)            0.000    -0.422    ddr3_dq[1]
    L2                                                                r  ddr3_dq[1] (INOUT)
  -------------------------------------------------------------------    -------------------

Slack:                    inf
  Source:                 dram_dut/dram_iface_dut/controller/u_phy/u_serdes_dq2/CLK
                            (rising edge-triggered cell OSERDESE2 clocked by clk_out2_clk_wiz_1_1  {rise@0.000ns fall@1.250ns period=2.500ns})
  Destination:            ddr3_dq[2]
                            (output port)
  Path Group:             (none)
  Path Type:              Min at Slow Process Corner
  Data Path Delay:        1.041ns  (logic 1.041ns (100.000%)  route 0.000ns (0.000%))
  Logic Levels:           1  (OBUFT=1)
  Clock Uncertainty:      0.148ns  ((TSJ^2 + DJ^2)^1/2) / 2 + PE
    Total System Jitter     (TSJ):    0.050ns
    Discrete Jitter          (DJ):    0.087ns
    Phase Error              (PE):    0.098ns

    Location             Delay type                Incr(ns)  Path(ns)    Netlist Resource(s)
  -------------------------------------------------------------------    -------------------
                         (clock clk_out2_clk_wiz_1_1 rise edge)
                                                      0.000     0.000 r  
    H9                                                0.000     0.000 r  clk_p (IN)
                         net (fo=0)                   0.000     0.000    u_pll/inst/clk_in1_p
    H9                   IBUFDS (Prop_ibufds_I_O)     0.778     0.778 r  u_pll/inst/clkin1_ibufgds/O
                         net (fo=1, routed)           0.986     1.764    u_pll/inst/clk_in1_clk_wiz_1
    MMCME2_ADV_X1Y5      MMCME2_ADV (Prop_mmcme2_adv_CLKIN1_CLKOUT1)
                                                     -6.516    -4.752 r  u_pll/inst/mmcm_adv_inst/CLKOUT1
                         net (fo=1, routed)           1.788    -2.964    u_pll/inst/clk_out2_clk_wiz_1
    BUFGCTRL_X0Y17       BUFG (Prop_bufg_I_O)         0.083    -2.881 r  u_pll/inst/clkout2_buf/O
                         net (fo=50, routed)          1.418    -1.463    dram_dut/dram_iface_dut/controller/u_phy/clk_out2
    OLOGIC_X1Y240        OSERDESE2                                    r  dram_dut/dram_iface_dut/controller/u_phy/u_serdes_dq2/CLK
  -------------------------------------------------------------------    -------------------
    OLOGIC_X1Y240        OSERDESE2 (Prop_oserdese2_CLK_TQ)
                                                      0.371    -1.092 r  dram_dut/dram_iface_dut/controller/u_phy/u_serdes_dq2/TQ
                         net (fo=1, routed)           0.000    -1.092    dram_dut/dram_iface_dut/controller/u_phy/u_pad_dq2/T
    K5                   OBUFT (TriStatD_obuft_T_O)
                                                      0.670    -0.422 r  dram_dut/dram_iface_dut/controller/u_phy/u_pad_dq2/OBUFT/O
                         net (fo=1, unset)            0.000    -0.422    ddr3_dq[2]
    K5                                                                r  ddr3_dq[2] (INOUT)
  -------------------------------------------------------------------    -------------------





--------------------------------------------------------------------------------------
Path Group:  (none)
From Clock:  clk_out3_clk_wiz_1_1
  To Clock:  

Max Delay             1 Endpoint
Min Delay             1 Endpoint
--------------------------------------------------------------------------------------


Max Delay Paths
--------------------------------------------------------------------------------------
Slack:                    inf
  Source:                 u_pll/inst/mmcm_adv_inst/CLKOUT2
                            (clock source 'clk_out3_clk_wiz_1_1'  {rise@0.000ns fall@2.500ns period=5.000ns})
  Destination:            dram_dut/dram_iface_dut/controller/u_phy/u_dly_ref/REFCLK
  Path Group:             (none)
  Path Type:              Max at Fast Process Corner
  Data Path Delay:        1.894ns  (logic 0.030ns (1.584%)  route 1.864ns (98.416%))
  Logic Levels:           1  (BUFG=1)
  Clock Uncertainty:      0.153ns  ((TSJ^2 + DJ^2)^1/2) / 2 + PE
    Total System Jitter     (TSJ):    0.050ns
    Discrete Jitter          (DJ):    0.099ns
    Phase Error              (PE):    0.098ns

    Location             Delay type                Incr(ns)  Path(ns)    Netlist Resource(s)
  -------------------------------------------------------------------    -------------------
                         (clock clk_out3_clk_wiz_1_1 fall edge)
                                                      2.500     2.500 f  
    H9                                                0.000     2.500 f  clk_p (IN)
                         net (fo=0)                   0.000     2.500    u_pll/inst/clk_in1_p
    H9                   IBUFDS (Prop_ibufds_I_O)     0.444     2.944 f  u_pll/inst/clkin1_ibufgds/O
                         net (fo=1, routed)           0.553     3.497    u_pll/inst/clk_in1_clk_wiz_1
  -------------------------------------------------------------------    -------------------
    MMCME2_ADV_X1Y5      MMCME2_ADV (Prop_mmcme2_adv_CLKIN1_CLKOUT2)
                                                     -3.590    -0.093 f  u_pll/inst/mmcm_adv_inst/CLKOUT2
                         net (fo=1, routed)           1.044     0.951    u_pll/inst/clk_out3_clk_wiz_1
    BUFGCTRL_X0Y19       BUFG (Prop_bufg_I_O)         0.030     0.981 f  u_pll/inst/clkout3_buf/O
                         net (fo=1, routed)           0.820     1.801    dram_dut/dram_iface_dut/controller/u_phy/clk_out3
    IDELAYCTRL_X1Y4      IDELAYCTRL                                   f  dram_dut/dram_iface_dut/controller/u_phy/u_dly_ref/REFCLK
  -------------------------------------------------------------------    -------------------





Min Delay Paths
--------------------------------------------------------------------------------------
Slack:                    inf
  Source:                 u_pll/inst/mmcm_adv_inst/CLKOUT2
                            (clock source 'clk_out3_clk_wiz_1_1'  {rise@0.000ns fall@2.500ns period=5.000ns})
  Destination:            dram_dut/dram_iface_dut/controller/u_phy/u_dly_ref/REFCLK
  Path Group:             (none)
  Path Type:              Min at Slow Process Corner
  Data Path Delay:        3.003ns  (logic 0.083ns (2.764%)  route 2.920ns (97.236%))
  Logic Levels:           1  (BUFG=1)
  Clock Uncertainty:      0.153ns  ((TSJ^2 + DJ^2)^1/2) / 2 + PE
    Total System Jitter     (TSJ):    0.050ns
    Discrete Jitter          (DJ):    0.099ns
    Phase Error              (PE):    0.098ns

    Location             Delay type                Incr(ns)  Path(ns)    Netlist Resource(s)
  -------------------------------------------------------------------    -------------------
                         (clock clk_out3_clk_wiz_1_1 rise edge)
                                                      0.000     0.000 r  
    H9                                                0.000     0.000 r  clk_p (IN)
                         net (fo=0)                   0.000     0.000    u_pll/inst/clk_in1_p
    H9                   IBUFDS (Prop_ibufds_I_O)     0.778     0.778 r  u_pll/inst/clkin1_ibufgds/O
                         net (fo=1, routed)           0.986     1.764    u_pll/inst/clk_in1_clk_wiz_1
  -------------------------------------------------------------------    -------------------
    MMCME2_ADV_X1Y5      MMCME2_ADV (Prop_mmcme2_adv_CLKIN1_CLKOUT2)
                                                     -6.516    -4.752 r  u_pll/inst/mmcm_adv_inst/CLKOUT2
                         net (fo=1, routed)           1.788    -2.964    u_pll/inst/clk_out3_clk_wiz_1
    BUFGCTRL_X0Y19       BUFG (Prop_bufg_I_O)         0.083    -2.881 r  u_pll/inst/clkout3_buf/O
                         net (fo=1, routed)           1.132    -1.749    dram_dut/dram_iface_dut/controller/u_phy/clk_out3
    IDELAYCTRL_X1Y4      IDELAYCTRL                                   r  dram_dut/dram_iface_dut/controller/u_phy/u_dly_ref/REFCLK
  -------------------------------------------------------------------    -------------------





--------------------------------------------------------------------------------------
Path Group:  (none)
From Clock:  clk_out4_clk_wiz_1_1
  To Clock:  

Max Delay             4 Endpoints
Min Delay             4 Endpoints
--------------------------------------------------------------------------------------


Max Delay Paths
--------------------------------------------------------------------------------------
Slack:                    inf
  Source:                 dram_dut/dram_iface_dut/controller/u_phy/u_serdes_dqs1/CLK
                            (rising edge-triggered cell OSERDESE2 clocked by clk_out4_clk_wiz_1_1  {rise@0.625ns fall@1.875ns period=2.500ns})
  Destination:            ddr3_dqs_n[1]
                            (output port)
  Path Group:             (none)
  Path Type:              Max at Fast Process Corner
  Data Path Delay:        1.020ns  (logic 1.020ns (100.000%)  route 0.000ns (0.000%))
  Logic Levels:           2  (INV=1 OBUFTDS=1)
  Clock Uncertainty:      0.148ns  ((TSJ^2 + DJ^2)^1/2) / 2 + PE
    Total System Jitter     (TSJ):    0.050ns
    Discrete Jitter          (DJ):    0.087ns
    Phase Error              (PE):    0.098ns

    Location             Delay type                Incr(ns)  Path(ns)    Netlist Resource(s)
  -------------------------------------------------------------------    -------------------
                         (clock clk_out4_clk_wiz_1_1 rise edge)
                                                      0.625     0.625 r  
    H9                                                0.000     0.625 r  clk_p (IN)
                         net (fo=0)                   0.000     0.625    u_pll/inst/clk_in1_p
    H9                   IBUFDS (Prop_ibufds_I_O)     0.444     1.069 r  u_pll/inst/clkin1_ibufgds/O
                         net (fo=1, routed)           0.553     1.622    u_pll/inst/clk_in1_clk_wiz_1
    MMCME2_ADV_X1Y5      MMCME2_ADV (Prop_mmcme2_adv_CLKIN1_CLKOUT3)
                                                     -3.590    -1.968 r  u_pll/inst/mmcm_adv_inst/CLKOUT3
                         net (fo=1, routed)           1.044    -0.924    u_pll/inst/clk_out4_clk_wiz_1
    BUFGCTRL_X0Y18       BUFG (Prop_bufg_I_O)         0.030    -0.894 r  u_pll/inst/clkout4_buf/O
                         net (fo=2, routed)           0.951     0.057    dram_dut/dram_iface_dut/controller/u_phy/clk_out4
    OLOGIC_X1Y232        OSERDESE2                                    r  dram_dut/dram_iface_dut/controller/u_phy/u_serdes_dqs1/CLK
  -------------------------------------------------------------------    -------------------
    OLOGIC_X1Y232        OSERDESE2 (Prop_oserdese2_CLK_OQ)
                                                      0.221     0.278 f  dram_dut/dram_iface_dut/controller/u_phy/u_serdes_dqs1/OQ
                         net (fo=2, routed)           0.000     0.278    dram_dut/dram_iface_dut/controller/u_phy/u_pad_dqs1/OBUFTDS/I
    H1                   INV (Prop_inv_I_O)           0.000     0.278 r  dram_dut/dram_iface_dut/controller/u_phy/u_pad_dqs1/OBUFTDS/INV/O
                         net (fo=1, routed)           0.000     0.278    dram_dut/dram_iface_dut/controller/u_phy/u_pad_dqs1/OBUFTDS/I_B
    H1                   OBUFTDS (Prop_obuftds_I_O)
                                                      0.799     1.077 r  dram_dut/dram_iface_dut/controller/u_phy/u_pad_dqs1/OBUFTDS/N/O
                         net (fo=1, unset)            0.000     1.077    ddr3_dqs_n[1]
    H1                                                                r  ddr3_dqs_n[1] (INOUT)
  -------------------------------------------------------------------    -------------------

Slack:                    inf
  Source:                 dram_dut/dram_iface_dut/controller/u_phy/u_serdes_dqs1/CLK
                            (rising edge-triggered cell OSERDESE2 clocked by clk_out4_clk_wiz_1_1  {rise@0.625ns fall@1.875ns period=2.500ns})
  Destination:            ddr3_dqs_p[1]
                            (output port)
  Path Group:             (none)
  Path Type:              Max at Fast Process Corner
  Data Path Delay:        1.019ns  (logic 1.019ns (100.000%)  route 0.000ns (0.000%))
  Logic Levels:           1  (OBUFTDS=1)
  Clock Uncertainty:      0.148ns  ((TSJ^2 + DJ^2)^1/2) / 2 + PE
    Total System Jitter     (TSJ):    0.050ns
    Discrete Jitter          (DJ):    0.087ns
    Phase Error              (PE):    0.098ns

    Location             Delay type                Incr(ns)  Path(ns)    Netlist Resource(s)
  -------------------------------------------------------------------    -------------------
                         (clock clk_out4_clk_wiz_1_1 rise edge)
                                                      0.625     0.625 r  
    H9                                                0.000     0.625 r  clk_p (IN)
                         net (fo=0)                   0.000     0.625    u_pll/inst/clk_in1_p
    H9                   IBUFDS (Prop_ibufds_I_O)     0.444     1.069 r  u_pll/inst/clkin1_ibufgds/O
                         net (fo=1, routed)           0.553     1.622    u_pll/inst/clk_in1_clk_wiz_1
    MMCME2_ADV_X1Y5      MMCME2_ADV (Prop_mmcme2_adv_CLKIN1_CLKOUT3)
                                                     -3.590    -1.968 r  u_pll/inst/mmcm_adv_inst/CLKOUT3
                         net (fo=1, routed)           1.044    -0.924    u_pll/inst/clk_out4_clk_wiz_1
    BUFGCTRL_X0Y18       BUFG (Prop_bufg_I_O)         0.030    -0.894 r  u_pll/inst/clkout4_buf/O
                         net (fo=2, routed)           0.951     0.057    dram_dut/dram_iface_dut/controller/u_phy/clk_out4
    OLOGIC_X1Y232        OSERDESE2                                    r  dram_dut/dram_iface_dut/controller/u_phy/u_serdes_dqs1/CLK
  -------------------------------------------------------------------    -------------------
    OLOGIC_X1Y232        OSERDESE2 (Prop_oserdese2_CLK_OQ)
                                                      0.221     0.278 r  dram_dut/dram_iface_dut/controller/u_phy/u_serdes_dqs1/OQ
                         net (fo=2, routed)           0.000     0.278    dram_dut/dram_iface_dut/controller/u_phy/u_pad_dqs1/OBUFTDS/I
    J1                   OBUFTDS (Prop_obuftds_I_O)
                                                      0.798     1.076 r  dram_dut/dram_iface_dut/controller/u_phy/u_pad_dqs1/OBUFTDS/P/O
                         net (fo=1, unset)            0.000     1.076    ddr3_dqs_p[1]
    J1                                                                r  ddr3_dqs_p[1] (INOUT)
  -------------------------------------------------------------------    -------------------

Slack:                    inf
  Source:                 dram_dut/dram_iface_dut/controller/u_phy/u_serdes_dqs0/CLK
                            (rising edge-triggered cell OSERDESE2 clocked by clk_out4_clk_wiz_1_1  {rise@0.625ns fall@1.875ns period=2.500ns})
  Destination:            ddr3_dqs_n[0]
                            (output port)
  Path Group:             (none)
  Path Type:              Max at Fast Process Corner
  Data Path Delay:        1.008ns  (logic 1.008ns (100.000%)  route 0.000ns (0.000%))
  Logic Levels:           2  (INV=1 OBUFTDS=1)
  Clock Uncertainty:      0.148ns  ((TSJ^2 + DJ^2)^1/2) / 2 + PE
    Total System Jitter     (TSJ):    0.050ns
    Discrete Jitter          (DJ):    0.087ns
    Phase Error              (PE):    0.098ns

    Location             Delay type                Incr(ns)  Path(ns)    Netlist Resource(s)
  -------------------------------------------------------------------    -------------------
                         (clock clk_out4_clk_wiz_1_1 rise edge)
                                                      0.625     0.625 r  
    H9                                                0.000     0.625 r  clk_p (IN)
                         net (fo=0)                   0.000     0.625    u_pll/inst/clk_in1_p
    H9                   IBUFDS (Prop_ibufds_I_O)     0.444     1.069 r  u_pll/inst/clkin1_ibufgds/O
                         net (fo=1, routed)           0.553     1.622    u_pll/inst/clk_in1_clk_wiz_1
    MMCME2_ADV_X1Y5      MMCME2_ADV (Prop_mmcme2_adv_CLKIN1_CLKOUT3)
                                                     -3.590    -1.968 r  u_pll/inst/mmcm_adv_inst/CLKOUT3
                         net (fo=1, routed)           1.044    -0.924    u_pll/inst/clk_out4_clk_wiz_1
    BUFGCTRL_X0Y18       BUFG (Prop_bufg_I_O)         0.030    -0.894 r  u_pll/inst/clkout4_buf/O
                         net (fo=2, routed)           0.957     0.063    dram_dut/dram_iface_dut/controller/u_phy/clk_out4
    OLOGIC_X1Y244        OSERDESE2                                    r  dram_dut/dram_iface_dut/controller/u_phy/u_serdes_dqs0/CLK
  -------------------------------------------------------------------    -------------------
    OLOGIC_X1Y244        OSERDESE2 (Prop_oserdese2_CLK_OQ)
                                                      0.221     0.284 f  dram_dut/dram_iface_dut/controller/u_phy/u_serdes_dqs0/OQ
                         net (fo=2, routed)           0.000     0.284    dram_dut/dram_iface_dut/controller/u_phy/u_pad_dqs0/OBUFTDS/I
    K2                   INV (Prop_inv_I_O)           0.000     0.284 r  dram_dut/dram_iface_dut/controller/u_phy/u_pad_dqs0/OBUFTDS/INV/O
                         net (fo=1, routed)           0.000     0.284    dram_dut/dram_iface_dut/controller/u_phy/u_pad_dqs0/OBUFTDS/I_B
    K2                   OBUFTDS (Prop_obuftds_I_O)
                                                      0.787     1.071 r  dram_dut/dram_iface_dut/controller/u_phy/u_pad_dqs0/OBUFTDS/N/O
                         net (fo=1, unset)            0.000     1.071    ddr3_dqs_n[0]
    K2                                                                r  ddr3_dqs_n[0] (INOUT)
  -------------------------------------------------------------------    -------------------

Slack:                    inf
  Source:                 dram_dut/dram_iface_dut/controller/u_phy/u_serdes_dqs0/CLK
                            (rising edge-triggered cell OSERDESE2 clocked by clk_out4_clk_wiz_1_1  {rise@0.625ns fall@1.875ns period=2.500ns})
  Destination:            ddr3_dqs_p[0]
                            (output port)
  Path Group:             (none)
  Path Type:              Max at Fast Process Corner
  Data Path Delay:        1.007ns  (logic 1.007ns (100.000%)  route 0.000ns (0.000%))
  Logic Levels:           1  (OBUFTDS=1)
  Clock Uncertainty:      0.148ns  ((TSJ^2 + DJ^2)^1/2) / 2 + PE
    Total System Jitter     (TSJ):    0.050ns
    Discrete Jitter          (DJ):    0.087ns
    Phase Error              (PE):    0.098ns

    Location             Delay type                Incr(ns)  Path(ns)    Netlist Resource(s)
  -------------------------------------------------------------------    -------------------
                         (clock clk_out4_clk_wiz_1_1 rise edge)
                                                      0.625     0.625 r  
    H9                                                0.000     0.625 r  clk_p (IN)
                         net (fo=0)                   0.000     0.625    u_pll/inst/clk_in1_p
    H9                   IBUFDS (Prop_ibufds_I_O)     0.444     1.069 r  u_pll/inst/clkin1_ibufgds/O
                         net (fo=1, routed)           0.553     1.622    u_pll/inst/clk_in1_clk_wiz_1
    MMCME2_ADV_X1Y5      MMCME2_ADV (Prop_mmcme2_adv_CLKIN1_CLKOUT3)
                                                     -3.590    -1.968 r  u_pll/inst/mmcm_adv_inst/CLKOUT3
                         net (fo=1, routed)           1.044    -0.924    u_pll/inst/clk_out4_clk_wiz_1
    BUFGCTRL_X0Y18       BUFG (Prop_bufg_I_O)         0.030    -0.894 r  u_pll/inst/clkout4_buf/O
                         net (fo=2, routed)           0.957     0.063    dram_dut/dram_iface_dut/controller/u_phy/clk_out4
    OLOGIC_X1Y244        OSERDESE2                                    r  dram_dut/dram_iface_dut/controller/u_phy/u_serdes_dqs0/CLK
  -------------------------------------------------------------------    -------------------
    OLOGIC_X1Y244        OSERDESE2 (Prop_oserdese2_CLK_OQ)
                                                      0.221     0.284 r  dram_dut/dram_iface_dut/controller/u_phy/u_serdes_dqs0/OQ
                         net (fo=2, routed)           0.000     0.284    dram_dut/dram_iface_dut/controller/u_phy/u_pad_dqs0/OBUFTDS/I
    K3                   OBUFTDS (Prop_obuftds_I_O)
                                                      0.786     1.070 r  dram_dut/dram_iface_dut/controller/u_phy/u_pad_dqs0/OBUFTDS/P/O
                         net (fo=1, unset)            0.000     1.070    ddr3_dqs_p[0]
    K3                                                                r  ddr3_dqs_p[0] (INOUT)
  -------------------------------------------------------------------    -------------------





Min Delay Paths
--------------------------------------------------------------------------------------
Slack:                    inf
  Source:                 dram_dut/dram_iface_dut/controller/u_phy/u_serdes_dqs1/CLK
                            (rising edge-triggered cell OSERDESE2 clocked by clk_out4_clk_wiz_1_1  {rise@0.625ns fall@1.875ns period=2.500ns})
  Destination:            ddr3_dqs_n[1]
                            (output port)
  Path Group:             (none)
  Path Type:              Min at Slow Process Corner
  Data Path Delay:        1.041ns  (logic 1.041ns (100.000%)  route 0.000ns (0.000%))
  Logic Levels:           1  (OBUFTDS=1)
  Clock Uncertainty:      0.148ns  ((TSJ^2 + DJ^2)^1/2) / 2 + PE
    Total System Jitter     (TSJ):    0.050ns
    Discrete Jitter          (DJ):    0.087ns
    Phase Error              (PE):    0.098ns

    Location             Delay type                Incr(ns)  Path(ns)    Netlist Resource(s)
  -------------------------------------------------------------------    -------------------
                         (clock clk_out4_clk_wiz_1_1 rise edge)
                                                      0.625     0.625 r  
    H9                                                0.000     0.625 r  clk_p (IN)
                         net (fo=0)                   0.000     0.625    u_pll/inst/clk_in1_p
    H9                   IBUFDS (Prop_ibufds_I_O)     0.778     1.403 r  u_pll/inst/clkin1_ibufgds/O
                         net (fo=1, routed)           0.986     2.389    u_pll/inst/clk_in1_clk_wiz_1
    MMCME2_ADV_X1Y5      MMCME2_ADV (Prop_mmcme2_adv_CLKIN1_CLKOUT3)
                                                     -6.516    -4.127 r  u_pll/inst/mmcm_adv_inst/CLKOUT3
                         net (fo=1, routed)           1.788    -2.339    u_pll/inst/clk_out4_clk_wiz_1
    BUFGCTRL_X0Y18       BUFG (Prop_bufg_I_O)         0.083    -2.256 r  u_pll/inst/clkout4_buf/O
                         net (fo=2, routed)           1.413    -0.843    dram_dut/dram_iface_dut/controller/u_phy/clk_out4
    OLOGIC_X1Y232        OSERDESE2                                    r  dram_dut/dram_iface_dut/controller/u_phy/u_serdes_dqs1/CLK
  -------------------------------------------------------------------    -------------------
    OLOGIC_X1Y232        OSERDESE2 (Prop_oserdese2_CLK_TQ)
                                                      0.371    -0.472 r  dram_dut/dram_iface_dut/controller/u_phy/u_serdes_dqs1/TQ
                         net (fo=2, routed)           0.000    -0.472    dram_dut/dram_iface_dut/controller/u_phy/u_pad_dqs1/OBUFTDS/T
    H1                   OBUFTDS (TriStatD_obuftds_T_O)
                                                      0.670     0.198 r  dram_dut/dram_iface_dut/controller/u_phy/u_pad_dqs1/OBUFTDS/N/O
                         net (fo=1, unset)            0.000     0.198    ddr3_dqs_n[1]
    H1                                                                r  ddr3_dqs_n[1] (INOUT)
  -------------------------------------------------------------------    -------------------

Slack:                    inf
  Source:                 dram_dut/dram_iface_dut/controller/u_phy/u_serdes_dqs1/CLK
                            (rising edge-triggered cell OSERDESE2 clocked by clk_out4_clk_wiz_1_1  {rise@0.625ns fall@1.875ns period=2.500ns})
  Destination:            ddr3_dqs_p[1]
                            (output port)
  Path Group:             (none)
  Path Type:              Min at Slow Process Corner
  Data Path Delay:        1.041ns  (logic 1.041ns (100.000%)  route 0.000ns (0.000%))
  Logic Levels:           1  (OBUFTDS=1)
  Clock Uncertainty:      0.148ns  ((TSJ^2 + DJ^2)^1/2) / 2 + PE
    Total System Jitter     (TSJ):    0.050ns
    Discrete Jitter          (DJ):    0.087ns
    Phase Error              (PE):    0.098ns

    Location             Delay type                Incr(ns)  Path(ns)    Netlist Resource(s)
  -------------------------------------------------------------------    -------------------
                         (clock clk_out4_clk_wiz_1_1 rise edge)
                                                      0.625     0.625 r  
    H9                                                0.000     0.625 r  clk_p (IN)
                         net (fo=0)                   0.000     0.625    u_pll/inst/clk_in1_p
    H9                   IBUFDS (Prop_ibufds_I_O)     0.778     1.403 r  u_pll/inst/clkin1_ibufgds/O
                         net (fo=1, routed)           0.986     2.389    u_pll/inst/clk_in1_clk_wiz_1
    MMCME2_ADV_X1Y5      MMCME2_ADV (Prop_mmcme2_adv_CLKIN1_CLKOUT3)
                                                     -6.516    -4.127 r  u_pll/inst/mmcm_adv_inst/CLKOUT3
                         net (fo=1, routed)           1.788    -2.339    u_pll/inst/clk_out4_clk_wiz_1
    BUFGCTRL_X0Y18       BUFG (Prop_bufg_I_O)         0.083    -2.256 r  u_pll/inst/clkout4_buf/O
                         net (fo=2, routed)           1.413    -0.843    dram_dut/dram_iface_dut/controller/u_phy/clk_out4
    OLOGIC_X1Y232        OSERDESE2                                    r  dram_dut/dram_iface_dut/controller/u_phy/u_serdes_dqs1/CLK
  -------------------------------------------------------------------    -------------------
    OLOGIC_X1Y232        OSERDESE2 (Prop_oserdese2_CLK_TQ)
                                                      0.371    -0.472 r  dram_dut/dram_iface_dut/controller/u_phy/u_serdes_dqs1/TQ
                         net (fo=2, routed)           0.000    -0.472    dram_dut/dram_iface_dut/controller/u_phy/u_pad_dqs1/OBUFTDS/T
    J1                   OBUFTDS (TriStatD_obuftds_T_O)
                                                      0.670     0.198 r  dram_dut/dram_iface_dut/controller/u_phy/u_pad_dqs1/OBUFTDS/P/O
                         net (fo=1, unset)            0.000     0.198    ddr3_dqs_p[1]
    J1                                                                r  ddr3_dqs_p[1] (INOUT)
  -------------------------------------------------------------------    -------------------

Slack:                    inf
  Source:                 dram_dut/dram_iface_dut/controller/u_phy/u_serdes_dqs0/CLK
                            (rising edge-triggered cell OSERDESE2 clocked by clk_out4_clk_wiz_1_1  {rise@0.625ns fall@1.875ns period=2.500ns})
  Destination:            ddr3_dqs_n[0]
                            (output port)
  Path Group:             (none)
  Path Type:              Min at Slow Process Corner
  Data Path Delay:        1.041ns  (logic 1.041ns (100.000%)  route 0.000ns (0.000%))
  Logic Levels:           1  (OBUFTDS=1)
  Clock Uncertainty:      0.148ns  ((TSJ^2 + DJ^2)^1/2) / 2 + PE
    Total System Jitter     (TSJ):    0.050ns
    Discrete Jitter          (DJ):    0.087ns
    Phase Error              (PE):    0.098ns

    Location             Delay type                Incr(ns)  Path(ns)    Netlist Resource(s)
  -------------------------------------------------------------------    -------------------
                         (clock clk_out4_clk_wiz_1_1 rise edge)
                                                      0.625     0.625 r  
    H9                                                0.000     0.625 r  clk_p (IN)
                         net (fo=0)                   0.000     0.625    u_pll/inst/clk_in1_p
    H9                   IBUFDS (Prop_ibufds_I_O)     0.778     1.403 r  u_pll/inst/clkin1_ibufgds/O
                         net (fo=1, routed)           0.986     2.389    u_pll/inst/clk_in1_clk_wiz_1
    MMCME2_ADV_X1Y5      MMCME2_ADV (Prop_mmcme2_adv_CLKIN1_CLKOUT3)
                                                     -6.516    -4.127 r  u_pll/inst/mmcm_adv_inst/CLKOUT3
                         net (fo=1, routed)           1.788    -2.339    u_pll/inst/clk_out4_clk_wiz_1
    BUFGCTRL_X0Y18       BUFG (Prop_bufg_I_O)         0.083    -2.256 r  u_pll/inst/clkout4_buf/O
                         net (fo=2, routed)           1.418    -0.838    dram_dut/dram_iface_dut/controller/u_phy/clk_out4
    OLOGIC_X1Y244        OSERDESE2                                    r  dram_dut/dram_iface_dut/controller/u_phy/u_serdes_dqs0/CLK
  -------------------------------------------------------------------    -------------------
    OLOGIC_X1Y244        OSERDESE2 (Prop_oserdese2_CLK_TQ)
                                                      0.371    -0.467 r  dram_dut/dram_iface_dut/controller/u_phy/u_serdes_dqs0/TQ
                         net (fo=2, routed)           0.000    -0.467    dram_dut/dram_iface_dut/controller/u_phy/u_pad_dqs0/OBUFTDS/T
    K2                   OBUFTDS (TriStatD_obuftds_T_O)
                                                      0.670     0.203 r  dram_dut/dram_iface_dut/controller/u_phy/u_pad_dqs0/OBUFTDS/N/O
                         net (fo=1, unset)            0.000     0.203    ddr3_dqs_n[0]
    K2                                                                r  ddr3_dqs_n[0] (INOUT)
  -------------------------------------------------------------------    -------------------

Slack:                    inf
  Source:                 dram_dut/dram_iface_dut/controller/u_phy/u_serdes_dqs0/CLK
                            (rising edge-triggered cell OSERDESE2 clocked by clk_out4_clk_wiz_1_1  {rise@0.625ns fall@1.875ns period=2.500ns})
  Destination:            ddr3_dqs_p[0]
                            (output port)
  Path Group:             (none)
  Path Type:              Min at Slow Process Corner
  Data Path Delay:        1.041ns  (logic 1.041ns (100.000%)  route 0.000ns (0.000%))
  Logic Levels:           1  (OBUFTDS=1)
  Clock Uncertainty:      0.148ns  ((TSJ^2 + DJ^2)^1/2) / 2 + PE
    Total System Jitter     (TSJ):    0.050ns
    Discrete Jitter          (DJ):    0.087ns
    Phase Error              (PE):    0.098ns

    Location             Delay type                Incr(ns)  Path(ns)    Netlist Resource(s)
  -------------------------------------------------------------------    -------------------
                         (clock clk_out4_clk_wiz_1_1 rise edge)
                                                      0.625     0.625 r  
    H9                                                0.000     0.625 r  clk_p (IN)
                         net (fo=0)                   0.000     0.625    u_pll/inst/clk_in1_p
    H9                   IBUFDS (Prop_ibufds_I_O)     0.778     1.403 r  u_pll/inst/clkin1_ibufgds/O
                         net (fo=1, routed)           0.986     2.389    u_pll/inst/clk_in1_clk_wiz_1
    MMCME2_ADV_X1Y5      MMCME2_ADV (Prop_mmcme2_adv_CLKIN1_CLKOUT3)
                                                     -6.516    -4.127 r  u_pll/inst/mmcm_adv_inst/CLKOUT3
                         net (fo=1, routed)           1.788    -2.339    u_pll/inst/clk_out4_clk_wiz_1
    BUFGCTRL_X0Y18       BUFG (Prop_bufg_I_O)         0.083    -2.256 r  u_pll/inst/clkout4_buf/O
                         net (fo=2, routed)           1.418    -0.838    dram_dut/dram_iface_dut/controller/u_phy/clk_out4
    OLOGIC_X1Y244        OSERDESE2                                    r  dram_dut/dram_iface_dut/controller/u_phy/u_serdes_dqs0/CLK
  -------------------------------------------------------------------    -------------------
    OLOGIC_X1Y244        OSERDESE2 (Prop_oserdese2_CLK_TQ)
                                                      0.371    -0.467 r  dram_dut/dram_iface_dut/controller/u_phy/u_serdes_dqs0/TQ
                         net (fo=2, routed)           0.000    -0.467    dram_dut/dram_iface_dut/controller/u_phy/u_pad_dqs0/OBUFTDS/T
    K3                   OBUFTDS (TriStatD_obuftds_T_O)
                                                      0.670     0.203 r  dram_dut/dram_iface_dut/controller/u_phy/u_pad_dqs0/OBUFTDS/P/O
                         net (fo=1, unset)            0.000     0.203    ddr3_dqs_p[0]
    K3                                                                r  ddr3_dqs_p[0] (INOUT)
  -------------------------------------------------------------------    -------------------





--------------------------------------------------------------------------------------
Path Group:  (none)
From Clock:  clk_out5_clk_wiz_1_1
  To Clock:  

Max Delay             2 Endpoints
Min Delay             2 Endpoints
--------------------------------------------------------------------------------------


Max Delay Paths
--------------------------------------------------------------------------------------
Slack:                    inf
  Source:                 uart_dut/uart_iface_dut/uart_tx_dut/read_ptr_reg[0]/C
                            (rising edge-triggered cell FDRE clocked by clk_out5_clk_wiz_1_1  {rise@0.000ns fall@10.000ns period=20.000ns})
  Destination:            uart_tx_o
                            (output port)
  Path Group:             (none)
  Path Type:              Max at Slow Process Corner
  Data Path Delay:        10.484ns  (logic 3.267ns (31.159%)  route 7.218ns (68.841%))
  Logic Levels:           5  (LUT6=2 MUXF7=1 OBUF=1 RAMD32=1)
  Clock Uncertainty:      0.168ns  ((TSJ^2 + DJ^2)^1/2) / 2 + PE
    Total System Jitter     (TSJ):    0.050ns
    Discrete Jitter          (DJ):    0.131ns
    Phase Error              (PE):    0.098ns

    Location             Delay type                Incr(ns)  Path(ns)    Netlist Resource(s)
  -------------------------------------------------------------------    -------------------
                         (clock clk_out5_clk_wiz_1_1 rise edge)
                                                      0.000     0.000 r  
    H9                                                0.000     0.000 r  clk_p (IN)
                         net (fo=0)                   0.000     0.000    u_pll/inst/clk_in1_p
    H9                   IBUFDS (Prop_ibufds_I_O)     0.880     0.880 r  u_pll/inst/clkin1_ibufgds/O
                         net (fo=1, routed)           1.081     1.961    u_pll/inst/clk_in1_clk_wiz_1
    MMCME2_ADV_X1Y5      MMCME2_ADV (Prop_mmcme2_adv_CLKIN1_CLKOUT4)
                                                     -7.639    -5.678 r  u_pll/inst/mmcm_adv_inst/CLKOUT4
                         net (fo=1, routed)           1.948    -3.730    u_pll/inst/clk_out5_clk_wiz_1
    BUFGCTRL_X0Y20       BUFG (Prop_bufg_I_O)         0.093    -3.637 r  u_pll/inst/clkout5_buf/O
                         net (fo=2471, routed)        1.410    -2.227    uart_dut/uart_iface_dut/uart_tx_dut/clk_out5
    SLICE_X143Y219       FDRE                                         r  uart_dut/uart_iface_dut/uart_tx_dut/read_ptr_reg[0]/C
  -------------------------------------------------------------------    -------------------
    SLICE_X143Y219       FDRE (Prop_fdre_C_Q)         0.223    -2.004 r  uart_dut/uart_iface_dut/uart_tx_dut/read_ptr_reg[0]/Q
                         net (fo=12, routed)          0.687    -1.317    uart_dut/uart_iface_dut/uart_tx_dut/queue_reg_0_1_0_5/ADDRB0
    SLICE_X142Y222       RAMD32 (Prop_ramd32_RADR0_O)
                                                      0.051    -1.266 r  uart_dut/uart_iface_dut/uart_tx_dut/queue_reg_0_1_0_5/RAMB/O
                         net (fo=1, routed)           0.405    -0.861    uart_dut/uart_iface_dut/uart_tx_dut/data2
    SLICE_X143Y222       LUT6 (Prop_lut6_I5_O)        0.138    -0.723 r  uart_dut/uart_iface_dut/uart_tx_dut/uart_tx_o_OBUF_inst_i_4/O
                         net (fo=1, routed)           0.290    -0.433    uart_dut/uart_iface_dut/uart_tx_dut/uart_tx_o_OBUF_inst_i_4_n_0
    SLICE_X141Y221       LUT6 (Prop_lut6_I0_O)        0.043    -0.390 r  uart_dut/uart_iface_dut/uart_tx_dut/uart_tx_o_OBUF_inst_i_2/O
                         net (fo=1, routed)           0.000    -0.390    uart_dut/uart_iface_dut/uart_tx_dut/uart_tx_o_OBUF_inst_i_2_n_0
    SLICE_X141Y221       MUXF7 (Prop_muxf7_I0_O)      0.107    -0.283 r  uart_dut/uart_iface_dut/uart_tx_dut/uart_tx_o_OBUF_inst_i_1/O
                         net (fo=1, routed)           5.836     5.553    uart_tx_o_OBUF
    Y20                  OBUF (Prop_obuf_I_O)         2.705     8.257 r  uart_tx_o_OBUF_inst/O
                         net (fo=0)                   0.000     8.257    uart_tx_o
    Y20                                                               r  uart_tx_o (OUT)
  -------------------------------------------------------------------    -------------------

Slack:                    inf
  Source:                 main_memory/FSM_onehot_state_prog_reg[4]/C
                            (rising edge-triggered cell FDRE clocked by clk_out5_clk_wiz_1_1  {rise@0.000ns fall@10.000ns period=20.000ns})
  Destination:            prog_mode_led_o
                            (output port)
  Path Group:             (none)
  Path Type:              Max at Slow Process Corner
  Data Path Delay:        9.653ns  (logic 2.339ns (24.228%)  route 7.314ns (75.772%))
  Logic Levels:           1  (OBUF=1)
  Clock Uncertainty:      0.168ns  ((TSJ^2 + DJ^2)^1/2) / 2 + PE
    Total System Jitter     (TSJ):    0.050ns
    Discrete Jitter          (DJ):    0.131ns
    Phase Error              (PE):    0.098ns

    Location             Delay type                Incr(ns)  Path(ns)    Netlist Resource(s)
  -------------------------------------------------------------------    -------------------
                         (clock clk_out5_clk_wiz_1_1 rise edge)
                                                      0.000     0.000 r  
    H9                                                0.000     0.000 r  clk_p (IN)
                         net (fo=0)                   0.000     0.000    u_pll/inst/clk_in1_p
    H9                   IBUFDS (Prop_ibufds_I_O)     0.880     0.880 r  u_pll/inst/clkin1_ibufgds/O
                         net (fo=1, routed)           1.081     1.961    u_pll/inst/clk_in1_clk_wiz_1
    MMCME2_ADV_X1Y5      MMCME2_ADV (Prop_mmcme2_adv_CLKIN1_CLKOUT4)
                                                     -7.639    -5.678 r  u_pll/inst/mmcm_adv_inst/CLKOUT4
                         net (fo=1, routed)           1.948    -3.730    u_pll/inst/clk_out5_clk_wiz_1
    BUFGCTRL_X0Y20       BUFG (Prop_bufg_I_O)         0.093    -3.637 r  u_pll/inst/clkout5_buf/O
                         net (fo=2471, routed)        1.239    -2.398    main_memory/clk_out5
    SLICE_X104Y186       FDRE                                         r  main_memory/FSM_onehot_state_prog_reg[4]/C
  -------------------------------------------------------------------    -------------------
    SLICE_X104Y186       FDRE (Prop_fdre_C_Q)         0.223    -2.175 r  main_memory/FSM_onehot_state_prog_reg[4]/Q
                         net (fo=274, routed)         7.314     5.139    prog_mode_led_o_OBUF
    A17                  OBUF (Prop_obuf_I_O)         2.116     7.255 r  prog_mode_led_o_OBUF_inst/O
                         net (fo=0)                   0.000     7.255    prog_mode_led_o
    A17                                                               r  prog_mode_led_o (OUT)
  -------------------------------------------------------------------    -------------------





Min Delay Paths
--------------------------------------------------------------------------------------
Slack:                    inf
  Source:                 uart_dut/uart_iface_dut/uart_tx_dut/state_reg[0]/C
                            (rising edge-triggered cell FDRE clocked by clk_out5_clk_wiz_1_1  {rise@0.000ns fall@10.000ns period=20.000ns})
  Destination:            uart_tx_o
                            (output port)
  Path Group:             (none)
  Path Type:              Min at Fast Process Corner
  Data Path Delay:        4.681ns  (logic 1.514ns (32.351%)  route 3.166ns (67.649%))
  Logic Levels:           3  (LUT5=1 MUXF7=1 OBUF=1)
  Clock Uncertainty:      0.168ns  ((TSJ^2 + DJ^2)^1/2) / 2 + PE
    Total System Jitter     (TSJ):    0.050ns
    Discrete Jitter          (DJ):    0.131ns
    Phase Error              (PE):    0.098ns

    Location             Delay type                Incr(ns)  Path(ns)    Netlist Resource(s)
  -------------------------------------------------------------------    -------------------
                         (clock clk_out5_clk_wiz_1_1 rise edge)
                                                      0.000     0.000 r  
    H9                                                0.000     0.000 r  clk_p (IN)
                         net (fo=0)                   0.000     0.000    u_pll/inst/clk_in1_p
    H9                   IBUFDS (Prop_ibufds_I_O)     0.363     0.363 r  u_pll/inst/clkin1_ibufgds/O
                         net (fo=1, routed)           0.503     0.866    u_pll/inst/clk_in1_clk_wiz_1
    MMCME2_ADV_X1Y5      MMCME2_ADV (Prop_mmcme2_adv_CLKIN1_CLKOUT4)
                                                     -3.122    -2.256 r  u_pll/inst/mmcm_adv_inst/CLKOUT4
                         net (fo=1, routed)           0.969    -1.287    u_pll/inst/clk_out5_clk_wiz_1
    BUFGCTRL_X0Y20       BUFG (Prop_bufg_I_O)         0.026    -1.261 r  u_pll/inst/clkout5_buf/O
                         net (fo=2471, routed)        0.630    -0.631    uart_dut/uart_iface_dut/uart_tx_dut/clk_out5
    SLICE_X143Y220       FDRE                                         r  uart_dut/uart_iface_dut/uart_tx_dut/state_reg[0]/C
  -------------------------------------------------------------------    -------------------
    SLICE_X143Y220       FDRE (Prop_fdre_C_Q)         0.100    -0.531 r  uart_dut/uart_iface_dut/uart_tx_dut/state_reg[0]/Q
                         net (fo=10, routed)          0.253    -0.278    uart_dut/uart_iface_dut/uart_tx_dut/state[0]
    SLICE_X141Y221       LUT5 (Prop_lut5_I2_O)        0.028    -0.250 r  uart_dut/uart_iface_dut/uart_tx_dut/uart_tx_o_OBUF_inst_i_3/O
                         net (fo=1, routed)           0.000    -0.250    uart_dut/uart_iface_dut/uart_tx_dut/uart_tx_o_OBUF_inst_i_3_n_0
    SLICE_X141Y221       MUXF7 (Prop_muxf7_I1_O)      0.051    -0.199 r  uart_dut/uart_iface_dut/uart_tx_dut/uart_tx_o_OBUF_inst_i_1/O
                         net (fo=1, routed)           2.913     2.714    uart_tx_o_OBUF
    Y20                  OBUF (Prop_obuf_I_O)         1.335     4.050 r  uart_tx_o_OBUF_inst/O
                         net (fo=0)                   0.000     4.050    uart_tx_o
    Y20                                                               r  uart_tx_o (OUT)
  -------------------------------------------------------------------    -------------------

Slack:                    inf
  Source:                 main_memory/FSM_onehot_state_prog_reg[4]/C
                            (rising edge-triggered cell FDRE clocked by clk_out5_clk_wiz_1_1  {rise@0.000ns fall@10.000ns period=20.000ns})
  Destination:            prog_mode_led_o
                            (output port)
  Path Group:             (none)
  Path Type:              Min at Fast Process Corner
  Data Path Delay:        5.191ns  (logic 1.331ns (25.648%)  route 3.859ns (74.352%))
  Logic Levels:           1  (OBUF=1)
  Clock Uncertainty:      0.168ns  ((TSJ^2 + DJ^2)^1/2) / 2 + PE
    Total System Jitter     (TSJ):    0.050ns
    Discrete Jitter          (DJ):    0.131ns
    Phase Error              (PE):    0.098ns

    Location             Delay type                Incr(ns)  Path(ns)    Netlist Resource(s)
  -------------------------------------------------------------------    -------------------
                         (clock clk_out5_clk_wiz_1_1 rise edge)
                                                      0.000     0.000 r  
    H9                                                0.000     0.000 r  clk_p (IN)
                         net (fo=0)                   0.000     0.000    u_pll/inst/clk_in1_p
    H9                   IBUFDS (Prop_ibufds_I_O)     0.363     0.363 r  u_pll/inst/clkin1_ibufgds/O
                         net (fo=1, routed)           0.503     0.866    u_pll/inst/clk_in1_clk_wiz_1
    MMCME2_ADV_X1Y5      MMCME2_ADV (Prop_mmcme2_adv_CLKIN1_CLKOUT4)
                                                     -3.122    -2.256 r  u_pll/inst/mmcm_adv_inst/CLKOUT4
                         net (fo=1, routed)           0.969    -1.287    u_pll/inst/clk_out5_clk_wiz_1
    BUFGCTRL_X0Y20       BUFG (Prop_bufg_I_O)         0.026    -1.261 r  u_pll/inst/clkout5_buf/O
                         net (fo=2471, routed)        0.539    -0.722    main_memory/clk_out5
    SLICE_X104Y186       FDRE                                         r  main_memory/FSM_onehot_state_prog_reg[4]/C
  -------------------------------------------------------------------    -------------------
    SLICE_X104Y186       FDRE (Prop_fdre_C_Q)         0.100    -0.622 r  main_memory/FSM_onehot_state_prog_reg[4]/Q
                         net (fo=274, routed)         3.859     3.237    prog_mode_led_o_OBUF
    A17                  OBUF (Prop_obuf_I_O)         1.231     4.469 r  prog_mode_led_o_OBUF_inst/O
                         net (fo=0)                   0.000     4.469    prog_mode_led_o
    A17                                                               r  prog_mode_led_o (OUT)
  -------------------------------------------------------------------    -------------------





--------------------------------------------------------------------------------------
Path Group:  (none)
From Clock:  clkfbout_clk_wiz_1_1
  To Clock:  

Max Delay             1 Endpoint
Min Delay             1 Endpoint
--------------------------------------------------------------------------------------


Max Delay Paths
--------------------------------------------------------------------------------------
Slack:                    inf
  Source:                 u_pll/inst/mmcm_adv_inst/CLKFBOUT
                            (clock source 'clkfbout_clk_wiz_1_1'  {rise@0.000ns fall@2.500ns period=5.000ns})
  Destination:            u_pll/inst/mmcm_adv_inst/CLKFBIN
  Path Group:             (none)
  Path Type:              Max at Fast Process Corner
  Data Path Delay:        2.092ns  (logic 0.030ns (1.434%)  route 2.062ns (98.566%))
  Logic Levels:           1  (BUFG=1)
  Clock Uncertainty:      0.143ns  ((TSJ^2 + DJ^2)^1/2) / 2 + PE
    Total System Jitter     (TSJ):    0.050ns
    Discrete Jitter          (DJ):    0.076ns
    Phase Error              (PE):    0.098ns

    Location             Delay type                Incr(ns)  Path(ns)    Netlist Resource(s)
  -------------------------------------------------------------------    -------------------
                         (clock clkfbout_clk_wiz_1_1 fall edge)
                                                      2.500     2.500 f  
    H9                                                0.000     2.500 f  clk_p (IN)
                         net (fo=0)                   0.000     2.500    u_pll/inst/clk_in1_p
    H9                   IBUFDS (Prop_ibufds_I_O)     0.444     2.944 f  u_pll/inst/clkin1_ibufgds/O
                         net (fo=1, routed)           0.553     3.497    u_pll/inst/clk_in1_clk_wiz_1
  -------------------------------------------------------------------    -------------------
    MMCME2_ADV_X1Y5      MMCME2_ADV (Prop_mmcme2_adv_CLKIN1_CLKFBOUT)
                                                     -3.590    -0.093 f  u_pll/inst/mmcm_adv_inst/CLKFBOUT
                         net (fo=1, routed)           1.044     0.951    u_pll/inst/clkfbout_clk_wiz_1
    BUFGCTRL_X0Y21       BUFG (Prop_bufg_I_O)         0.030     0.981 f  u_pll/inst/clkf_buf/O
                         net (fo=1, routed)           1.018     1.999    u_pll/inst/clkfbout_buf_clk_wiz_1
    MMCME2_ADV_X1Y5      MMCME2_ADV                                   f  u_pll/inst/mmcm_adv_inst/CLKFBIN
  -------------------------------------------------------------------    -------------------





Min Delay Paths
--------------------------------------------------------------------------------------
Slack:                    inf
  Source:                 u_pll/inst/mmcm_adv_inst/CLKFBOUT
                            (clock source 'clkfbout_clk_wiz_1_1'  {rise@0.000ns fall@2.500ns period=5.000ns})
  Destination:            u_pll/inst/mmcm_adv_inst/CLKFBIN
  Path Group:             (none)
  Path Type:              Min at Slow Process Corner
  Data Path Delay:        3.399ns  (logic 0.083ns (2.442%)  route 3.316ns (97.558%))
  Logic Levels:           1  (BUFG=1)
  Clock Uncertainty:      0.143ns  ((TSJ^2 + DJ^2)^1/2) / 2 + PE
    Total System Jitter     (TSJ):    0.050ns
    Discrete Jitter          (DJ):    0.076ns
    Phase Error              (PE):    0.098ns

    Location             Delay type                Incr(ns)  Path(ns)    Netlist Resource(s)
  -------------------------------------------------------------------    -------------------
                         (clock clkfbout_clk_wiz_1_1 rise edge)
                                                      0.000     0.000 r  
    H9                                                0.000     0.000 r  clk_p (IN)
                         net (fo=0)                   0.000     0.000    u_pll/inst/clk_in1_p
    H9                   IBUFDS (Prop_ibufds_I_O)     0.778     0.778 r  u_pll/inst/clkin1_ibufgds/O
                         net (fo=1, routed)           0.986     1.764    u_pll/inst/clk_in1_clk_wiz_1
  -------------------------------------------------------------------    -------------------
    MMCME2_ADV_X1Y5      MMCME2_ADV (Prop_mmcme2_adv_CLKIN1_CLKFBOUT)
                                                     -6.516    -4.752 r  u_pll/inst/mmcm_adv_inst/CLKFBOUT
                         net (fo=1, routed)           1.788    -2.964    u_pll/inst/clkfbout_clk_wiz_1
    BUFGCTRL_X0Y21       BUFG (Prop_bufg_I_O)         0.083    -2.881 r  u_pll/inst/clkf_buf/O
                         net (fo=1, routed)           1.528    -1.353    u_pll/inst/clkfbout_buf_clk_wiz_1
    MMCME2_ADV_X1Y5      MMCME2_ADV                                   r  u_pll/inst/mmcm_adv_inst/CLKFBIN
  -------------------------------------------------------------------    -------------------





--------------------------------------------------------------------------------------
Path Group:  (none)
From Clock:  
  To Clock:  clk_out1_clk_wiz_1_1

Max Delay           480 Endpoints
Min Delay           480 Endpoints
--------------------------------------------------------------------------------------


Max Delay Paths
--------------------------------------------------------------------------------------
Slack:                    inf
  Source:                 rst_ni
                            (input port)
  Destination:            dram_dut/dram_iface_dut/controller/u_phy/reset_n_q_reg/R
                            (rising edge-triggered cell FDRE clocked by clk_out1_clk_wiz_1_1  {rise@0.000ns fall@5.000ns period=10.000ns})
  Path Group:             (none)
  Path Type:              Setup (Max at Slow Process Corner)
  Data Path Delay:        14.054ns  (logic 1.535ns (10.925%)  route 12.519ns (89.075%))
  Logic Levels:           3  (IBUF=1 LUT2=1 LUT3=1)
  Clock Path Skew:        -1.205ns (DCD - SCD + CPR)
    Destination Clock Delay (DCD):    -1.205ns
    Source Clock Delay      (SCD):    0.000ns
    Clock Pessimism Removal (CPR):    0.000ns
  Clock Uncertainty:      0.160ns  ((TSJ^2 + DJ^2)^1/2) / 2 + PE
    Total System Jitter     (TSJ):    0.050ns
    Discrete Jitter          (DJ):    0.114ns
    Phase Error              (PE):    0.098ns

    Location             Delay type                Incr(ns)  Path(ns)    Netlist Resource(s)
  -------------------------------------------------------------------    -------------------
    AJ13                                              0.000     0.000 f  rst_ni (IN)
                         net (fo=0)                   0.000     0.000    rst_ni
    AJ13                 IBUF (Prop_ibuf_I_O)         1.338     1.338 f  rst_ni_IBUF_inst/O
                         net (fo=6, routed)           4.531     5.869    main_memory/rst_ni_IBUF
    SLICE_X107Y189       LUT3 (Prop_lut3_I2_O)        0.051     5.920 f  main_memory/rdirty_o_i_1__0/O
                         net (fo=232, routed)         3.416     9.337    main_memory/rst_n
    SLICE_X160Y221       LUT2 (Prop_lut2_I0_O)        0.146     9.483 r  main_memory/u_serdes_dq0_i_1/O
                         net (fo=387, routed)         4.572    14.054    dram_dut/dram_iface_dut/controller/u_phy/reset_i
    OLOGIC_X1Y336        FDRE                                         r  dram_dut/dram_iface_dut/controller/u_phy/reset_n_q_reg/R
  -------------------------------------------------------------------    -------------------

                         (clock clk_out1_clk_wiz_1_1 rise edge)
                                                      0.000     0.000 r  
    H9                                                0.000     0.000 r  clk_p (IN)
                         net (fo=0)                   0.000     0.000    u_pll/inst/clk_in1_p
    H9                   IBUFDS (Prop_ibufds_I_O)     0.778     0.778 r  u_pll/inst/clkin1_ibufgds/O
                         net (fo=1, routed)           0.986     1.764    u_pll/inst/clk_in1_clk_wiz_1
    MMCME2_ADV_X1Y5      MMCME2_ADV (Prop_mmcme2_adv_CLKIN1_CLKOUT0)
                                                     -6.516    -4.752 r  u_pll/inst/mmcm_adv_inst/CLKOUT0
                         net (fo=1, routed)           1.788    -2.964    u_pll/inst/clk_out1_clk_wiz_1
    BUFGCTRL_X0Y16       BUFG (Prop_bufg_I_O)         0.083    -2.881 r  u_pll/inst/clkout1_buf/O
                         net (fo=567, routed)         1.676    -1.205    dram_dut/dram_iface_dut/controller/u_phy/clk_out1
    OLOGIC_X1Y336        FDRE                                         r  dram_dut/dram_iface_dut/controller/u_phy/reset_n_q_reg/C

Slack:                    inf
  Source:                 rst_ni
                            (input port)
  Destination:            dram_dut/dram_iface_dut/controller/u_phy/addr_q_reg[8]/R
                            (rising edge-triggered cell FDRE clocked by clk_out1_clk_wiz_1_1  {rise@0.000ns fall@5.000ns period=10.000ns})
  Path Group:             (none)
  Path Type:              Setup (Max at Slow Process Corner)
  Data Path Delay:        13.634ns  (logic 1.535ns (11.262%)  route 12.098ns (88.738%))
  Logic Levels:           3  (IBUF=1 LUT2=1 LUT3=1)
  Clock Path Skew:        -1.331ns (DCD - SCD + CPR)
    Destination Clock Delay (DCD):    -1.331ns
    Source Clock Delay      (SCD):    0.000ns
    Clock Pessimism Removal (CPR):    0.000ns
  Clock Uncertainty:      0.160ns  ((TSJ^2 + DJ^2)^1/2) / 2 + PE
    Total System Jitter     (TSJ):    0.050ns
    Discrete Jitter          (DJ):    0.114ns
    Phase Error              (PE):    0.098ns

    Location             Delay type                Incr(ns)  Path(ns)    Netlist Resource(s)
  -------------------------------------------------------------------    -------------------
    AJ13                                              0.000     0.000 f  rst_ni (IN)
                         net (fo=0)                   0.000     0.000    rst_ni
    AJ13                 IBUF (Prop_ibuf_I_O)         1.338     1.338 f  rst_ni_IBUF_inst/O
                         net (fo=6, routed)           4.531     5.869    main_memory/rst_ni_IBUF
    SLICE_X107Y189       LUT3 (Prop_lut3_I2_O)        0.051     5.920 f  main_memory/rdirty_o_i_1__0/O
                         net (fo=232, routed)         3.416     9.337    main_memory/rst_n
    SLICE_X160Y221       LUT2 (Prop_lut2_I0_O)        0.146     9.483 r  main_memory/u_serdes_dq0_i_1/O
                         net (fo=387, routed)         4.151    13.634    dram_dut/dram_iface_dut/controller/u_phy/reset_i
    OLOGIC_X1Y298        FDRE                                         r  dram_dut/dram_iface_dut/controller/u_phy/addr_q_reg[8]/R
  -------------------------------------------------------------------    -------------------

                         (clock clk_out1_clk_wiz_1_1 rise edge)
                                                      0.000     0.000 r  
    H9                                                0.000     0.000 r  clk_p (IN)
                         net (fo=0)                   0.000     0.000    u_pll/inst/clk_in1_p
    H9                   IBUFDS (Prop_ibufds_I_O)     0.778     0.778 r  u_pll/inst/clkin1_ibufgds/O
                         net (fo=1, routed)           0.986     1.764    u_pll/inst/clk_in1_clk_wiz_1
    MMCME2_ADV_X1Y5      MMCME2_ADV (Prop_mmcme2_adv_CLKIN1_CLKOUT0)
                                                     -6.516    -4.752 r  u_pll/inst/mmcm_adv_inst/CLKOUT0
                         net (fo=1, routed)           1.788    -2.964    u_pll/inst/clk_out1_clk_wiz_1
    BUFGCTRL_X0Y16       BUFG (Prop_bufg_I_O)         0.083    -2.881 r  u_pll/inst/clkout1_buf/O
                         net (fo=567, routed)         1.550    -1.331    dram_dut/dram_iface_dut/controller/u_phy/clk_out1
    OLOGIC_X1Y298        FDRE                                         r  dram_dut/dram_iface_dut/controller/u_phy/addr_q_reg[8]/C

Slack:                    inf
  Source:                 rst_ni
                            (input port)
  Destination:            dram_dut/dram_iface_dut/controller/u_phy/addr_q_reg[13]/R
                            (rising edge-triggered cell FDRE clocked by clk_out1_clk_wiz_1_1  {rise@0.000ns fall@5.000ns period=10.000ns})
  Path Group:             (none)
  Path Type:              Setup (Max at Slow Process Corner)
  Data Path Delay:        13.549ns  (logic 1.535ns (11.333%)  route 12.013ns (88.667%))
  Logic Levels:           3  (IBUF=1 LUT2=1 LUT3=1)
  Clock Path Skew:        -1.331ns (DCD - SCD + CPR)
    Destination Clock Delay (DCD):    -1.331ns
    Source Clock Delay      (SCD):    0.000ns
    Clock Pessimism Removal (CPR):    0.000ns
  Clock Uncertainty:      0.160ns  ((TSJ^2 + DJ^2)^1/2) / 2 + PE
    Total System Jitter     (TSJ):    0.050ns
    Discrete Jitter          (DJ):    0.114ns
    Phase Error              (PE):    0.098ns

    Location             Delay type                Incr(ns)  Path(ns)    Netlist Resource(s)
  -------------------------------------------------------------------    -------------------
    AJ13                                              0.000     0.000 f  rst_ni (IN)
                         net (fo=0)                   0.000     0.000    rst_ni
    AJ13                 IBUF (Prop_ibuf_I_O)         1.338     1.338 f  rst_ni_IBUF_inst/O
                         net (fo=6, routed)           4.531     5.869    main_memory/rst_ni_IBUF
    SLICE_X107Y189       LUT3 (Prop_lut3_I2_O)        0.051     5.920 f  main_memory/rdirty_o_i_1__0/O
                         net (fo=232, routed)         3.416     9.337    main_memory/rst_n
    SLICE_X160Y221       LUT2 (Prop_lut2_I0_O)        0.146     9.483 r  main_memory/u_serdes_dq0_i_1/O
                         net (fo=387, routed)         4.066    13.549    dram_dut/dram_iface_dut/controller/u_phy/reset_i
    OLOGIC_X1Y297        FDRE                                         r  dram_dut/dram_iface_dut/controller/u_phy/addr_q_reg[13]/R
  -------------------------------------------------------------------    -------------------

                         (clock clk_out1_clk_wiz_1_1 rise edge)
                                                      0.000     0.000 r  
    H9                                                0.000     0.000 r  clk_p (IN)
                         net (fo=0)                   0.000     0.000    u_pll/inst/clk_in1_p
    H9                   IBUFDS (Prop_ibufds_I_O)     0.778     0.778 r  u_pll/inst/clkin1_ibufgds/O
                         net (fo=1, routed)           0.986     1.764    u_pll/inst/clk_in1_clk_wiz_1
    MMCME2_ADV_X1Y5      MMCME2_ADV (Prop_mmcme2_adv_CLKIN1_CLKOUT0)
                                                     -6.516    -4.752 r  u_pll/inst/mmcm_adv_inst/CLKOUT0
                         net (fo=1, routed)           1.788    -2.964    u_pll/inst/clk_out1_clk_wiz_1
    BUFGCTRL_X0Y16       BUFG (Prop_bufg_I_O)         0.083    -2.881 r  u_pll/inst/clkout1_buf/O
                         net (fo=567, routed)         1.550    -1.331    dram_dut/dram_iface_dut/controller/u_phy/clk_out1
    OLOGIC_X1Y297        FDRE                                         r  dram_dut/dram_iface_dut/controller/u_phy/addr_q_reg[13]/C

Slack:                    inf
  Source:                 rst_ni
                            (input port)
  Destination:            dram_dut/dram_iface_dut/controller/u_phy/addr_q_reg[1]/R
                            (rising edge-triggered cell FDRE clocked by clk_out1_clk_wiz_1_1  {rise@0.000ns fall@5.000ns period=10.000ns})
  Path Group:             (none)
  Path Type:              Setup (Max at Slow Process Corner)
  Data Path Delay:        13.540ns  (logic 1.535ns (11.340%)  route 12.005ns (88.660%))
  Logic Levels:           3  (IBUF=1 LUT2=1 LUT3=1)
  Clock Path Skew:        -1.331ns (DCD - SCD + CPR)
    Destination Clock Delay (DCD):    -1.331ns
    Source Clock Delay      (SCD):    0.000ns
    Clock Pessimism Removal (CPR):    0.000ns
  Clock Uncertainty:      0.160ns  ((TSJ^2 + DJ^2)^1/2) / 2 + PE
    Total System Jitter     (TSJ):    0.050ns
    Discrete Jitter          (DJ):    0.114ns
    Phase Error              (PE):    0.098ns

    Location             Delay type                Incr(ns)  Path(ns)    Netlist Resource(s)
  -------------------------------------------------------------------    -------------------
    AJ13                                              0.000     0.000 f  rst_ni (IN)
                         net (fo=0)                   0.000     0.000    rst_ni
    AJ13                 IBUF (Prop_ibuf_I_O)         1.338     1.338 f  rst_ni_IBUF_inst/O
                         net (fo=6, routed)           4.531     5.869    main_memory/rst_ni_IBUF
    SLICE_X107Y189       LUT3 (Prop_lut3_I2_O)        0.051     5.920 f  main_memory/rdirty_o_i_1__0/O
                         net (fo=232, routed)         3.416     9.337    main_memory/rst_n
    SLICE_X160Y221       LUT2 (Prop_lut2_I0_O)        0.146     9.483 r  main_memory/u_serdes_dq0_i_1/O
                         net (fo=387, routed)         4.057    13.540    dram_dut/dram_iface_dut/controller/u_phy/reset_i
    OLOGIC_X1Y296        FDRE                                         r  dram_dut/dram_iface_dut/controller/u_phy/addr_q_reg[1]/R
  -------------------------------------------------------------------    -------------------

                         (clock clk_out1_clk_wiz_1_1 rise edge)
                                                      0.000     0.000 r  
    H9                                                0.000     0.000 r  clk_p (IN)
                         net (fo=0)                   0.000     0.000    u_pll/inst/clk_in1_p
    H9                   IBUFDS (Prop_ibufds_I_O)     0.778     0.778 r  u_pll/inst/clkin1_ibufgds/O
                         net (fo=1, routed)           0.986     1.764    u_pll/inst/clk_in1_clk_wiz_1
    MMCME2_ADV_X1Y5      MMCME2_ADV (Prop_mmcme2_adv_CLKIN1_CLKOUT0)
                                                     -6.516    -4.752 r  u_pll/inst/mmcm_adv_inst/CLKOUT0
                         net (fo=1, routed)           1.788    -2.964    u_pll/inst/clk_out1_clk_wiz_1
    BUFGCTRL_X0Y16       BUFG (Prop_bufg_I_O)         0.083    -2.881 r  u_pll/inst/clkout1_buf/O
                         net (fo=567, routed)         1.550    -1.331    dram_dut/dram_iface_dut/controller/u_phy/clk_out1
    OLOGIC_X1Y296        FDRE                                         r  dram_dut/dram_iface_dut/controller/u_phy/addr_q_reg[1]/C

Slack:                    inf
  Source:                 rst_ni
                            (input port)
  Destination:            dram_dut/dram_iface_dut/controller/u_phy/addr_q_reg[3]/R
                            (rising edge-triggered cell FDRE clocked by clk_out1_clk_wiz_1_1  {rise@0.000ns fall@5.000ns period=10.000ns})
  Path Group:             (none)
  Path Type:              Setup (Max at Slow Process Corner)
  Data Path Delay:        13.455ns  (logic 1.535ns (11.412%)  route 11.919ns (88.588%))
  Logic Levels:           3  (IBUF=1 LUT2=1 LUT3=1)
  Clock Path Skew:        -1.331ns (DCD - SCD + CPR)
    Destination Clock Delay (DCD):    -1.331ns
    Source Clock Delay      (SCD):    0.000ns
    Clock Pessimism Removal (CPR):    0.000ns
  Clock Uncertainty:      0.160ns  ((TSJ^2 + DJ^2)^1/2) / 2 + PE
    Total System Jitter     (TSJ):    0.050ns
    Discrete Jitter          (DJ):    0.114ns
    Phase Error              (PE):    0.098ns

    Location             Delay type                Incr(ns)  Path(ns)    Netlist Resource(s)
  -------------------------------------------------------------------    -------------------
    AJ13                                              0.000     0.000 f  rst_ni (IN)
                         net (fo=0)                   0.000     0.000    rst_ni
    AJ13                 IBUF (Prop_ibuf_I_O)         1.338     1.338 f  rst_ni_IBUF_inst/O
                         net (fo=6, routed)           4.531     5.869    main_memory/rst_ni_IBUF
    SLICE_X107Y189       LUT3 (Prop_lut3_I2_O)        0.051     5.920 f  main_memory/rdirty_o_i_1__0/O
                         net (fo=232, routed)         3.416     9.337    main_memory/rst_n
    SLICE_X160Y221       LUT2 (Prop_lut2_I0_O)        0.146     9.483 r  main_memory/u_serdes_dq0_i_1/O
                         net (fo=387, routed)         3.972    13.455    dram_dut/dram_iface_dut/controller/u_phy/reset_i
    OLOGIC_X1Y295        FDRE                                         r  dram_dut/dram_iface_dut/controller/u_phy/addr_q_reg[3]/R
  -------------------------------------------------------------------    -------------------

                         (clock clk_out1_clk_wiz_1_1 rise edge)
                                                      0.000     0.000 r  
    H9                                                0.000     0.000 r  clk_p (IN)
                         net (fo=0)                   0.000     0.000    u_pll/inst/clk_in1_p
    H9                   IBUFDS (Prop_ibufds_I_O)     0.778     0.778 r  u_pll/inst/clkin1_ibufgds/O
                         net (fo=1, routed)           0.986     1.764    u_pll/inst/clk_in1_clk_wiz_1
    MMCME2_ADV_X1Y5      MMCME2_ADV (Prop_mmcme2_adv_CLKIN1_CLKOUT0)
                                                     -6.516    -4.752 r  u_pll/inst/mmcm_adv_inst/CLKOUT0
                         net (fo=1, routed)           1.788    -2.964    u_pll/inst/clk_out1_clk_wiz_1
    BUFGCTRL_X0Y16       BUFG (Prop_bufg_I_O)         0.083    -2.881 r  u_pll/inst/clkout1_buf/O
                         net (fo=567, routed)         1.550    -1.331    dram_dut/dram_iface_dut/controller/u_phy/clk_out1
    OLOGIC_X1Y295        FDRE                                         r  dram_dut/dram_iface_dut/controller/u_phy/addr_q_reg[3]/C

Slack:                    inf
  Source:                 rst_ni
                            (input port)
  Destination:            dram_dut/dram_iface_dut/controller/u_phy/addr_q_reg[11]/R
                            (rising edge-triggered cell FDRE clocked by clk_out1_clk_wiz_1_1  {rise@0.000ns fall@5.000ns period=10.000ns})
  Path Group:             (none)
  Path Type:              Setup (Max at Slow Process Corner)
  Data Path Delay:        13.425ns  (logic 1.535ns (11.437%)  route 11.890ns (88.563%))
  Logic Levels:           3  (IBUF=1 LUT2=1 LUT3=1)
  Clock Path Skew:        -1.333ns (DCD - SCD + CPR)
    Destination Clock Delay (DCD):    -1.333ns
    Source Clock Delay      (SCD):    0.000ns
    Clock Pessimism Removal (CPR):    0.000ns
  Clock Uncertainty:      0.160ns  ((TSJ^2 + DJ^2)^1/2) / 2 + PE
    Total System Jitter     (TSJ):    0.050ns
    Discrete Jitter          (DJ):    0.114ns
    Phase Error              (PE):    0.098ns

    Location             Delay type                Incr(ns)  Path(ns)    Netlist Resource(s)
  -------------------------------------------------------------------    -------------------
    AJ13                                              0.000     0.000 f  rst_ni (IN)
                         net (fo=0)                   0.000     0.000    rst_ni
    AJ13                 IBUF (Prop_ibuf_I_O)         1.338     1.338 f  rst_ni_IBUF_inst/O
                         net (fo=6, routed)           4.531     5.869    main_memory/rst_ni_IBUF
    SLICE_X107Y189       LUT3 (Prop_lut3_I2_O)        0.051     5.920 f  main_memory/rdirty_o_i_1__0/O
                         net (fo=232, routed)         3.416     9.337    main_memory/rst_n
    SLICE_X160Y221       LUT2 (Prop_lut2_I0_O)        0.146     9.483 r  main_memory/u_serdes_dq0_i_1/O
                         net (fo=387, routed)         3.943    13.425    dram_dut/dram_iface_dut/controller/u_phy/reset_i
    OLOGIC_X1Y291        FDRE                                         r  dram_dut/dram_iface_dut/controller/u_phy/addr_q_reg[11]/R
  -------------------------------------------------------------------    -------------------

                         (clock clk_out1_clk_wiz_1_1 rise edge)
                                                      0.000     0.000 r  
    H9                                                0.000     0.000 r  clk_p (IN)
                         net (fo=0)                   0.000     0.000    u_pll/inst/clk_in1_p
    H9                   IBUFDS (Prop_ibufds_I_O)     0.778     0.778 r  u_pll/inst/clkin1_ibufgds/O
                         net (fo=1, routed)           0.986     1.764    u_pll/inst/clk_in1_clk_wiz_1
    MMCME2_ADV_X1Y5      MMCME2_ADV (Prop_mmcme2_adv_CLKIN1_CLKOUT0)
                                                     -6.516    -4.752 r  u_pll/inst/mmcm_adv_inst/CLKOUT0
                         net (fo=1, routed)           1.788    -2.964    u_pll/inst/clk_out1_clk_wiz_1
    BUFGCTRL_X0Y16       BUFG (Prop_bufg_I_O)         0.083    -2.881 r  u_pll/inst/clkout1_buf/O
                         net (fo=567, routed)         1.548    -1.333    dram_dut/dram_iface_dut/controller/u_phy/clk_out1
    OLOGIC_X1Y291        FDRE                                         r  dram_dut/dram_iface_dut/controller/u_phy/addr_q_reg[11]/C

Slack:                    inf
  Source:                 rst_ni
                            (input port)
  Destination:            dram_dut/dram_iface_dut/controller/u_phy/addr_q_reg[5]/R
                            (rising edge-triggered cell FDRE clocked by clk_out1_clk_wiz_1_1  {rise@0.000ns fall@5.000ns period=10.000ns})
  Path Group:             (none)
  Path Type:              Setup (Max at Slow Process Corner)
  Data Path Delay:        13.331ns  (logic 1.535ns (11.518%)  route 11.796ns (88.482%))
  Logic Levels:           3  (IBUF=1 LUT2=1 LUT3=1)
  Clock Path Skew:        -1.333ns (DCD - SCD + CPR)
    Destination Clock Delay (DCD):    -1.333ns
    Source Clock Delay      (SCD):    0.000ns
    Clock Pessimism Removal (CPR):    0.000ns
  Clock Uncertainty:      0.160ns  ((TSJ^2 + DJ^2)^1/2) / 2 + PE
    Total System Jitter     (TSJ):    0.050ns
    Discrete Jitter          (DJ):    0.114ns
    Phase Error              (PE):    0.098ns

    Location             Delay type                Incr(ns)  Path(ns)    Netlist Resource(s)
  -------------------------------------------------------------------    -------------------
    AJ13                                              0.000     0.000 f  rst_ni (IN)
                         net (fo=0)                   0.000     0.000    rst_ni
    AJ13                 IBUF (Prop_ibuf_I_O)         1.338     1.338 f  rst_ni_IBUF_inst/O
                         net (fo=6, routed)           4.531     5.869    main_memory/rst_ni_IBUF
    SLICE_X107Y189       LUT3 (Prop_lut3_I2_O)        0.051     5.920 f  main_memory/rdirty_o_i_1__0/O
                         net (fo=232, routed)         3.416     9.337    main_memory/rst_n
    SLICE_X160Y221       LUT2 (Prop_lut2_I0_O)        0.146     9.483 r  main_memory/u_serdes_dq0_i_1/O
                         net (fo=387, routed)         3.849    13.331    dram_dut/dram_iface_dut/controller/u_phy/reset_i
    OLOGIC_X1Y289        FDRE                                         r  dram_dut/dram_iface_dut/controller/u_phy/addr_q_reg[5]/R
  -------------------------------------------------------------------    -------------------

                         (clock clk_out1_clk_wiz_1_1 rise edge)
                                                      0.000     0.000 r  
    H9                                                0.000     0.000 r  clk_p (IN)
                         net (fo=0)                   0.000     0.000    u_pll/inst/clk_in1_p
    H9                   IBUFDS (Prop_ibufds_I_O)     0.778     0.778 r  u_pll/inst/clkin1_ibufgds/O
                         net (fo=1, routed)           0.986     1.764    u_pll/inst/clk_in1_clk_wiz_1
    MMCME2_ADV_X1Y5      MMCME2_ADV (Prop_mmcme2_adv_CLKIN1_CLKOUT0)
                                                     -6.516    -4.752 r  u_pll/inst/mmcm_adv_inst/CLKOUT0
                         net (fo=1, routed)           1.788    -2.964    u_pll/inst/clk_out1_clk_wiz_1
    BUFGCTRL_X0Y16       BUFG (Prop_bufg_I_O)         0.083    -2.881 r  u_pll/inst/clkout1_buf/O
                         net (fo=567, routed)         1.548    -1.333    dram_dut/dram_iface_dut/controller/u_phy/clk_out1
    OLOGIC_X1Y289        FDRE                                         r  dram_dut/dram_iface_dut/controller/u_phy/addr_q_reg[5]/C

Slack:                    inf
  Source:                 rst_ni
                            (input port)
  Destination:            dram_dut/dram_iface_dut/controller/u_phy/ras_n_q_reg/R
                            (rising edge-triggered cell FDRE clocked by clk_out1_clk_wiz_1_1  {rise@0.000ns fall@5.000ns period=10.000ns})
  Path Group:             (none)
  Path Type:              Setup (Max at Slow Process Corner)
  Data Path Delay:        13.282ns  (logic 1.535ns (11.561%)  route 11.746ns (88.439%))
  Logic Levels:           3  (IBUF=1 LUT2=1 LUT3=1)
  Clock Path Skew:        -1.335ns (DCD - SCD + CPR)
    Destination Clock Delay (DCD):    -1.335ns
    Source Clock Delay      (SCD):    0.000ns
    Clock Pessimism Removal (CPR):    0.000ns
  Clock Uncertainty:      0.160ns  ((TSJ^2 + DJ^2)^1/2) / 2 + PE
    Total System Jitter     (TSJ):    0.050ns
    Discrete Jitter          (DJ):    0.114ns
    Phase Error              (PE):    0.098ns

    Location             Delay type                Incr(ns)  Path(ns)    Netlist Resource(s)
  -------------------------------------------------------------------    -------------------
    AJ13                                              0.000     0.000 f  rst_ni (IN)
                         net (fo=0)                   0.000     0.000    rst_ni
    AJ13                 IBUF (Prop_ibuf_I_O)         1.338     1.338 f  rst_ni_IBUF_inst/O
                         net (fo=6, routed)           4.531     5.869    main_memory/rst_ni_IBUF
    SLICE_X107Y189       LUT3 (Prop_lut3_I2_O)        0.051     5.920 f  main_memory/rdirty_o_i_1__0/O
                         net (fo=232, routed)         3.416     9.337    main_memory/rst_n
    SLICE_X160Y221       LUT2 (Prop_lut2_I0_O)        0.146     9.483 r  main_memory/u_serdes_dq0_i_1/O
                         net (fo=387, routed)         3.799    13.282    dram_dut/dram_iface_dut/controller/u_phy/reset_i
    OLOGIC_X1Y285        FDRE                                         r  dram_dut/dram_iface_dut/controller/u_phy/ras_n_q_reg/R
  -------------------------------------------------------------------    -------------------

                         (clock clk_out1_clk_wiz_1_1 rise edge)
                                                      0.000     0.000 r  
    H9                                                0.000     0.000 r  clk_p (IN)
                         net (fo=0)                   0.000     0.000    u_pll/inst/clk_in1_p
    H9                   IBUFDS (Prop_ibufds_I_O)     0.778     0.778 r  u_pll/inst/clkin1_ibufgds/O
                         net (fo=1, routed)           0.986     1.764    u_pll/inst/clk_in1_clk_wiz_1
    MMCME2_ADV_X1Y5      MMCME2_ADV (Prop_mmcme2_adv_CLKIN1_CLKOUT0)
                                                     -6.516    -4.752 r  u_pll/inst/mmcm_adv_inst/CLKOUT0
                         net (fo=1, routed)           1.788    -2.964    u_pll/inst/clk_out1_clk_wiz_1
    BUFGCTRL_X0Y16       BUFG (Prop_bufg_I_O)         0.083    -2.881 r  u_pll/inst/clkout1_buf/O
                         net (fo=567, routed)         1.546    -1.335    dram_dut/dram_iface_dut/controller/u_phy/clk_out1
    OLOGIC_X1Y285        FDRE                                         r  dram_dut/dram_iface_dut/controller/u_phy/ras_n_q_reg/C

Slack:                    inf
  Source:                 rst_ni
                            (input port)
  Destination:            dram_dut/dram_iface_dut/controller/u_phy/addr_q_reg[2]/R
                            (rising edge-triggered cell FDRE clocked by clk_out1_clk_wiz_1_1  {rise@0.000ns fall@5.000ns period=10.000ns})
  Path Group:             (none)
  Path Type:              Setup (Max at Slow Process Corner)
  Data Path Delay:        13.277ns  (logic 1.535ns (11.565%)  route 11.742ns (88.435%))
  Logic Levels:           3  (IBUF=1 LUT2=1 LUT3=1)
  Clock Path Skew:        -1.335ns (DCD - SCD + CPR)
    Destination Clock Delay (DCD):    -1.335ns
    Source Clock Delay      (SCD):    0.000ns
    Clock Pessimism Removal (CPR):    0.000ns
  Clock Uncertainty:      0.160ns  ((TSJ^2 + DJ^2)^1/2) / 2 + PE
    Total System Jitter     (TSJ):    0.050ns
    Discrete Jitter          (DJ):    0.114ns
    Phase Error              (PE):    0.098ns

    Location             Delay type                Incr(ns)  Path(ns)    Netlist Resource(s)
  -------------------------------------------------------------------    -------------------
    AJ13                                              0.000     0.000 f  rst_ni (IN)
                         net (fo=0)                   0.000     0.000    rst_ni
    AJ13                 IBUF (Prop_ibuf_I_O)         1.338     1.338 f  rst_ni_IBUF_inst/O
                         net (fo=6, routed)           4.531     5.869    main_memory/rst_ni_IBUF
    SLICE_X107Y189       LUT3 (Prop_lut3_I2_O)        0.051     5.920 f  main_memory/rdirty_o_i_1__0/O
                         net (fo=232, routed)         3.416     9.337    main_memory/rst_n
    SLICE_X160Y221       LUT2 (Prop_lut2_I0_O)        0.146     9.483 r  main_memory/u_serdes_dq0_i_1/O
                         net (fo=387, routed)         3.795    13.277    dram_dut/dram_iface_dut/controller/u_phy/reset_i
    OLOGIC_X1Y284        FDRE                                         r  dram_dut/dram_iface_dut/controller/u_phy/addr_q_reg[2]/R
  -------------------------------------------------------------------    -------------------

                         (clock clk_out1_clk_wiz_1_1 rise edge)
                                                      0.000     0.000 r  
    H9                                                0.000     0.000 r  clk_p (IN)
                         net (fo=0)                   0.000     0.000    u_pll/inst/clk_in1_p
    H9                   IBUFDS (Prop_ibufds_I_O)     0.778     0.778 r  u_pll/inst/clkin1_ibufgds/O
                         net (fo=1, routed)           0.986     1.764    u_pll/inst/clk_in1_clk_wiz_1
    MMCME2_ADV_X1Y5      MMCME2_ADV (Prop_mmcme2_adv_CLKIN1_CLKOUT0)
                                                     -6.516    -4.752 r  u_pll/inst/mmcm_adv_inst/CLKOUT0
                         net (fo=1, routed)           1.788    -2.964    u_pll/inst/clk_out1_clk_wiz_1
    BUFGCTRL_X0Y16       BUFG (Prop_bufg_I_O)         0.083    -2.881 r  u_pll/inst/clkout1_buf/O
                         net (fo=567, routed)         1.546    -1.335    dram_dut/dram_iface_dut/controller/u_phy/clk_out1
    OLOGIC_X1Y284        FDRE                                         r  dram_dut/dram_iface_dut/controller/u_phy/addr_q_reg[2]/C

Slack:                    inf
  Source:                 rst_ni
                            (input port)
  Destination:            dram_dut/dram_iface_dut/controller/u_phy/ba_q_reg[2]/R
                            (rising edge-triggered cell FDRE clocked by clk_out1_clk_wiz_1_1  {rise@0.000ns fall@5.000ns period=10.000ns})
  Path Group:             (none)
  Path Type:              Setup (Max at Slow Process Corner)
  Data Path Delay:        13.276ns  (logic 1.535ns (11.566%)  route 11.741ns (88.434%))
  Logic Levels:           3  (IBUF=1 LUT2=1 LUT3=1)
  Clock Path Skew:        -1.333ns (DCD - SCD + CPR)
    Destination Clock Delay (DCD):    -1.333ns
    Source Clock Delay      (SCD):    0.000ns
    Clock Pessimism Removal (CPR):    0.000ns
  Clock Uncertainty:      0.160ns  ((TSJ^2 + DJ^2)^1/2) / 2 + PE
    Total System Jitter     (TSJ):    0.050ns
    Discrete Jitter          (DJ):    0.114ns
    Phase Error              (PE):    0.098ns

    Location             Delay type                Incr(ns)  Path(ns)    Netlist Resource(s)
  -------------------------------------------------------------------    -------------------
    AJ13                                              0.000     0.000 f  rst_ni (IN)
                         net (fo=0)                   0.000     0.000    rst_ni
    AJ13                 IBUF (Prop_ibuf_I_O)         1.338     1.338 f  rst_ni_IBUF_inst/O
                         net (fo=6, routed)           4.531     5.869    main_memory/rst_ni_IBUF
    SLICE_X107Y189       LUT3 (Prop_lut3_I2_O)        0.051     5.920 f  main_memory/rdirty_o_i_1__0/O
                         net (fo=232, routed)         3.416     9.337    main_memory/rst_n
    SLICE_X160Y221       LUT2 (Prop_lut2_I0_O)        0.146     9.483 r  main_memory/u_serdes_dq0_i_1/O
                         net (fo=387, routed)         3.794    13.276    dram_dut/dram_iface_dut/controller/u_phy/reset_i
    OLOGIC_X1Y293        FDRE                                         r  dram_dut/dram_iface_dut/controller/u_phy/ba_q_reg[2]/R
  -------------------------------------------------------------------    -------------------

                         (clock clk_out1_clk_wiz_1_1 rise edge)
                                                      0.000     0.000 r  
    H9                                                0.000     0.000 r  clk_p (IN)
                         net (fo=0)                   0.000     0.000    u_pll/inst/clk_in1_p
    H9                   IBUFDS (Prop_ibufds_I_O)     0.778     0.778 r  u_pll/inst/clkin1_ibufgds/O
                         net (fo=1, routed)           0.986     1.764    u_pll/inst/clk_in1_clk_wiz_1
    MMCME2_ADV_X1Y5      MMCME2_ADV (Prop_mmcme2_adv_CLKIN1_CLKOUT0)
                                                     -6.516    -4.752 r  u_pll/inst/mmcm_adv_inst/CLKOUT0
                         net (fo=1, routed)           1.788    -2.964    u_pll/inst/clk_out1_clk_wiz_1
    BUFGCTRL_X0Y16       BUFG (Prop_bufg_I_O)         0.083    -2.881 r  u_pll/inst/clkout1_buf/O
                         net (fo=567, routed)         1.548    -1.333    dram_dut/dram_iface_dut/controller/u_phy/clk_out1
    OLOGIC_X1Y293        FDRE                                         r  dram_dut/dram_iface_dut/controller/u_phy/ba_q_reg[2]/C





Min Delay Paths
--------------------------------------------------------------------------------------
Slack:                    inf
  Source:                 u_pll/inst/mmcm_adv_inst/LOCKED
                            (internal pin)
  Destination:            dram_dut/dram_iface_dut/controller/u_ddr_core/u_seq/rd_en_q_reg[4]/R
                            (rising edge-triggered cell FDRE clocked by clk_out1_clk_wiz_1_1  {rise@0.000ns fall@5.000ns period=10.000ns})
  Path Group:             (none)
  Path Type:              Hold (Min at Fast Process Corner)
  Data Path Delay:        3.877ns  (logic 0.101ns (2.605%)  route 3.776ns (97.395%))
  Logic Levels:           2  (LUT2=1 LUT3=1)
  Clock Uncertainty:      0.160ns  ((TSJ^2 + DJ^2)^1/2) / 2 + PE
    Total System Jitter     (TSJ):    0.050ns
    Discrete Jitter          (DJ):    0.114ns
    Phase Error              (PE):    0.098ns

    Location             Delay type                Incr(ns)  Path(ns)    Netlist Resource(s)
  -------------------------------------------------------------------    -------------------
    MMCME2_ADV_X1Y5      MMCME2_ADV                   0.000     0.000 f  u_pll/inst/mmcm_adv_inst/LOCKED
                         net (fo=2, routed)           1.493     1.493    main_memory/locked
    SLICE_X107Y189       LUT3 (Prop_lut3_I0_O)        0.030     1.523 f  main_memory/rdirty_o_i_1__0/O
                         net (fo=232, routed)         1.908     3.431    main_memory/rst_n
    SLICE_X160Y221       LUT2 (Prop_lut2_I0_O)        0.071     3.502 r  main_memory/u_serdes_dq0_i_1/O
                         net (fo=387, routed)         0.375     3.877    dram_dut/dram_iface_dut/controller/u_ddr_core/u_seq/reset_i
    SLICE_X163Y222       FDRE                                         r  dram_dut/dram_iface_dut/controller/u_ddr_core/u_seq/rd_en_q_reg[4]/R
  -------------------------------------------------------------------    -------------------

                         (clock clk_out1_clk_wiz_1_1 rise edge)
                                                      0.000     0.000 r  
    H9                                                0.000     0.000 r  clk_p (IN)
                         net (fo=0)                   0.000     0.000    u_pll/inst/clk_in1_p
    H9                   IBUFDS (Prop_ibufds_I_O)     0.444     0.444 r  u_pll/inst/clkin1_ibufgds/O
                         net (fo=1, routed)           0.553     0.997    u_pll/inst/clk_in1_clk_wiz_1
    MMCME2_ADV_X1Y5      MMCME2_ADV (Prop_mmcme2_adv_CLKIN1_CLKOUT0)
                                                     -3.590    -2.593 r  u_pll/inst/mmcm_adv_inst/CLKOUT0
                         net (fo=1, routed)           1.044    -1.549    u_pll/inst/clk_out1_clk_wiz_1
    BUFGCTRL_X0Y16       BUFG (Prop_bufg_I_O)         0.030    -1.519 r  u_pll/inst/clkout1_buf/O
                         net (fo=567, routed)         0.885    -0.634    dram_dut/dram_iface_dut/controller/u_ddr_core/u_seq/clk_out1
    SLICE_X163Y222       FDRE                                         r  dram_dut/dram_iface_dut/controller/u_ddr_core/u_seq/rd_en_q_reg[4]/C

Slack:                    inf
  Source:                 u_pll/inst/mmcm_adv_inst/LOCKED
                            (internal pin)
  Destination:            dram_dut/dram_iface_dut/controller/u_ddr_core/u_seq/rd_en_q_reg[5]/R
                            (rising edge-triggered cell FDRE clocked by clk_out1_clk_wiz_1_1  {rise@0.000ns fall@5.000ns period=10.000ns})
  Path Group:             (none)
  Path Type:              Hold (Min at Fast Process Corner)
  Data Path Delay:        3.877ns  (logic 0.101ns (2.605%)  route 3.776ns (97.395%))
  Logic Levels:           2  (LUT2=1 LUT3=1)
  Clock Uncertainty:      0.160ns  ((TSJ^2 + DJ^2)^1/2) / 2 + PE
    Total System Jitter     (TSJ):    0.050ns
    Discrete Jitter          (DJ):    0.114ns
    Phase Error              (PE):    0.098ns

    Location             Delay type                Incr(ns)  Path(ns)    Netlist Resource(s)
  -------------------------------------------------------------------    -------------------
    MMCME2_ADV_X1Y5      MMCME2_ADV                   0.000     0.000 f  u_pll/inst/mmcm_adv_inst/LOCKED
                         net (fo=2, routed)           1.493     1.493    main_memory/locked
    SLICE_X107Y189       LUT3 (Prop_lut3_I0_O)        0.030     1.523 f  main_memory/rdirty_o_i_1__0/O
                         net (fo=232, routed)         1.908     3.431    main_memory/rst_n
    SLICE_X160Y221       LUT2 (Prop_lut2_I0_O)        0.071     3.502 r  main_memory/u_serdes_dq0_i_1/O
                         net (fo=387, routed)         0.375     3.877    dram_dut/dram_iface_dut/controller/u_ddr_core/u_seq/reset_i
    SLICE_X163Y222       FDRE                                         r  dram_dut/dram_iface_dut/controller/u_ddr_core/u_seq/rd_en_q_reg[5]/R
  -------------------------------------------------------------------    -------------------

                         (clock clk_out1_clk_wiz_1_1 rise edge)
                                                      0.000     0.000 r  
    H9                                                0.000     0.000 r  clk_p (IN)
                         net (fo=0)                   0.000     0.000    u_pll/inst/clk_in1_p
    H9                   IBUFDS (Prop_ibufds_I_O)     0.444     0.444 r  u_pll/inst/clkin1_ibufgds/O
                         net (fo=1, routed)           0.553     0.997    u_pll/inst/clk_in1_clk_wiz_1
    MMCME2_ADV_X1Y5      MMCME2_ADV (Prop_mmcme2_adv_CLKIN1_CLKOUT0)
                                                     -3.590    -2.593 r  u_pll/inst/mmcm_adv_inst/CLKOUT0
                         net (fo=1, routed)           1.044    -1.549    u_pll/inst/clk_out1_clk_wiz_1
    BUFGCTRL_X0Y16       BUFG (Prop_bufg_I_O)         0.030    -1.519 r  u_pll/inst/clkout1_buf/O
                         net (fo=567, routed)         0.885    -0.634    dram_dut/dram_iface_dut/controller/u_ddr_core/u_seq/clk_out1
    SLICE_X163Y222       FDRE                                         r  dram_dut/dram_iface_dut/controller/u_ddr_core/u_seq/rd_en_q_reg[5]/C

Slack:                    inf
  Source:                 u_pll/inst/mmcm_adv_inst/LOCKED
                            (internal pin)
  Destination:            dram_dut/dram_iface_dut/controller/u_ddr_core/u_seq/wr_en_q_reg[4]/R
                            (rising edge-triggered cell FDRE clocked by clk_out1_clk_wiz_1_1  {rise@0.000ns fall@5.000ns period=10.000ns})
  Path Group:             (none)
  Path Type:              Hold (Min at Fast Process Corner)
  Data Path Delay:        3.877ns  (logic 0.101ns (2.605%)  route 3.776ns (97.395%))
  Logic Levels:           2  (LUT2=1 LUT3=1)
  Clock Uncertainty:      0.160ns  ((TSJ^2 + DJ^2)^1/2) / 2 + PE
    Total System Jitter     (TSJ):    0.050ns
    Discrete Jitter          (DJ):    0.114ns
    Phase Error              (PE):    0.098ns

    Location             Delay type                Incr(ns)  Path(ns)    Netlist Resource(s)
  -------------------------------------------------------------------    -------------------
    MMCME2_ADV_X1Y5      MMCME2_ADV                   0.000     0.000 f  u_pll/inst/mmcm_adv_inst/LOCKED
                         net (fo=2, routed)           1.493     1.493    main_memory/locked
    SLICE_X107Y189       LUT3 (Prop_lut3_I0_O)        0.030     1.523 f  main_memory/rdirty_o_i_1__0/O
                         net (fo=232, routed)         1.908     3.431    main_memory/rst_n
    SLICE_X160Y221       LUT2 (Prop_lut2_I0_O)        0.071     3.502 r  main_memory/u_serdes_dq0_i_1/O
                         net (fo=387, routed)         0.375     3.877    dram_dut/dram_iface_dut/controller/u_ddr_core/u_seq/reset_i
    SLICE_X163Y222       FDRE                                         r  dram_dut/dram_iface_dut/controller/u_ddr_core/u_seq/wr_en_q_reg[4]/R
  -------------------------------------------------------------------    -------------------

                         (clock clk_out1_clk_wiz_1_1 rise edge)
                                                      0.000     0.000 r  
    H9                                                0.000     0.000 r  clk_p (IN)
                         net (fo=0)                   0.000     0.000    u_pll/inst/clk_in1_p
    H9                   IBUFDS (Prop_ibufds_I_O)     0.444     0.444 r  u_pll/inst/clkin1_ibufgds/O
                         net (fo=1, routed)           0.553     0.997    u_pll/inst/clk_in1_clk_wiz_1
    MMCME2_ADV_X1Y5      MMCME2_ADV (Prop_mmcme2_adv_CLKIN1_CLKOUT0)
                                                     -3.590    -2.593 r  u_pll/inst/mmcm_adv_inst/CLKOUT0
                         net (fo=1, routed)           1.044    -1.549    u_pll/inst/clk_out1_clk_wiz_1
    BUFGCTRL_X0Y16       BUFG (Prop_bufg_I_O)         0.030    -1.519 r  u_pll/inst/clkout1_buf/O
                         net (fo=567, routed)         0.885    -0.634    dram_dut/dram_iface_dut/controller/u_ddr_core/u_seq/clk_out1
    SLICE_X163Y222       FDRE                                         r  dram_dut/dram_iface_dut/controller/u_ddr_core/u_seq/wr_en_q_reg[4]/C

Slack:                    inf
  Source:                 u_pll/inst/mmcm_adv_inst/LOCKED
                            (internal pin)
  Destination:            dram_dut/dram_iface_dut/controller/u_ddr_core/u_seq/wr_en_q_reg[5]/R
                            (rising edge-triggered cell FDRE clocked by clk_out1_clk_wiz_1_1  {rise@0.000ns fall@5.000ns period=10.000ns})
  Path Group:             (none)
  Path Type:              Hold (Min at Fast Process Corner)
  Data Path Delay:        3.877ns  (logic 0.101ns (2.605%)  route 3.776ns (97.395%))
  Logic Levels:           2  (LUT2=1 LUT3=1)
  Clock Uncertainty:      0.160ns  ((TSJ^2 + DJ^2)^1/2) / 2 + PE
    Total System Jitter     (TSJ):    0.050ns
    Discrete Jitter          (DJ):    0.114ns
    Phase Error              (PE):    0.098ns

    Location             Delay type                Incr(ns)  Path(ns)    Netlist Resource(s)
  -------------------------------------------------------------------    -------------------
    MMCME2_ADV_X1Y5      MMCME2_ADV                   0.000     0.000 f  u_pll/inst/mmcm_adv_inst/LOCKED
                         net (fo=2, routed)           1.493     1.493    main_memory/locked
    SLICE_X107Y189       LUT3 (Prop_lut3_I0_O)        0.030     1.523 f  main_memory/rdirty_o_i_1__0/O
                         net (fo=232, routed)         1.908     3.431    main_memory/rst_n
    SLICE_X160Y221       LUT2 (Prop_lut2_I0_O)        0.071     3.502 r  main_memory/u_serdes_dq0_i_1/O
                         net (fo=387, routed)         0.375     3.877    dram_dut/dram_iface_dut/controller/u_ddr_core/u_seq/reset_i
    SLICE_X163Y222       FDRE                                         r  dram_dut/dram_iface_dut/controller/u_ddr_core/u_seq/wr_en_q_reg[5]/R
  -------------------------------------------------------------------    -------------------

                         (clock clk_out1_clk_wiz_1_1 rise edge)
                                                      0.000     0.000 r  
    H9                                                0.000     0.000 r  clk_p (IN)
                         net (fo=0)                   0.000     0.000    u_pll/inst/clk_in1_p
    H9                   IBUFDS (Prop_ibufds_I_O)     0.444     0.444 r  u_pll/inst/clkin1_ibufgds/O
                         net (fo=1, routed)           0.553     0.997    u_pll/inst/clk_in1_clk_wiz_1
    MMCME2_ADV_X1Y5      MMCME2_ADV (Prop_mmcme2_adv_CLKIN1_CLKOUT0)
                                                     -3.590    -2.593 r  u_pll/inst/mmcm_adv_inst/CLKOUT0
                         net (fo=1, routed)           1.044    -1.549    u_pll/inst/clk_out1_clk_wiz_1
    BUFGCTRL_X0Y16       BUFG (Prop_bufg_I_O)         0.030    -1.519 r  u_pll/inst/clkout1_buf/O
                         net (fo=567, routed)         0.885    -0.634    dram_dut/dram_iface_dut/controller/u_ddr_core/u_seq/clk_out1
    SLICE_X163Y222       FDRE                                         r  dram_dut/dram_iface_dut/controller/u_ddr_core/u_seq/wr_en_q_reg[5]/C

Slack:                    inf
  Source:                 u_pll/inst/mmcm_adv_inst/LOCKED
                            (internal pin)
  Destination:            dram_dut/dram_iface_dut/controller/u_ddr_core/u_seq/rd_en_q_reg[6]/R
                            (rising edge-triggered cell FDRE clocked by clk_out1_clk_wiz_1_1  {rise@0.000ns fall@5.000ns period=10.000ns})
  Path Group:             (none)
  Path Type:              Hold (Min at Fast Process Corner)
  Data Path Delay:        3.879ns  (logic 0.101ns (2.603%)  route 3.778ns (97.397%))
  Logic Levels:           2  (LUT2=1 LUT3=1)
  Clock Uncertainty:      0.160ns  ((TSJ^2 + DJ^2)^1/2) / 2 + PE
    Total System Jitter     (TSJ):    0.050ns
    Discrete Jitter          (DJ):    0.114ns
    Phase Error              (PE):    0.098ns

    Location             Delay type                Incr(ns)  Path(ns)    Netlist Resource(s)
  -------------------------------------------------------------------    -------------------
    MMCME2_ADV_X1Y5      MMCME2_ADV                   0.000     0.000 f  u_pll/inst/mmcm_adv_inst/LOCKED
                         net (fo=2, routed)           1.493     1.493    main_memory/locked
    SLICE_X107Y189       LUT3 (Prop_lut3_I0_O)        0.030     1.523 f  main_memory/rdirty_o_i_1__0/O
                         net (fo=232, routed)         1.908     3.431    main_memory/rst_n
    SLICE_X160Y221       LUT2 (Prop_lut2_I0_O)        0.071     3.502 r  main_memory/u_serdes_dq0_i_1/O
                         net (fo=387, routed)         0.377     3.879    dram_dut/dram_iface_dut/controller/u_ddr_core/u_seq/reset_i
    SLICE_X162Y222       FDRE                                         r  dram_dut/dram_iface_dut/controller/u_ddr_core/u_seq/rd_en_q_reg[6]/R
  -------------------------------------------------------------------    -------------------

                         (clock clk_out1_clk_wiz_1_1 rise edge)
                                                      0.000     0.000 r  
    H9                                                0.000     0.000 r  clk_p (IN)
                         net (fo=0)                   0.000     0.000    u_pll/inst/clk_in1_p
    H9                   IBUFDS (Prop_ibufds_I_O)     0.444     0.444 r  u_pll/inst/clkin1_ibufgds/O
                         net (fo=1, routed)           0.553     0.997    u_pll/inst/clk_in1_clk_wiz_1
    MMCME2_ADV_X1Y5      MMCME2_ADV (Prop_mmcme2_adv_CLKIN1_CLKOUT0)
                                                     -3.590    -2.593 r  u_pll/inst/mmcm_adv_inst/CLKOUT0
                         net (fo=1, routed)           1.044    -1.549    u_pll/inst/clk_out1_clk_wiz_1
    BUFGCTRL_X0Y16       BUFG (Prop_bufg_I_O)         0.030    -1.519 r  u_pll/inst/clkout1_buf/O
                         net (fo=567, routed)         0.885    -0.634    dram_dut/dram_iface_dut/controller/u_ddr_core/u_seq/clk_out1
    SLICE_X162Y222       FDRE                                         r  dram_dut/dram_iface_dut/controller/u_ddr_core/u_seq/rd_en_q_reg[6]/C

Slack:                    inf
  Source:                 u_pll/inst/mmcm_adv_inst/LOCKED
                            (internal pin)
  Destination:            dram_dut/dram_iface_dut/controller/u_ddr_core/write_ack_q_reg/R
                            (rising edge-triggered cell FDRE clocked by clk_out1_clk_wiz_1_1  {rise@0.000ns fall@5.000ns period=10.000ns})
  Path Group:             (none)
  Path Type:              Hold (Min at Fast Process Corner)
  Data Path Delay:        3.879ns  (logic 0.101ns (2.603%)  route 3.778ns (97.397%))
  Logic Levels:           2  (LUT2=1 LUT3=1)
  Clock Uncertainty:      0.160ns  ((TSJ^2 + DJ^2)^1/2) / 2 + PE
    Total System Jitter     (TSJ):    0.050ns
    Discrete Jitter          (DJ):    0.114ns
    Phase Error              (PE):    0.098ns

    Location             Delay type                Incr(ns)  Path(ns)    Netlist Resource(s)
  -------------------------------------------------------------------    -------------------
    MMCME2_ADV_X1Y5      MMCME2_ADV                   0.000     0.000 f  u_pll/inst/mmcm_adv_inst/LOCKED
                         net (fo=2, routed)           1.493     1.493    main_memory/locked
    SLICE_X107Y189       LUT3 (Prop_lut3_I0_O)        0.030     1.523 f  main_memory/rdirty_o_i_1__0/O
                         net (fo=232, routed)         1.908     3.431    main_memory/rst_n
    SLICE_X160Y221       LUT2 (Prop_lut2_I0_O)        0.071     3.502 r  main_memory/u_serdes_dq0_i_1/O
                         net (fo=387, routed)         0.377     3.879    dram_dut/dram_iface_dut/controller/u_ddr_core/reset_i
    SLICE_X162Y222       FDRE                                         r  dram_dut/dram_iface_dut/controller/u_ddr_core/write_ack_q_reg/R
  -------------------------------------------------------------------    -------------------

                         (clock clk_out1_clk_wiz_1_1 rise edge)
                                                      0.000     0.000 r  
    H9                                                0.000     0.000 r  clk_p (IN)
                         net (fo=0)                   0.000     0.000    u_pll/inst/clk_in1_p
    H9                   IBUFDS (Prop_ibufds_I_O)     0.444     0.444 r  u_pll/inst/clkin1_ibufgds/O
                         net (fo=1, routed)           0.553     0.997    u_pll/inst/clk_in1_clk_wiz_1
    MMCME2_ADV_X1Y5      MMCME2_ADV (Prop_mmcme2_adv_CLKIN1_CLKOUT0)
                                                     -3.590    -2.593 r  u_pll/inst/mmcm_adv_inst/CLKOUT0
                         net (fo=1, routed)           1.044    -1.549    u_pll/inst/clk_out1_clk_wiz_1
    BUFGCTRL_X0Y16       BUFG (Prop_bufg_I_O)         0.030    -1.519 r  u_pll/inst/clkout1_buf/O
                         net (fo=567, routed)         0.885    -0.634    dram_dut/dram_iface_dut/controller/u_ddr_core/clk_out1
    SLICE_X162Y222       FDRE                                         r  dram_dut/dram_iface_dut/controller/u_ddr_core/write_ack_q_reg/C

Slack:                    inf
  Source:                 u_pll/inst/mmcm_adv_inst/LOCKED
                            (internal pin)
  Destination:            dram_dut/dram_iface_dut/controller/u_ddr_core/u_seq/rd_data_q_reg[14]/R
                            (rising edge-triggered cell FDRE clocked by clk_out1_clk_wiz_1_1  {rise@0.000ns fall@5.000ns period=10.000ns})
  Path Group:             (none)
  Path Type:              Hold (Min at Fast Process Corner)
  Data Path Delay:        3.924ns  (logic 0.101ns (2.574%)  route 3.823ns (97.426%))
  Logic Levels:           2  (LUT2=1 LUT3=1)
  Clock Uncertainty:      0.160ns  ((TSJ^2 + DJ^2)^1/2) / 2 + PE
    Total System Jitter     (TSJ):    0.050ns
    Discrete Jitter          (DJ):    0.114ns
    Phase Error              (PE):    0.098ns

    Location             Delay type                Incr(ns)  Path(ns)    Netlist Resource(s)
  -------------------------------------------------------------------    -------------------
    MMCME2_ADV_X1Y5      MMCME2_ADV                   0.000     0.000 f  u_pll/inst/mmcm_adv_inst/LOCKED
                         net (fo=2, routed)           1.493     1.493    main_memory/locked
    SLICE_X107Y189       LUT3 (Prop_lut3_I0_O)        0.030     1.523 f  main_memory/rdirty_o_i_1__0/O
                         net (fo=232, routed)         1.908     3.431    main_memory/rst_n
    SLICE_X160Y221       LUT2 (Prop_lut2_I0_O)        0.071     3.502 r  main_memory/u_serdes_dq0_i_1/O
                         net (fo=387, routed)         0.421     3.924    dram_dut/dram_iface_dut/controller/u_ddr_core/u_seq/reset_i
    SLICE_X160Y221       FDRE                                         r  dram_dut/dram_iface_dut/controller/u_ddr_core/u_seq/rd_data_q_reg[14]/R
  -------------------------------------------------------------------    -------------------

                         (clock clk_out1_clk_wiz_1_1 rise edge)
                                                      0.000     0.000 r  
    H9                                                0.000     0.000 r  clk_p (IN)
                         net (fo=0)                   0.000     0.000    u_pll/inst/clk_in1_p
    H9                   IBUFDS (Prop_ibufds_I_O)     0.444     0.444 r  u_pll/inst/clkin1_ibufgds/O
                         net (fo=1, routed)           0.553     0.997    u_pll/inst/clk_in1_clk_wiz_1
    MMCME2_ADV_X1Y5      MMCME2_ADV (Prop_mmcme2_adv_CLKIN1_CLKOUT0)
                                                     -3.590    -2.593 r  u_pll/inst/mmcm_adv_inst/CLKOUT0
                         net (fo=1, routed)           1.044    -1.549    u_pll/inst/clk_out1_clk_wiz_1
    BUFGCTRL_X0Y16       BUFG (Prop_bufg_I_O)         0.030    -1.519 r  u_pll/inst/clkout1_buf/O
                         net (fo=567, routed)         0.886    -0.633    dram_dut/dram_iface_dut/controller/u_ddr_core/u_seq/clk_out1
    SLICE_X160Y221       FDRE                                         r  dram_dut/dram_iface_dut/controller/u_ddr_core/u_seq/rd_data_q_reg[14]/C

Slack:                    inf
  Source:                 u_pll/inst/mmcm_adv_inst/LOCKED
                            (internal pin)
  Destination:            dram_dut/dram_iface_dut/controller/u_ddr_core/u_seq/rd_data_q_reg[15]/R
                            (rising edge-triggered cell FDRE clocked by clk_out1_clk_wiz_1_1  {rise@0.000ns fall@5.000ns period=10.000ns})
  Path Group:             (none)
  Path Type:              Hold (Min at Fast Process Corner)
  Data Path Delay:        3.924ns  (logic 0.101ns (2.574%)  route 3.823ns (97.426%))
  Logic Levels:           2  (LUT2=1 LUT3=1)
  Clock Uncertainty:      0.160ns  ((TSJ^2 + DJ^2)^1/2) / 2 + PE
    Total System Jitter     (TSJ):    0.050ns
    Discrete Jitter          (DJ):    0.114ns
    Phase Error              (PE):    0.098ns

    Location             Delay type                Incr(ns)  Path(ns)    Netlist Resource(s)
  -------------------------------------------------------------------    -------------------
    MMCME2_ADV_X1Y5      MMCME2_ADV                   0.000     0.000 f  u_pll/inst/mmcm_adv_inst/LOCKED
                         net (fo=2, routed)           1.493     1.493    main_memory/locked
    SLICE_X107Y189       LUT3 (Prop_lut3_I0_O)        0.030     1.523 f  main_memory/rdirty_o_i_1__0/O
                         net (fo=232, routed)         1.908     3.431    main_memory/rst_n
    SLICE_X160Y221       LUT2 (Prop_lut2_I0_O)        0.071     3.502 r  main_memory/u_serdes_dq0_i_1/O
                         net (fo=387, routed)         0.421     3.924    dram_dut/dram_iface_dut/controller/u_ddr_core/u_seq/reset_i
    SLICE_X160Y221       FDRE                                         r  dram_dut/dram_iface_dut/controller/u_ddr_core/u_seq/rd_data_q_reg[15]/R
  -------------------------------------------------------------------    -------------------

                         (clock clk_out1_clk_wiz_1_1 rise edge)
                                                      0.000     0.000 r  
    H9                                                0.000     0.000 r  clk_p (IN)
                         net (fo=0)                   0.000     0.000    u_pll/inst/clk_in1_p
    H9                   IBUFDS (Prop_ibufds_I_O)     0.444     0.444 r  u_pll/inst/clkin1_ibufgds/O
                         net (fo=1, routed)           0.553     0.997    u_pll/inst/clk_in1_clk_wiz_1
    MMCME2_ADV_X1Y5      MMCME2_ADV (Prop_mmcme2_adv_CLKIN1_CLKOUT0)
                                                     -3.590    -2.593 r  u_pll/inst/mmcm_adv_inst/CLKOUT0
                         net (fo=1, routed)           1.044    -1.549    u_pll/inst/clk_out1_clk_wiz_1
    BUFGCTRL_X0Y16       BUFG (Prop_bufg_I_O)         0.030    -1.519 r  u_pll/inst/clkout1_buf/O
                         net (fo=567, routed)         0.886    -0.633    dram_dut/dram_iface_dut/controller/u_ddr_core/u_seq/clk_out1
    SLICE_X160Y221       FDRE                                         r  dram_dut/dram_iface_dut/controller/u_ddr_core/u_seq/rd_data_q_reg[15]/C

Slack:                    inf
  Source:                 u_pll/inst/mmcm_adv_inst/LOCKED
                            (internal pin)
  Destination:            dram_dut/dram_iface_dut/controller/u_ddr_core/u_seq/rd_data_q_reg_r/R
                            (rising edge-triggered cell FDRE clocked by clk_out1_clk_wiz_1_1  {rise@0.000ns fall@5.000ns period=10.000ns})
  Path Group:             (none)
  Path Type:              Hold (Min at Fast Process Corner)
  Data Path Delay:        3.924ns  (logic 0.101ns (2.574%)  route 3.823ns (97.426%))
  Logic Levels:           2  (LUT2=1 LUT3=1)
  Clock Uncertainty:      0.160ns  ((TSJ^2 + DJ^2)^1/2) / 2 + PE
    Total System Jitter     (TSJ):    0.050ns
    Discrete Jitter          (DJ):    0.114ns
    Phase Error              (PE):    0.098ns

    Location             Delay type                Incr(ns)  Path(ns)    Netlist Resource(s)
  -------------------------------------------------------------------    -------------------
    MMCME2_ADV_X1Y5      MMCME2_ADV                   0.000     0.000 f  u_pll/inst/mmcm_adv_inst/LOCKED
                         net (fo=2, routed)           1.493     1.493    main_memory/locked
    SLICE_X107Y189       LUT3 (Prop_lut3_I0_O)        0.030     1.523 f  main_memory/rdirty_o_i_1__0/O
                         net (fo=232, routed)         1.908     3.431    main_memory/rst_n
    SLICE_X160Y221       LUT2 (Prop_lut2_I0_O)        0.071     3.502 r  main_memory/u_serdes_dq0_i_1/O
                         net (fo=387, routed)         0.421     3.924    dram_dut/dram_iface_dut/controller/u_ddr_core/u_seq/reset_i
    SLICE_X160Y221       FDRE                                         r  dram_dut/dram_iface_dut/controller/u_ddr_core/u_seq/rd_data_q_reg_r/R
  -------------------------------------------------------------------    -------------------

                         (clock clk_out1_clk_wiz_1_1 rise edge)
                                                      0.000     0.000 r  
    H9                                                0.000     0.000 r  clk_p (IN)
                         net (fo=0)                   0.000     0.000    u_pll/inst/clk_in1_p
    H9                   IBUFDS (Prop_ibufds_I_O)     0.444     0.444 r  u_pll/inst/clkin1_ibufgds/O
                         net (fo=1, routed)           0.553     0.997    u_pll/inst/clk_in1_clk_wiz_1
    MMCME2_ADV_X1Y5      MMCME2_ADV (Prop_mmcme2_adv_CLKIN1_CLKOUT0)
                                                     -3.590    -2.593 r  u_pll/inst/mmcm_adv_inst/CLKOUT0
                         net (fo=1, routed)           1.044    -1.549    u_pll/inst/clk_out1_clk_wiz_1
    BUFGCTRL_X0Y16       BUFG (Prop_bufg_I_O)         0.030    -1.519 r  u_pll/inst/clkout1_buf/O
                         net (fo=567, routed)         0.886    -0.633    dram_dut/dram_iface_dut/controller/u_ddr_core/u_seq/clk_out1
    SLICE_X160Y221       FDRE                                         r  dram_dut/dram_iface_dut/controller/u_ddr_core/u_seq/rd_data_q_reg_r/C

Slack:                    inf
  Source:                 u_pll/inst/mmcm_adv_inst/LOCKED
                            (internal pin)
  Destination:            dram_dut/dram_iface_dut/controller/u_ddr_core/u_seq/rd_data_q_reg_r_7/R
                            (rising edge-triggered cell FDRE clocked by clk_out1_clk_wiz_1_1  {rise@0.000ns fall@5.000ns period=10.000ns})
  Path Group:             (none)
  Path Type:              Hold (Min at Fast Process Corner)
  Data Path Delay:        3.924ns  (logic 0.101ns (2.574%)  route 3.823ns (97.426%))
  Logic Levels:           2  (LUT2=1 LUT3=1)
  Clock Uncertainty:      0.160ns  ((TSJ^2 + DJ^2)^1/2) / 2 + PE
    Total System Jitter     (TSJ):    0.050ns
    Discrete Jitter          (DJ):    0.114ns
    Phase Error              (PE):    0.098ns

    Location             Delay type                Incr(ns)  Path(ns)    Netlist Resource(s)
  -------------------------------------------------------------------    -------------------
    MMCME2_ADV_X1Y5      MMCME2_ADV                   0.000     0.000 f  u_pll/inst/mmcm_adv_inst/LOCKED
                         net (fo=2, routed)           1.493     1.493    main_memory/locked
    SLICE_X107Y189       LUT3 (Prop_lut3_I0_O)        0.030     1.523 f  main_memory/rdirty_o_i_1__0/O
                         net (fo=232, routed)         1.908     3.431    main_memory/rst_n
    SLICE_X160Y221       LUT2 (Prop_lut2_I0_O)        0.071     3.502 r  main_memory/u_serdes_dq0_i_1/O
                         net (fo=387, routed)         0.421     3.924    dram_dut/dram_iface_dut/controller/u_ddr_core/u_seq/reset_i
    SLICE_X160Y221       FDRE                                         r  dram_dut/dram_iface_dut/controller/u_ddr_core/u_seq/rd_data_q_reg_r_7/R
  -------------------------------------------------------------------    -------------------

                         (clock clk_out1_clk_wiz_1_1 rise edge)
                                                      0.000     0.000 r  
    H9                                                0.000     0.000 r  clk_p (IN)
                         net (fo=0)                   0.000     0.000    u_pll/inst/clk_in1_p
    H9                   IBUFDS (Prop_ibufds_I_O)     0.444     0.444 r  u_pll/inst/clkin1_ibufgds/O
                         net (fo=1, routed)           0.553     0.997    u_pll/inst/clk_in1_clk_wiz_1
    MMCME2_ADV_X1Y5      MMCME2_ADV (Prop_mmcme2_adv_CLKIN1_CLKOUT0)
                                                     -3.590    -2.593 r  u_pll/inst/mmcm_adv_inst/CLKOUT0
                         net (fo=1, routed)           1.044    -1.549    u_pll/inst/clk_out1_clk_wiz_1
    BUFGCTRL_X0Y16       BUFG (Prop_bufg_I_O)         0.030    -1.519 r  u_pll/inst/clkout1_buf/O
                         net (fo=567, routed)         0.886    -0.633    dram_dut/dram_iface_dut/controller/u_ddr_core/u_seq/clk_out1
    SLICE_X160Y221       FDRE                                         r  dram_dut/dram_iface_dut/controller/u_ddr_core/u_seq/rd_data_q_reg_r_7/C





--------------------------------------------------------------------------------------
Path Group:  (none)
From Clock:  
  To Clock:  clk_out5_clk_wiz_1_1

Max Delay          9147 Endpoints
Min Delay          9147 Endpoints
--------------------------------------------------------------------------------------


Max Delay Paths
--------------------------------------------------------------------------------------
Slack:                    inf
  Source:                 rst_ni
                            (input port)
  Destination:            main_memory/ram_reg_2_3_1/ADDRARDADDR[7]
                            (rising edge-triggered cell RAMB36E1 clocked by clk_out5_clk_wiz_1_1  {rise@0.000ns fall@10.000ns period=20.000ns})
  Path Group:             (none)
  Path Type:              Setup (Max at Slow Process Corner)
  Data Path Delay:        20.810ns  (logic 3.285ns (15.788%)  route 17.525ns (84.212%))
  Logic Levels:           16  (CARRY4=3 IBUF=1 LDCE=1 LUT1=1 LUT3=1 LUT4=3 LUT5=2 LUT6=3 MUXF7=1)
  Clock Path Skew:        -1.556ns (DCD - SCD + CPR)
    Destination Clock Delay (DCD):    -1.556ns
    Source Clock Delay      (SCD):    0.000ns
    Clock Pessimism Removal (CPR):    0.000ns
  Clock Uncertainty:      0.168ns  ((TSJ^2 + DJ^2)^1/2) / 2 + PE
    Total System Jitter     (TSJ):    0.050ns
    Discrete Jitter          (DJ):    0.131ns
    Phase Error              (PE):    0.098ns

    Location             Delay type                Incr(ns)  Path(ns)    Netlist Resource(s)
  -------------------------------------------------------------------    -------------------
    AJ13                                              0.000     0.000 f  rst_ni (IN)
                         net (fo=0)                   0.000     0.000    rst_ni
    AJ13                 IBUF (Prop_ibuf_I_O)         1.338     1.338 f  rst_ni_IBUF_inst/O
                         net (fo=6, routed)           4.531     5.869    main_memory/rst_ni_IBUF
    SLICE_X107Y189       LUT3 (Prop_lut3_I2_O)        0.051     5.920 f  main_memory/rdirty_o_i_1__0/O
                         net (fo=232, routed)         2.004     7.924    main_memory/rst_n
    SLICE_X151Y192       LUT1 (Prop_lut1_I0_O)        0.148     8.072 r  main_memory/adr_r[28]_i_1/O
                         net (fo=2335, routed)        2.680    10.752    cv32e40p_core_ip/core_i/id_stage_i/register_file_i/wdata_a_q_reg[0]_0
    SLICE_X101Y205       LDCE (SetClr_ldce_CLR_Q)     0.556    11.308 f  cv32e40p_core_ip/core_i/id_stage_i/register_file_i/mem_reg[19][0]/Q
                         net (fo=2, routed)           0.818    12.126    cv32e40p_core_ip/core_i/id_stage_i/register_file_i/mem_reg_n_0_[19][0]
    SLICE_X99Y204        LUT6 (Prop_lut6_I0_O)        0.043    12.169 f  cv32e40p_core_ip/core_i/id_stage_i/register_file_i/alu_operand_a_ex_o[0]_i_25/O
                         net (fo=1, routed)           0.000    12.169    cv32e40p_core_ip/core_i/id_stage_i/register_file_i/alu_operand_a_ex_o[0]_i_25_n_0
    SLICE_X99Y204        MUXF7 (Prop_muxf7_I0_O)      0.120    12.289 f  cv32e40p_core_ip/core_i/id_stage_i/register_file_i/alu_operand_a_ex_o_reg[0]_i_12/O
                         net (fo=1, routed)           0.526    12.815    cv32e40p_core_ip/core_i/id_stage_i/register_file_i/alu_operand_a_ex_o_reg[0]_i_12_n_0
    SLICE_X100Y204       LUT6 (Prop_lut6_I1_O)        0.122    12.937 f  cv32e40p_core_ip/core_i/id_stage_i/register_file_i/alu_operand_a_ex_o[0]_i_6/O
                         net (fo=3, routed)           0.894    13.831    cv32e40p_core_ip/core_i/if_stage_i/prefetch_buffer_i/prefetch_controller_i/regfile_data_ra_id[0]
    SLICE_X118Y204       LUT5 (Prop_lut5_I3_O)        0.043    13.874 r  cv32e40p_core_ip/core_i/if_stage_i/prefetch_buffer_i/prefetch_controller_i/alu_operand_c_ex_o[3]_i_11/O
                         net (fo=1, routed)           0.000    13.874    cv32e40p_core_ip/core_i/if_stage_i/prefetch_buffer_i/prefetch_controller_i/alu_operand_c_ex_o[3]_i_11_n_0
    SLICE_X118Y204       CARRY4 (Prop_carry4_S[0]_CO[3])
                                                      0.246    14.120 r  cv32e40p_core_ip/core_i/if_stage_i/prefetch_buffer_i/prefetch_controller_i/alu_operand_c_ex_o_reg[3]_i_3/CO[3]
                         net (fo=1, routed)           0.000    14.120    cv32e40p_core_ip/core_i/if_stage_i/prefetch_buffer_i/prefetch_controller_i/alu_operand_c_ex_o_reg[3]_i_3_n_0
    SLICE_X118Y205       CARRY4 (Prop_carry4_CI_CO[3])
                                                      0.054    14.174 r  cv32e40p_core_ip/core_i/if_stage_i/prefetch_buffer_i/prefetch_controller_i/alu_operand_c_ex_o_reg[5]_i_3/CO[3]
                         net (fo=1, routed)           0.000    14.174    cv32e40p_core_ip/core_i/if_stage_i/prefetch_buffer_i/prefetch_controller_i/alu_operand_c_ex_o_reg[5]_i_3_n_0
    SLICE_X118Y206       CARRY4 (Prop_carry4_CI_O[1])
                                                      0.165    14.339 r  cv32e40p_core_ip/core_i/if_stage_i/prefetch_buffer_i/prefetch_controller_i/alu_operand_c_ex_o_reg[11]_i_3/O[1]
                         net (fo=2, routed)           0.594    14.933    cv32e40p_core_ip/core_i/id_stage_i/controller_i/jump_target_id[8]
    SLICE_X125Y206       LUT6 (Prop_lut6_I3_O)        0.125    15.058 r  cv32e40p_core_ip/core_i/id_stage_i/controller_i/trans_addr_q[9]_i_3/O
                         net (fo=1, routed)           0.489    15.547    cv32e40p_core_ip/core_i/id_stage_i/controller_i/trans_addr_q[9]_i_3_n_0
    SLICE_X125Y201       LUT4 (Prop_lut4_I2_O)        0.043    15.590 r  cv32e40p_core_ip/core_i/id_stage_i/controller_i/trans_addr_q[9]_i_2/O
                         net (fo=3, routed)           0.579    16.169    cv32e40p_core_ip/core_i/if_stage_i/prefetch_buffer_i/instruction_obi_i/gen_no_trans_stable.obi_addr_q_reg[9]_0
    SLICE_X119Y194       LUT4 (Prop_lut4_I2_O)        0.043    16.212 r  cv32e40p_core_ip/core_i/if_stage_i/prefetch_buffer_i/instruction_obi_i/gen_no_trans_stable.obi_addr_q[9]_i_1/O
                         net (fo=7, routed)           0.583    16.795    dcache/way1/ram_reg_0_2_0_2[4]
    SLICE_X108Y190       LUT5 (Prop_lut5_I4_O)        0.052    16.847 r  dcache/way1/ram_reg_1_0_4_i_25/O
                         net (fo=25, routed)          0.515    17.362    main_memory/ram_reg_2_1_1_0[7]
    SLICE_X101Y189       LUT4 (Prop_lut4_I0_O)        0.136    17.498 r  main_memory/ram_reg_1_0_4_i_9/O
                         net (fo=24, routed)          3.312    20.810    main_memory/ram_reg_1_0_4_i_9_n_0
    RAMB36_X7Y46         RAMB36E1                                     r  main_memory/ram_reg_2_3_1/ADDRARDADDR[7]
  -------------------------------------------------------------------    -------------------

                         (clock clk_out5_clk_wiz_1_1 rise edge)
                                                      0.000     0.000 r  
    H9                                                0.000     0.000 r  clk_p (IN)
                         net (fo=0)                   0.000     0.000    u_pll/inst/clk_in1_p
    H9                   IBUFDS (Prop_ibufds_I_O)     0.778     0.778 r  u_pll/inst/clkin1_ibufgds/O
                         net (fo=1, routed)           0.986     1.764    u_pll/inst/clk_in1_clk_wiz_1
    MMCME2_ADV_X1Y5      MMCME2_ADV (Prop_mmcme2_adv_CLKIN1_CLKOUT4)
                                                     -6.516    -4.752 r  u_pll/inst/mmcm_adv_inst/CLKOUT4
                         net (fo=1, routed)           1.788    -2.964    u_pll/inst/clk_out5_clk_wiz_1
    BUFGCTRL_X0Y20       BUFG (Prop_bufg_I_O)         0.083    -2.881 r  u_pll/inst/clkout5_buf/O
                         net (fo=2471, routed)        1.325    -1.556    main_memory/clk_out5
    RAMB36_X7Y46         RAMB36E1                                     r  main_memory/ram_reg_2_3_1/CLKARDCLK

Slack:                    inf
  Source:                 rst_ni
                            (input port)
  Destination:            main_memory/ram_reg_3_1_0/WEA[0]
                            (rising edge-triggered cell RAMB36E1 clocked by clk_out5_clk_wiz_1_1  {rise@0.000ns fall@10.000ns period=20.000ns})
  Path Group:             (none)
  Path Type:              Setup (Max at Slow Process Corner)
  Data Path Delay:        20.793ns  (logic 3.162ns (15.209%)  route 17.630ns (84.791%))
  Logic Levels:           16  (CARRY4=3 IBUF=1 LDCE=1 LUT1=1 LUT3=1 LUT4=4 LUT6=4 MUXF7=1)
  Clock Path Skew:        -1.628ns (DCD - SCD + CPR)
    Destination Clock Delay (DCD):    -1.628ns
    Source Clock Delay      (SCD):    0.000ns
    Clock Pessimism Removal (CPR):    0.000ns
  Clock Uncertainty:      0.168ns  ((TSJ^2 + DJ^2)^1/2) / 2 + PE
    Total System Jitter     (TSJ):    0.050ns
    Discrete Jitter          (DJ):    0.131ns
    Phase Error              (PE):    0.098ns

    Location             Delay type                Incr(ns)  Path(ns)    Netlist Resource(s)
  -------------------------------------------------------------------    -------------------
    AJ13                                              0.000     0.000 f  rst_ni (IN)
                         net (fo=0)                   0.000     0.000    rst_ni
    AJ13                 IBUF (Prop_ibuf_I_O)         1.338     1.338 f  rst_ni_IBUF_inst/O
                         net (fo=6, routed)           4.531     5.869    main_memory/rst_ni_IBUF
    SLICE_X107Y189       LUT3 (Prop_lut3_I2_O)        0.051     5.920 f  main_memory/rdirty_o_i_1__0/O
                         net (fo=232, routed)         2.004     7.924    main_memory/rst_n
    SLICE_X151Y192       LUT1 (Prop_lut1_I0_O)        0.148     8.072 r  main_memory/adr_r[28]_i_1/O
                         net (fo=2335, routed)        3.164    11.236    cv32e40p_core_ip/core_i/id_stage_i/register_file_i/wdata_a_q_reg[0]_0
    SLICE_X109Y216       LDCE (SetClr_ldce_CLR_Q)     0.556    11.792 f  cv32e40p_core_ip/core_i/id_stage_i/register_file_i/mem_reg[20][10]/Q
                         net (fo=2, routed)           0.559    12.352    cv32e40p_core_ip/core_i/id_stage_i/register_file_i/mem_reg_n_0_[20][10]
    SLICE_X111Y214       LUT6 (Prop_lut6_I5_O)        0.043    12.395 f  cv32e40p_core_ip/core_i/id_stage_i/register_file_i/alu_operand_a_ex_o[10]_i_24/O
                         net (fo=1, routed)           0.000    12.395    cv32e40p_core_ip/core_i/id_stage_i/register_file_i/alu_operand_a_ex_o[10]_i_24_n_0
    SLICE_X111Y214       MUXF7 (Prop_muxf7_I1_O)      0.108    12.503 f  cv32e40p_core_ip/core_i/id_stage_i/register_file_i/alu_operand_a_ex_o_reg[10]_i_18/O
                         net (fo=1, routed)           0.527    13.030    cv32e40p_core_ip/core_i/id_stage_i/register_file_i/alu_operand_a_ex_o_reg[10]_i_18_n_0
    SLICE_X114Y214       LUT6 (Prop_lut6_I1_O)        0.124    13.154 f  cv32e40p_core_ip/core_i/id_stage_i/register_file_i/alu_operand_a_ex_o[10]_i_12/O
                         net (fo=2, routed)           0.852    14.006    cv32e40p_core_ip/core_i/if_stage_i/prefetch_buffer_i/prefetch_controller_i/regfile_data_ra_id[10]
    SLICE_X118Y206       LUT4 (Prop_lut4_I3_O)        0.043    14.049 r  cv32e40p_core_ip/core_i/if_stage_i/prefetch_buffer_i/prefetch_controller_i/alu_operand_c_ex_o[11]_i_6/O
                         net (fo=1, routed)           0.000    14.049    cv32e40p_core_ip/core_i/if_stage_i/prefetch_buffer_i/prefetch_controller_i/alu_operand_c_ex_o[11]_i_6_n_0
    SLICE_X118Y206       CARRY4 (Prop_carry4_S[2]_CO[3])
                                                      0.183    14.232 r  cv32e40p_core_ip/core_i/if_stage_i/prefetch_buffer_i/prefetch_controller_i/alu_operand_c_ex_o_reg[11]_i_3/CO[3]
                         net (fo=1, routed)           0.000    14.232    cv32e40p_core_ip/core_i/if_stage_i/prefetch_buffer_i/prefetch_controller_i/alu_operand_c_ex_o_reg[11]_i_3_n_0
    SLICE_X118Y207       CARRY4 (Prop_carry4_CI_CO[3])
                                                      0.054    14.286 r  cv32e40p_core_ip/core_i/if_stage_i/prefetch_buffer_i/prefetch_controller_i/alu_operand_c_ex_o_reg[15]_i_3/CO[3]
                         net (fo=1, routed)           0.000    14.286    cv32e40p_core_ip/core_i/if_stage_i/prefetch_buffer_i/prefetch_controller_i/alu_operand_c_ex_o_reg[15]_i_3_n_0
    SLICE_X118Y208       CARRY4 (Prop_carry4_CI_O[2])
                                                      0.112    14.398 f  cv32e40p_core_ip/core_i/if_stage_i/prefetch_buffer_i/prefetch_controller_i/alu_operand_c_ex_o_reg[22]_i_4/O[2]
                         net (fo=2, routed)           0.706    15.104    cv32e40p_core_ip/core_i/id_stage_i/controller_i/jump_target_id[17]
    SLICE_X125Y209       LUT6 (Prop_lut6_I3_O)        0.127    15.231 f  cv32e40p_core_ip/core_i/id_stage_i/controller_i/trans_addr_q[18]_i_4/O
                         net (fo=1, routed)           0.730    15.961    cv32e40p_core_ip/core_i/id_stage_i/controller_i/trans_addr_q[18]_i_4_n_0
    SLICE_X122Y202       LUT4 (Prop_lut4_I2_O)        0.047    16.008 f  cv32e40p_core_ip/core_i/id_stage_i/controller_i/trans_addr_q[18]_i_3/O
                         net (fo=3, routed)           0.336    16.344    cv32e40p_core_ip/core_i/if_stage_i/prefetch_buffer_i/instruction_obi_i/gen_no_trans_stable.obi_addr_q_reg[18]_1
    SLICE_X122Y195       LUT4 (Prop_lut4_I2_O)        0.134    16.478 f  cv32e40p_core_ip/core_i/if_stage_i/prefetch_buffer_i/instruction_obi_i/gen_no_trans_stable.obi_addr_q[18]_i_2/O
                         net (fo=5, routed)           0.511    16.989    dcache/way1/ram_reg_0_2_0_2[13]
    SLICE_X130Y194       LUT6 (Prop_lut6_I5_O)        0.043    17.032 f  dcache/way1/ram_reg_0_2_0_i_2/O
                         net (fo=148, routed)         3.088    20.120    main_memory/ram_reg_0_2_0_1
    SLICE_X32Y217        LUT4 (Prop_lut4_I0_O)        0.051    20.171 r  main_memory/ram_reg_3_1_0_i_1/O
                         net (fo=1, routed)           0.622    20.793    main_memory/ram_reg_3_1_0_i_1_n_0
    RAMB36_X2Y44         RAMB36E1                                     r  main_memory/ram_reg_3_1_0/WEA[0]
  -------------------------------------------------------------------    -------------------

                         (clock clk_out5_clk_wiz_1_1 rise edge)
                                                      0.000     0.000 r  
    H9                                                0.000     0.000 r  clk_p (IN)
                         net (fo=0)                   0.000     0.000    u_pll/inst/clk_in1_p
    H9                   IBUFDS (Prop_ibufds_I_O)     0.778     0.778 r  u_pll/inst/clkin1_ibufgds/O
                         net (fo=1, routed)           0.986     1.764    u_pll/inst/clk_in1_clk_wiz_1
    MMCME2_ADV_X1Y5      MMCME2_ADV (Prop_mmcme2_adv_CLKIN1_CLKOUT4)
                                                     -6.516    -4.752 r  u_pll/inst/mmcm_adv_inst/CLKOUT4
                         net (fo=1, routed)           1.788    -2.964    u_pll/inst/clk_out5_clk_wiz_1
    BUFGCTRL_X0Y20       BUFG (Prop_bufg_I_O)         0.083    -2.881 r  u_pll/inst/clkout5_buf/O
                         net (fo=2471, routed)        1.253    -1.628    main_memory/clk_out5
    RAMB36_X2Y44         RAMB36E1                                     r  main_memory/ram_reg_3_1_0/CLKARDCLK

Slack:                    inf
  Source:                 rst_ni
                            (input port)
  Destination:            main_memory/ram_reg_1_1_4/ADDRARDADDR[7]
                            (rising edge-triggered cell RAMB36E1 clocked by clk_out5_clk_wiz_1_1  {rise@0.000ns fall@10.000ns period=20.000ns})
  Path Group:             (none)
  Path Type:              Setup (Max at Slow Process Corner)
  Data Path Delay:        20.730ns  (logic 3.285ns (15.849%)  route 17.445ns (84.151%))
  Logic Levels:           16  (CARRY4=3 IBUF=1 LDCE=1 LUT1=1 LUT3=1 LUT4=3 LUT5=2 LUT6=3 MUXF7=1)
  Clock Path Skew:        -1.566ns (DCD - SCD + CPR)
    Destination Clock Delay (DCD):    -1.566ns
    Source Clock Delay      (SCD):    0.000ns
    Clock Pessimism Removal (CPR):    0.000ns
  Clock Uncertainty:      0.168ns  ((TSJ^2 + DJ^2)^1/2) / 2 + PE
    Total System Jitter     (TSJ):    0.050ns
    Discrete Jitter          (DJ):    0.131ns
    Phase Error              (PE):    0.098ns

    Location             Delay type                Incr(ns)  Path(ns)    Netlist Resource(s)
  -------------------------------------------------------------------    -------------------
    AJ13                                              0.000     0.000 f  rst_ni (IN)
                         net (fo=0)                   0.000     0.000    rst_ni
    AJ13                 IBUF (Prop_ibuf_I_O)         1.338     1.338 f  rst_ni_IBUF_inst/O
                         net (fo=6, routed)           4.531     5.869    main_memory/rst_ni_IBUF
    SLICE_X107Y189       LUT3 (Prop_lut3_I2_O)        0.051     5.920 f  main_memory/rdirty_o_i_1__0/O
                         net (fo=232, routed)         2.004     7.924    main_memory/rst_n
    SLICE_X151Y192       LUT1 (Prop_lut1_I0_O)        0.148     8.072 r  main_memory/adr_r[28]_i_1/O
                         net (fo=2335, routed)        2.680    10.752    cv32e40p_core_ip/core_i/id_stage_i/register_file_i/wdata_a_q_reg[0]_0
    SLICE_X101Y205       LDCE (SetClr_ldce_CLR_Q)     0.556    11.308 f  cv32e40p_core_ip/core_i/id_stage_i/register_file_i/mem_reg[19][0]/Q
                         net (fo=2, routed)           0.818    12.126    cv32e40p_core_ip/core_i/id_stage_i/register_file_i/mem_reg_n_0_[19][0]
    SLICE_X99Y204        LUT6 (Prop_lut6_I0_O)        0.043    12.169 f  cv32e40p_core_ip/core_i/id_stage_i/register_file_i/alu_operand_a_ex_o[0]_i_25/O
                         net (fo=1, routed)           0.000    12.169    cv32e40p_core_ip/core_i/id_stage_i/register_file_i/alu_operand_a_ex_o[0]_i_25_n_0
    SLICE_X99Y204        MUXF7 (Prop_muxf7_I0_O)      0.120    12.289 f  cv32e40p_core_ip/core_i/id_stage_i/register_file_i/alu_operand_a_ex_o_reg[0]_i_12/O
                         net (fo=1, routed)           0.526    12.815    cv32e40p_core_ip/core_i/id_stage_i/register_file_i/alu_operand_a_ex_o_reg[0]_i_12_n_0
    SLICE_X100Y204       LUT6 (Prop_lut6_I1_O)        0.122    12.937 f  cv32e40p_core_ip/core_i/id_stage_i/register_file_i/alu_operand_a_ex_o[0]_i_6/O
                         net (fo=3, routed)           0.894    13.831    cv32e40p_core_ip/core_i/if_stage_i/prefetch_buffer_i/prefetch_controller_i/regfile_data_ra_id[0]
    SLICE_X118Y204       LUT5 (Prop_lut5_I3_O)        0.043    13.874 r  cv32e40p_core_ip/core_i/if_stage_i/prefetch_buffer_i/prefetch_controller_i/alu_operand_c_ex_o[3]_i_11/O
                         net (fo=1, routed)           0.000    13.874    cv32e40p_core_ip/core_i/if_stage_i/prefetch_buffer_i/prefetch_controller_i/alu_operand_c_ex_o[3]_i_11_n_0
    SLICE_X118Y204       CARRY4 (Prop_carry4_S[0]_CO[3])
                                                      0.246    14.120 r  cv32e40p_core_ip/core_i/if_stage_i/prefetch_buffer_i/prefetch_controller_i/alu_operand_c_ex_o_reg[3]_i_3/CO[3]
                         net (fo=1, routed)           0.000    14.120    cv32e40p_core_ip/core_i/if_stage_i/prefetch_buffer_i/prefetch_controller_i/alu_operand_c_ex_o_reg[3]_i_3_n_0
    SLICE_X118Y205       CARRY4 (Prop_carry4_CI_CO[3])
                                                      0.054    14.174 r  cv32e40p_core_ip/core_i/if_stage_i/prefetch_buffer_i/prefetch_controller_i/alu_operand_c_ex_o_reg[5]_i_3/CO[3]
                         net (fo=1, routed)           0.000    14.174    cv32e40p_core_ip/core_i/if_stage_i/prefetch_buffer_i/prefetch_controller_i/alu_operand_c_ex_o_reg[5]_i_3_n_0
    SLICE_X118Y206       CARRY4 (Prop_carry4_CI_O[1])
                                                      0.165    14.339 r  cv32e40p_core_ip/core_i/if_stage_i/prefetch_buffer_i/prefetch_controller_i/alu_operand_c_ex_o_reg[11]_i_3/O[1]
                         net (fo=2, routed)           0.594    14.933    cv32e40p_core_ip/core_i/id_stage_i/controller_i/jump_target_id[8]
    SLICE_X125Y206       LUT6 (Prop_lut6_I3_O)        0.125    15.058 r  cv32e40p_core_ip/core_i/id_stage_i/controller_i/trans_addr_q[9]_i_3/O
                         net (fo=1, routed)           0.489    15.547    cv32e40p_core_ip/core_i/id_stage_i/controller_i/trans_addr_q[9]_i_3_n_0
    SLICE_X125Y201       LUT4 (Prop_lut4_I2_O)        0.043    15.590 r  cv32e40p_core_ip/core_i/id_stage_i/controller_i/trans_addr_q[9]_i_2/O
                         net (fo=3, routed)           0.579    16.169    cv32e40p_core_ip/core_i/if_stage_i/prefetch_buffer_i/instruction_obi_i/gen_no_trans_stable.obi_addr_q_reg[9]_0
    SLICE_X119Y194       LUT4 (Prop_lut4_I2_O)        0.043    16.212 r  cv32e40p_core_ip/core_i/if_stage_i/prefetch_buffer_i/instruction_obi_i/gen_no_trans_stable.obi_addr_q[9]_i_1/O
                         net (fo=7, routed)           0.583    16.795    dcache/way1/ram_reg_0_2_0_2[4]
    SLICE_X108Y190       LUT5 (Prop_lut5_I4_O)        0.052    16.847 r  dcache/way1/ram_reg_1_0_4_i_25/O
                         net (fo=25, routed)          0.515    17.362    main_memory/ram_reg_2_1_1_0[7]
    SLICE_X101Y189       LUT4 (Prop_lut4_I0_O)        0.136    17.498 r  main_memory/ram_reg_1_0_4_i_9/O
                         net (fo=24, routed)          3.232    20.730    main_memory/ram_reg_1_0_4_i_9_n_0
    RAMB36_X6Y45         RAMB36E1                                     r  main_memory/ram_reg_1_1_4/ADDRARDADDR[7]
  -------------------------------------------------------------------    -------------------

                         (clock clk_out5_clk_wiz_1_1 rise edge)
                                                      0.000     0.000 r  
    H9                                                0.000     0.000 r  clk_p (IN)
                         net (fo=0)                   0.000     0.000    u_pll/inst/clk_in1_p
    H9                   IBUFDS (Prop_ibufds_I_O)     0.778     0.778 r  u_pll/inst/clkin1_ibufgds/O
                         net (fo=1, routed)           0.986     1.764    u_pll/inst/clk_in1_clk_wiz_1
    MMCME2_ADV_X1Y5      MMCME2_ADV (Prop_mmcme2_adv_CLKIN1_CLKOUT4)
                                                     -6.516    -4.752 r  u_pll/inst/mmcm_adv_inst/CLKOUT4
                         net (fo=1, routed)           1.788    -2.964    u_pll/inst/clk_out5_clk_wiz_1
    BUFGCTRL_X0Y20       BUFG (Prop_bufg_I_O)         0.083    -2.881 r  u_pll/inst/clkout5_buf/O
                         net (fo=2471, routed)        1.315    -1.566    main_memory/clk_out5
    RAMB36_X6Y45         RAMB36E1                                     r  main_memory/ram_reg_1_1_4/CLKARDCLK

Slack:                    inf
  Source:                 rst_ni
                            (input port)
  Destination:            main_memory/ram_reg_1_2_0/ENARDEN
                            (rising edge-triggered cell RAMB36E1 clocked by clk_out5_clk_wiz_1_1  {rise@0.000ns fall@10.000ns period=20.000ns})
  Path Group:             (none)
  Path Type:              Setup (Max at Slow Process Corner)
  Data Path Delay:        20.703ns  (logic 3.154ns (15.236%)  route 17.549ns (84.764%))
  Logic Levels:           16  (CARRY4=3 IBUF=1 LDCE=1 LUT1=1 LUT3=1 LUT4=3 LUT6=5 MUXF7=1)
  Clock Path Skew:        -1.668ns (DCD - SCD + CPR)
    Destination Clock Delay (DCD):    -1.668ns
    Source Clock Delay      (SCD):    0.000ns
    Clock Pessimism Removal (CPR):    0.000ns
  Clock Uncertainty:      0.168ns  ((TSJ^2 + DJ^2)^1/2) / 2 + PE
    Total System Jitter     (TSJ):    0.050ns
    Discrete Jitter          (DJ):    0.131ns
    Phase Error              (PE):    0.098ns

    Location             Delay type                Incr(ns)  Path(ns)    Netlist Resource(s)
  -------------------------------------------------------------------    -------------------
    AJ13                                              0.000     0.000 f  rst_ni (IN)
                         net (fo=0)                   0.000     0.000    rst_ni
    AJ13                 IBUF (Prop_ibuf_I_O)         1.338     1.338 f  rst_ni_IBUF_inst/O
                         net (fo=6, routed)           4.531     5.869    main_memory/rst_ni_IBUF
    SLICE_X107Y189       LUT3 (Prop_lut3_I2_O)        0.051     5.920 f  main_memory/rdirty_o_i_1__0/O
                         net (fo=232, routed)         2.004     7.924    main_memory/rst_n
    SLICE_X151Y192       LUT1 (Prop_lut1_I0_O)        0.148     8.072 r  main_memory/adr_r[28]_i_1/O
                         net (fo=2335, routed)        3.164    11.236    cv32e40p_core_ip/core_i/id_stage_i/register_file_i/wdata_a_q_reg[0]_0
    SLICE_X109Y216       LDCE (SetClr_ldce_CLR_Q)     0.556    11.792 f  cv32e40p_core_ip/core_i/id_stage_i/register_file_i/mem_reg[20][10]/Q
                         net (fo=2, routed)           0.559    12.352    cv32e40p_core_ip/core_i/id_stage_i/register_file_i/mem_reg_n_0_[20][10]
    SLICE_X111Y214       LUT6 (Prop_lut6_I5_O)        0.043    12.395 f  cv32e40p_core_ip/core_i/id_stage_i/register_file_i/alu_operand_a_ex_o[10]_i_24/O
                         net (fo=1, routed)           0.000    12.395    cv32e40p_core_ip/core_i/id_stage_i/register_file_i/alu_operand_a_ex_o[10]_i_24_n_0
    SLICE_X111Y214       MUXF7 (Prop_muxf7_I1_O)      0.108    12.503 f  cv32e40p_core_ip/core_i/id_stage_i/register_file_i/alu_operand_a_ex_o_reg[10]_i_18/O
                         net (fo=1, routed)           0.527    13.030    cv32e40p_core_ip/core_i/id_stage_i/register_file_i/alu_operand_a_ex_o_reg[10]_i_18_n_0
    SLICE_X114Y214       LUT6 (Prop_lut6_I1_O)        0.124    13.154 f  cv32e40p_core_ip/core_i/id_stage_i/register_file_i/alu_operand_a_ex_o[10]_i_12/O
                         net (fo=2, routed)           0.852    14.006    cv32e40p_core_ip/core_i/if_stage_i/prefetch_buffer_i/prefetch_controller_i/regfile_data_ra_id[10]
    SLICE_X118Y206       LUT4 (Prop_lut4_I3_O)        0.043    14.049 r  cv32e40p_core_ip/core_i/if_stage_i/prefetch_buffer_i/prefetch_controller_i/alu_operand_c_ex_o[11]_i_6/O
                         net (fo=1, routed)           0.000    14.049    cv32e40p_core_ip/core_i/if_stage_i/prefetch_buffer_i/prefetch_controller_i/alu_operand_c_ex_o[11]_i_6_n_0
    SLICE_X118Y206       CARRY4 (Prop_carry4_S[2]_CO[3])
                                                      0.183    14.232 r  cv32e40p_core_ip/core_i/if_stage_i/prefetch_buffer_i/prefetch_controller_i/alu_operand_c_ex_o_reg[11]_i_3/CO[3]
                         net (fo=1, routed)           0.000    14.232    cv32e40p_core_ip/core_i/if_stage_i/prefetch_buffer_i/prefetch_controller_i/alu_operand_c_ex_o_reg[11]_i_3_n_0
    SLICE_X118Y207       CARRY4 (Prop_carry4_CI_CO[3])
                                                      0.054    14.286 r  cv32e40p_core_ip/core_i/if_stage_i/prefetch_buffer_i/prefetch_controller_i/alu_operand_c_ex_o_reg[15]_i_3/CO[3]
                         net (fo=1, routed)           0.000    14.286    cv32e40p_core_ip/core_i/if_stage_i/prefetch_buffer_i/prefetch_controller_i/alu_operand_c_ex_o_reg[15]_i_3_n_0
    SLICE_X118Y208       CARRY4 (Prop_carry4_CI_O[2])
                                                      0.112    14.398 r  cv32e40p_core_ip/core_i/if_stage_i/prefetch_buffer_i/prefetch_controller_i/alu_operand_c_ex_o_reg[22]_i_4/O[2]
                         net (fo=2, routed)           0.706    15.104    cv32e40p_core_ip/core_i/id_stage_i/controller_i/jump_target_id[17]
    SLICE_X125Y209       LUT6 (Prop_lut6_I3_O)        0.127    15.231 r  cv32e40p_core_ip/core_i/id_stage_i/controller_i/trans_addr_q[18]_i_4/O
                         net (fo=1, routed)           0.730    15.961    cv32e40p_core_ip/core_i/id_stage_i/controller_i/trans_addr_q[18]_i_4_n_0
    SLICE_X122Y202       LUT4 (Prop_lut4_I2_O)        0.047    16.008 r  cv32e40p_core_ip/core_i/id_stage_i/controller_i/trans_addr_q[18]_i_3/O
                         net (fo=3, routed)           0.336    16.344    cv32e40p_core_ip/core_i/if_stage_i/prefetch_buffer_i/instruction_obi_i/gen_no_trans_stable.obi_addr_q_reg[18]_1
    SLICE_X122Y195       LUT4 (Prop_lut4_I2_O)        0.134    16.478 r  cv32e40p_core_ip/core_i/if_stage_i/prefetch_buffer_i/instruction_obi_i/gen_no_trans_stable.obi_addr_q[18]_i_2/O
                         net (fo=5, routed)           0.379    16.857    dcache/way1/ram_reg_0_2_0_2[13]
    SLICE_X130Y194       LUT6 (Prop_lut6_I5_O)        0.043    16.900 r  dcache/way1/ram_reg_3_2_0_i_1/O
                         net (fo=19, routed)          0.887    17.787    dcache/way1/mem_addr[13]
    SLICE_X95Y190        LUT6 (Prop_lut6_I0_O)        0.043    17.830 r  dcache/way1/ram_reg_0_2_0_i_1/O
                         net (fo=64, routed)          2.874    20.703    main_memory/ram_reg_0_2_0_0
    RAMB36_X7Y26         RAMB36E1                                     r  main_memory/ram_reg_1_2_0/ENARDEN
  -------------------------------------------------------------------    -------------------

                         (clock clk_out5_clk_wiz_1_1 rise edge)
                                                      0.000     0.000 r  
    H9                                                0.000     0.000 r  clk_p (IN)
                         net (fo=0)                   0.000     0.000    u_pll/inst/clk_in1_p
    H9                   IBUFDS (Prop_ibufds_I_O)     0.778     0.778 r  u_pll/inst/clkin1_ibufgds/O
                         net (fo=1, routed)           0.986     1.764    u_pll/inst/clk_in1_clk_wiz_1
    MMCME2_ADV_X1Y5      MMCME2_ADV (Prop_mmcme2_adv_CLKIN1_CLKOUT4)
                                                     -6.516    -4.752 r  u_pll/inst/mmcm_adv_inst/CLKOUT4
                         net (fo=1, routed)           1.788    -2.964    u_pll/inst/clk_out5_clk_wiz_1
    BUFGCTRL_X0Y20       BUFG (Prop_bufg_I_O)         0.083    -2.881 r  u_pll/inst/clkout5_buf/O
                         net (fo=2471, routed)        1.213    -1.668    main_memory/clk_out5
    RAMB36_X7Y26         RAMB36E1                                     r  main_memory/ram_reg_1_2_0/CLKARDCLK

Slack:                    inf
  Source:                 rst_ni
                            (input port)
  Destination:            main_memory/ram_reg_3_1_6/WEA[0]
                            (rising edge-triggered cell RAMB36E1 clocked by clk_out5_clk_wiz_1_1  {rise@0.000ns fall@10.000ns period=20.000ns})
  Path Group:             (none)
  Path Type:              Setup (Max at Slow Process Corner)
  Data Path Delay:        20.686ns  (logic 3.158ns (15.268%)  route 17.528ns (84.732%))
  Logic Levels:           16  (CARRY4=3 IBUF=1 LDCE=1 LUT1=1 LUT3=1 LUT4=4 LUT6=4 MUXF7=1)
  Clock Path Skew:        -1.751ns (DCD - SCD + CPR)
    Destination Clock Delay (DCD):    -1.751ns
    Source Clock Delay      (SCD):    0.000ns
    Clock Pessimism Removal (CPR):    0.000ns
  Clock Uncertainty:      0.168ns  ((TSJ^2 + DJ^2)^1/2) / 2 + PE
    Total System Jitter     (TSJ):    0.050ns
    Discrete Jitter          (DJ):    0.131ns
    Phase Error              (PE):    0.098ns

    Location             Delay type                Incr(ns)  Path(ns)    Netlist Resource(s)
  -------------------------------------------------------------------    -------------------
    AJ13                                              0.000     0.000 f  rst_ni (IN)
                         net (fo=0)                   0.000     0.000    rst_ni
    AJ13                 IBUF (Prop_ibuf_I_O)         1.338     1.338 f  rst_ni_IBUF_inst/O
                         net (fo=6, routed)           4.531     5.869    main_memory/rst_ni_IBUF
    SLICE_X107Y189       LUT3 (Prop_lut3_I2_O)        0.051     5.920 f  main_memory/rdirty_o_i_1__0/O
                         net (fo=232, routed)         2.004     7.924    main_memory/rst_n
    SLICE_X151Y192       LUT1 (Prop_lut1_I0_O)        0.148     8.072 r  main_memory/adr_r[28]_i_1/O
                         net (fo=2335, routed)        3.164    11.236    cv32e40p_core_ip/core_i/id_stage_i/register_file_i/wdata_a_q_reg[0]_0
    SLICE_X109Y216       LDCE (SetClr_ldce_CLR_Q)     0.556    11.792 f  cv32e40p_core_ip/core_i/id_stage_i/register_file_i/mem_reg[20][10]/Q
                         net (fo=2, routed)           0.559    12.352    cv32e40p_core_ip/core_i/id_stage_i/register_file_i/mem_reg_n_0_[20][10]
    SLICE_X111Y214       LUT6 (Prop_lut6_I5_O)        0.043    12.395 f  cv32e40p_core_ip/core_i/id_stage_i/register_file_i/alu_operand_a_ex_o[10]_i_24/O
                         net (fo=1, routed)           0.000    12.395    cv32e40p_core_ip/core_i/id_stage_i/register_file_i/alu_operand_a_ex_o[10]_i_24_n_0
    SLICE_X111Y214       MUXF7 (Prop_muxf7_I1_O)      0.108    12.503 f  cv32e40p_core_ip/core_i/id_stage_i/register_file_i/alu_operand_a_ex_o_reg[10]_i_18/O
                         net (fo=1, routed)           0.527    13.030    cv32e40p_core_ip/core_i/id_stage_i/register_file_i/alu_operand_a_ex_o_reg[10]_i_18_n_0
    SLICE_X114Y214       LUT6 (Prop_lut6_I1_O)        0.124    13.154 f  cv32e40p_core_ip/core_i/id_stage_i/register_file_i/alu_operand_a_ex_o[10]_i_12/O
                         net (fo=2, routed)           0.852    14.006    cv32e40p_core_ip/core_i/if_stage_i/prefetch_buffer_i/prefetch_controller_i/regfile_data_ra_id[10]
    SLICE_X118Y206       LUT4 (Prop_lut4_I3_O)        0.043    14.049 r  cv32e40p_core_ip/core_i/if_stage_i/prefetch_buffer_i/prefetch_controller_i/alu_operand_c_ex_o[11]_i_6/O
                         net (fo=1, routed)           0.000    14.049    cv32e40p_core_ip/core_i/if_stage_i/prefetch_buffer_i/prefetch_controller_i/alu_operand_c_ex_o[11]_i_6_n_0
    SLICE_X118Y206       CARRY4 (Prop_carry4_S[2]_CO[3])
                                                      0.183    14.232 r  cv32e40p_core_ip/core_i/if_stage_i/prefetch_buffer_i/prefetch_controller_i/alu_operand_c_ex_o_reg[11]_i_3/CO[3]
                         net (fo=1, routed)           0.000    14.232    cv32e40p_core_ip/core_i/if_stage_i/prefetch_buffer_i/prefetch_controller_i/alu_operand_c_ex_o_reg[11]_i_3_n_0
    SLICE_X118Y207       CARRY4 (Prop_carry4_CI_CO[3])
                                                      0.054    14.286 r  cv32e40p_core_ip/core_i/if_stage_i/prefetch_buffer_i/prefetch_controller_i/alu_operand_c_ex_o_reg[15]_i_3/CO[3]
                         net (fo=1, routed)           0.000    14.286    cv32e40p_core_ip/core_i/if_stage_i/prefetch_buffer_i/prefetch_controller_i/alu_operand_c_ex_o_reg[15]_i_3_n_0
    SLICE_X118Y208       CARRY4 (Prop_carry4_CI_O[2])
                                                      0.112    14.398 f  cv32e40p_core_ip/core_i/if_stage_i/prefetch_buffer_i/prefetch_controller_i/alu_operand_c_ex_o_reg[22]_i_4/O[2]
                         net (fo=2, routed)           0.706    15.104    cv32e40p_core_ip/core_i/id_stage_i/controller_i/jump_target_id[17]
    SLICE_X125Y209       LUT6 (Prop_lut6_I3_O)        0.127    15.231 f  cv32e40p_core_ip/core_i/id_stage_i/controller_i/trans_addr_q[18]_i_4/O
                         net (fo=1, routed)           0.730    15.961    cv32e40p_core_ip/core_i/id_stage_i/controller_i/trans_addr_q[18]_i_4_n_0
    SLICE_X122Y202       LUT4 (Prop_lut4_I2_O)        0.047    16.008 f  cv32e40p_core_ip/core_i/id_stage_i/controller_i/trans_addr_q[18]_i_3/O
                         net (fo=3, routed)           0.336    16.344    cv32e40p_core_ip/core_i/if_stage_i/prefetch_buffer_i/instruction_obi_i/gen_no_trans_stable.obi_addr_q_reg[18]_1
    SLICE_X122Y195       LUT4 (Prop_lut4_I2_O)        0.134    16.478 f  cv32e40p_core_ip/core_i/if_stage_i/prefetch_buffer_i/instruction_obi_i/gen_no_trans_stable.obi_addr_q[18]_i_2/O
                         net (fo=5, routed)           0.511    16.989    dcache/way1/ram_reg_0_2_0_2[13]
    SLICE_X130Y194       LUT6 (Prop_lut6_I5_O)        0.043    17.032 f  dcache/way1/ram_reg_0_2_0_i_2/O
                         net (fo=148, routed)         3.005    20.037    main_memory/ram_reg_0_2_0_1
    SLICE_X32Y178        LUT4 (Prop_lut4_I0_O)        0.047    20.084 r  main_memory/ram_reg_3_1_6_i_1/O
                         net (fo=1, routed)           0.602    20.686    main_memory/ram_reg_3_1_6_i_1_n_0
    RAMB36_X2Y36         RAMB36E1                                     r  main_memory/ram_reg_3_1_6/WEA[0]
  -------------------------------------------------------------------    -------------------

                         (clock clk_out5_clk_wiz_1_1 rise edge)
                                                      0.000     0.000 r  
    H9                                                0.000     0.000 r  clk_p (IN)
                         net (fo=0)                   0.000     0.000    u_pll/inst/clk_in1_p
    H9                   IBUFDS (Prop_ibufds_I_O)     0.778     0.778 r  u_pll/inst/clkin1_ibufgds/O
                         net (fo=1, routed)           0.986     1.764    u_pll/inst/clk_in1_clk_wiz_1
    MMCME2_ADV_X1Y5      MMCME2_ADV (Prop_mmcme2_adv_CLKIN1_CLKOUT4)
                                                     -6.516    -4.752 r  u_pll/inst/mmcm_adv_inst/CLKOUT4
                         net (fo=1, routed)           1.788    -2.964    u_pll/inst/clk_out5_clk_wiz_1
    BUFGCTRL_X0Y20       BUFG (Prop_bufg_I_O)         0.083    -2.881 r  u_pll/inst/clkout5_buf/O
                         net (fo=2471, routed)        1.130    -1.751    main_memory/clk_out5
    RAMB36_X2Y36         RAMB36E1                                     r  main_memory/ram_reg_3_1_6/CLKARDCLK

Slack:                    inf
  Source:                 rst_ni
                            (input port)
  Destination:            main_memory/ram_reg_1_3_0/ENARDEN
                            (rising edge-triggered cell RAMB36E1 clocked by clk_out5_clk_wiz_1_1  {rise@0.000ns fall@10.000ns period=20.000ns})
  Path Group:             (none)
  Path Type:              Setup (Max at Slow Process Corner)
  Data Path Delay:        20.670ns  (logic 3.154ns (15.261%)  route 17.515ns (84.739%))
  Logic Levels:           16  (CARRY4=3 IBUF=1 LDCE=1 LUT1=1 LUT3=1 LUT4=3 LUT6=5 MUXF7=1)
  Clock Path Skew:        -1.665ns (DCD - SCD + CPR)
    Destination Clock Delay (DCD):    -1.665ns
    Source Clock Delay      (SCD):    0.000ns
    Clock Pessimism Removal (CPR):    0.000ns
  Clock Uncertainty:      0.168ns  ((TSJ^2 + DJ^2)^1/2) / 2 + PE
    Total System Jitter     (TSJ):    0.050ns
    Discrete Jitter          (DJ):    0.131ns
    Phase Error              (PE):    0.098ns

    Location             Delay type                Incr(ns)  Path(ns)    Netlist Resource(s)
  -------------------------------------------------------------------    -------------------
    AJ13                                              0.000     0.000 f  rst_ni (IN)
                         net (fo=0)                   0.000     0.000    rst_ni
    AJ13                 IBUF (Prop_ibuf_I_O)         1.338     1.338 f  rst_ni_IBUF_inst/O
                         net (fo=6, routed)           4.531     5.869    main_memory/rst_ni_IBUF
    SLICE_X107Y189       LUT3 (Prop_lut3_I2_O)        0.051     5.920 f  main_memory/rdirty_o_i_1__0/O
                         net (fo=232, routed)         2.004     7.924    main_memory/rst_n
    SLICE_X151Y192       LUT1 (Prop_lut1_I0_O)        0.148     8.072 r  main_memory/adr_r[28]_i_1/O
                         net (fo=2335, routed)        3.164    11.236    cv32e40p_core_ip/core_i/id_stage_i/register_file_i/wdata_a_q_reg[0]_0
    SLICE_X109Y216       LDCE (SetClr_ldce_CLR_Q)     0.556    11.792 f  cv32e40p_core_ip/core_i/id_stage_i/register_file_i/mem_reg[20][10]/Q
                         net (fo=2, routed)           0.559    12.352    cv32e40p_core_ip/core_i/id_stage_i/register_file_i/mem_reg_n_0_[20][10]
    SLICE_X111Y214       LUT6 (Prop_lut6_I5_O)        0.043    12.395 f  cv32e40p_core_ip/core_i/id_stage_i/register_file_i/alu_operand_a_ex_o[10]_i_24/O
                         net (fo=1, routed)           0.000    12.395    cv32e40p_core_ip/core_i/id_stage_i/register_file_i/alu_operand_a_ex_o[10]_i_24_n_0
    SLICE_X111Y214       MUXF7 (Prop_muxf7_I1_O)      0.108    12.503 f  cv32e40p_core_ip/core_i/id_stage_i/register_file_i/alu_operand_a_ex_o_reg[10]_i_18/O
                         net (fo=1, routed)           0.527    13.030    cv32e40p_core_ip/core_i/id_stage_i/register_file_i/alu_operand_a_ex_o_reg[10]_i_18_n_0
    SLICE_X114Y214       LUT6 (Prop_lut6_I1_O)        0.124    13.154 f  cv32e40p_core_ip/core_i/id_stage_i/register_file_i/alu_operand_a_ex_o[10]_i_12/O
                         net (fo=2, routed)           0.852    14.006    cv32e40p_core_ip/core_i/if_stage_i/prefetch_buffer_i/prefetch_controller_i/regfile_data_ra_id[10]
    SLICE_X118Y206       LUT4 (Prop_lut4_I3_O)        0.043    14.049 r  cv32e40p_core_ip/core_i/if_stage_i/prefetch_buffer_i/prefetch_controller_i/alu_operand_c_ex_o[11]_i_6/O
                         net (fo=1, routed)           0.000    14.049    cv32e40p_core_ip/core_i/if_stage_i/prefetch_buffer_i/prefetch_controller_i/alu_operand_c_ex_o[11]_i_6_n_0
    SLICE_X118Y206       CARRY4 (Prop_carry4_S[2]_CO[3])
                                                      0.183    14.232 r  cv32e40p_core_ip/core_i/if_stage_i/prefetch_buffer_i/prefetch_controller_i/alu_operand_c_ex_o_reg[11]_i_3/CO[3]
                         net (fo=1, routed)           0.000    14.232    cv32e40p_core_ip/core_i/if_stage_i/prefetch_buffer_i/prefetch_controller_i/alu_operand_c_ex_o_reg[11]_i_3_n_0
    SLICE_X118Y207       CARRY4 (Prop_carry4_CI_CO[3])
                                                      0.054    14.286 r  cv32e40p_core_ip/core_i/if_stage_i/prefetch_buffer_i/prefetch_controller_i/alu_operand_c_ex_o_reg[15]_i_3/CO[3]
                         net (fo=1, routed)           0.000    14.286    cv32e40p_core_ip/core_i/if_stage_i/prefetch_buffer_i/prefetch_controller_i/alu_operand_c_ex_o_reg[15]_i_3_n_0
    SLICE_X118Y208       CARRY4 (Prop_carry4_CI_O[2])
                                                      0.112    14.398 r  cv32e40p_core_ip/core_i/if_stage_i/prefetch_buffer_i/prefetch_controller_i/alu_operand_c_ex_o_reg[22]_i_4/O[2]
                         net (fo=2, routed)           0.706    15.104    cv32e40p_core_ip/core_i/id_stage_i/controller_i/jump_target_id[17]
    SLICE_X125Y209       LUT6 (Prop_lut6_I3_O)        0.127    15.231 r  cv32e40p_core_ip/core_i/id_stage_i/controller_i/trans_addr_q[18]_i_4/O
                         net (fo=1, routed)           0.730    15.961    cv32e40p_core_ip/core_i/id_stage_i/controller_i/trans_addr_q[18]_i_4_n_0
    SLICE_X122Y202       LUT4 (Prop_lut4_I2_O)        0.047    16.008 r  cv32e40p_core_ip/core_i/id_stage_i/controller_i/trans_addr_q[18]_i_3/O
                         net (fo=3, routed)           0.336    16.344    cv32e40p_core_ip/core_i/if_stage_i/prefetch_buffer_i/instruction_obi_i/gen_no_trans_stable.obi_addr_q_reg[18]_1
    SLICE_X122Y195       LUT4 (Prop_lut4_I2_O)        0.134    16.478 r  cv32e40p_core_ip/core_i/if_stage_i/prefetch_buffer_i/instruction_obi_i/gen_no_trans_stable.obi_addr_q[18]_i_2/O
                         net (fo=5, routed)           0.379    16.857    dcache/way1/ram_reg_0_2_0_2[13]
    SLICE_X130Y194       LUT6 (Prop_lut6_I5_O)        0.043    16.900 r  dcache/way1/ram_reg_3_2_0_i_1/O
                         net (fo=19, routed)          0.887    17.787    dcache/way1/mem_addr[13]
    SLICE_X95Y190        LUT6 (Prop_lut6_I0_O)        0.043    17.830 r  dcache/way1/ram_reg_0_2_0_i_1/O
                         net (fo=64, routed)          2.840    20.670    main_memory/ram_reg_0_2_0_0
    RAMB36_X7Y27         RAMB36E1                                     r  main_memory/ram_reg_1_3_0/ENARDEN
  -------------------------------------------------------------------    -------------------

                         (clock clk_out5_clk_wiz_1_1 rise edge)
                                                      0.000     0.000 r  
    H9                                                0.000     0.000 r  clk_p (IN)
                         net (fo=0)                   0.000     0.000    u_pll/inst/clk_in1_p
    H9                   IBUFDS (Prop_ibufds_I_O)     0.778     0.778 r  u_pll/inst/clkin1_ibufgds/O
                         net (fo=1, routed)           0.986     1.764    u_pll/inst/clk_in1_clk_wiz_1
    MMCME2_ADV_X1Y5      MMCME2_ADV (Prop_mmcme2_adv_CLKIN1_CLKOUT4)
                                                     -6.516    -4.752 r  u_pll/inst/mmcm_adv_inst/CLKOUT4
                         net (fo=1, routed)           1.788    -2.964    u_pll/inst/clk_out5_clk_wiz_1
    BUFGCTRL_X0Y20       BUFG (Prop_bufg_I_O)         0.083    -2.881 r  u_pll/inst/clkout5_buf/O
                         net (fo=2471, routed)        1.216    -1.665    main_memory/clk_out5
    RAMB36_X7Y27         RAMB36E1                                     r  main_memory/ram_reg_1_3_0/CLKARDCLK

Slack:                    inf
  Source:                 rst_ni
                            (input port)
  Destination:            main_memory/ram_reg_3_1_3/WEA[0]
                            (rising edge-triggered cell RAMB36E1 clocked by clk_out5_clk_wiz_1_1  {rise@0.000ns fall@10.000ns period=20.000ns})
  Path Group:             (none)
  Path Type:              Setup (Max at Slow Process Corner)
  Data Path Delay:        20.644ns  (logic 3.154ns (15.281%)  route 17.489ns (84.719%))
  Logic Levels:           16  (CARRY4=3 IBUF=1 LDCE=1 LUT1=1 LUT3=1 LUT4=4 LUT6=4 MUXF7=1)
  Clock Path Skew:        -1.556ns (DCD - SCD + CPR)
    Destination Clock Delay (DCD):    -1.556ns
    Source Clock Delay      (SCD):    0.000ns
    Clock Pessimism Removal (CPR):    0.000ns
  Clock Uncertainty:      0.168ns  ((TSJ^2 + DJ^2)^1/2) / 2 + PE
    Total System Jitter     (TSJ):    0.050ns
    Discrete Jitter          (DJ):    0.131ns
    Phase Error              (PE):    0.098ns

    Location             Delay type                Incr(ns)  Path(ns)    Netlist Resource(s)
  -------------------------------------------------------------------    -------------------
    AJ13                                              0.000     0.000 f  rst_ni (IN)
                         net (fo=0)                   0.000     0.000    rst_ni
    AJ13                 IBUF (Prop_ibuf_I_O)         1.338     1.338 f  rst_ni_IBUF_inst/O
                         net (fo=6, routed)           4.531     5.869    main_memory/rst_ni_IBUF
    SLICE_X107Y189       LUT3 (Prop_lut3_I2_O)        0.051     5.920 f  main_memory/rdirty_o_i_1__0/O
                         net (fo=232, routed)         2.004     7.924    main_memory/rst_n
    SLICE_X151Y192       LUT1 (Prop_lut1_I0_O)        0.148     8.072 r  main_memory/adr_r[28]_i_1/O
                         net (fo=2335, routed)        3.164    11.236    cv32e40p_core_ip/core_i/id_stage_i/register_file_i/wdata_a_q_reg[0]_0
    SLICE_X109Y216       LDCE (SetClr_ldce_CLR_Q)     0.556    11.792 f  cv32e40p_core_ip/core_i/id_stage_i/register_file_i/mem_reg[20][10]/Q
                         net (fo=2, routed)           0.559    12.352    cv32e40p_core_ip/core_i/id_stage_i/register_file_i/mem_reg_n_0_[20][10]
    SLICE_X111Y214       LUT6 (Prop_lut6_I5_O)        0.043    12.395 f  cv32e40p_core_ip/core_i/id_stage_i/register_file_i/alu_operand_a_ex_o[10]_i_24/O
                         net (fo=1, routed)           0.000    12.395    cv32e40p_core_ip/core_i/id_stage_i/register_file_i/alu_operand_a_ex_o[10]_i_24_n_0
    SLICE_X111Y214       MUXF7 (Prop_muxf7_I1_O)      0.108    12.503 f  cv32e40p_core_ip/core_i/id_stage_i/register_file_i/alu_operand_a_ex_o_reg[10]_i_18/O
                         net (fo=1, routed)           0.527    13.030    cv32e40p_core_ip/core_i/id_stage_i/register_file_i/alu_operand_a_ex_o_reg[10]_i_18_n_0
    SLICE_X114Y214       LUT6 (Prop_lut6_I1_O)        0.124    13.154 f  cv32e40p_core_ip/core_i/id_stage_i/register_file_i/alu_operand_a_ex_o[10]_i_12/O
                         net (fo=2, routed)           0.852    14.006    cv32e40p_core_ip/core_i/if_stage_i/prefetch_buffer_i/prefetch_controller_i/regfile_data_ra_id[10]
    SLICE_X118Y206       LUT4 (Prop_lut4_I3_O)        0.043    14.049 r  cv32e40p_core_ip/core_i/if_stage_i/prefetch_buffer_i/prefetch_controller_i/alu_operand_c_ex_o[11]_i_6/O
                         net (fo=1, routed)           0.000    14.049    cv32e40p_core_ip/core_i/if_stage_i/prefetch_buffer_i/prefetch_controller_i/alu_operand_c_ex_o[11]_i_6_n_0
    SLICE_X118Y206       CARRY4 (Prop_carry4_S[2]_CO[3])
                                                      0.183    14.232 r  cv32e40p_core_ip/core_i/if_stage_i/prefetch_buffer_i/prefetch_controller_i/alu_operand_c_ex_o_reg[11]_i_3/CO[3]
                         net (fo=1, routed)           0.000    14.232    cv32e40p_core_ip/core_i/if_stage_i/prefetch_buffer_i/prefetch_controller_i/alu_operand_c_ex_o_reg[11]_i_3_n_0
    SLICE_X118Y207       CARRY4 (Prop_carry4_CI_CO[3])
                                                      0.054    14.286 r  cv32e40p_core_ip/core_i/if_stage_i/prefetch_buffer_i/prefetch_controller_i/alu_operand_c_ex_o_reg[15]_i_3/CO[3]
                         net (fo=1, routed)           0.000    14.286    cv32e40p_core_ip/core_i/if_stage_i/prefetch_buffer_i/prefetch_controller_i/alu_operand_c_ex_o_reg[15]_i_3_n_0
    SLICE_X118Y208       CARRY4 (Prop_carry4_CI_O[2])
                                                      0.112    14.398 f  cv32e40p_core_ip/core_i/if_stage_i/prefetch_buffer_i/prefetch_controller_i/alu_operand_c_ex_o_reg[22]_i_4/O[2]
                         net (fo=2, routed)           0.706    15.104    cv32e40p_core_ip/core_i/id_stage_i/controller_i/jump_target_id[17]
    SLICE_X125Y209       LUT6 (Prop_lut6_I3_O)        0.127    15.231 f  cv32e40p_core_ip/core_i/id_stage_i/controller_i/trans_addr_q[18]_i_4/O
                         net (fo=1, routed)           0.730    15.961    cv32e40p_core_ip/core_i/id_stage_i/controller_i/trans_addr_q[18]_i_4_n_0
    SLICE_X122Y202       LUT4 (Prop_lut4_I2_O)        0.047    16.008 f  cv32e40p_core_ip/core_i/id_stage_i/controller_i/trans_addr_q[18]_i_3/O
                         net (fo=3, routed)           0.336    16.344    cv32e40p_core_ip/core_i/if_stage_i/prefetch_buffer_i/instruction_obi_i/gen_no_trans_stable.obi_addr_q_reg[18]_1
    SLICE_X122Y195       LUT4 (Prop_lut4_I2_O)        0.134    16.478 f  cv32e40p_core_ip/core_i/if_stage_i/prefetch_buffer_i/instruction_obi_i/gen_no_trans_stable.obi_addr_q[18]_i_2/O
                         net (fo=5, routed)           0.511    16.989    dcache/way1/ram_reg_0_2_0_2[13]
    SLICE_X130Y194       LUT6 (Prop_lut6_I5_O)        0.043    17.032 f  dcache/way1/ram_reg_0_2_0_i_2/O
                         net (fo=148, routed)         2.824    19.857    main_memory/ram_reg_0_2_0_1
    SLICE_X32Y195        LUT4 (Prop_lut4_I0_O)        0.043    19.900 r  main_memory/ram_reg_3_1_3_i_1/O
                         net (fo=1, routed)           0.744    20.644    main_memory/ram_reg_3_1_3_i_1_n_0
    RAMB36_X1Y40         RAMB36E1                                     r  main_memory/ram_reg_3_1_3/WEA[0]
  -------------------------------------------------------------------    -------------------

                         (clock clk_out5_clk_wiz_1_1 rise edge)
                                                      0.000     0.000 r  
    H9                                                0.000     0.000 r  clk_p (IN)
                         net (fo=0)                   0.000     0.000    u_pll/inst/clk_in1_p
    H9                   IBUFDS (Prop_ibufds_I_O)     0.778     0.778 r  u_pll/inst/clkin1_ibufgds/O
                         net (fo=1, routed)           0.986     1.764    u_pll/inst/clk_in1_clk_wiz_1
    MMCME2_ADV_X1Y5      MMCME2_ADV (Prop_mmcme2_adv_CLKIN1_CLKOUT4)
                                                     -6.516    -4.752 r  u_pll/inst/mmcm_adv_inst/CLKOUT4
                         net (fo=1, routed)           1.788    -2.964    u_pll/inst/clk_out5_clk_wiz_1
    BUFGCTRL_X0Y20       BUFG (Prop_bufg_I_O)         0.083    -2.881 r  u_pll/inst/clkout5_buf/O
                         net (fo=2471, routed)        1.325    -1.556    main_memory/clk_out5
    RAMB36_X1Y40         RAMB36E1                                     r  main_memory/ram_reg_3_1_3/CLKARDCLK

Slack:                    inf
  Source:                 rst_ni
                            (input port)
  Destination:            main_memory/ram_reg_1_2_4/ADDRARDADDR[7]
                            (rising edge-triggered cell RAMB36E1 clocked by clk_out5_clk_wiz_1_1  {rise@0.000ns fall@10.000ns period=20.000ns})
  Path Group:             (none)
  Path Type:              Setup (Max at Slow Process Corner)
  Data Path Delay:        20.642ns  (logic 3.285ns (15.916%)  route 17.357ns (84.084%))
  Logic Levels:           16  (CARRY4=3 IBUF=1 LDCE=1 LUT1=1 LUT3=1 LUT4=3 LUT5=2 LUT6=3 MUXF7=1)
  Clock Path Skew:        -1.561ns (DCD - SCD + CPR)
    Destination Clock Delay (DCD):    -1.561ns
    Source Clock Delay      (SCD):    0.000ns
    Clock Pessimism Removal (CPR):    0.000ns
  Clock Uncertainty:      0.168ns  ((TSJ^2 + DJ^2)^1/2) / 2 + PE
    Total System Jitter     (TSJ):    0.050ns
    Discrete Jitter          (DJ):    0.131ns
    Phase Error              (PE):    0.098ns

    Location             Delay type                Incr(ns)  Path(ns)    Netlist Resource(s)
  -------------------------------------------------------------------    -------------------
    AJ13                                              0.000     0.000 f  rst_ni (IN)
                         net (fo=0)                   0.000     0.000    rst_ni
    AJ13                 IBUF (Prop_ibuf_I_O)         1.338     1.338 f  rst_ni_IBUF_inst/O
                         net (fo=6, routed)           4.531     5.869    main_memory/rst_ni_IBUF
    SLICE_X107Y189       LUT3 (Prop_lut3_I2_O)        0.051     5.920 f  main_memory/rdirty_o_i_1__0/O
                         net (fo=232, routed)         2.004     7.924    main_memory/rst_n
    SLICE_X151Y192       LUT1 (Prop_lut1_I0_O)        0.148     8.072 r  main_memory/adr_r[28]_i_1/O
                         net (fo=2335, routed)        2.680    10.752    cv32e40p_core_ip/core_i/id_stage_i/register_file_i/wdata_a_q_reg[0]_0
    SLICE_X101Y205       LDCE (SetClr_ldce_CLR_Q)     0.556    11.308 f  cv32e40p_core_ip/core_i/id_stage_i/register_file_i/mem_reg[19][0]/Q
                         net (fo=2, routed)           0.818    12.126    cv32e40p_core_ip/core_i/id_stage_i/register_file_i/mem_reg_n_0_[19][0]
    SLICE_X99Y204        LUT6 (Prop_lut6_I0_O)        0.043    12.169 f  cv32e40p_core_ip/core_i/id_stage_i/register_file_i/alu_operand_a_ex_o[0]_i_25/O
                         net (fo=1, routed)           0.000    12.169    cv32e40p_core_ip/core_i/id_stage_i/register_file_i/alu_operand_a_ex_o[0]_i_25_n_0
    SLICE_X99Y204        MUXF7 (Prop_muxf7_I0_O)      0.120    12.289 f  cv32e40p_core_ip/core_i/id_stage_i/register_file_i/alu_operand_a_ex_o_reg[0]_i_12/O
                         net (fo=1, routed)           0.526    12.815    cv32e40p_core_ip/core_i/id_stage_i/register_file_i/alu_operand_a_ex_o_reg[0]_i_12_n_0
    SLICE_X100Y204       LUT6 (Prop_lut6_I1_O)        0.122    12.937 f  cv32e40p_core_ip/core_i/id_stage_i/register_file_i/alu_operand_a_ex_o[0]_i_6/O
                         net (fo=3, routed)           0.894    13.831    cv32e40p_core_ip/core_i/if_stage_i/prefetch_buffer_i/prefetch_controller_i/regfile_data_ra_id[0]
    SLICE_X118Y204       LUT5 (Prop_lut5_I3_O)        0.043    13.874 r  cv32e40p_core_ip/core_i/if_stage_i/prefetch_buffer_i/prefetch_controller_i/alu_operand_c_ex_o[3]_i_11/O
                         net (fo=1, routed)           0.000    13.874    cv32e40p_core_ip/core_i/if_stage_i/prefetch_buffer_i/prefetch_controller_i/alu_operand_c_ex_o[3]_i_11_n_0
    SLICE_X118Y204       CARRY4 (Prop_carry4_S[0]_CO[3])
                                                      0.246    14.120 r  cv32e40p_core_ip/core_i/if_stage_i/prefetch_buffer_i/prefetch_controller_i/alu_operand_c_ex_o_reg[3]_i_3/CO[3]
                         net (fo=1, routed)           0.000    14.120    cv32e40p_core_ip/core_i/if_stage_i/prefetch_buffer_i/prefetch_controller_i/alu_operand_c_ex_o_reg[3]_i_3_n_0
    SLICE_X118Y205       CARRY4 (Prop_carry4_CI_CO[3])
                                                      0.054    14.174 r  cv32e40p_core_ip/core_i/if_stage_i/prefetch_buffer_i/prefetch_controller_i/alu_operand_c_ex_o_reg[5]_i_3/CO[3]
                         net (fo=1, routed)           0.000    14.174    cv32e40p_core_ip/core_i/if_stage_i/prefetch_buffer_i/prefetch_controller_i/alu_operand_c_ex_o_reg[5]_i_3_n_0
    SLICE_X118Y206       CARRY4 (Prop_carry4_CI_O[1])
                                                      0.165    14.339 r  cv32e40p_core_ip/core_i/if_stage_i/prefetch_buffer_i/prefetch_controller_i/alu_operand_c_ex_o_reg[11]_i_3/O[1]
                         net (fo=2, routed)           0.594    14.933    cv32e40p_core_ip/core_i/id_stage_i/controller_i/jump_target_id[8]
    SLICE_X125Y206       LUT6 (Prop_lut6_I3_O)        0.125    15.058 r  cv32e40p_core_ip/core_i/id_stage_i/controller_i/trans_addr_q[9]_i_3/O
                         net (fo=1, routed)           0.489    15.547    cv32e40p_core_ip/core_i/id_stage_i/controller_i/trans_addr_q[9]_i_3_n_0
    SLICE_X125Y201       LUT4 (Prop_lut4_I2_O)        0.043    15.590 r  cv32e40p_core_ip/core_i/id_stage_i/controller_i/trans_addr_q[9]_i_2/O
                         net (fo=3, routed)           0.579    16.169    cv32e40p_core_ip/core_i/if_stage_i/prefetch_buffer_i/instruction_obi_i/gen_no_trans_stable.obi_addr_q_reg[9]_0
    SLICE_X119Y194       LUT4 (Prop_lut4_I2_O)        0.043    16.212 r  cv32e40p_core_ip/core_i/if_stage_i/prefetch_buffer_i/instruction_obi_i/gen_no_trans_stable.obi_addr_q[9]_i_1/O
                         net (fo=7, routed)           0.583    16.795    dcache/way1/ram_reg_0_2_0_2[4]
    SLICE_X108Y190       LUT5 (Prop_lut5_I4_O)        0.052    16.847 r  dcache/way1/ram_reg_1_0_4_i_25/O
                         net (fo=25, routed)          0.515    17.362    main_memory/ram_reg_2_1_1_0[7]
    SLICE_X101Y189       LUT4 (Prop_lut4_I0_O)        0.136    17.498 r  main_memory/ram_reg_1_0_4_i_9/O
                         net (fo=24, routed)          3.144    20.642    main_memory/ram_reg_1_0_4_i_9_n_0
    RAMB36_X6Y46         RAMB36E1                                     r  main_memory/ram_reg_1_2_4/ADDRARDADDR[7]
  -------------------------------------------------------------------    -------------------

                         (clock clk_out5_clk_wiz_1_1 rise edge)
                                                      0.000     0.000 r  
    H9                                                0.000     0.000 r  clk_p (IN)
                         net (fo=0)                   0.000     0.000    u_pll/inst/clk_in1_p
    H9                   IBUFDS (Prop_ibufds_I_O)     0.778     0.778 r  u_pll/inst/clkin1_ibufgds/O
                         net (fo=1, routed)           0.986     1.764    u_pll/inst/clk_in1_clk_wiz_1
    MMCME2_ADV_X1Y5      MMCME2_ADV (Prop_mmcme2_adv_CLKIN1_CLKOUT4)
                                                     -6.516    -4.752 r  u_pll/inst/mmcm_adv_inst/CLKOUT4
                         net (fo=1, routed)           1.788    -2.964    u_pll/inst/clk_out5_clk_wiz_1
    BUFGCTRL_X0Y20       BUFG (Prop_bufg_I_O)         0.083    -2.881 r  u_pll/inst/clkout5_buf/O
                         net (fo=2471, routed)        1.320    -1.561    main_memory/clk_out5
    RAMB36_X6Y46         RAMB36E1                                     r  main_memory/ram_reg_1_2_4/CLKARDCLK

Slack:                    inf
  Source:                 rst_ni
                            (input port)
  Destination:            main_memory/ram_reg_3_0_4/WEA[0]
                            (rising edge-triggered cell RAMB36E1 clocked by clk_out5_clk_wiz_1_1  {rise@0.000ns fall@10.000ns period=20.000ns})
  Path Group:             (none)
  Path Type:              Setup (Max at Slow Process Corner)
  Data Path Delay:        20.566ns  (logic 3.162ns (15.377%)  route 17.403ns (84.623%))
  Logic Levels:           16  (CARRY4=3 IBUF=1 LDCE=1 LUT1=1 LUT3=1 LUT4=4 LUT6=4 MUXF7=1)
  Clock Path Skew:        -1.748ns (DCD - SCD + CPR)
    Destination Clock Delay (DCD):    -1.748ns
    Source Clock Delay      (SCD):    0.000ns
    Clock Pessimism Removal (CPR):    0.000ns
  Clock Uncertainty:      0.168ns  ((TSJ^2 + DJ^2)^1/2) / 2 + PE
    Total System Jitter     (TSJ):    0.050ns
    Discrete Jitter          (DJ):    0.131ns
    Phase Error              (PE):    0.098ns

    Location             Delay type                Incr(ns)  Path(ns)    Netlist Resource(s)
  -------------------------------------------------------------------    -------------------
    AJ13                                              0.000     0.000 f  rst_ni (IN)
                         net (fo=0)                   0.000     0.000    rst_ni
    AJ13                 IBUF (Prop_ibuf_I_O)         1.338     1.338 f  rst_ni_IBUF_inst/O
                         net (fo=6, routed)           4.531     5.869    main_memory/rst_ni_IBUF
    SLICE_X107Y189       LUT3 (Prop_lut3_I2_O)        0.051     5.920 f  main_memory/rdirty_o_i_1__0/O
                         net (fo=232, routed)         2.004     7.924    main_memory/rst_n
    SLICE_X151Y192       LUT1 (Prop_lut1_I0_O)        0.148     8.072 r  main_memory/adr_r[28]_i_1/O
                         net (fo=2335, routed)        3.164    11.236    cv32e40p_core_ip/core_i/id_stage_i/register_file_i/wdata_a_q_reg[0]_0
    SLICE_X109Y216       LDCE (SetClr_ldce_CLR_Q)     0.556    11.792 f  cv32e40p_core_ip/core_i/id_stage_i/register_file_i/mem_reg[20][10]/Q
                         net (fo=2, routed)           0.559    12.352    cv32e40p_core_ip/core_i/id_stage_i/register_file_i/mem_reg_n_0_[20][10]
    SLICE_X111Y214       LUT6 (Prop_lut6_I5_O)        0.043    12.395 f  cv32e40p_core_ip/core_i/id_stage_i/register_file_i/alu_operand_a_ex_o[10]_i_24/O
                         net (fo=1, routed)           0.000    12.395    cv32e40p_core_ip/core_i/id_stage_i/register_file_i/alu_operand_a_ex_o[10]_i_24_n_0
    SLICE_X111Y214       MUXF7 (Prop_muxf7_I1_O)      0.108    12.503 f  cv32e40p_core_ip/core_i/id_stage_i/register_file_i/alu_operand_a_ex_o_reg[10]_i_18/O
                         net (fo=1, routed)           0.527    13.030    cv32e40p_core_ip/core_i/id_stage_i/register_file_i/alu_operand_a_ex_o_reg[10]_i_18_n_0
    SLICE_X114Y214       LUT6 (Prop_lut6_I1_O)        0.124    13.154 f  cv32e40p_core_ip/core_i/id_stage_i/register_file_i/alu_operand_a_ex_o[10]_i_12/O
                         net (fo=2, routed)           0.852    14.006    cv32e40p_core_ip/core_i/if_stage_i/prefetch_buffer_i/prefetch_controller_i/regfile_data_ra_id[10]
    SLICE_X118Y206       LUT4 (Prop_lut4_I3_O)        0.043    14.049 r  cv32e40p_core_ip/core_i/if_stage_i/prefetch_buffer_i/prefetch_controller_i/alu_operand_c_ex_o[11]_i_6/O
                         net (fo=1, routed)           0.000    14.049    cv32e40p_core_ip/core_i/if_stage_i/prefetch_buffer_i/prefetch_controller_i/alu_operand_c_ex_o[11]_i_6_n_0
    SLICE_X118Y206       CARRY4 (Prop_carry4_S[2]_CO[3])
                                                      0.183    14.232 r  cv32e40p_core_ip/core_i/if_stage_i/prefetch_buffer_i/prefetch_controller_i/alu_operand_c_ex_o_reg[11]_i_3/CO[3]
                         net (fo=1, routed)           0.000    14.232    cv32e40p_core_ip/core_i/if_stage_i/prefetch_buffer_i/prefetch_controller_i/alu_operand_c_ex_o_reg[11]_i_3_n_0
    SLICE_X118Y207       CARRY4 (Prop_carry4_CI_CO[3])
                                                      0.054    14.286 r  cv32e40p_core_ip/core_i/if_stage_i/prefetch_buffer_i/prefetch_controller_i/alu_operand_c_ex_o_reg[15]_i_3/CO[3]
                         net (fo=1, routed)           0.000    14.286    cv32e40p_core_ip/core_i/if_stage_i/prefetch_buffer_i/prefetch_controller_i/alu_operand_c_ex_o_reg[15]_i_3_n_0
    SLICE_X118Y208       CARRY4 (Prop_carry4_CI_O[2])
                                                      0.112    14.398 f  cv32e40p_core_ip/core_i/if_stage_i/prefetch_buffer_i/prefetch_controller_i/alu_operand_c_ex_o_reg[22]_i_4/O[2]
                         net (fo=2, routed)           0.706    15.104    cv32e40p_core_ip/core_i/id_stage_i/controller_i/jump_target_id[17]
    SLICE_X125Y209       LUT6 (Prop_lut6_I3_O)        0.127    15.231 f  cv32e40p_core_ip/core_i/id_stage_i/controller_i/trans_addr_q[18]_i_4/O
                         net (fo=1, routed)           0.730    15.961    cv32e40p_core_ip/core_i/id_stage_i/controller_i/trans_addr_q[18]_i_4_n_0
    SLICE_X122Y202       LUT4 (Prop_lut4_I2_O)        0.047    16.008 f  cv32e40p_core_ip/core_i/id_stage_i/controller_i/trans_addr_q[18]_i_3/O
                         net (fo=3, routed)           0.336    16.344    cv32e40p_core_ip/core_i/if_stage_i/prefetch_buffer_i/instruction_obi_i/gen_no_trans_stable.obi_addr_q_reg[18]_1
    SLICE_X122Y195       LUT4 (Prop_lut4_I2_O)        0.134    16.478 f  cv32e40p_core_ip/core_i/if_stage_i/prefetch_buffer_i/instruction_obi_i/gen_no_trans_stable.obi_addr_q[18]_i_2/O
                         net (fo=5, routed)           0.511    16.989    dcache/way1/ram_reg_0_2_0_2[13]
    SLICE_X130Y194       LUT6 (Prop_lut6_I5_O)        0.043    17.032 f  dcache/way1/ram_reg_0_2_0_i_2/O
                         net (fo=148, routed)         2.823    19.856    main_memory/ram_reg_0_2_0_1
    SLICE_X32Y195        LUT4 (Prop_lut4_I0_O)        0.051    19.907 r  main_memory/ram_reg_3_0_4_i_2/O
                         net (fo=1, routed)           0.659    20.566    main_memory/ram_reg_3_0_4_i_2_n_0
    RAMB36_X2Y37         RAMB36E1                                     r  main_memory/ram_reg_3_0_4/WEA[0]
  -------------------------------------------------------------------    -------------------

                         (clock clk_out5_clk_wiz_1_1 rise edge)
                                                      0.000     0.000 r  
    H9                                                0.000     0.000 r  clk_p (IN)
                         net (fo=0)                   0.000     0.000    u_pll/inst/clk_in1_p
    H9                   IBUFDS (Prop_ibufds_I_O)     0.778     0.778 r  u_pll/inst/clkin1_ibufgds/O
                         net (fo=1, routed)           0.986     1.764    u_pll/inst/clk_in1_clk_wiz_1
    MMCME2_ADV_X1Y5      MMCME2_ADV (Prop_mmcme2_adv_CLKIN1_CLKOUT4)
                                                     -6.516    -4.752 r  u_pll/inst/mmcm_adv_inst/CLKOUT4
                         net (fo=1, routed)           1.788    -2.964    u_pll/inst/clk_out5_clk_wiz_1
    BUFGCTRL_X0Y20       BUFG (Prop_bufg_I_O)         0.083    -2.881 r  u_pll/inst/clkout5_buf/O
                         net (fo=2471, routed)        1.133    -1.748    main_memory/clk_out5
    RAMB36_X2Y37         RAMB36E1                                     r  main_memory/ram_reg_3_0_4/CLKARDCLK

Slack:                    inf
  Source:                 rst_ni
                            (input port)
  Destination:            main_memory/ram_reg_3_1_0/ENARDEN
                            (rising edge-triggered cell RAMB36E1 clocked by clk_out5_clk_wiz_1_1  {rise@0.000ns fall@10.000ns period=20.000ns})
  Path Group:             (none)
  Path Type:              Setup (Max at Slow Process Corner)
  Data Path Delay:        20.540ns  (logic 3.154ns (15.357%)  route 17.386ns (84.643%))
  Logic Levels:           16  (CARRY4=3 IBUF=1 LDCE=1 LUT1=1 LUT3=1 LUT4=3 LUT6=5 MUXF7=1)
  Clock Path Skew:        -1.628ns (DCD - SCD + CPR)
    Destination Clock Delay (DCD):    -1.628ns
    Source Clock Delay      (SCD):    0.000ns
    Clock Pessimism Removal (CPR):    0.000ns
  Clock Uncertainty:      0.168ns  ((TSJ^2 + DJ^2)^1/2) / 2 + PE
    Total System Jitter     (TSJ):    0.050ns
    Discrete Jitter          (DJ):    0.131ns
    Phase Error              (PE):    0.098ns

    Location             Delay type                Incr(ns)  Path(ns)    Netlist Resource(s)
  -------------------------------------------------------------------    -------------------
    AJ13                                              0.000     0.000 f  rst_ni (IN)
                         net (fo=0)                   0.000     0.000    rst_ni
    AJ13                 IBUF (Prop_ibuf_I_O)         1.338     1.338 f  rst_ni_IBUF_inst/O
                         net (fo=6, routed)           4.531     5.869    main_memory/rst_ni_IBUF
    SLICE_X107Y189       LUT3 (Prop_lut3_I2_O)        0.051     5.920 f  main_memory/rdirty_o_i_1__0/O
                         net (fo=232, routed)         2.004     7.924    main_memory/rst_n
    SLICE_X151Y192       LUT1 (Prop_lut1_I0_O)        0.148     8.072 r  main_memory/adr_r[28]_i_1/O
                         net (fo=2335, routed)        3.164    11.236    cv32e40p_core_ip/core_i/id_stage_i/register_file_i/wdata_a_q_reg[0]_0
    SLICE_X109Y216       LDCE (SetClr_ldce_CLR_Q)     0.556    11.792 f  cv32e40p_core_ip/core_i/id_stage_i/register_file_i/mem_reg[20][10]/Q
                         net (fo=2, routed)           0.559    12.352    cv32e40p_core_ip/core_i/id_stage_i/register_file_i/mem_reg_n_0_[20][10]
    SLICE_X111Y214       LUT6 (Prop_lut6_I5_O)        0.043    12.395 f  cv32e40p_core_ip/core_i/id_stage_i/register_file_i/alu_operand_a_ex_o[10]_i_24/O
                         net (fo=1, routed)           0.000    12.395    cv32e40p_core_ip/core_i/id_stage_i/register_file_i/alu_operand_a_ex_o[10]_i_24_n_0
    SLICE_X111Y214       MUXF7 (Prop_muxf7_I1_O)      0.108    12.503 f  cv32e40p_core_ip/core_i/id_stage_i/register_file_i/alu_operand_a_ex_o_reg[10]_i_18/O
                         net (fo=1, routed)           0.527    13.030    cv32e40p_core_ip/core_i/id_stage_i/register_file_i/alu_operand_a_ex_o_reg[10]_i_18_n_0
    SLICE_X114Y214       LUT6 (Prop_lut6_I1_O)        0.124    13.154 f  cv32e40p_core_ip/core_i/id_stage_i/register_file_i/alu_operand_a_ex_o[10]_i_12/O
                         net (fo=2, routed)           0.852    14.006    cv32e40p_core_ip/core_i/if_stage_i/prefetch_buffer_i/prefetch_controller_i/regfile_data_ra_id[10]
    SLICE_X118Y206       LUT4 (Prop_lut4_I3_O)        0.043    14.049 r  cv32e40p_core_ip/core_i/if_stage_i/prefetch_buffer_i/prefetch_controller_i/alu_operand_c_ex_o[11]_i_6/O
                         net (fo=1, routed)           0.000    14.049    cv32e40p_core_ip/core_i/if_stage_i/prefetch_buffer_i/prefetch_controller_i/alu_operand_c_ex_o[11]_i_6_n_0
    SLICE_X118Y206       CARRY4 (Prop_carry4_S[2]_CO[3])
                                                      0.183    14.232 r  cv32e40p_core_ip/core_i/if_stage_i/prefetch_buffer_i/prefetch_controller_i/alu_operand_c_ex_o_reg[11]_i_3/CO[3]
                         net (fo=1, routed)           0.000    14.232    cv32e40p_core_ip/core_i/if_stage_i/prefetch_buffer_i/prefetch_controller_i/alu_operand_c_ex_o_reg[11]_i_3_n_0
    SLICE_X118Y207       CARRY4 (Prop_carry4_CI_CO[3])
                                                      0.054    14.286 r  cv32e40p_core_ip/core_i/if_stage_i/prefetch_buffer_i/prefetch_controller_i/alu_operand_c_ex_o_reg[15]_i_3/CO[3]
                         net (fo=1, routed)           0.000    14.286    cv32e40p_core_ip/core_i/if_stage_i/prefetch_buffer_i/prefetch_controller_i/alu_operand_c_ex_o_reg[15]_i_3_n_0
    SLICE_X118Y208       CARRY4 (Prop_carry4_CI_O[2])
                                                      0.112    14.398 f  cv32e40p_core_ip/core_i/if_stage_i/prefetch_buffer_i/prefetch_controller_i/alu_operand_c_ex_o_reg[22]_i_4/O[2]
                         net (fo=2, routed)           0.706    15.104    cv32e40p_core_ip/core_i/id_stage_i/controller_i/jump_target_id[17]
    SLICE_X125Y209       LUT6 (Prop_lut6_I3_O)        0.127    15.231 f  cv32e40p_core_ip/core_i/id_stage_i/controller_i/trans_addr_q[18]_i_4/O
                         net (fo=1, routed)           0.730    15.961    cv32e40p_core_ip/core_i/id_stage_i/controller_i/trans_addr_q[18]_i_4_n_0
    SLICE_X122Y202       LUT4 (Prop_lut4_I2_O)        0.047    16.008 f  cv32e40p_core_ip/core_i/id_stage_i/controller_i/trans_addr_q[18]_i_3/O
                         net (fo=3, routed)           0.336    16.344    cv32e40p_core_ip/core_i/if_stage_i/prefetch_buffer_i/instruction_obi_i/gen_no_trans_stable.obi_addr_q_reg[18]_1
    SLICE_X122Y195       LUT4 (Prop_lut4_I2_O)        0.134    16.478 f  cv32e40p_core_ip/core_i/if_stage_i/prefetch_buffer_i/instruction_obi_i/gen_no_trans_stable.obi_addr_q[18]_i_2/O
                         net (fo=5, routed)           0.511    16.989    dcache/way1/ram_reg_0_2_0_2[13]
    SLICE_X130Y194       LUT6 (Prop_lut6_I5_O)        0.043    17.032 f  dcache/way1/ram_reg_0_2_0_i_2/O
                         net (fo=148, routed)         1.087    18.119    dcache/way1/cpu_addr_q_reg[18]_0
    SLICE_X95Y190        LUT6 (Prop_lut6_I0_O)        0.043    18.162 r  dcache/way1/ram_reg_0_0_6_i_1/O
                         net (fo=20, routed)          2.378    20.540    main_memory/ram_reg_0_0_6_0
    RAMB36_X2Y44         RAMB36E1                                     r  main_memory/ram_reg_3_1_0/ENARDEN
  -------------------------------------------------------------------    -------------------

                         (clock clk_out5_clk_wiz_1_1 rise edge)
                                                      0.000     0.000 r  
    H9                                                0.000     0.000 r  clk_p (IN)
                         net (fo=0)                   0.000     0.000    u_pll/inst/clk_in1_p
    H9                   IBUFDS (Prop_ibufds_I_O)     0.778     0.778 r  u_pll/inst/clkin1_ibufgds/O
                         net (fo=1, routed)           0.986     1.764    u_pll/inst/clk_in1_clk_wiz_1
    MMCME2_ADV_X1Y5      MMCME2_ADV (Prop_mmcme2_adv_CLKIN1_CLKOUT4)
                                                     -6.516    -4.752 r  u_pll/inst/mmcm_adv_inst/CLKOUT4
                         net (fo=1, routed)           1.788    -2.964    u_pll/inst/clk_out5_clk_wiz_1
    BUFGCTRL_X0Y20       BUFG (Prop_bufg_I_O)         0.083    -2.881 r  u_pll/inst/clkout5_buf/O
                         net (fo=2471, routed)        1.253    -1.628    main_memory/clk_out5
    RAMB36_X2Y44         RAMB36E1                                     r  main_memory/ram_reg_3_1_0/CLKARDCLK





Min Delay Paths
--------------------------------------------------------------------------------------
Slack:                    inf
  Source:                 u_pll/inst/mmcm_adv_inst/LOCKED
                            (internal pin)
  Destination:            dcache/way1/rtag_o_reg[10]/CE
                            (rising edge-triggered cell FDRE clocked by clk_out5_clk_wiz_1_1  {rise@0.000ns fall@10.000ns period=20.000ns})
  Path Group:             (none)
  Path Type:              Hold (Min at Fast Process Corner)
  Data Path Delay:        1.670ns  (logic 0.030ns (1.796%)  route 1.640ns (98.204%))
  Logic Levels:           1  (LUT3=1)
  Clock Uncertainty:      0.168ns  ((TSJ^2 + DJ^2)^1/2) / 2 + PE
    Total System Jitter     (TSJ):    0.050ns
    Discrete Jitter          (DJ):    0.131ns
    Phase Error              (PE):    0.098ns

    Location             Delay type                Incr(ns)  Path(ns)    Netlist Resource(s)
  -------------------------------------------------------------------    -------------------
    MMCME2_ADV_X1Y5      MMCME2_ADV                   0.000     0.000 r  u_pll/inst/mmcm_adv_inst/LOCKED
                         net (fo=2, routed)           1.493     1.493    main_memory/locked
    SLICE_X107Y189       LUT3 (Prop_lut3_I0_O)        0.030     1.523 r  main_memory/rdirty_o_i_1__0/O
                         net (fo=232, routed)         0.147     1.670    dcache/way1/rst_n
    SLICE_X109Y190       FDRE                                         r  dcache/way1/rtag_o_reg[10]/CE
  -------------------------------------------------------------------    -------------------

                         (clock clk_out5_clk_wiz_1_1 rise edge)
                                                      0.000     0.000 r  
    H9                                                0.000     0.000 r  clk_p (IN)
                         net (fo=0)                   0.000     0.000    u_pll/inst/clk_in1_p
    H9                   IBUFDS (Prop_ibufds_I_O)     0.444     0.444 r  u_pll/inst/clkin1_ibufgds/O
                         net (fo=1, routed)           0.553     0.997    u_pll/inst/clk_in1_clk_wiz_1
    MMCME2_ADV_X1Y5      MMCME2_ADV (Prop_mmcme2_adv_CLKIN1_CLKOUT4)
                                                     -3.590    -2.593 r  u_pll/inst/mmcm_adv_inst/CLKOUT4
                         net (fo=1, routed)           1.044    -1.549    u_pll/inst/clk_out5_clk_wiz_1
    BUFGCTRL_X0Y20       BUFG (Prop_bufg_I_O)         0.030    -1.519 r  u_pll/inst/clkout5_buf/O
                         net (fo=2471, routed)        0.750    -0.769    dcache/way1/clk_out5
    SLICE_X109Y190       FDRE                                         r  dcache/way1/rtag_o_reg[10]/C

Slack:                    inf
  Source:                 u_pll/inst/mmcm_adv_inst/LOCKED
                            (internal pin)
  Destination:            dcache/way1/rtag_o_reg[11]/CE
                            (rising edge-triggered cell FDRE clocked by clk_out5_clk_wiz_1_1  {rise@0.000ns fall@10.000ns period=20.000ns})
  Path Group:             (none)
  Path Type:              Hold (Min at Fast Process Corner)
  Data Path Delay:        1.670ns  (logic 0.030ns (1.796%)  route 1.640ns (98.204%))
  Logic Levels:           1  (LUT3=1)
  Clock Uncertainty:      0.168ns  ((TSJ^2 + DJ^2)^1/2) / 2 + PE
    Total System Jitter     (TSJ):    0.050ns
    Discrete Jitter          (DJ):    0.131ns
    Phase Error              (PE):    0.098ns

    Location             Delay type                Incr(ns)  Path(ns)    Netlist Resource(s)
  -------------------------------------------------------------------    -------------------
    MMCME2_ADV_X1Y5      MMCME2_ADV                   0.000     0.000 r  u_pll/inst/mmcm_adv_inst/LOCKED
                         net (fo=2, routed)           1.493     1.493    main_memory/locked
    SLICE_X107Y189       LUT3 (Prop_lut3_I0_O)        0.030     1.523 r  main_memory/rdirty_o_i_1__0/O
                         net (fo=232, routed)         0.147     1.670    dcache/way1/rst_n
    SLICE_X109Y190       FDRE                                         r  dcache/way1/rtag_o_reg[11]/CE
  -------------------------------------------------------------------    -------------------

                         (clock clk_out5_clk_wiz_1_1 rise edge)
                                                      0.000     0.000 r  
    H9                                                0.000     0.000 r  clk_p (IN)
                         net (fo=0)                   0.000     0.000    u_pll/inst/clk_in1_p
    H9                   IBUFDS (Prop_ibufds_I_O)     0.444     0.444 r  u_pll/inst/clkin1_ibufgds/O
                         net (fo=1, routed)           0.553     0.997    u_pll/inst/clk_in1_clk_wiz_1
    MMCME2_ADV_X1Y5      MMCME2_ADV (Prop_mmcme2_adv_CLKIN1_CLKOUT4)
                                                     -3.590    -2.593 r  u_pll/inst/mmcm_adv_inst/CLKOUT4
                         net (fo=1, routed)           1.044    -1.549    u_pll/inst/clk_out5_clk_wiz_1
    BUFGCTRL_X0Y20       BUFG (Prop_bufg_I_O)         0.030    -1.519 r  u_pll/inst/clkout5_buf/O
                         net (fo=2471, routed)        0.750    -0.769    dcache/way1/clk_out5
    SLICE_X109Y190       FDRE                                         r  dcache/way1/rtag_o_reg[11]/C

Slack:                    inf
  Source:                 u_pll/inst/mmcm_adv_inst/LOCKED
                            (internal pin)
  Destination:            dcache/way0/rline_o_reg[25]/CE
                            (rising edge-triggered cell FDRE clocked by clk_out5_clk_wiz_1_1  {rise@0.000ns fall@10.000ns period=20.000ns})
  Path Group:             (none)
  Path Type:              Hold (Min at Fast Process Corner)
  Data Path Delay:        1.688ns  (logic 0.030ns (1.777%)  route 1.658ns (98.223%))
  Logic Levels:           1  (LUT3=1)
  Clock Uncertainty:      0.168ns  ((TSJ^2 + DJ^2)^1/2) / 2 + PE
    Total System Jitter     (TSJ):    0.050ns
    Discrete Jitter          (DJ):    0.131ns
    Phase Error              (PE):    0.098ns

    Location             Delay type                Incr(ns)  Path(ns)    Netlist Resource(s)
  -------------------------------------------------------------------    -------------------
    MMCME2_ADV_X1Y5      MMCME2_ADV                   0.000     0.000 r  u_pll/inst/mmcm_adv_inst/LOCKED
                         net (fo=2, routed)           1.493     1.493    main_memory/locked
    SLICE_X107Y189       LUT3 (Prop_lut3_I0_O)        0.030     1.523 r  main_memory/rdirty_o_i_1__0/O
                         net (fo=232, routed)         0.165     1.688    dcache/way0/rst_n
    SLICE_X103Y191       FDRE                                         r  dcache/way0/rline_o_reg[25]/CE
  -------------------------------------------------------------------    -------------------

                         (clock clk_out5_clk_wiz_1_1 rise edge)
                                                      0.000     0.000 r  
    H9                                                0.000     0.000 r  clk_p (IN)
                         net (fo=0)                   0.000     0.000    u_pll/inst/clk_in1_p
    H9                   IBUFDS (Prop_ibufds_I_O)     0.444     0.444 r  u_pll/inst/clkin1_ibufgds/O
                         net (fo=1, routed)           0.553     0.997    u_pll/inst/clk_in1_clk_wiz_1
    MMCME2_ADV_X1Y5      MMCME2_ADV (Prop_mmcme2_adv_CLKIN1_CLKOUT4)
                                                     -3.590    -2.593 r  u_pll/inst/mmcm_adv_inst/CLKOUT4
                         net (fo=1, routed)           1.044    -1.549    u_pll/inst/clk_out5_clk_wiz_1
    BUFGCTRL_X0Y20       BUFG (Prop_bufg_I_O)         0.030    -1.519 r  u_pll/inst/clkout5_buf/O
                         net (fo=2471, routed)        0.748    -0.771    dcache/way0/clk_out5
    SLICE_X103Y191       FDRE                                         r  dcache/way0/rline_o_reg[25]/C

Slack:                    inf
  Source:                 u_pll/inst/mmcm_adv_inst/LOCKED
                            (internal pin)
  Destination:            dcache/way0/rline_o_reg[29]/CE
                            (rising edge-triggered cell FDRE clocked by clk_out5_clk_wiz_1_1  {rise@0.000ns fall@10.000ns period=20.000ns})
  Path Group:             (none)
  Path Type:              Hold (Min at Fast Process Corner)
  Data Path Delay:        1.688ns  (logic 0.030ns (1.777%)  route 1.658ns (98.223%))
  Logic Levels:           1  (LUT3=1)
  Clock Uncertainty:      0.168ns  ((TSJ^2 + DJ^2)^1/2) / 2 + PE
    Total System Jitter     (TSJ):    0.050ns
    Discrete Jitter          (DJ):    0.131ns
    Phase Error              (PE):    0.098ns

    Location             Delay type                Incr(ns)  Path(ns)    Netlist Resource(s)
  -------------------------------------------------------------------    -------------------
    MMCME2_ADV_X1Y5      MMCME2_ADV                   0.000     0.000 r  u_pll/inst/mmcm_adv_inst/LOCKED
                         net (fo=2, routed)           1.493     1.493    main_memory/locked
    SLICE_X107Y189       LUT3 (Prop_lut3_I0_O)        0.030     1.523 r  main_memory/rdirty_o_i_1__0/O
                         net (fo=232, routed)         0.165     1.688    dcache/way0/rst_n
    SLICE_X103Y191       FDRE                                         r  dcache/way0/rline_o_reg[29]/CE
  -------------------------------------------------------------------    -------------------

                         (clock clk_out5_clk_wiz_1_1 rise edge)
                                                      0.000     0.000 r  
    H9                                                0.000     0.000 r  clk_p (IN)
                         net (fo=0)                   0.000     0.000    u_pll/inst/clk_in1_p
    H9                   IBUFDS (Prop_ibufds_I_O)     0.444     0.444 r  u_pll/inst/clkin1_ibufgds/O
                         net (fo=1, routed)           0.553     0.997    u_pll/inst/clk_in1_clk_wiz_1
    MMCME2_ADV_X1Y5      MMCME2_ADV (Prop_mmcme2_adv_CLKIN1_CLKOUT4)
                                                     -3.590    -2.593 r  u_pll/inst/mmcm_adv_inst/CLKOUT4
                         net (fo=1, routed)           1.044    -1.549    u_pll/inst/clk_out5_clk_wiz_1
    BUFGCTRL_X0Y20       BUFG (Prop_bufg_I_O)         0.030    -1.519 r  u_pll/inst/clkout5_buf/O
                         net (fo=2471, routed)        0.748    -0.771    dcache/way0/clk_out5
    SLICE_X103Y191       FDRE                                         r  dcache/way0/rline_o_reg[29]/C

Slack:                    inf
  Source:                 cv32e40p_core_ip/core_i/ex_stage_i/mult_i/__0/ACOUT[16]
                            (internal pin)
  Destination:            cv32e40p_core_ip/core_i/id_stage_i/mult_operand_c_ex_o_reg[28]/D
                            (rising edge-triggered cell FDCE clocked by clk_out5_clk_wiz_1_1  {rise@0.000ns fall@10.000ns period=20.000ns})
  Path Group:             (none)
  Path Type:              Hold (Min at Fast Process Corner)
  Data Path Delay:        1.732ns  (logic 0.768ns (44.337%)  route 0.964ns (55.663%))
  Logic Levels:           8  (CARRY4=2 DSP48E1=1 LUT2=1 LUT5=1 LUT6=3)
  Clock Uncertainty:      0.168ns  ((TSJ^2 + DJ^2)^1/2) / 2 + PE
    Total System Jitter     (TSJ):    0.050ns
    Discrete Jitter          (DJ):    0.131ns
    Phase Error              (PE):    0.098ns

    Location             Delay type                Incr(ns)  Path(ns)    Netlist Resource(s)
  -------------------------------------------------------------------    -------------------
    DSP48_X5Y83          DSP48E1                      0.000     0.000 r  cv32e40p_core_ip/core_i/ex_stage_i/mult_i/__0/ACOUT[16]
                         net (fo=1, routed)           0.000     0.000    cv32e40p_core_ip/core_i/ex_stage_i/mult_i/__0_n_37
    DSP48_X5Y84          DSP48E1 (Prop_dsp48e1_ACIN[16]_P[11])
                                                      0.442     0.442 r  cv32e40p_core_ip/core_i/ex_stage_i/mult_i/__1/P[11]
                         net (fo=2, routed)           0.224     0.666    cv32e40p_core_ip/core_i/ex_stage_i/mult_i/__1_n_94
    SLICE_X139Y209       LUT2 (Prop_lut2_I0_O)        0.028     0.694 r  cv32e40p_core_ip/core_i/ex_stage_i/mult_i/i__carry__2_i_4/O
                         net (fo=1, routed)           0.000     0.694    cv32e40p_core_ip/core_i/ex_stage_i/mult_i/i__carry__2_i_4_n_0
    SLICE_X139Y209       CARRY4 (Prop_carry4_S[0]_O[0])
                                                      0.055     0.749 r  cv32e40p_core_ip/core_i/ex_stage_i/mult_i/_inferred__2/i__carry__2/O[0]
                         net (fo=3, routed)           0.238     0.986    cv32e40p_core_ip/core_i/id_stage_i/register_file_i/_inferred__7/i___0_carry__6_2[0]
    SLICE_X139Y217       LUT5 (Prop_lut5_I4_O)        0.066     1.052 r  cv32e40p_core_ip/core_i/id_stage_i/register_file_i/i___0_carry__6_i_7/O
                         net (fo=1, routed)           0.000     1.052    cv32e40p_core_ip/core_i/ex_stage_i/mult_i/wdata_b_q[28]_i_3_1[0]
    SLICE_X139Y217       CARRY4 (Prop_carry4_S[0]_O[0])
                                                      0.055     1.107 r  cv32e40p_core_ip/core_i/ex_stage_i/mult_i/_inferred__7/i___0_carry__6/O[0]
                         net (fo=1, routed)           0.098     1.205    cv32e40p_core_ip/core_i/ex_stage_i/mult_i/_inferred__7/i___0_carry__6_n_7
    SLICE_X139Y219       LUT6 (Prop_lut6_I5_O)        0.066     1.271 r  cv32e40p_core_ip/core_i/ex_stage_i/mult_i/wdata_b_q[28]_i_3/O
                         net (fo=3, routed)           0.229     1.501    cv32e40p_core_ip/core_i/id_stage_i/register_file_i/wdata_b_q_reg[28]_2
    SLICE_X128Y215       LUT6 (Prop_lut6_I3_O)        0.028     1.529 r  cv32e40p_core_ip/core_i/id_stage_i/register_file_i/wdata_b_q[28]_i_1/O
                         net (fo=3, routed)           0.176     1.704    cv32e40p_core_ip/core_i/id_stage_i/register_file_i/alu_en_ex_o_reg[28]
    SLICE_X127Y216       LUT6 (Prop_lut6_I1_O)        0.028     1.732 r  cv32e40p_core_ip/core_i/id_stage_i/register_file_i/mult_operand_c_ex_o[28]_i_1/O
                         net (fo=1, routed)           0.000     1.732    cv32e40p_core_ip/core_i/id_stage_i/register_file_i_n_494
    SLICE_X127Y216       FDCE                                         r  cv32e40p_core_ip/core_i/id_stage_i/mult_operand_c_ex_o_reg[28]/D
  -------------------------------------------------------------------    -------------------

                         (clock clk_out5_clk_wiz_1_1 rise edge)
                                                      0.000     0.000 r  
    H9                                                0.000     0.000 r  clk_p (IN)
                         net (fo=0)                   0.000     0.000    u_pll/inst/clk_in1_p
    H9                   IBUFDS (Prop_ibufds_I_O)     0.444     0.444 r  u_pll/inst/clkin1_ibufgds/O
                         net (fo=1, routed)           0.553     0.997    u_pll/inst/clk_in1_clk_wiz_1
    MMCME2_ADV_X1Y5      MMCME2_ADV (Prop_mmcme2_adv_CLKIN1_CLKOUT4)
                                                     -3.590    -2.593 r  u_pll/inst/mmcm_adv_inst/CLKOUT4
                         net (fo=1, routed)           1.044    -1.549    u_pll/inst/clk_out5_clk_wiz_1
    BUFGCTRL_X0Y20       BUFG (Prop_bufg_I_O)         0.030    -1.519 r  u_pll/inst/clkout5_buf/O
                         net (fo=2471, routed)        1.007    -0.512    cv32e40p_core_ip/core_i/sleep_unit_i/core_clock_gate_i/clk_gate_i/clk_out5
    SLICE_X90Y146        LUT2 (Prop_lut2_I0_O)        0.035    -0.477 r  cv32e40p_core_ip/core_i/sleep_unit_i/core_clock_gate_i/clk_gate_i/cnt_q[1]_i_5/O
                         net (fo=1, routed)           0.221    -0.256    cv32e40p_core_ip_n_144
    BUFGCTRL_X0Y0        BUFG (Prop_bufg_I_O)         0.030    -0.226 r  cnt_q_reg[1]_i_2/O
                         net (fo=1094, routed)        0.856     0.630    cv32e40p_core_ip/core_i/id_stage_i/clk
    SLICE_X127Y216       FDCE                                         r  cv32e40p_core_ip/core_i/id_stage_i/mult_operand_c_ex_o_reg[28]/C

Slack:                    inf
  Source:                 u_pll/inst/mmcm_adv_inst/LOCKED
                            (internal pin)
  Destination:            dcache/way0/rline_o_reg[27]/CE
                            (rising edge-triggered cell FDRE clocked by clk_out5_clk_wiz_1_1  {rise@0.000ns fall@10.000ns period=20.000ns})
  Path Group:             (none)
  Path Type:              Hold (Min at Fast Process Corner)
  Data Path Delay:        1.739ns  (logic 0.030ns (1.726%)  route 1.709ns (98.274%))
  Logic Levels:           1  (LUT3=1)
  Clock Uncertainty:      0.168ns  ((TSJ^2 + DJ^2)^1/2) / 2 + PE
    Total System Jitter     (TSJ):    0.050ns
    Discrete Jitter          (DJ):    0.131ns
    Phase Error              (PE):    0.098ns

    Location             Delay type                Incr(ns)  Path(ns)    Netlist Resource(s)
  -------------------------------------------------------------------    -------------------
    MMCME2_ADV_X1Y5      MMCME2_ADV                   0.000     0.000 r  u_pll/inst/mmcm_adv_inst/LOCKED
                         net (fo=2, routed)           1.493     1.493    main_memory/locked
    SLICE_X107Y189       LUT3 (Prop_lut3_I0_O)        0.030     1.523 r  main_memory/rdirty_o_i_1__0/O
                         net (fo=232, routed)         0.215     1.739    dcache/way0/rst_n
    SLICE_X98Y191        FDRE                                         r  dcache/way0/rline_o_reg[27]/CE
  -------------------------------------------------------------------    -------------------

                         (clock clk_out5_clk_wiz_1_1 rise edge)
                                                      0.000     0.000 r  
    H9                                                0.000     0.000 r  clk_p (IN)
                         net (fo=0)                   0.000     0.000    u_pll/inst/clk_in1_p
    H9                   IBUFDS (Prop_ibufds_I_O)     0.444     0.444 r  u_pll/inst/clkin1_ibufgds/O
                         net (fo=1, routed)           0.553     0.997    u_pll/inst/clk_in1_clk_wiz_1
    MMCME2_ADV_X1Y5      MMCME2_ADV (Prop_mmcme2_adv_CLKIN1_CLKOUT4)
                                                     -3.590    -2.593 r  u_pll/inst/mmcm_adv_inst/CLKOUT4
                         net (fo=1, routed)           1.044    -1.549    u_pll/inst/clk_out5_clk_wiz_1
    BUFGCTRL_X0Y20       BUFG (Prop_bufg_I_O)         0.030    -1.519 r  u_pll/inst/clkout5_buf/O
                         net (fo=2471, routed)        0.746    -0.773    dcache/way0/clk_out5
    SLICE_X98Y191        FDRE                                         r  dcache/way0/rline_o_reg[27]/C

Slack:                    inf
  Source:                 u_pll/inst/mmcm_adv_inst/LOCKED
                            (internal pin)
  Destination:            dcache/way0/rline_o_reg[30]/CE
                            (rising edge-triggered cell FDRE clocked by clk_out5_clk_wiz_1_1  {rise@0.000ns fall@10.000ns period=20.000ns})
  Path Group:             (none)
  Path Type:              Hold (Min at Fast Process Corner)
  Data Path Delay:        1.739ns  (logic 0.030ns (1.726%)  route 1.709ns (98.274%))
  Logic Levels:           1  (LUT3=1)
  Clock Uncertainty:      0.168ns  ((TSJ^2 + DJ^2)^1/2) / 2 + PE
    Total System Jitter     (TSJ):    0.050ns
    Discrete Jitter          (DJ):    0.131ns
    Phase Error              (PE):    0.098ns

    Location             Delay type                Incr(ns)  Path(ns)    Netlist Resource(s)
  -------------------------------------------------------------------    -------------------
    MMCME2_ADV_X1Y5      MMCME2_ADV                   0.000     0.000 r  u_pll/inst/mmcm_adv_inst/LOCKED
                         net (fo=2, routed)           1.493     1.493    main_memory/locked
    SLICE_X107Y189       LUT3 (Prop_lut3_I0_O)        0.030     1.523 r  main_memory/rdirty_o_i_1__0/O
                         net (fo=232, routed)         0.215     1.739    dcache/way0/rst_n
    SLICE_X98Y191        FDRE                                         r  dcache/way0/rline_o_reg[30]/CE
  -------------------------------------------------------------------    -------------------

                         (clock clk_out5_clk_wiz_1_1 rise edge)
                                                      0.000     0.000 r  
    H9                                                0.000     0.000 r  clk_p (IN)
                         net (fo=0)                   0.000     0.000    u_pll/inst/clk_in1_p
    H9                   IBUFDS (Prop_ibufds_I_O)     0.444     0.444 r  u_pll/inst/clkin1_ibufgds/O
                         net (fo=1, routed)           0.553     0.997    u_pll/inst/clk_in1_clk_wiz_1
    MMCME2_ADV_X1Y5      MMCME2_ADV (Prop_mmcme2_adv_CLKIN1_CLKOUT4)
                                                     -3.590    -2.593 r  u_pll/inst/mmcm_adv_inst/CLKOUT4
                         net (fo=1, routed)           1.044    -1.549    u_pll/inst/clk_out5_clk_wiz_1
    BUFGCTRL_X0Y20       BUFG (Prop_bufg_I_O)         0.030    -1.519 r  u_pll/inst/clkout5_buf/O
                         net (fo=2471, routed)        0.746    -0.773    dcache/way0/clk_out5
    SLICE_X98Y191        FDRE                                         r  dcache/way0/rline_o_reg[30]/C

Slack:                    inf
  Source:                 u_pll/inst/mmcm_adv_inst/LOCKED
                            (internal pin)
  Destination:            dcache/way0/rline_o_reg[31]/CE
                            (rising edge-triggered cell FDRE clocked by clk_out5_clk_wiz_1_1  {rise@0.000ns fall@10.000ns period=20.000ns})
  Path Group:             (none)
  Path Type:              Hold (Min at Fast Process Corner)
  Data Path Delay:        1.739ns  (logic 0.030ns (1.726%)  route 1.709ns (98.274%))
  Logic Levels:           1  (LUT3=1)
  Clock Uncertainty:      0.168ns  ((TSJ^2 + DJ^2)^1/2) / 2 + PE
    Total System Jitter     (TSJ):    0.050ns
    Discrete Jitter          (DJ):    0.131ns
    Phase Error              (PE):    0.098ns

    Location             Delay type                Incr(ns)  Path(ns)    Netlist Resource(s)
  -------------------------------------------------------------------    -------------------
    MMCME2_ADV_X1Y5      MMCME2_ADV                   0.000     0.000 r  u_pll/inst/mmcm_adv_inst/LOCKED
                         net (fo=2, routed)           1.493     1.493    main_memory/locked
    SLICE_X107Y189       LUT3 (Prop_lut3_I0_O)        0.030     1.523 r  main_memory/rdirty_o_i_1__0/O
                         net (fo=232, routed)         0.215     1.739    dcache/way0/rst_n
    SLICE_X98Y191        FDRE                                         r  dcache/way0/rline_o_reg[31]/CE
  -------------------------------------------------------------------    -------------------

                         (clock clk_out5_clk_wiz_1_1 rise edge)
                                                      0.000     0.000 r  
    H9                                                0.000     0.000 r  clk_p (IN)
                         net (fo=0)                   0.000     0.000    u_pll/inst/clk_in1_p
    H9                   IBUFDS (Prop_ibufds_I_O)     0.444     0.444 r  u_pll/inst/clkin1_ibufgds/O
                         net (fo=1, routed)           0.553     0.997    u_pll/inst/clk_in1_clk_wiz_1
    MMCME2_ADV_X1Y5      MMCME2_ADV (Prop_mmcme2_adv_CLKIN1_CLKOUT4)
                                                     -3.590    -2.593 r  u_pll/inst/mmcm_adv_inst/CLKOUT4
                         net (fo=1, routed)           1.044    -1.549    u_pll/inst/clk_out5_clk_wiz_1
    BUFGCTRL_X0Y20       BUFG (Prop_bufg_I_O)         0.030    -1.519 r  u_pll/inst/clkout5_buf/O
                         net (fo=2471, routed)        0.746    -0.773    dcache/way0/clk_out5
    SLICE_X98Y191        FDRE                                         r  dcache/way0/rline_o_reg[31]/C

Slack:                    inf
  Source:                 u_pll/inst/mmcm_adv_inst/LOCKED
                            (internal pin)
  Destination:            dcache/way1/rline_o_reg[30]/CE
                            (rising edge-triggered cell FDRE clocked by clk_out5_clk_wiz_1_1  {rise@0.000ns fall@10.000ns period=20.000ns})
  Path Group:             (none)
  Path Type:              Hold (Min at Fast Process Corner)
  Data Path Delay:        1.739ns  (logic 0.030ns (1.726%)  route 1.709ns (98.274%))
  Logic Levels:           1  (LUT3=1)
  Clock Uncertainty:      0.168ns  ((TSJ^2 + DJ^2)^1/2) / 2 + PE
    Total System Jitter     (TSJ):    0.050ns
    Discrete Jitter          (DJ):    0.131ns
    Phase Error              (PE):    0.098ns

    Location             Delay type                Incr(ns)  Path(ns)    Netlist Resource(s)
  -------------------------------------------------------------------    -------------------
    MMCME2_ADV_X1Y5      MMCME2_ADV                   0.000     0.000 r  u_pll/inst/mmcm_adv_inst/LOCKED
                         net (fo=2, routed)           1.493     1.493    main_memory/locked
    SLICE_X107Y189       LUT3 (Prop_lut3_I0_O)        0.030     1.523 r  main_memory/rdirty_o_i_1__0/O
                         net (fo=232, routed)         0.215     1.739    dcache/way1/rst_n
    SLICE_X98Y191        FDRE                                         r  dcache/way1/rline_o_reg[30]/CE
  -------------------------------------------------------------------    -------------------

                         (clock clk_out5_clk_wiz_1_1 rise edge)
                                                      0.000     0.000 r  
    H9                                                0.000     0.000 r  clk_p (IN)
                         net (fo=0)                   0.000     0.000    u_pll/inst/clk_in1_p
    H9                   IBUFDS (Prop_ibufds_I_O)     0.444     0.444 r  u_pll/inst/clkin1_ibufgds/O
                         net (fo=1, routed)           0.553     0.997    u_pll/inst/clk_in1_clk_wiz_1
    MMCME2_ADV_X1Y5      MMCME2_ADV (Prop_mmcme2_adv_CLKIN1_CLKOUT4)
                                                     -3.590    -2.593 r  u_pll/inst/mmcm_adv_inst/CLKOUT4
                         net (fo=1, routed)           1.044    -1.549    u_pll/inst/clk_out5_clk_wiz_1
    BUFGCTRL_X0Y20       BUFG (Prop_bufg_I_O)         0.030    -1.519 r  u_pll/inst/clkout5_buf/O
                         net (fo=2471, routed)        0.746    -0.773    dcache/way1/clk_out5
    SLICE_X98Y191        FDRE                                         r  dcache/way1/rline_o_reg[30]/C

Slack:                    inf
  Source:                 u_pll/inst/mmcm_adv_inst/LOCKED
                            (internal pin)
  Destination:            dcache/way1/rline_o_reg[62]/CE
                            (rising edge-triggered cell FDRE clocked by clk_out5_clk_wiz_1_1  {rise@0.000ns fall@10.000ns period=20.000ns})
  Path Group:             (none)
  Path Type:              Hold (Min at Fast Process Corner)
  Data Path Delay:        1.739ns  (logic 0.030ns (1.726%)  route 1.709ns (98.274%))
  Logic Levels:           1  (LUT3=1)
  Clock Uncertainty:      0.168ns  ((TSJ^2 + DJ^2)^1/2) / 2 + PE
    Total System Jitter     (TSJ):    0.050ns
    Discrete Jitter          (DJ):    0.131ns
    Phase Error              (PE):    0.098ns

    Location             Delay type                Incr(ns)  Path(ns)    Netlist Resource(s)
  -------------------------------------------------------------------    -------------------
    MMCME2_ADV_X1Y5      MMCME2_ADV                   0.000     0.000 r  u_pll/inst/mmcm_adv_inst/LOCKED
                         net (fo=2, routed)           1.493     1.493    main_memory/locked
    SLICE_X107Y189       LUT3 (Prop_lut3_I0_O)        0.030     1.523 r  main_memory/rdirty_o_i_1__0/O
                         net (fo=232, routed)         0.215     1.739    dcache/way1/rst_n
    SLICE_X98Y191        FDRE                                         r  dcache/way1/rline_o_reg[62]/CE
  -------------------------------------------------------------------    -------------------

                         (clock clk_out5_clk_wiz_1_1 rise edge)
                                                      0.000     0.000 r  
    H9                                                0.000     0.000 r  clk_p (IN)
                         net (fo=0)                   0.000     0.000    u_pll/inst/clk_in1_p
    H9                   IBUFDS (Prop_ibufds_I_O)     0.444     0.444 r  u_pll/inst/clkin1_ibufgds/O
                         net (fo=1, routed)           0.553     0.997    u_pll/inst/clk_in1_clk_wiz_1
    MMCME2_ADV_X1Y5      MMCME2_ADV (Prop_mmcme2_adv_CLKIN1_CLKOUT4)
                                                     -3.590    -2.593 r  u_pll/inst/mmcm_adv_inst/CLKOUT4
                         net (fo=1, routed)           1.044    -1.549    u_pll/inst/clk_out5_clk_wiz_1
    BUFGCTRL_X0Y20       BUFG (Prop_bufg_I_O)         0.030    -1.519 r  u_pll/inst/clkout5_buf/O
                         net (fo=2471, routed)        0.746    -0.773    dcache/way1/clk_out5
    SLICE_X98Y191        FDRE                                         r  dcache/way1/rline_o_reg[62]/C





