Copyright 1986-2022 Xilinx, Inc. All Rights Reserved.
-----------------------------------------------------------------------------------------------------------------------------------------------------------------------------------------------
| Tool Version : Vivado v.2022.2 (lin64) Build 3671981 Fri Oct 14 04:59:54 MDT 2022
| Date         : Fri Aug 30 14:34:28 2024
| Host         : karpuz running 64-bit Ubuntu 22.04.4 LTS
| Command      : report_timing_summary -max_paths 10 -report_unconstrained -file air_soc_timing_summary_routed.rpt -pb air_soc_timing_summary_routed.pb -rpx air_soc_timing_summary_routed.rpx
| Design       : air_soc
| Device       : 7z045-ffg900
| Speed File   : -2  PRODUCTION 1.12 2019-11-22
-----------------------------------------------------------------------------------------------------------------------------------------------------------------------------------------------

Timing Summary Report

------------------------------------------------------------------------------------------------
| Timer Settings
| --------------
------------------------------------------------------------------------------------------------

  Enable Multi Corner Analysis               :  Yes
  Enable Pessimism Removal                   :  Yes
  Pessimism Removal Resolution               :  Nearest Common Node
  Enable Input Delay Default Clock           :  No
  Enable Preset / Clear Arcs                 :  No
  Disable Flight Delays                      :  No
  Ignore I/O Paths                           :  No
  Timing Early Launch at Borrowing Latches   :  No
  Borrow Time for Max Delay Exceptions       :  Yes
  Merge Timing Exceptions                    :  Yes

  Corner  Analyze    Analyze    
  Name    Max Paths  Min Paths  
  ------  ---------  ---------  
  Slow    Yes        Yes        
  Fast    Yes        Yes        


------------------------------------------------------------------------------------------------
| Report Methodology
| ------------------
------------------------------------------------------------------------------------------------

Rule       Severity          Description                                                Violations  
---------  ----------------  ---------------------------------------------------------  ----------  
TIMING-14  Critical Warning  LUT on the clock tree                                      35          
DPIR-1     Warning           Asynchronous driver check                                  32          
LUTAR-1    Warning           LUT drives async reset alert                               1           
SYNTH-5    Warning           Mapped onto distributed RAM because of timing constraints  1024        
SYNTH-10   Warning           Wide multiplier                                            3           
SYNTH-15   Warning           Byte wide write enable not inferred                        32          
XDCC-7     Warning           Scoped Clock constraint overwritten on the same source     1           
LATCH-1    Advisory          Existing latches in the design                             1           

Note: This report is based on the most recent report_methodology run and may not be up-to-date. Run report_methodology on the current design for the latest report.



check_timing report

Table of Contents
-----------------
1. checking no_clock (0)
2. checking constant_clock (0)
3. checking pulse_width_clock (0)
4. checking unconstrained_internal_endpoints (0)
5. checking no_input_delay (2)
6. checking no_output_delay (1)
7. checking multiple_clock (0)
8. checking generated_clocks (0)
9. checking loops (0)
10. checking partial_input_delay (0)
11. checking partial_output_delay (0)
12. checking latch_loops (0)

1. checking no_clock (0)
------------------------
 There are 0 register/latch pins with no clock.


2. checking constant_clock (0)
------------------------------
 There are 0 register/latch pins with constant_clock.


3. checking pulse_width_clock (0)
---------------------------------
 There are 0 register/latch pins which need pulse_width check


4. checking unconstrained_internal_endpoints (0)
------------------------------------------------
 There are 0 pins that are not constrained for maximum delay.

 There are 0 pins that are not constrained for maximum delay due to constant clock.


5. checking no_input_delay (2)
------------------------------
 There are 2 input ports with no input delay specified. (HIGH)

 There are 0 input ports with no input delay but user has a false path constraint.


6. checking no_output_delay (1)
-------------------------------
 There is 1 port with no output delay specified. (HIGH)

 There are 0 ports with no output delay but user has a false path constraint

 There are 0 ports with no output delay but with a timing clock defined on it or propagating through it


7. checking multiple_clock (0)
------------------------------
 There are 0 register/latch pins with multiple clocks.


8. checking generated_clocks (0)
--------------------------------
 There are 0 generated clocks that are not connected to a clock source.


9. checking loops (0)
---------------------
 There are 0 combinational loops in the design.


10. checking partial_input_delay (0)
------------------------------------
 There are 0 input ports with partial input delay specified.


11. checking partial_output_delay (0)
-------------------------------------
 There are 0 ports with partial output delay specified.


12. checking latch_loops (0)
----------------------------
 There are 0 combinational latch loops in the design through latch input



------------------------------------------------------------------------------------------------
| Design Timing Summary
| ---------------------
------------------------------------------------------------------------------------------------

    WNS(ns)      TNS(ns)  TNS Failing Endpoints  TNS Total Endpoints      WHS(ns)      THS(ns)  THS Failing Endpoints  THS Total Endpoints     WPWS(ns)     TPWS(ns)  TPWS Failing Endpoints  TPWS Total Endpoints  
    -------      -------  ---------------------  -------------------      -------      -------  ---------------------  -------------------     --------     --------  ----------------------  --------------------  
      0.000        0.000                      0                56708        0.051        0.000                      0                56708        1.100        0.000                       0                 13685  


All user specified timing constraints are met.


------------------------------------------------------------------------------------------------
| Clock Summary
| -------------
------------------------------------------------------------------------------------------------

Clock                   Waveform(ns)         Period(ns)      Frequency(MHz)
-----                   ------------         ----------      --------------
clk_200mhz_p            {0.000 2.500}        5.000           200.000         
  clk_out1_clk_wiz_0_1  {0.000 8.333}        16.667          60.000          
  clkfbout_clk_wiz_0_1  {0.000 25.000}       50.000          20.000          


------------------------------------------------------------------------------------------------
| Intra Clock Table
| -----------------
------------------------------------------------------------------------------------------------

Clock                       WNS(ns)      TNS(ns)  TNS Failing Endpoints  TNS Total Endpoints      WHS(ns)      THS(ns)  THS Failing Endpoints  THS Total Endpoints     WPWS(ns)     TPWS(ns)  TPWS Failing Endpoints  TPWS Total Endpoints  
-----                       -------      -------  ---------------------  -------------------      -------      -------  ---------------------  -------------------     --------     --------  ----------------------  --------------------  
clk_200mhz_p                                                                                                                                                              1.100        0.000                       0                     1  
  clk_out1_clk_wiz_0_1        0.000        0.000                      0                56670        0.051        0.000                      0                56670        7.565        0.000                       0                 13681  
  clkfbout_clk_wiz_0_1                                                                                                                                                   48.592        0.000                       0                     3  


------------------------------------------------------------------------------------------------
| Inter Clock Table
| -----------------
------------------------------------------------------------------------------------------------

From Clock    To Clock          WNS(ns)      TNS(ns)  TNS Failing Endpoints  TNS Total Endpoints      WHS(ns)      THS(ns)  THS Failing Endpoints  THS Total Endpoints  
----------    --------          -------      -------  ---------------------  -------------------      -------      -------  ---------------------  -------------------  


------------------------------------------------------------------------------------------------
| Other Path Groups Table
| -----------------------
------------------------------------------------------------------------------------------------

Path Group            From Clock            To Clock                  WNS(ns)      TNS(ns)  TNS Failing Endpoints  TNS Total Endpoints      WHS(ns)      THS(ns)  THS Failing Endpoints  THS Total Endpoints  
----------            ----------            --------                  -------      -------  ---------------------  -------------------      -------      -------  ---------------------  -------------------  
**async_default**     clk_out1_clk_wiz_0_1  clk_out1_clk_wiz_0_1       14.704        0.000                      0                   38        0.348        0.000                      0                   38  


------------------------------------------------------------------------------------------------
| User Ignored Path Table
| -----------------------
------------------------------------------------------------------------------------------------

Path Group    From Clock    To Clock    
----------    ----------    --------    


------------------------------------------------------------------------------------------------
| Unconstrained Path Table
| ------------------------
------------------------------------------------------------------------------------------------

Path Group            From Clock            To Clock            
----------            ----------            --------            
(none)                clk_out1_clk_wiz_0_1                        
(none)                clkfbout_clk_wiz_0_1                        
(none)                                      clk_out1_clk_wiz_0_1  


------------------------------------------------------------------------------------------------
| Timing Details
| --------------
------------------------------------------------------------------------------------------------


---------------------------------------------------------------------------------------------------
From Clock:  clk_200mhz_p
  To Clock:  clk_200mhz_p

Setup :           NA  Failing Endpoints,  Worst Slack           NA  ,  Total Violation           NA
Hold  :           NA  Failing Endpoints,  Worst Slack           NA  ,  Total Violation           NA
PW    :            0  Failing Endpoints,  Worst Slack        1.100ns,  Total Violation        0.000ns
---------------------------------------------------------------------------------------------------


Pulse Width Checks
--------------------------------------------------------------------------------------
Clock Name:         clk_200mhz_p
Waveform(ns):       { 0.000 2.500 }
Period(ns):         5.000
Sources:            { clk_p }

Check Type        Corner  Lib Pin            Reference Pin  Required(ns)  Actual(ns)  Slack(ns)  Location         Pin
Min Period        n/a     MMCME2_ADV/CLKIN1  n/a            1.071         5.000       3.929      MMCME2_ADV_X1Y5  dutclk/inst/mmcm_adv_inst/CLKIN1
Max Period        n/a     MMCME2_ADV/CLKIN1  n/a            100.000       5.000       95.000     MMCME2_ADV_X1Y5  dutclk/inst/mmcm_adv_inst/CLKIN1
Low Pulse Width   Slow    MMCME2_ADV/CLKIN1  n/a            1.400         2.500       1.100      MMCME2_ADV_X1Y5  dutclk/inst/mmcm_adv_inst/CLKIN1
Low Pulse Width   Fast    MMCME2_ADV/CLKIN1  n/a            1.400         2.500       1.100      MMCME2_ADV_X1Y5  dutclk/inst/mmcm_adv_inst/CLKIN1
High Pulse Width  Slow    MMCME2_ADV/CLKIN1  n/a            1.400         2.500       1.100      MMCME2_ADV_X1Y5  dutclk/inst/mmcm_adv_inst/CLKIN1
High Pulse Width  Fast    MMCME2_ADV/CLKIN1  n/a            1.400         2.500       1.100      MMCME2_ADV_X1Y5  dutclk/inst/mmcm_adv_inst/CLKIN1



---------------------------------------------------------------------------------------------------
From Clock:  clk_out1_clk_wiz_0_1
  To Clock:  clk_out1_clk_wiz_0_1

Setup :            0  Failing Endpoints,  Worst Slack        0.000ns,  Total Violation        0.000ns
Hold  :            0  Failing Endpoints,  Worst Slack        0.051ns,  Total Violation        0.000ns
PW    :            0  Failing Endpoints,  Worst Slack        7.565ns,  Total Violation        0.000ns
---------------------------------------------------------------------------------------------------


Max Delay Paths
--------------------------------------------------------------------------------------
Slack (MET) :             0.000ns  (required time - arrival time)
  Source:                 cv32e40p_core_ip/core_i/id_stage_i/register_file_i/waddr_onehot_b_q_reg[1]/C
                            (rising edge-triggered cell FDCE clocked by clk_out1_clk_wiz_0_1  {rise@0.000ns fall@8.333ns period=16.667ns})
  Destination:            cv32e40p_core_ip/core_i/id_stage_i/register_file_i/mem_reg[1][21]/D
                            (positive level-sensitive latch clocked by clk_out1_clk_wiz_0_1  {rise@0.000ns fall@8.333ns period=16.667ns})
  Path Group:             clk_out1_clk_wiz_0_1
  Path Type:              Setup (Max at Slow Process Corner)
  Requirement:            0.000ns  (clk_out1_clk_wiz_0_1 rise@0.000ns - clk_out1_clk_wiz_0_1 rise@0.000ns)
  Data Path Delay:        1.726ns  (logic 0.274ns (15.871%)  route 1.452ns (84.129%))
  Logic Levels:           1  (LUT3=1)
  Clock Path Skew:        -1.385ns (DCD - SCD + CPR)
    Destination Clock Delay (DCD):    -0.834ns
    Source Clock Delay      (SCD):    -0.205ns
    Clock Pessimism Removal (CPR):    -0.756ns
  Time Borrowing:         
    Nominal pulse width:              8.333ns
    Library setup time:              -0.088ns
    Computed max time borrow:         8.245ns
    Time borrowed from endpoint:      3.112ns
    Time given to startpoint:         3.112ns

    Location             Delay type                Incr(ns)  Path(ns)    Netlist Resource(s)
  -------------------------------------------------------------------    -------------------
                         (clock clk_out1_clk_wiz_0_1 rise edge)
                                                      0.000     0.000 r  
    H9                                                0.000     0.000 r  clk_p (IN)
                         net (fo=0)                   0.000     0.000    dutclk/inst/clk_in1_p
    H9                   IBUFDS (Prop_ibufds_I_O)     0.880     0.880 r  dutclk/inst/clkin1_ibufgds/O
                         net (fo=1, routed)           1.081     1.961    dutclk/inst/clk_in1_clk_wiz_0
    MMCME2_ADV_X1Y5      MMCME2_ADV (Prop_mmcme2_adv_CLKIN1_CLKOUT0)
                                                     -7.639    -5.678 r  dutclk/inst/mmcm_adv_inst/CLKOUT0
                         net (fo=1, routed)           1.948    -3.730    dutclk/inst/clk_out1_clk_wiz_0
    BUFGCTRL_X0Y16       BUFG (Prop_bufg_I_O)         0.093    -3.637 r  dutclk/inst/clkout1_buf/O
                         net (fo=11462, routed)       1.610    -2.028    cv32e40p_core_ip/core_i/sleep_unit_i/core_clock_gate_i/clk_gate_i/clk_out1
    SLICE_X91Y146        LUT3 (Prop_lut3_I0_O)        0.043    -1.985 r  cv32e40p_core_ip/core_i/sleep_unit_i/core_clock_gate_i/clk_gate_i/waddr_onehot_b_q[31]_i_3/O
                         net (fo=1, routed)           0.429    -1.555    cv32e40p_core_ip_n_91
    BUFGCTRL_X0Y1        BUFG (Prop_bufg_I_O)         0.093    -1.462 r  waddr_onehot_b_q_reg[31]_i_2/O
                         net (fo=95, routed)          1.257    -0.205    cv32e40p_core_ip/core_i/id_stage_i/register_file_i/CLK
    SLICE_X107Y148       FDCE                                         r  cv32e40p_core_ip/core_i/id_stage_i/register_file_i/waddr_onehot_b_q_reg[1]/C
  -------------------------------------------------------------------    -------------------
    SLICE_X107Y148       FDCE (Prop_fdce_C_Q)         0.223     0.018 r  cv32e40p_core_ip/core_i/id_stage_i/register_file_i/waddr_onehot_b_q_reg[1]/Q
                         net (fo=32, routed)          1.000     1.017    cv32e40p_core_ip/core_i/id_stage_i/register_file_i/waddr_onehot_b_q_reg_n_0_[1]
    SLICE_X124Y157       LUT3 (Prop_lut3_I2_O)        0.051     1.068 r  cv32e40p_core_ip/core_i/id_stage_i/register_file_i/mem_reg[1][21]_i_1/O
                         net (fo=1, routed)           0.453     1.521    cv32e40p_core_ip/core_i/id_stage_i/register_file_i/mem_reg[1][21]_i_1_n_0
    SLICE_X116Y159       LDCE                                         r  cv32e40p_core_ip/core_i/id_stage_i/register_file_i/mem_reg[1][21]/D
  -------------------------------------------------------------------    -------------------

                         (clock clk_out1_clk_wiz_0_1 rise edge)
                                                      0.000     0.000 r  
    H9                                                0.000     0.000 r  clk_p (IN)
                         net (fo=0)                   0.000     0.000    dutclk/inst/clk_in1_p
    H9                   IBUFDS (Prop_ibufds_I_O)     0.778     0.778 r  dutclk/inst/clkin1_ibufgds/O
                         net (fo=1, routed)           0.986     1.764    dutclk/inst/clk_in1_clk_wiz_0
    MMCME2_ADV_X1Y5      MMCME2_ADV (Prop_mmcme2_adv_CLKIN1_CLKOUT0)
                                                     -6.516    -4.752 r  dutclk/inst/mmcm_adv_inst/CLKOUT0
                         net (fo=1, routed)           1.788    -2.964    dutclk/inst/clk_out1_clk_wiz_0
    BUFGCTRL_X0Y16       BUFG (Prop_bufg_I_O)         0.083    -2.881 r  dutclk/inst/clkout1_buf/O
                         net (fo=11462, routed)       1.444    -1.437    cv32e40p_core_ip/core_i/id_stage_i/register_file_i/CG_WE_GLOBAL/clk_gate_i/clk_out1
    SLICE_X108Y149       LUT4 (Prop_lut4_I0_O)        0.036    -1.401 r  cv32e40p_core_ip/core_i/id_stage_i/register_file_i/CG_WE_GLOBAL/clk_gate_i/mem_reg[1][31]_i_2/O
                         net (fo=32, routed)          0.567    -0.834    cv32e40p_core_ip/core_i/id_stage_i/register_file_i/p_61_in
    SLICE_X116Y159       LDCE                                         r  cv32e40p_core_ip/core_i/id_stage_i/register_file_i/mem_reg[1][21]/G
                         clock pessimism             -0.756    -1.591    
                         time borrowed                3.112     1.521    
  -------------------------------------------------------------------
                         required time                          1.521    
                         arrival time                          -1.521    
  -------------------------------------------------------------------
                         slack                                  0.000    

Slack (MET) :             0.000ns  (required time - arrival time)
  Source:                 cv32e40p_core_ip/core_i/id_stage_i/register_file_i/wdata_a_q_reg[23]/C
                            (rising edge-triggered cell FDCE clocked by clk_out1_clk_wiz_0_1  {rise@0.000ns fall@8.333ns period=16.667ns})
  Destination:            cv32e40p_core_ip/core_i/id_stage_i/register_file_i/mem_reg[27][23]/D
                            (positive level-sensitive latch clocked by clk_out1_clk_wiz_0_1  {rise@0.000ns fall@8.333ns period=16.667ns})
  Path Group:             clk_out1_clk_wiz_0_1
  Path Type:              Setup (Max at Slow Process Corner)
  Requirement:            0.000ns  (clk_out1_clk_wiz_0_1 rise@0.000ns - clk_out1_clk_wiz_0_1 rise@0.000ns)
  Data Path Delay:        1.636ns  (logic 0.266ns (16.261%)  route 1.370ns (83.739%))
  Logic Levels:           1  (LUT3=1)
  Clock Path Skew:        -1.466ns (DCD - SCD + CPR)
    Destination Clock Delay (DCD):    -0.909ns
    Source Clock Delay      (SCD):    -0.198ns
    Clock Pessimism Removal (CPR):    -0.756ns
  Time Borrowing:         
    Nominal pulse width:              8.333ns
    Library setup time:               0.098ns
    Computed max time borrow:         8.431ns
    Time borrowed from endpoint:      3.102ns
    Time given to startpoint:         3.102ns

    Location             Delay type                Incr(ns)  Path(ns)    Netlist Resource(s)
  -------------------------------------------------------------------    -------------------
                         (clock clk_out1_clk_wiz_0_1 rise edge)
                                                      0.000     0.000 r  
    H9                                                0.000     0.000 r  clk_p (IN)
                         net (fo=0)                   0.000     0.000    dutclk/inst/clk_in1_p
    H9                   IBUFDS (Prop_ibufds_I_O)     0.880     0.880 r  dutclk/inst/clkin1_ibufgds/O
                         net (fo=1, routed)           1.081     1.961    dutclk/inst/clk_in1_clk_wiz_0
    MMCME2_ADV_X1Y5      MMCME2_ADV (Prop_mmcme2_adv_CLKIN1_CLKOUT0)
                                                     -7.639    -5.678 r  dutclk/inst/mmcm_adv_inst/CLKOUT0
                         net (fo=1, routed)           1.948    -3.730    dutclk/inst/clk_out1_clk_wiz_0
    BUFGCTRL_X0Y16       BUFG (Prop_bufg_I_O)         0.093    -3.637 r  dutclk/inst/clkout1_buf/O
                         net (fo=11462, routed)       1.610    -2.028    cv32e40p_core_ip/core_i/sleep_unit_i/core_clock_gate_i/clk_gate_i/clk_out1
    SLICE_X91Y146        LUT3 (Prop_lut3_I0_O)        0.043    -1.985 r  cv32e40p_core_ip/core_i/sleep_unit_i/core_clock_gate_i/clk_gate_i/waddr_onehot_b_q[31]_i_3/O
                         net (fo=1, routed)           0.429    -1.555    cv32e40p_core_ip_n_91
    BUFGCTRL_X0Y1        BUFG (Prop_bufg_I_O)         0.093    -1.462 r  waddr_onehot_b_q_reg[31]_i_2/O
                         net (fo=95, routed)          1.264    -0.198    cv32e40p_core_ip/core_i/id_stage_i/register_file_i/CLK
    SLICE_X123Y146       FDCE                                         r  cv32e40p_core_ip/core_i/id_stage_i/register_file_i/wdata_a_q_reg[23]/C
  -------------------------------------------------------------------    -------------------
    SLICE_X123Y146       FDCE (Prop_fdce_C_Q)         0.223     0.025 r  cv32e40p_core_ip/core_i/id_stage_i/register_file_i/wdata_a_q_reg[23]/Q
                         net (fo=31, routed)          0.897     0.922    cv32e40p_core_ip/core_i/id_stage_i/register_file_i/wdata_a_q[23]
    SLICE_X125Y156       LUT3 (Prop_lut3_I2_O)        0.043     0.965 r  cv32e40p_core_ip/core_i/id_stage_i/register_file_i/mem_reg[27][23]_i_1/O
                         net (fo=1, routed)           0.473     1.437    cv32e40p_core_ip/core_i/id_stage_i/register_file_i/mem_reg[27][23]_i_1_n_0
    SLICE_X114Y156       LDCE                                         r  cv32e40p_core_ip/core_i/id_stage_i/register_file_i/mem_reg[27][23]/D
  -------------------------------------------------------------------    -------------------

                         (clock clk_out1_clk_wiz_0_1 rise edge)
                                                      0.000     0.000 r  
    H9                                                0.000     0.000 r  clk_p (IN)
                         net (fo=0)                   0.000     0.000    dutclk/inst/clk_in1_p
    H9                   IBUFDS (Prop_ibufds_I_O)     0.778     0.778 r  dutclk/inst/clkin1_ibufgds/O
                         net (fo=1, routed)           0.986     1.764    dutclk/inst/clk_in1_clk_wiz_0
    MMCME2_ADV_X1Y5      MMCME2_ADV (Prop_mmcme2_adv_CLKIN1_CLKOUT0)
                                                     -6.516    -4.752 r  dutclk/inst/mmcm_adv_inst/CLKOUT0
                         net (fo=1, routed)           1.788    -2.964    dutclk/inst/clk_out1_clk_wiz_0
    BUFGCTRL_X0Y16       BUFG (Prop_bufg_I_O)         0.083    -2.881 r  dutclk/inst/clkout1_buf/O
                         net (fo=11462, routed)       1.436    -1.446    cv32e40p_core_ip/core_i/id_stage_i/register_file_i/CG_WE_GLOBAL/clk_gate_i/clk_out1
    SLICE_X108Y149       LUT4 (Prop_lut4_I0_O)        0.043    -1.403 r  cv32e40p_core_ip/core_i/id_stage_i/register_file_i/CG_WE_GLOBAL/clk_gate_i/mem_reg[27][31]_i_2/O
                         net (fo=32, routed)          0.494    -0.909    cv32e40p_core_ip/core_i/id_stage_i/register_file_i/p_35_in
    SLICE_X114Y156       LDCE                                         r  cv32e40p_core_ip/core_i/id_stage_i/register_file_i/mem_reg[27][23]/G
                         clock pessimism             -0.756    -1.665    
                         time borrowed                3.102     1.437    
  -------------------------------------------------------------------
                         required time                          1.437    
                         arrival time                          -1.437    
  -------------------------------------------------------------------
                         slack                                  0.000    

Slack (MET) :             0.000ns  (required time - arrival time)
  Source:                 cv32e40p_core_ip/core_i/id_stage_i/register_file_i/wdata_b_q_reg[29]/C
                            (rising edge-triggered cell FDCE clocked by clk_out1_clk_wiz_0_1  {rise@0.000ns fall@8.333ns period=16.667ns})
  Destination:            cv32e40p_core_ip/core_i/id_stage_i/register_file_i/mem_reg[16][29]/D
                            (positive level-sensitive latch clocked by clk_out1_clk_wiz_0_1  {rise@0.000ns fall@8.333ns period=16.667ns})
  Path Group:             clk_out1_clk_wiz_0_1
  Path Type:              Setup (Max at Slow Process Corner)
  Requirement:            0.000ns  (clk_out1_clk_wiz_0_1 rise@0.000ns - clk_out1_clk_wiz_0_1 rise@0.000ns)
  Data Path Delay:        1.468ns  (logic 0.266ns (18.124%)  route 1.202ns (81.876%))
  Logic Levels:           1  (LUT3=1)
  Clock Path Skew:        -1.591ns (DCD - SCD + CPR)
    Destination Clock Delay (DCD):    -1.039ns
    Source Clock Delay      (SCD):    -0.203ns
    Clock Pessimism Removal (CPR):    -0.756ns
  Time Borrowing:         
    Nominal pulse width:              8.333ns
    Library setup time:               0.008ns
    Computed max time borrow:         8.341ns
    Time borrowed from endpoint:      3.059ns
    Time given to startpoint:         3.059ns

    Location             Delay type                Incr(ns)  Path(ns)    Netlist Resource(s)
  -------------------------------------------------------------------    -------------------
                         (clock clk_out1_clk_wiz_0_1 rise edge)
                                                      0.000     0.000 r  
    H9                                                0.000     0.000 r  clk_p (IN)
                         net (fo=0)                   0.000     0.000    dutclk/inst/clk_in1_p
    H9                   IBUFDS (Prop_ibufds_I_O)     0.880     0.880 r  dutclk/inst/clkin1_ibufgds/O
                         net (fo=1, routed)           1.081     1.961    dutclk/inst/clk_in1_clk_wiz_0
    MMCME2_ADV_X1Y5      MMCME2_ADV (Prop_mmcme2_adv_CLKIN1_CLKOUT0)
                                                     -7.639    -5.678 r  dutclk/inst/mmcm_adv_inst/CLKOUT0
                         net (fo=1, routed)           1.948    -3.730    dutclk/inst/clk_out1_clk_wiz_0
    BUFGCTRL_X0Y16       BUFG (Prop_bufg_I_O)         0.093    -3.637 r  dutclk/inst/clkout1_buf/O
                         net (fo=11462, routed)       1.610    -2.028    cv32e40p_core_ip/core_i/sleep_unit_i/core_clock_gate_i/clk_gate_i/clk_out1
    SLICE_X91Y146        LUT3 (Prop_lut3_I0_O)        0.043    -1.985 r  cv32e40p_core_ip/core_i/sleep_unit_i/core_clock_gate_i/clk_gate_i/waddr_onehot_b_q[31]_i_3/O
                         net (fo=1, routed)           0.429    -1.555    cv32e40p_core_ip_n_91
    BUFGCTRL_X0Y1        BUFG (Prop_bufg_I_O)         0.093    -1.462 r  waddr_onehot_b_q_reg[31]_i_2/O
                         net (fo=95, routed)          1.259    -0.203    cv32e40p_core_ip/core_i/id_stage_i/register_file_i/CLK
    SLICE_X113Y147       FDCE                                         r  cv32e40p_core_ip/core_i/id_stage_i/register_file_i/wdata_b_q_reg[29]/C
  -------------------------------------------------------------------    -------------------
    SLICE_X113Y147       FDCE (Prop_fdce_C_Q)         0.223     0.020 r  cv32e40p_core_ip/core_i/id_stage_i/register_file_i/wdata_b_q_reg[29]/Q
                         net (fo=31, routed)          0.733     0.752    cv32e40p_core_ip/core_i/id_stage_i/register_file_i/wdata_b_q[29]
    SLICE_X109Y155       LUT3 (Prop_lut3_I0_O)        0.043     0.795 r  cv32e40p_core_ip/core_i/id_stage_i/register_file_i/mem_reg[16][29]_i_1/O
                         net (fo=1, routed)           0.469     1.264    cv32e40p_core_ip/core_i/id_stage_i/register_file_i/mem_reg[16][29]_i_1_n_0
    SLICE_X107Y155       LDCE                                         r  cv32e40p_core_ip/core_i/id_stage_i/register_file_i/mem_reg[16][29]/D
  -------------------------------------------------------------------    -------------------

                         (clock clk_out1_clk_wiz_0_1 rise edge)
                                                      0.000     0.000 r  
    H9                                                0.000     0.000 r  clk_p (IN)
                         net (fo=0)                   0.000     0.000    dutclk/inst/clk_in1_p
    H9                   IBUFDS (Prop_ibufds_I_O)     0.778     0.778 r  dutclk/inst/clkin1_ibufgds/O
                         net (fo=1, routed)           0.986     1.764    dutclk/inst/clk_in1_clk_wiz_0
    MMCME2_ADV_X1Y5      MMCME2_ADV (Prop_mmcme2_adv_CLKIN1_CLKOUT0)
                                                     -6.516    -4.752 r  dutclk/inst/mmcm_adv_inst/CLKOUT0
                         net (fo=1, routed)           1.788    -2.964    dutclk/inst/clk_out1_clk_wiz_0
    BUFGCTRL_X0Y16       BUFG (Prop_bufg_I_O)         0.083    -2.881 r  dutclk/inst/clkout1_buf/O
                         net (fo=11462, routed)       1.419    -1.463    cv32e40p_core_ip/core_i/id_stage_i/register_file_i/CG_WE_GLOBAL/clk_gate_i/clk_out1
    SLICE_X107Y149       LUT4 (Prop_lut4_I0_O)        0.036    -1.427 r  cv32e40p_core_ip/core_i/id_stage_i/register_file_i/CG_WE_GLOBAL/clk_gate_i/mem_reg[16][31]_i_2/O
                         net (fo=32, routed)          0.388    -1.039    cv32e40p_core_ip/core_i/id_stage_i/register_file_i/p_46_in
    SLICE_X107Y155       LDCE                                         r  cv32e40p_core_ip/core_i/id_stage_i/register_file_i/mem_reg[16][29]/G
                         clock pessimism             -0.756    -1.795    
                         time borrowed                3.059     1.264    
  -------------------------------------------------------------------
                         required time                          1.264    
                         arrival time                          -1.264    
  -------------------------------------------------------------------
                         slack                                  0.000    

Slack (MET) :             0.000ns  (required time - arrival time)
  Source:                 cv32e40p_core_ip/core_i/id_stage_i/register_file_i/waddr_onehot_b_q_reg[22]/C
                            (rising edge-triggered cell FDCE clocked by clk_out1_clk_wiz_0_1  {rise@0.000ns fall@8.333ns period=16.667ns})
  Destination:            cv32e40p_core_ip/core_i/id_stage_i/register_file_i/mem_reg[22][21]/D
                            (positive level-sensitive latch clocked by clk_out1_clk_wiz_0_1  {rise@0.000ns fall@8.333ns period=16.667ns})
  Path Group:             clk_out1_clk_wiz_0_1
  Path Type:              Setup (Max at Slow Process Corner)
  Requirement:            0.000ns  (clk_out1_clk_wiz_0_1 rise@0.000ns - clk_out1_clk_wiz_0_1 rise@0.000ns)
  Data Path Delay:        1.478ns  (logic 0.266ns (17.999%)  route 1.212ns (82.001%))
  Logic Levels:           1  (LUT3=1)
  Clock Path Skew:        -1.572ns (DCD - SCD + CPR)
    Destination Clock Delay (DCD):    -1.021ns
    Source Clock Delay      (SCD):    -0.205ns
    Clock Pessimism Removal (CPR):    -0.756ns
  Time Borrowing:         
    Nominal pulse width:              8.333ns
    Library setup time:               0.008ns
    Computed max time borrow:         8.341ns
    Time borrowed from endpoint:      3.050ns
    Time given to startpoint:         3.050ns

    Location             Delay type                Incr(ns)  Path(ns)    Netlist Resource(s)
  -------------------------------------------------------------------    -------------------
                         (clock clk_out1_clk_wiz_0_1 rise edge)
                                                      0.000     0.000 r  
    H9                                                0.000     0.000 r  clk_p (IN)
                         net (fo=0)                   0.000     0.000    dutclk/inst/clk_in1_p
    H9                   IBUFDS (Prop_ibufds_I_O)     0.880     0.880 r  dutclk/inst/clkin1_ibufgds/O
                         net (fo=1, routed)           1.081     1.961    dutclk/inst/clk_in1_clk_wiz_0
    MMCME2_ADV_X1Y5      MMCME2_ADV (Prop_mmcme2_adv_CLKIN1_CLKOUT0)
                                                     -7.639    -5.678 r  dutclk/inst/mmcm_adv_inst/CLKOUT0
                         net (fo=1, routed)           1.948    -3.730    dutclk/inst/clk_out1_clk_wiz_0
    BUFGCTRL_X0Y16       BUFG (Prop_bufg_I_O)         0.093    -3.637 r  dutclk/inst/clkout1_buf/O
                         net (fo=11462, routed)       1.610    -2.028    cv32e40p_core_ip/core_i/sleep_unit_i/core_clock_gate_i/clk_gate_i/clk_out1
    SLICE_X91Y146        LUT3 (Prop_lut3_I0_O)        0.043    -1.985 r  cv32e40p_core_ip/core_i/sleep_unit_i/core_clock_gate_i/clk_gate_i/waddr_onehot_b_q[31]_i_3/O
                         net (fo=1, routed)           0.429    -1.555    cv32e40p_core_ip_n_91
    BUFGCTRL_X0Y1        BUFG (Prop_bufg_I_O)         0.093    -1.462 r  waddr_onehot_b_q_reg[31]_i_2/O
                         net (fo=95, routed)          1.257    -0.205    cv32e40p_core_ip/core_i/id_stage_i/register_file_i/CLK
    SLICE_X109Y148       FDCE                                         r  cv32e40p_core_ip/core_i/id_stage_i/register_file_i/waddr_onehot_b_q_reg[22]/C
  -------------------------------------------------------------------    -------------------
    SLICE_X109Y148       FDCE (Prop_fdce_C_Q)         0.223     0.018 r  cv32e40p_core_ip/core_i/id_stage_i/register_file_i/waddr_onehot_b_q_reg[22]/Q
                         net (fo=32, routed)          0.839     0.857    cv32e40p_core_ip/core_i/id_stage_i/register_file_i/waddr_onehot_b_q_reg_n_0_[22]
    SLICE_X122Y156       LUT3 (Prop_lut3_I1_O)        0.043     0.900 r  cv32e40p_core_ip/core_i/id_stage_i/register_file_i/mem_reg[22][21]_i_1/O
                         net (fo=1, routed)           0.373     1.272    cv32e40p_core_ip/core_i/id_stage_i/register_file_i/mem_reg[22][21]_i_1_n_0
    SLICE_X121Y155       LDCE                                         r  cv32e40p_core_ip/core_i/id_stage_i/register_file_i/mem_reg[22][21]/D
  -------------------------------------------------------------------    -------------------

                         (clock clk_out1_clk_wiz_0_1 rise edge)
                                                      0.000     0.000 r  
    H9                                                0.000     0.000 r  clk_p (IN)
                         net (fo=0)                   0.000     0.000    dutclk/inst/clk_in1_p
    H9                   IBUFDS (Prop_ibufds_I_O)     0.778     0.778 r  dutclk/inst/clkin1_ibufgds/O
                         net (fo=1, routed)           0.986     1.764    dutclk/inst/clk_in1_clk_wiz_0
    MMCME2_ADV_X1Y5      MMCME2_ADV (Prop_mmcme2_adv_CLKIN1_CLKOUT0)
                                                     -6.516    -4.752 r  dutclk/inst/mmcm_adv_inst/CLKOUT0
                         net (fo=1, routed)           1.788    -2.964    dutclk/inst/clk_out1_clk_wiz_0
    BUFGCTRL_X0Y16       BUFG (Prop_bufg_I_O)         0.083    -2.881 r  dutclk/inst/clkout1_buf/O
                         net (fo=11462, routed)       1.306    -1.575    cv32e40p_core_ip/core_i/id_stage_i/register_file_i/CG_WE_GLOBAL/clk_gate_i/clk_out1
    SLICE_X105Y150       LUT4 (Prop_lut4_I0_O)        0.036    -1.539 r  cv32e40p_core_ip/core_i/id_stage_i/register_file_i/CG_WE_GLOBAL/clk_gate_i/mem_reg[22][31]_i_2/O
                         net (fo=32, routed)          0.518    -1.021    cv32e40p_core_ip/core_i/id_stage_i/register_file_i/p_40_in
    SLICE_X121Y155       LDCE                                         r  cv32e40p_core_ip/core_i/id_stage_i/register_file_i/mem_reg[22][21]/G
                         clock pessimism             -0.756    -1.777    
                         time borrowed                3.050     1.272    
  -------------------------------------------------------------------
                         required time                          1.272    
                         arrival time                          -1.272    
  -------------------------------------------------------------------
                         slack                                  0.000    

Slack (MET) :             0.000ns  (required time - arrival time)
  Source:                 cv32e40p_core_ip/core_i/id_stage_i/register_file_i/wdata_a_q_reg[21]/C
                            (rising edge-triggered cell FDCE clocked by clk_out1_clk_wiz_0_1  {rise@0.000ns fall@8.333ns period=16.667ns})
  Destination:            cv32e40p_core_ip/core_i/id_stage_i/register_file_i/mem_reg[17][21]/D
                            (positive level-sensitive latch clocked by clk_out1_clk_wiz_0_1  {rise@0.000ns fall@8.333ns period=16.667ns})
  Path Group:             clk_out1_clk_wiz_0_1
  Path Type:              Setup (Max at Slow Process Corner)
  Requirement:            0.000ns  (clk_out1_clk_wiz_0_1 rise@0.000ns - clk_out1_clk_wiz_0_1 rise@0.000ns)
  Data Path Delay:        1.561ns  (logic 0.302ns (19.351%)  route 1.259ns (80.649%))
  Logic Levels:           1  (LUT3=1)
  Clock Path Skew:        -1.469ns (DCD - SCD + CPR)
    Destination Clock Delay (DCD):    -0.913ns
    Source Clock Delay      (SCD):    -0.199ns
    Clock Pessimism Removal (CPR):    -0.756ns
  Time Borrowing:         
    Nominal pulse width:              8.333ns
    Library setup time:               0.078ns
    Computed max time borrow:         8.411ns
    Time borrowed from endpoint:      3.030ns
    Time given to startpoint:         3.030ns

    Location             Delay type                Incr(ns)  Path(ns)    Netlist Resource(s)
  -------------------------------------------------------------------    -------------------
                         (clock clk_out1_clk_wiz_0_1 rise edge)
                                                      0.000     0.000 r  
    H9                                                0.000     0.000 r  clk_p (IN)
                         net (fo=0)                   0.000     0.000    dutclk/inst/clk_in1_p
    H9                   IBUFDS (Prop_ibufds_I_O)     0.880     0.880 r  dutclk/inst/clkin1_ibufgds/O
                         net (fo=1, routed)           1.081     1.961    dutclk/inst/clk_in1_clk_wiz_0
    MMCME2_ADV_X1Y5      MMCME2_ADV (Prop_mmcme2_adv_CLKIN1_CLKOUT0)
                                                     -7.639    -5.678 r  dutclk/inst/mmcm_adv_inst/CLKOUT0
                         net (fo=1, routed)           1.948    -3.730    dutclk/inst/clk_out1_clk_wiz_0
    BUFGCTRL_X0Y16       BUFG (Prop_bufg_I_O)         0.093    -3.637 r  dutclk/inst/clkout1_buf/O
                         net (fo=11462, routed)       1.610    -2.028    cv32e40p_core_ip/core_i/sleep_unit_i/core_clock_gate_i/clk_gate_i/clk_out1
    SLICE_X91Y146        LUT3 (Prop_lut3_I0_O)        0.043    -1.985 r  cv32e40p_core_ip/core_i/sleep_unit_i/core_clock_gate_i/clk_gate_i/waddr_onehot_b_q[31]_i_3/O
                         net (fo=1, routed)           0.429    -1.555    cv32e40p_core_ip_n_91
    BUFGCTRL_X0Y1        BUFG (Prop_bufg_I_O)         0.093    -1.462 r  waddr_onehot_b_q_reg[31]_i_2/O
                         net (fo=95, routed)          1.263    -0.199    cv32e40p_core_ip/core_i/id_stage_i/register_file_i/CLK
    SLICE_X118Y145       FDCE                                         r  cv32e40p_core_ip/core_i/id_stage_i/register_file_i/wdata_a_q_reg[21]/C
  -------------------------------------------------------------------    -------------------
    SLICE_X118Y145       FDCE (Prop_fdce_C_Q)         0.259     0.060 r  cv32e40p_core_ip/core_i/id_stage_i/register_file_i/wdata_a_q_reg[21]/Q
                         net (fo=31, routed)          0.847     0.906    cv32e40p_core_ip/core_i/id_stage_i/register_file_i/wdata_a_q[21]
    SLICE_X122Y156       LUT3 (Prop_lut3_I2_O)        0.043     0.949 r  cv32e40p_core_ip/core_i/id_stage_i/register_file_i/mem_reg[17][21]_i_1/O
                         net (fo=1, routed)           0.412     1.361    cv32e40p_core_ip/core_i/id_stage_i/register_file_i/mem_reg[17][21]_i_1_n_0
    SLICE_X115Y157       LDCE                                         r  cv32e40p_core_ip/core_i/id_stage_i/register_file_i/mem_reg[17][21]/D
  -------------------------------------------------------------------    -------------------

                         (clock clk_out1_clk_wiz_0_1 rise edge)
                                                      0.000     0.000 r  
    H9                                                0.000     0.000 r  clk_p (IN)
                         net (fo=0)                   0.000     0.000    dutclk/inst/clk_in1_p
    H9                   IBUFDS (Prop_ibufds_I_O)     0.778     0.778 r  dutclk/inst/clkin1_ibufgds/O
                         net (fo=1, routed)           0.986     1.764    dutclk/inst/clk_in1_clk_wiz_0
    MMCME2_ADV_X1Y5      MMCME2_ADV (Prop_mmcme2_adv_CLKIN1_CLKOUT0)
                                                     -6.516    -4.752 r  dutclk/inst/mmcm_adv_inst/CLKOUT0
                         net (fo=1, routed)           1.788    -2.964    dutclk/inst/clk_out1_clk_wiz_0
    BUFGCTRL_X0Y16       BUFG (Prop_bufg_I_O)         0.083    -2.881 r  dutclk/inst/clkout1_buf/O
                         net (fo=11462, routed)       1.419    -1.463    cv32e40p_core_ip/core_i/id_stage_i/register_file_i/CG_WE_GLOBAL/clk_gate_i/clk_out1
    SLICE_X107Y149       LUT4 (Prop_lut4_I0_O)        0.043    -1.420 r  cv32e40p_core_ip/core_i/id_stage_i/register_file_i/CG_WE_GLOBAL/clk_gate_i/mem_reg[17][31]_i_2/O
                         net (fo=32, routed)          0.507    -0.913    cv32e40p_core_ip/core_i/id_stage_i/register_file_i/p_45_in
    SLICE_X115Y157       LDCE                                         r  cv32e40p_core_ip/core_i/id_stage_i/register_file_i/mem_reg[17][21]/G
                         clock pessimism             -0.756    -1.669    
                         time borrowed                3.030     1.361    
  -------------------------------------------------------------------
                         required time                          1.361    
                         arrival time                          -1.361    
  -------------------------------------------------------------------
                         slack                                  0.000    

Slack (MET) :             0.000ns  (required time - arrival time)
  Source:                 cv32e40p_core_ip/core_i/id_stage_i/register_file_i/wdata_a_q_reg[28]/C
                            (rising edge-triggered cell FDCE clocked by clk_out1_clk_wiz_0_1  {rise@0.000ns fall@8.333ns period=16.667ns})
  Destination:            cv32e40p_core_ip/core_i/id_stage_i/register_file_i/mem_reg[22][28]/D
                            (positive level-sensitive latch clocked by clk_out1_clk_wiz_0_1  {rise@0.000ns fall@8.333ns period=16.667ns})
  Path Group:             clk_out1_clk_wiz_0_1
  Path Type:              Setup (Max at Slow Process Corner)
  Requirement:            0.000ns  (clk_out1_clk_wiz_0_1 rise@0.000ns - clk_out1_clk_wiz_0_1 rise@0.000ns)
  Data Path Delay:        1.394ns  (logic 0.270ns (19.364%)  route 1.124ns (80.636%))
  Logic Levels:           1  (LUT3=1)
  Clock Path Skew:        -1.635ns (DCD - SCD + CPR)
    Destination Clock Delay (DCD):    -1.080ns
    Source Clock Delay      (SCD):    -0.201ns
    Clock Pessimism Removal (CPR):    -0.756ns
  Time Borrowing:         
    Nominal pulse width:              8.333ns
    Library setup time:              -0.086ns
    Computed max time borrow:         8.247ns
    Time borrowed from endpoint:      3.029ns
    Time given to startpoint:         3.029ns

    Location             Delay type                Incr(ns)  Path(ns)    Netlist Resource(s)
  -------------------------------------------------------------------    -------------------
                         (clock clk_out1_clk_wiz_0_1 rise edge)
                                                      0.000     0.000 r  
    H9                                                0.000     0.000 r  clk_p (IN)
                         net (fo=0)                   0.000     0.000    dutclk/inst/clk_in1_p
    H9                   IBUFDS (Prop_ibufds_I_O)     0.880     0.880 r  dutclk/inst/clkin1_ibufgds/O
                         net (fo=1, routed)           1.081     1.961    dutclk/inst/clk_in1_clk_wiz_0
    MMCME2_ADV_X1Y5      MMCME2_ADV (Prop_mmcme2_adv_CLKIN1_CLKOUT0)
                                                     -7.639    -5.678 r  dutclk/inst/mmcm_adv_inst/CLKOUT0
                         net (fo=1, routed)           1.948    -3.730    dutclk/inst/clk_out1_clk_wiz_0
    BUFGCTRL_X0Y16       BUFG (Prop_bufg_I_O)         0.093    -3.637 r  dutclk/inst/clkout1_buf/O
                         net (fo=11462, routed)       1.610    -2.028    cv32e40p_core_ip/core_i/sleep_unit_i/core_clock_gate_i/clk_gate_i/clk_out1
    SLICE_X91Y146        LUT3 (Prop_lut3_I0_O)        0.043    -1.985 r  cv32e40p_core_ip/core_i/sleep_unit_i/core_clock_gate_i/clk_gate_i/waddr_onehot_b_q[31]_i_3/O
                         net (fo=1, routed)           0.429    -1.555    cv32e40p_core_ip_n_91
    BUFGCTRL_X0Y1        BUFG (Prop_bufg_I_O)         0.093    -1.462 r  waddr_onehot_b_q_reg[31]_i_2/O
                         net (fo=95, routed)          1.261    -0.201    cv32e40p_core_ip/core_i/id_stage_i/register_file_i/CLK
    SLICE_X116Y147       FDCE                                         r  cv32e40p_core_ip/core_i/id_stage_i/register_file_i/wdata_a_q_reg[28]/C
  -------------------------------------------------------------------    -------------------
    SLICE_X116Y147       FDCE (Prop_fdce_C_Q)         0.223     0.022 r  cv32e40p_core_ip/core_i/id_stage_i/register_file_i/wdata_a_q_reg[28]/Q
                         net (fo=31, routed)          0.819     0.841    cv32e40p_core_ip/core_i/id_stage_i/register_file_i/wdata_a_q[28]
    SLICE_X110Y157       LUT3 (Prop_lut3_I2_O)        0.047     0.888 r  cv32e40p_core_ip/core_i/id_stage_i/register_file_i/mem_reg[22][28]_i_1/O
                         net (fo=1, routed)           0.305     1.193    cv32e40p_core_ip/core_i/id_stage_i/register_file_i/mem_reg[22][28]_i_1_n_0
    SLICE_X109Y157       LDCE                                         r  cv32e40p_core_ip/core_i/id_stage_i/register_file_i/mem_reg[22][28]/D
  -------------------------------------------------------------------    -------------------

                         (clock clk_out1_clk_wiz_0_1 rise edge)
                                                      0.000     0.000 r  
    H9                                                0.000     0.000 r  clk_p (IN)
                         net (fo=0)                   0.000     0.000    dutclk/inst/clk_in1_p
    H9                   IBUFDS (Prop_ibufds_I_O)     0.778     0.778 r  dutclk/inst/clkin1_ibufgds/O
                         net (fo=1, routed)           0.986     1.764    dutclk/inst/clk_in1_clk_wiz_0
    MMCME2_ADV_X1Y5      MMCME2_ADV (Prop_mmcme2_adv_CLKIN1_CLKOUT0)
                                                     -6.516    -4.752 r  dutclk/inst/mmcm_adv_inst/CLKOUT0
                         net (fo=1, routed)           1.788    -2.964    dutclk/inst/clk_out1_clk_wiz_0
    BUFGCTRL_X0Y16       BUFG (Prop_bufg_I_O)         0.083    -2.881 r  dutclk/inst/clkout1_buf/O
                         net (fo=11462, routed)       1.306    -1.575    cv32e40p_core_ip/core_i/id_stage_i/register_file_i/CG_WE_GLOBAL/clk_gate_i/clk_out1
    SLICE_X105Y150       LUT4 (Prop_lut4_I0_O)        0.036    -1.539 r  cv32e40p_core_ip/core_i/id_stage_i/register_file_i/CG_WE_GLOBAL/clk_gate_i/mem_reg[22][31]_i_2/O
                         net (fo=32, routed)          0.459    -1.080    cv32e40p_core_ip/core_i/id_stage_i/register_file_i/p_40_in
    SLICE_X109Y157       LDCE                                         r  cv32e40p_core_ip/core_i/id_stage_i/register_file_i/mem_reg[22][28]/G
                         clock pessimism             -0.756    -1.836    
                         time borrowed                3.029     1.193    
  -------------------------------------------------------------------
                         required time                          1.193    
                         arrival time                          -1.193    
  -------------------------------------------------------------------
                         slack                                  0.000    

Slack (MET) :             0.000ns  (required time - arrival time)
  Source:                 cv32e40p_core_ip/core_i/id_stage_i/register_file_i/waddr_onehot_b_q_reg[16]/C
                            (rising edge-triggered cell FDCE clocked by clk_out1_clk_wiz_0_1  {rise@0.000ns fall@8.333ns period=16.667ns})
  Destination:            cv32e40p_core_ip/core_i/id_stage_i/register_file_i/mem_reg[16][22]/D
                            (positive level-sensitive latch clocked by clk_out1_clk_wiz_0_1  {rise@0.000ns fall@8.333ns period=16.667ns})
  Path Group:             clk_out1_clk_wiz_0_1
  Path Type:              Setup (Max at Slow Process Corner)
  Requirement:            0.000ns  (clk_out1_clk_wiz_0_1 rise@0.000ns - clk_out1_clk_wiz_0_1 rise@0.000ns)
  Data Path Delay:        1.399ns  (logic 0.266ns (19.015%)  route 1.133ns (80.985%))
  Logic Levels:           1  (LUT3=1)
  Clock Path Skew:        -1.617ns (DCD - SCD + CPR)
    Destination Clock Delay (DCD):    -1.066ns
    Source Clock Delay      (SCD):    -0.205ns
    Clock Pessimism Removal (CPR):    -0.756ns
  Time Borrowing:         
    Nominal pulse width:              8.333ns
    Library setup time:              -0.004ns
    Computed max time borrow:         8.329ns
    Time borrowed from endpoint:      3.016ns
    Time given to startpoint:         3.016ns

    Location             Delay type                Incr(ns)  Path(ns)    Netlist Resource(s)
  -------------------------------------------------------------------    -------------------
                         (clock clk_out1_clk_wiz_0_1 rise edge)
                                                      0.000     0.000 r  
    H9                                                0.000     0.000 r  clk_p (IN)
                         net (fo=0)                   0.000     0.000    dutclk/inst/clk_in1_p
    H9                   IBUFDS (Prop_ibufds_I_O)     0.880     0.880 r  dutclk/inst/clkin1_ibufgds/O
                         net (fo=1, routed)           1.081     1.961    dutclk/inst/clk_in1_clk_wiz_0
    MMCME2_ADV_X1Y5      MMCME2_ADV (Prop_mmcme2_adv_CLKIN1_CLKOUT0)
                                                     -7.639    -5.678 r  dutclk/inst/mmcm_adv_inst/CLKOUT0
                         net (fo=1, routed)           1.948    -3.730    dutclk/inst/clk_out1_clk_wiz_0
    BUFGCTRL_X0Y16       BUFG (Prop_bufg_I_O)         0.093    -3.637 r  dutclk/inst/clkout1_buf/O
                         net (fo=11462, routed)       1.610    -2.028    cv32e40p_core_ip/core_i/sleep_unit_i/core_clock_gate_i/clk_gate_i/clk_out1
    SLICE_X91Y146        LUT3 (Prop_lut3_I0_O)        0.043    -1.985 r  cv32e40p_core_ip/core_i/sleep_unit_i/core_clock_gate_i/clk_gate_i/waddr_onehot_b_q[31]_i_3/O
                         net (fo=1, routed)           0.429    -1.555    cv32e40p_core_ip_n_91
    BUFGCTRL_X0Y1        BUFG (Prop_bufg_I_O)         0.093    -1.462 r  waddr_onehot_b_q_reg[31]_i_2/O
                         net (fo=95, routed)          1.257    -0.205    cv32e40p_core_ip/core_i/id_stage_i/register_file_i/CLK
    SLICE_X109Y148       FDCE                                         r  cv32e40p_core_ip/core_i/id_stage_i/register_file_i/waddr_onehot_b_q_reg[16]/C
  -------------------------------------------------------------------    -------------------
    SLICE_X109Y148       FDCE (Prop_fdce_C_Q)         0.223     0.018 r  cv32e40p_core_ip/core_i/id_stage_i/register_file_i/waddr_onehot_b_q_reg[16]/Q
                         net (fo=32, routed)          0.727     0.745    cv32e40p_core_ip/core_i/id_stage_i/register_file_i/waddr_onehot_b_q_reg_n_0_[16]
    SLICE_X119Y148       LUT3 (Prop_lut3_I1_O)        0.043     0.788 r  cv32e40p_core_ip/core_i/id_stage_i/register_file_i/mem_reg[16][22]_i_1/O
                         net (fo=1, routed)           0.406     1.193    cv32e40p_core_ip/core_i/id_stage_i/register_file_i/mem_reg[16][22]_i_1_n_0
    SLICE_X119Y148       LDCE                                         r  cv32e40p_core_ip/core_i/id_stage_i/register_file_i/mem_reg[16][22]/D
  -------------------------------------------------------------------    -------------------

                         (clock clk_out1_clk_wiz_0_1 rise edge)
                                                      0.000     0.000 r  
    H9                                                0.000     0.000 r  clk_p (IN)
                         net (fo=0)                   0.000     0.000    dutclk/inst/clk_in1_p
    H9                   IBUFDS (Prop_ibufds_I_O)     0.778     0.778 r  dutclk/inst/clkin1_ibufgds/O
                         net (fo=1, routed)           0.986     1.764    dutclk/inst/clk_in1_clk_wiz_0
    MMCME2_ADV_X1Y5      MMCME2_ADV (Prop_mmcme2_adv_CLKIN1_CLKOUT0)
                                                     -6.516    -4.752 r  dutclk/inst/mmcm_adv_inst/CLKOUT0
                         net (fo=1, routed)           1.788    -2.964    dutclk/inst/clk_out1_clk_wiz_0
    BUFGCTRL_X0Y16       BUFG (Prop_bufg_I_O)         0.083    -2.881 r  dutclk/inst/clkout1_buf/O
                         net (fo=11462, routed)       1.419    -1.463    cv32e40p_core_ip/core_i/id_stage_i/register_file_i/CG_WE_GLOBAL/clk_gate_i/clk_out1
    SLICE_X107Y149       LUT4 (Prop_lut4_I0_O)        0.036    -1.427 r  cv32e40p_core_ip/core_i/id_stage_i/register_file_i/CG_WE_GLOBAL/clk_gate_i/mem_reg[16][31]_i_2/O
                         net (fo=32, routed)          0.360    -1.066    cv32e40p_core_ip/core_i/id_stage_i/register_file_i/p_46_in
    SLICE_X119Y148       LDCE                                         r  cv32e40p_core_ip/core_i/id_stage_i/register_file_i/mem_reg[16][22]/G
                         clock pessimism             -0.756    -1.822    
                         time borrowed                3.016     1.193    
  -------------------------------------------------------------------
                         required time                          1.193    
                         arrival time                          -1.193    
  -------------------------------------------------------------------
                         slack                                  0.000    

Slack (MET) :             0.000ns  (required time - arrival time)
  Source:                 cv32e40p_core_ip/core_i/id_stage_i/register_file_i/waddr_onehot_b_q_reg[14]/C
                            (rising edge-triggered cell FDCE clocked by clk_out1_clk_wiz_0_1  {rise@0.000ns fall@8.333ns period=16.667ns})
  Destination:            cv32e40p_core_ip/core_i/id_stage_i/register_file_i/mem_reg[14][25]/D
                            (positive level-sensitive latch clocked by clk_out1_clk_wiz_0_1  {rise@0.000ns fall@8.333ns period=16.667ns})
  Path Group:             clk_out1_clk_wiz_0_1
  Path Type:              Setup (Max at Slow Process Corner)
  Requirement:            0.000ns  (clk_out1_clk_wiz_0_1 rise@0.000ns - clk_out1_clk_wiz_0_1 rise@0.000ns)
  Data Path Delay:        1.531ns  (logic 0.309ns (20.176%)  route 1.222ns (79.824%))
  Logic Levels:           1  (LUT3=1)
  Clock Path Skew:        -1.484ns (DCD - SCD + CPR)
    Destination Clock Delay (DCD):    -0.931ns
    Source Clock Delay      (SCD):    -0.203ns
    Clock Pessimism Removal (CPR):    -0.756ns
  Time Borrowing:         
    Nominal pulse width:              8.333ns
    Library setup time:              -0.081ns
    Computed max time borrow:         8.252ns
    Time borrowed from endpoint:      3.015ns
    Time given to startpoint:         3.015ns

    Location             Delay type                Incr(ns)  Path(ns)    Netlist Resource(s)
  -------------------------------------------------------------------    -------------------
                         (clock clk_out1_clk_wiz_0_1 rise edge)
                                                      0.000     0.000 r  
    H9                                                0.000     0.000 r  clk_p (IN)
                         net (fo=0)                   0.000     0.000    dutclk/inst/clk_in1_p
    H9                   IBUFDS (Prop_ibufds_I_O)     0.880     0.880 r  dutclk/inst/clkin1_ibufgds/O
                         net (fo=1, routed)           1.081     1.961    dutclk/inst/clk_in1_clk_wiz_0
    MMCME2_ADV_X1Y5      MMCME2_ADV (Prop_mmcme2_adv_CLKIN1_CLKOUT0)
                                                     -7.639    -5.678 r  dutclk/inst/mmcm_adv_inst/CLKOUT0
                         net (fo=1, routed)           1.948    -3.730    dutclk/inst/clk_out1_clk_wiz_0
    BUFGCTRL_X0Y16       BUFG (Prop_bufg_I_O)         0.093    -3.637 r  dutclk/inst/clkout1_buf/O
                         net (fo=11462, routed)       1.610    -2.028    cv32e40p_core_ip/core_i/sleep_unit_i/core_clock_gate_i/clk_gate_i/clk_out1
    SLICE_X91Y146        LUT3 (Prop_lut3_I0_O)        0.043    -1.985 r  cv32e40p_core_ip/core_i/sleep_unit_i/core_clock_gate_i/clk_gate_i/waddr_onehot_b_q[31]_i_3/O
                         net (fo=1, routed)           0.429    -1.555    cv32e40p_core_ip_n_91
    BUFGCTRL_X0Y1        BUFG (Prop_bufg_I_O)         0.093    -1.462 r  waddr_onehot_b_q_reg[31]_i_2/O
                         net (fo=95, routed)          1.259    -0.203    cv32e40p_core_ip/core_i/id_stage_i/register_file_i/CLK
    SLICE_X110Y147       FDCE                                         r  cv32e40p_core_ip/core_i/id_stage_i/register_file_i/waddr_onehot_b_q_reg[14]/C
  -------------------------------------------------------------------    -------------------
    SLICE_X110Y147       FDCE (Prop_fdce_C_Q)         0.259     0.056 r  cv32e40p_core_ip/core_i/id_stage_i/register_file_i/waddr_onehot_b_q_reg[14]/Q
                         net (fo=32, routed)          0.773     0.829    cv32e40p_core_ip/core_i/id_stage_i/register_file_i/waddr_onehot_b_q_reg_n_0_[14]
    SLICE_X119Y151       LUT3 (Prop_lut3_I1_O)        0.050     0.879 r  cv32e40p_core_ip/core_i/id_stage_i/register_file_i/mem_reg[14][25]_i_1/O
                         net (fo=1, routed)           0.449     1.328    cv32e40p_core_ip/core_i/id_stage_i/register_file_i/mem_reg[14][25]_i_1_n_0
    SLICE_X113Y149       LDCE                                         r  cv32e40p_core_ip/core_i/id_stage_i/register_file_i/mem_reg[14][25]/D
  -------------------------------------------------------------------    -------------------

                         (clock clk_out1_clk_wiz_0_1 rise edge)
                                                      0.000     0.000 r  
    H9                                                0.000     0.000 r  clk_p (IN)
                         net (fo=0)                   0.000     0.000    dutclk/inst/clk_in1_p
    H9                   IBUFDS (Prop_ibufds_I_O)     0.778     0.778 r  dutclk/inst/clkin1_ibufgds/O
                         net (fo=1, routed)           0.986     1.764    dutclk/inst/clk_in1_clk_wiz_0
    MMCME2_ADV_X1Y5      MMCME2_ADV (Prop_mmcme2_adv_CLKIN1_CLKOUT0)
                                                     -6.516    -4.752 r  dutclk/inst/mmcm_adv_inst/CLKOUT0
                         net (fo=1, routed)           1.788    -2.964    dutclk/inst/clk_out1_clk_wiz_0
    BUFGCTRL_X0Y16       BUFG (Prop_bufg_I_O)         0.083    -2.881 r  dutclk/inst/clkout1_buf/O
                         net (fo=11462, routed)       1.406    -1.475    cv32e40p_core_ip/core_i/id_stage_i/register_file_i/CG_WE_GLOBAL/clk_gate_i/clk_out1
    SLICE_X103Y150       LUT4 (Prop_lut4_I0_O)        0.036    -1.439 r  cv32e40p_core_ip/core_i/id_stage_i/register_file_i/CG_WE_GLOBAL/clk_gate_i/mem_reg[14][31]_i_2/O
                         net (fo=32, routed)          0.508    -0.931    cv32e40p_core_ip/core_i/id_stage_i/register_file_i/p_48_in
    SLICE_X113Y149       LDCE                                         r  cv32e40p_core_ip/core_i/id_stage_i/register_file_i/mem_reg[14][25]/G
                         clock pessimism             -0.756    -1.687    
                         time borrowed                3.015     1.328    
  -------------------------------------------------------------------
                         required time                          1.328    
                         arrival time                          -1.328    
  -------------------------------------------------------------------
                         slack                                  0.000    

Slack (MET) :             0.000ns  (required time - arrival time)
  Source:                 cv32e40p_core_ip/core_i/id_stage_i/register_file_i/wdata_a_q_reg[0]/C
                            (rising edge-triggered cell FDCE clocked by clk_out1_clk_wiz_0_1  {rise@0.000ns fall@8.333ns period=16.667ns})
  Destination:            cv32e40p_core_ip/core_i/id_stage_i/register_file_i/mem_reg[22][0]/D
                            (positive level-sensitive latch clocked by clk_out1_clk_wiz_0_1  {rise@0.000ns fall@8.333ns period=16.667ns})
  Path Group:             clk_out1_clk_wiz_0_1
  Path Type:              Setup (Max at Slow Process Corner)
  Requirement:            0.000ns  (clk_out1_clk_wiz_0_1 rise@0.000ns - clk_out1_clk_wiz_0_1 rise@0.000ns)
  Data Path Delay:        1.429ns  (logic 0.272ns (19.028%)  route 1.157ns (80.972%))
  Logic Levels:           1  (LUT3=1)
  Clock Path Skew:        -1.574ns (DCD - SCD + CPR)
    Destination Clock Delay (DCD):    -1.021ns
    Source Clock Delay      (SCD):    -0.203ns
    Clock Pessimism Removal (CPR):    -0.756ns
  Time Borrowing:         
    Nominal pulse width:              8.333ns
    Library setup time:              -0.097ns
    Computed max time borrow:         8.236ns
    Time borrowed from endpoint:      3.003ns
    Time given to startpoint:         3.003ns

    Location             Delay type                Incr(ns)  Path(ns)    Netlist Resource(s)
  -------------------------------------------------------------------    -------------------
                         (clock clk_out1_clk_wiz_0_1 rise edge)
                                                      0.000     0.000 r  
    H9                                                0.000     0.000 r  clk_p (IN)
                         net (fo=0)                   0.000     0.000    dutclk/inst/clk_in1_p
    H9                   IBUFDS (Prop_ibufds_I_O)     0.880     0.880 r  dutclk/inst/clkin1_ibufgds/O
                         net (fo=1, routed)           1.081     1.961    dutclk/inst/clk_in1_clk_wiz_0
    MMCME2_ADV_X1Y5      MMCME2_ADV (Prop_mmcme2_adv_CLKIN1_CLKOUT0)
                                                     -7.639    -5.678 r  dutclk/inst/mmcm_adv_inst/CLKOUT0
                         net (fo=1, routed)           1.948    -3.730    dutclk/inst/clk_out1_clk_wiz_0
    BUFGCTRL_X0Y16       BUFG (Prop_bufg_I_O)         0.093    -3.637 r  dutclk/inst/clkout1_buf/O
                         net (fo=11462, routed)       1.610    -2.028    cv32e40p_core_ip/core_i/sleep_unit_i/core_clock_gate_i/clk_gate_i/clk_out1
    SLICE_X91Y146        LUT3 (Prop_lut3_I0_O)        0.043    -1.985 r  cv32e40p_core_ip/core_i/sleep_unit_i/core_clock_gate_i/clk_gate_i/waddr_onehot_b_q[31]_i_3/O
                         net (fo=1, routed)           0.429    -1.555    cv32e40p_core_ip_n_91
    BUFGCTRL_X0Y1        BUFG (Prop_bufg_I_O)         0.093    -1.462 r  waddr_onehot_b_q_reg[31]_i_2/O
                         net (fo=95, routed)          1.259    -0.203    cv32e40p_core_ip/core_i/id_stage_i/register_file_i/CLK
    SLICE_X111Y147       FDCE                                         r  cv32e40p_core_ip/core_i/id_stage_i/register_file_i/wdata_a_q_reg[0]/C
  -------------------------------------------------------------------    -------------------
    SLICE_X111Y147       FDCE (Prop_fdce_C_Q)         0.223     0.020 r  cv32e40p_core_ip/core_i/id_stage_i/register_file_i/wdata_a_q_reg[0]/Q
                         net (fo=31, routed)          0.827     0.846    cv32e40p_core_ip/core_i/id_stage_i/register_file_i/wdata_a_q[0]
    SLICE_X120Y155       LUT3 (Prop_lut3_I2_O)        0.049     0.895 r  cv32e40p_core_ip/core_i/id_stage_i/register_file_i/mem_reg[22][0]_i_1/O
                         net (fo=1, routed)           0.331     1.226    cv32e40p_core_ip/core_i/id_stage_i/register_file_i/mem_reg[22][0]_i_1_n_0
    SLICE_X121Y155       LDCE                                         r  cv32e40p_core_ip/core_i/id_stage_i/register_file_i/mem_reg[22][0]/D
  -------------------------------------------------------------------    -------------------

                         (clock clk_out1_clk_wiz_0_1 rise edge)
                                                      0.000     0.000 r  
    H9                                                0.000     0.000 r  clk_p (IN)
                         net (fo=0)                   0.000     0.000    dutclk/inst/clk_in1_p
    H9                   IBUFDS (Prop_ibufds_I_O)     0.778     0.778 r  dutclk/inst/clkin1_ibufgds/O
                         net (fo=1, routed)           0.986     1.764    dutclk/inst/clk_in1_clk_wiz_0
    MMCME2_ADV_X1Y5      MMCME2_ADV (Prop_mmcme2_adv_CLKIN1_CLKOUT0)
                                                     -6.516    -4.752 r  dutclk/inst/mmcm_adv_inst/CLKOUT0
                         net (fo=1, routed)           1.788    -2.964    dutclk/inst/clk_out1_clk_wiz_0
    BUFGCTRL_X0Y16       BUFG (Prop_bufg_I_O)         0.083    -2.881 r  dutclk/inst/clkout1_buf/O
                         net (fo=11462, routed)       1.306    -1.575    cv32e40p_core_ip/core_i/id_stage_i/register_file_i/CG_WE_GLOBAL/clk_gate_i/clk_out1
    SLICE_X105Y150       LUT4 (Prop_lut4_I0_O)        0.036    -1.539 r  cv32e40p_core_ip/core_i/id_stage_i/register_file_i/CG_WE_GLOBAL/clk_gate_i/mem_reg[22][31]_i_2/O
                         net (fo=32, routed)          0.518    -1.021    cv32e40p_core_ip/core_i/id_stage_i/register_file_i/p_40_in
    SLICE_X121Y155       LDCE                                         r  cv32e40p_core_ip/core_i/id_stage_i/register_file_i/mem_reg[22][0]/G
                         clock pessimism             -0.756    -1.777    
                         time borrowed                3.003     1.226    
  -------------------------------------------------------------------
                         required time                          1.226    
                         arrival time                          -1.226    
  -------------------------------------------------------------------
                         slack                                  0.000    

Slack (MET) :             0.000ns  (required time - arrival time)
  Source:                 cv32e40p_core_ip/core_i/id_stage_i/register_file_i/waddr_onehot_b_q_reg[15]/C
                            (rising edge-triggered cell FDCE clocked by clk_out1_clk_wiz_0_1  {rise@0.000ns fall@8.333ns period=16.667ns})
  Destination:            cv32e40p_core_ip/core_i/id_stage_i/register_file_i/mem_reg[15][19]/D
                            (positive level-sensitive latch clocked by clk_out1_clk_wiz_0_1  {rise@0.000ns fall@8.333ns period=16.667ns})
  Path Group:             clk_out1_clk_wiz_0_1
  Path Type:              Setup (Max at Slow Process Corner)
  Requirement:            0.000ns  (clk_out1_clk_wiz_0_1 rise@0.000ns - clk_out1_clk_wiz_0_1 rise@0.000ns)
  Data Path Delay:        1.702ns  (logic 0.312ns (18.334%)  route 1.390ns (81.666%))
  Logic Levels:           1  (LUT3=1)
  Clock Path Skew:        -1.285ns (DCD - SCD + CPR)
    Destination Clock Delay (DCD):    -0.732ns
    Source Clock Delay      (SCD):    -0.203ns
    Clock Pessimism Removal (CPR):    -0.756ns
  Time Borrowing:         
    Nominal pulse width:              8.333ns
    Library setup time:              -0.009ns
    Computed max time borrow:         8.324ns
    Time borrowed from endpoint:      2.987ns
    Time given to startpoint:         2.987ns

    Location             Delay type                Incr(ns)  Path(ns)    Netlist Resource(s)
  -------------------------------------------------------------------    -------------------
                         (clock clk_out1_clk_wiz_0_1 rise edge)
                                                      0.000     0.000 r  
    H9                                                0.000     0.000 r  clk_p (IN)
                         net (fo=0)                   0.000     0.000    dutclk/inst/clk_in1_p
    H9                   IBUFDS (Prop_ibufds_I_O)     0.880     0.880 r  dutclk/inst/clkin1_ibufgds/O
                         net (fo=1, routed)           1.081     1.961    dutclk/inst/clk_in1_clk_wiz_0
    MMCME2_ADV_X1Y5      MMCME2_ADV (Prop_mmcme2_adv_CLKIN1_CLKOUT0)
                                                     -7.639    -5.678 r  dutclk/inst/mmcm_adv_inst/CLKOUT0
                         net (fo=1, routed)           1.948    -3.730    dutclk/inst/clk_out1_clk_wiz_0
    BUFGCTRL_X0Y16       BUFG (Prop_bufg_I_O)         0.093    -3.637 r  dutclk/inst/clkout1_buf/O
                         net (fo=11462, routed)       1.610    -2.028    cv32e40p_core_ip/core_i/sleep_unit_i/core_clock_gate_i/clk_gate_i/clk_out1
    SLICE_X91Y146        LUT3 (Prop_lut3_I0_O)        0.043    -1.985 r  cv32e40p_core_ip/core_i/sleep_unit_i/core_clock_gate_i/clk_gate_i/waddr_onehot_b_q[31]_i_3/O
                         net (fo=1, routed)           0.429    -1.555    cv32e40p_core_ip_n_91
    BUFGCTRL_X0Y1        BUFG (Prop_bufg_I_O)         0.093    -1.462 r  waddr_onehot_b_q_reg[31]_i_2/O
                         net (fo=95, routed)          1.259    -0.203    cv32e40p_core_ip/core_i/id_stage_i/register_file_i/CLK
    SLICE_X110Y148       FDCE                                         r  cv32e40p_core_ip/core_i/id_stage_i/register_file_i/waddr_onehot_b_q_reg[15]/C
  -------------------------------------------------------------------    -------------------
    SLICE_X110Y148       FDCE (Prop_fdce_C_Q)         0.259     0.056 r  cv32e40p_core_ip/core_i/id_stage_i/register_file_i/waddr_onehot_b_q_reg[15]/Q
                         net (fo=32, routed)          0.923     0.978    cv32e40p_core_ip/core_i/id_stage_i/register_file_i/waddr_onehot_b_q_reg_n_0_[15]
    SLICE_X130Y157       LUT3 (Prop_lut3_I1_O)        0.053     1.031 r  cv32e40p_core_ip/core_i/id_stage_i/register_file_i/mem_reg[15][19]_i_1/O
                         net (fo=1, routed)           0.467     1.498    cv32e40p_core_ip/core_i/id_stage_i/register_file_i/mem_reg[15][19]_i_1_n_0
    SLICE_X127Y158       LDCE                                         r  cv32e40p_core_ip/core_i/id_stage_i/register_file_i/mem_reg[15][19]/D
  -------------------------------------------------------------------    -------------------

                         (clock clk_out1_clk_wiz_0_1 rise edge)
                                                      0.000     0.000 r  
    H9                                                0.000     0.000 r  clk_p (IN)
                         net (fo=0)                   0.000     0.000    dutclk/inst/clk_in1_p
    H9                   IBUFDS (Prop_ibufds_I_O)     0.778     0.778 r  dutclk/inst/clkin1_ibufgds/O
                         net (fo=1, routed)           0.986     1.764    dutclk/inst/clk_in1_clk_wiz_0
    MMCME2_ADV_X1Y5      MMCME2_ADV (Prop_mmcme2_adv_CLKIN1_CLKOUT0)
                                                     -6.516    -4.752 r  dutclk/inst/mmcm_adv_inst/CLKOUT0
                         net (fo=1, routed)           1.788    -2.964    dutclk/inst/clk_out1_clk_wiz_0
    BUFGCTRL_X0Y16       BUFG (Prop_bufg_I_O)         0.083    -2.881 r  dutclk/inst/clkout1_buf/O
                         net (fo=11462, routed)       1.406    -1.475    cv32e40p_core_ip/core_i/id_stage_i/register_file_i/CG_WE_GLOBAL/clk_gate_i/clk_out1
    SLICE_X103Y150       LUT4 (Prop_lut4_I0_O)        0.045    -1.430 r  cv32e40p_core_ip/core_i/id_stage_i/register_file_i/CG_WE_GLOBAL/clk_gate_i/mem_reg[15][31]_i_2/O
                         net (fo=32, routed)          0.698    -0.732    cv32e40p_core_ip/core_i/id_stage_i/register_file_i/p_47_in
    SLICE_X127Y158       LDCE                                         r  cv32e40p_core_ip/core_i/id_stage_i/register_file_i/mem_reg[15][19]/G
                         clock pessimism             -0.756    -1.488    
                         time borrowed                2.987     1.498    
  -------------------------------------------------------------------
                         required time                          1.498    
                         arrival time                          -1.498    
  -------------------------------------------------------------------
                         slack                                  0.000    





Min Delay Paths
--------------------------------------------------------------------------------------
Slack (MET) :             0.051ns  (arrival time - required time)
  Source:                 dcache/cpu_addr_q_reg[8]_rep__8/C
                            (rising edge-triggered cell FDCE clocked by clk_out1_clk_wiz_0_1  {rise@0.000ns fall@8.333ns period=16.667ns})
  Destination:            dcache/way1/lines_reg_0_127_22_22/DP.HIGH/WADR5
                            (rising edge-triggered cell RAMD64E clocked by clk_out1_clk_wiz_0_1  {rise@0.000ns fall@8.333ns period=16.667ns})
  Path Group:             clk_out1_clk_wiz_0_1
  Path Type:              Hold (Min at Fast Process Corner)
  Requirement:            0.000ns  (clk_out1_clk_wiz_0_1 rise@0.000ns - clk_out1_clk_wiz_0_1 rise@0.000ns)
  Data Path Delay:        0.222ns  (logic 0.100ns (45.025%)  route 0.122ns (54.975%))
  Logic Levels:           0  
  Clock Path Skew:        0.015ns (DCD - SCD - CPR)
    Destination Clock Delay (DCD):    -0.764ns
    Source Clock Delay      (SCD):    -0.708ns
    Clock Pessimism Removal (CPR):    -0.071ns

    Location             Delay type                Incr(ns)  Path(ns)    Netlist Resource(s)
  -------------------------------------------------------------------    -------------------
                         (clock clk_out1_clk_wiz_0_1 rise edge)
                                                      0.000     0.000 r  
    H9                                                0.000     0.000 r  clk_p (IN)
                         net (fo=0)                   0.000     0.000    dutclk/inst/clk_in1_p
    H9                   IBUFDS (Prop_ibufds_I_O)     0.363     0.363 r  dutclk/inst/clkin1_ibufgds/O
                         net (fo=1, routed)           0.503     0.866    dutclk/inst/clk_in1_clk_wiz_0
    MMCME2_ADV_X1Y5      MMCME2_ADV (Prop_mmcme2_adv_CLKIN1_CLKOUT0)
                                                     -3.122    -2.256 r  dutclk/inst/mmcm_adv_inst/CLKOUT0
                         net (fo=1, routed)           0.969    -1.287    dutclk/inst/clk_out1_clk_wiz_0
    BUFGCTRL_X0Y16       BUFG (Prop_bufg_I_O)         0.026    -1.261 r  dutclk/inst/clkout1_buf/O
                         net (fo=11462, routed)       0.553    -0.708    dcache/clk_out1
    SLICE_X68Y139        FDCE                                         r  dcache/cpu_addr_q_reg[8]_rep__8/C
  -------------------------------------------------------------------    -------------------
    SLICE_X68Y139        FDCE (Prop_fdce_C_Q)         0.100    -0.608 r  dcache/cpu_addr_q_reg[8]_rep__8/Q
                         net (fo=252, routed)         0.122    -0.486    dcache/way1/lines_reg_0_127_22_22/A5
    SLICE_X70Y140        RAMD64E                                      r  dcache/way1/lines_reg_0_127_22_22/DP.HIGH/WADR5
  -------------------------------------------------------------------    -------------------

                         (clock clk_out1_clk_wiz_0_1 rise edge)
                                                      0.000     0.000 r  
    H9                                                0.000     0.000 r  clk_p (IN)
                         net (fo=0)                   0.000     0.000    dutclk/inst/clk_in1_p
    H9                   IBUFDS (Prop_ibufds_I_O)     0.444     0.444 r  dutclk/inst/clkin1_ibufgds/O
                         net (fo=1, routed)           0.553     0.997    dutclk/inst/clk_in1_clk_wiz_0
    MMCME2_ADV_X1Y5      MMCME2_ADV (Prop_mmcme2_adv_CLKIN1_CLKOUT0)
                                                     -3.590    -2.593 r  dutclk/inst/mmcm_adv_inst/CLKOUT0
                         net (fo=1, routed)           1.044    -1.549    dutclk/inst/clk_out1_clk_wiz_0
    BUFGCTRL_X0Y16       BUFG (Prop_bufg_I_O)         0.030    -1.519 r  dutclk/inst/clkout1_buf/O
                         net (fo=11462, routed)       0.755    -0.764    dcache/way1/lines_reg_0_127_22_22/WCLK
    SLICE_X70Y140        RAMD64E                                      r  dcache/way1/lines_reg_0_127_22_22/DP.HIGH/CLK
                         clock pessimism              0.071    -0.693    
    SLICE_X70Y140        RAMD64E (Hold_ramd64e_CLK_WADR5)
                                                      0.156    -0.537    dcache/way1/lines_reg_0_127_22_22/DP.HIGH
  -------------------------------------------------------------------
                         required time                          0.537    
                         arrival time                          -0.486    
  -------------------------------------------------------------------
                         slack                                  0.051    

Slack (MET) :             0.051ns  (arrival time - required time)
  Source:                 dcache/cpu_addr_q_reg[8]_rep__8/C
                            (rising edge-triggered cell FDCE clocked by clk_out1_clk_wiz_0_1  {rise@0.000ns fall@8.333ns period=16.667ns})
  Destination:            dcache/way1/lines_reg_0_127_22_22/DP.LOW/WADR5
                            (rising edge-triggered cell RAMD64E clocked by clk_out1_clk_wiz_0_1  {rise@0.000ns fall@8.333ns period=16.667ns})
  Path Group:             clk_out1_clk_wiz_0_1
  Path Type:              Hold (Min at Fast Process Corner)
  Requirement:            0.000ns  (clk_out1_clk_wiz_0_1 rise@0.000ns - clk_out1_clk_wiz_0_1 rise@0.000ns)
  Data Path Delay:        0.222ns  (logic 0.100ns (45.025%)  route 0.122ns (54.975%))
  Logic Levels:           0  
  Clock Path Skew:        0.015ns (DCD - SCD - CPR)
    Destination Clock Delay (DCD):    -0.764ns
    Source Clock Delay      (SCD):    -0.708ns
    Clock Pessimism Removal (CPR):    -0.071ns

    Location             Delay type                Incr(ns)  Path(ns)    Netlist Resource(s)
  -------------------------------------------------------------------    -------------------
                         (clock clk_out1_clk_wiz_0_1 rise edge)
                                                      0.000     0.000 r  
    H9                                                0.000     0.000 r  clk_p (IN)
                         net (fo=0)                   0.000     0.000    dutclk/inst/clk_in1_p
    H9                   IBUFDS (Prop_ibufds_I_O)     0.363     0.363 r  dutclk/inst/clkin1_ibufgds/O
                         net (fo=1, routed)           0.503     0.866    dutclk/inst/clk_in1_clk_wiz_0
    MMCME2_ADV_X1Y5      MMCME2_ADV (Prop_mmcme2_adv_CLKIN1_CLKOUT0)
                                                     -3.122    -2.256 r  dutclk/inst/mmcm_adv_inst/CLKOUT0
                         net (fo=1, routed)           0.969    -1.287    dutclk/inst/clk_out1_clk_wiz_0
    BUFGCTRL_X0Y16       BUFG (Prop_bufg_I_O)         0.026    -1.261 r  dutclk/inst/clkout1_buf/O
                         net (fo=11462, routed)       0.553    -0.708    dcache/clk_out1
    SLICE_X68Y139        FDCE                                         r  dcache/cpu_addr_q_reg[8]_rep__8/C
  -------------------------------------------------------------------    -------------------
    SLICE_X68Y139        FDCE (Prop_fdce_C_Q)         0.100    -0.608 r  dcache/cpu_addr_q_reg[8]_rep__8/Q
                         net (fo=252, routed)         0.122    -0.486    dcache/way1/lines_reg_0_127_22_22/A5
    SLICE_X70Y140        RAMD64E                                      r  dcache/way1/lines_reg_0_127_22_22/DP.LOW/WADR5
  -------------------------------------------------------------------    -------------------

                         (clock clk_out1_clk_wiz_0_1 rise edge)
                                                      0.000     0.000 r  
    H9                                                0.000     0.000 r  clk_p (IN)
                         net (fo=0)                   0.000     0.000    dutclk/inst/clk_in1_p
    H9                   IBUFDS (Prop_ibufds_I_O)     0.444     0.444 r  dutclk/inst/clkin1_ibufgds/O
                         net (fo=1, routed)           0.553     0.997    dutclk/inst/clk_in1_clk_wiz_0
    MMCME2_ADV_X1Y5      MMCME2_ADV (Prop_mmcme2_adv_CLKIN1_CLKOUT0)
                                                     -3.590    -2.593 r  dutclk/inst/mmcm_adv_inst/CLKOUT0
                         net (fo=1, routed)           1.044    -1.549    dutclk/inst/clk_out1_clk_wiz_0
    BUFGCTRL_X0Y16       BUFG (Prop_bufg_I_O)         0.030    -1.519 r  dutclk/inst/clkout1_buf/O
                         net (fo=11462, routed)       0.755    -0.764    dcache/way1/lines_reg_0_127_22_22/WCLK
    SLICE_X70Y140        RAMD64E                                      r  dcache/way1/lines_reg_0_127_22_22/DP.LOW/CLK
                         clock pessimism              0.071    -0.693    
    SLICE_X70Y140        RAMD64E (Hold_ramd64e_CLK_WADR5)
                                                      0.156    -0.537    dcache/way1/lines_reg_0_127_22_22/DP.LOW
  -------------------------------------------------------------------
                         required time                          0.537    
                         arrival time                          -0.486    
  -------------------------------------------------------------------
                         slack                                  0.051    

Slack (MET) :             0.051ns  (arrival time - required time)
  Source:                 dcache/cpu_addr_q_reg[8]_rep__8/C
                            (rising edge-triggered cell FDCE clocked by clk_out1_clk_wiz_0_1  {rise@0.000ns fall@8.333ns period=16.667ns})
  Destination:            dcache/way1/lines_reg_0_127_22_22/SP.HIGH/WADR5
                            (rising edge-triggered cell RAMD64E clocked by clk_out1_clk_wiz_0_1  {rise@0.000ns fall@8.333ns period=16.667ns})
  Path Group:             clk_out1_clk_wiz_0_1
  Path Type:              Hold (Min at Fast Process Corner)
  Requirement:            0.000ns  (clk_out1_clk_wiz_0_1 rise@0.000ns - clk_out1_clk_wiz_0_1 rise@0.000ns)
  Data Path Delay:        0.222ns  (logic 0.100ns (45.025%)  route 0.122ns (54.975%))
  Logic Levels:           0  
  Clock Path Skew:        0.015ns (DCD - SCD - CPR)
    Destination Clock Delay (DCD):    -0.764ns
    Source Clock Delay      (SCD):    -0.708ns
    Clock Pessimism Removal (CPR):    -0.071ns

    Location             Delay type                Incr(ns)  Path(ns)    Netlist Resource(s)
  -------------------------------------------------------------------    -------------------
                         (clock clk_out1_clk_wiz_0_1 rise edge)
                                                      0.000     0.000 r  
    H9                                                0.000     0.000 r  clk_p (IN)
                         net (fo=0)                   0.000     0.000    dutclk/inst/clk_in1_p
    H9                   IBUFDS (Prop_ibufds_I_O)     0.363     0.363 r  dutclk/inst/clkin1_ibufgds/O
                         net (fo=1, routed)           0.503     0.866    dutclk/inst/clk_in1_clk_wiz_0
    MMCME2_ADV_X1Y5      MMCME2_ADV (Prop_mmcme2_adv_CLKIN1_CLKOUT0)
                                                     -3.122    -2.256 r  dutclk/inst/mmcm_adv_inst/CLKOUT0
                         net (fo=1, routed)           0.969    -1.287    dutclk/inst/clk_out1_clk_wiz_0
    BUFGCTRL_X0Y16       BUFG (Prop_bufg_I_O)         0.026    -1.261 r  dutclk/inst/clkout1_buf/O
                         net (fo=11462, routed)       0.553    -0.708    dcache/clk_out1
    SLICE_X68Y139        FDCE                                         r  dcache/cpu_addr_q_reg[8]_rep__8/C
  -------------------------------------------------------------------    -------------------
    SLICE_X68Y139        FDCE (Prop_fdce_C_Q)         0.100    -0.608 r  dcache/cpu_addr_q_reg[8]_rep__8/Q
                         net (fo=252, routed)         0.122    -0.486    dcache/way1/lines_reg_0_127_22_22/A5
    SLICE_X70Y140        RAMD64E                                      r  dcache/way1/lines_reg_0_127_22_22/SP.HIGH/WADR5
  -------------------------------------------------------------------    -------------------

                         (clock clk_out1_clk_wiz_0_1 rise edge)
                                                      0.000     0.000 r  
    H9                                                0.000     0.000 r  clk_p (IN)
                         net (fo=0)                   0.000     0.000    dutclk/inst/clk_in1_p
    H9                   IBUFDS (Prop_ibufds_I_O)     0.444     0.444 r  dutclk/inst/clkin1_ibufgds/O
                         net (fo=1, routed)           0.553     0.997    dutclk/inst/clk_in1_clk_wiz_0
    MMCME2_ADV_X1Y5      MMCME2_ADV (Prop_mmcme2_adv_CLKIN1_CLKOUT0)
                                                     -3.590    -2.593 r  dutclk/inst/mmcm_adv_inst/CLKOUT0
                         net (fo=1, routed)           1.044    -1.549    dutclk/inst/clk_out1_clk_wiz_0
    BUFGCTRL_X0Y16       BUFG (Prop_bufg_I_O)         0.030    -1.519 r  dutclk/inst/clkout1_buf/O
                         net (fo=11462, routed)       0.755    -0.764    dcache/way1/lines_reg_0_127_22_22/WCLK
    SLICE_X70Y140        RAMD64E                                      r  dcache/way1/lines_reg_0_127_22_22/SP.HIGH/CLK
                         clock pessimism              0.071    -0.693    
    SLICE_X70Y140        RAMD64E (Hold_ramd64e_CLK_WADR5)
                                                      0.156    -0.537    dcache/way1/lines_reg_0_127_22_22/SP.HIGH
  -------------------------------------------------------------------
                         required time                          0.537    
                         arrival time                          -0.486    
  -------------------------------------------------------------------
                         slack                                  0.051    

Slack (MET) :             0.051ns  (arrival time - required time)
  Source:                 dcache/cpu_addr_q_reg[8]_rep__8/C
                            (rising edge-triggered cell FDCE clocked by clk_out1_clk_wiz_0_1  {rise@0.000ns fall@8.333ns period=16.667ns})
  Destination:            dcache/way1/lines_reg_0_127_22_22/SP.LOW/WADR5
                            (rising edge-triggered cell RAMD64E clocked by clk_out1_clk_wiz_0_1  {rise@0.000ns fall@8.333ns period=16.667ns})
  Path Group:             clk_out1_clk_wiz_0_1
  Path Type:              Hold (Min at Fast Process Corner)
  Requirement:            0.000ns  (clk_out1_clk_wiz_0_1 rise@0.000ns - clk_out1_clk_wiz_0_1 rise@0.000ns)
  Data Path Delay:        0.222ns  (logic 0.100ns (45.025%)  route 0.122ns (54.975%))
  Logic Levels:           0  
  Clock Path Skew:        0.015ns (DCD - SCD - CPR)
    Destination Clock Delay (DCD):    -0.764ns
    Source Clock Delay      (SCD):    -0.708ns
    Clock Pessimism Removal (CPR):    -0.071ns

    Location             Delay type                Incr(ns)  Path(ns)    Netlist Resource(s)
  -------------------------------------------------------------------    -------------------
                         (clock clk_out1_clk_wiz_0_1 rise edge)
                                                      0.000     0.000 r  
    H9                                                0.000     0.000 r  clk_p (IN)
                         net (fo=0)                   0.000     0.000    dutclk/inst/clk_in1_p
    H9                   IBUFDS (Prop_ibufds_I_O)     0.363     0.363 r  dutclk/inst/clkin1_ibufgds/O
                         net (fo=1, routed)           0.503     0.866    dutclk/inst/clk_in1_clk_wiz_0
    MMCME2_ADV_X1Y5      MMCME2_ADV (Prop_mmcme2_adv_CLKIN1_CLKOUT0)
                                                     -3.122    -2.256 r  dutclk/inst/mmcm_adv_inst/CLKOUT0
                         net (fo=1, routed)           0.969    -1.287    dutclk/inst/clk_out1_clk_wiz_0
    BUFGCTRL_X0Y16       BUFG (Prop_bufg_I_O)         0.026    -1.261 r  dutclk/inst/clkout1_buf/O
                         net (fo=11462, routed)       0.553    -0.708    dcache/clk_out1
    SLICE_X68Y139        FDCE                                         r  dcache/cpu_addr_q_reg[8]_rep__8/C
  -------------------------------------------------------------------    -------------------
    SLICE_X68Y139        FDCE (Prop_fdce_C_Q)         0.100    -0.608 r  dcache/cpu_addr_q_reg[8]_rep__8/Q
                         net (fo=252, routed)         0.122    -0.486    dcache/way1/lines_reg_0_127_22_22/A5
    SLICE_X70Y140        RAMD64E                                      r  dcache/way1/lines_reg_0_127_22_22/SP.LOW/WADR5
  -------------------------------------------------------------------    -------------------

                         (clock clk_out1_clk_wiz_0_1 rise edge)
                                                      0.000     0.000 r  
    H9                                                0.000     0.000 r  clk_p (IN)
                         net (fo=0)                   0.000     0.000    dutclk/inst/clk_in1_p
    H9                   IBUFDS (Prop_ibufds_I_O)     0.444     0.444 r  dutclk/inst/clkin1_ibufgds/O
                         net (fo=1, routed)           0.553     0.997    dutclk/inst/clk_in1_clk_wiz_0
    MMCME2_ADV_X1Y5      MMCME2_ADV (Prop_mmcme2_adv_CLKIN1_CLKOUT0)
                                                     -3.590    -2.593 r  dutclk/inst/mmcm_adv_inst/CLKOUT0
                         net (fo=1, routed)           1.044    -1.549    dutclk/inst/clk_out1_clk_wiz_0
    BUFGCTRL_X0Y16       BUFG (Prop_bufg_I_O)         0.030    -1.519 r  dutclk/inst/clkout1_buf/O
                         net (fo=11462, routed)       0.755    -0.764    dcache/way1/lines_reg_0_127_22_22/WCLK
    SLICE_X70Y140        RAMD64E                                      r  dcache/way1/lines_reg_0_127_22_22/SP.LOW/CLK
                         clock pessimism              0.071    -0.693    
    SLICE_X70Y140        RAMD64E (Hold_ramd64e_CLK_WADR5)
                                                      0.156    -0.537    dcache/way1/lines_reg_0_127_22_22/SP.LOW
  -------------------------------------------------------------------
                         required time                          0.537    
                         arrival time                          -0.486    
  -------------------------------------------------------------------
                         slack                                  0.051    

Slack (MET) :             0.063ns  (arrival time - required time)
  Source:                 req_write_reg[26]/C
                            (rising edge-triggered cell FDRE clocked by clk_out1_clk_wiz_0_1  {rise@0.000ns fall@8.333ns period=16.667ns})
  Destination:            req_write_reg[25]/D
                            (rising edge-triggered cell FDRE clocked by clk_out1_clk_wiz_0_1  {rise@0.000ns fall@8.333ns period=16.667ns})
  Path Group:             clk_out1_clk_wiz_0_1
  Path Type:              Hold (Min at Fast Process Corner)
  Requirement:            0.000ns  (clk_out1_clk_wiz_0_1 rise@0.000ns - clk_out1_clk_wiz_0_1 rise@0.000ns)
  Data Path Delay:        0.415ns  (logic 0.146ns (35.159%)  route 0.269ns (64.841%))
  Logic Levels:           1  (LUT6=1)
  Clock Path Skew:        0.265ns (DCD - SCD - CPR)
    Destination Clock Delay (DCD):    -0.678ns
    Source Clock Delay      (SCD):    -0.693ns
    Clock Pessimism Removal (CPR):    -0.250ns

    Location             Delay type                Incr(ns)  Path(ns)    Netlist Resource(s)
  -------------------------------------------------------------------    -------------------
                         (clock clk_out1_clk_wiz_0_1 rise edge)
                                                      0.000     0.000 r  
    H9                                                0.000     0.000 r  clk_p (IN)
                         net (fo=0)                   0.000     0.000    dutclk/inst/clk_in1_p
    H9                   IBUFDS (Prop_ibufds_I_O)     0.363     0.363 r  dutclk/inst/clkin1_ibufgds/O
                         net (fo=1, routed)           0.503     0.866    dutclk/inst/clk_in1_clk_wiz_0
    MMCME2_ADV_X1Y5      MMCME2_ADV (Prop_mmcme2_adv_CLKIN1_CLKOUT0)
                                                     -3.122    -2.256 r  dutclk/inst/mmcm_adv_inst/CLKOUT0
                         net (fo=1, routed)           0.969    -1.287    dutclk/inst/clk_out1_clk_wiz_0
    BUFGCTRL_X0Y16       BUFG (Prop_bufg_I_O)         0.026    -1.261 r  dutclk/inst/clkout1_buf/O
                         net (fo=11462, routed)       0.568    -0.693    clk_i
    SLICE_X114Y100       FDRE                                         r  req_write_reg[26]/C
  -------------------------------------------------------------------    -------------------
    SLICE_X114Y100       FDRE (Prop_fdre_C_Q)         0.118    -0.575 r  req_write_reg[26]/Q
                         net (fo=2, routed)           0.269    -0.306    dcache/way1/req_write_reg[25]_0
    SLICE_X114Y99        LUT6 (Prop_lut6_I3_O)        0.028    -0.278 r  dcache/way1/req_write[25]_i_1/O
                         net (fo=1, routed)           0.000    -0.278    dcache_n_85
    SLICE_X114Y99        FDRE                                         r  req_write_reg[25]/D
  -------------------------------------------------------------------    -------------------

                         (clock clk_out1_clk_wiz_0_1 rise edge)
                                                      0.000     0.000 r  
    H9                                                0.000     0.000 r  clk_p (IN)
                         net (fo=0)                   0.000     0.000    dutclk/inst/clk_in1_p
    H9                   IBUFDS (Prop_ibufds_I_O)     0.444     0.444 r  dutclk/inst/clkin1_ibufgds/O
                         net (fo=1, routed)           0.553     0.997    dutclk/inst/clk_in1_clk_wiz_0
    MMCME2_ADV_X1Y5      MMCME2_ADV (Prop_mmcme2_adv_CLKIN1_CLKOUT0)
                                                     -3.590    -2.593 r  dutclk/inst/mmcm_adv_inst/CLKOUT0
                         net (fo=1, routed)           1.044    -1.549    dutclk/inst/clk_out1_clk_wiz_0
    BUFGCTRL_X0Y16       BUFG (Prop_bufg_I_O)         0.030    -1.519 r  dutclk/inst/clkout1_buf/O
                         net (fo=11462, routed)       0.841    -0.678    clk_i
    SLICE_X114Y99        FDRE                                         r  req_write_reg[25]/C
                         clock pessimism              0.250    -0.428    
    SLICE_X114Y99        FDRE (Hold_fdre_C_D)         0.087    -0.341    req_write_reg[25]
  -------------------------------------------------------------------
                         required time                          0.341    
                         arrival time                          -0.278    
  -------------------------------------------------------------------
                         slack                                  0.063    

Slack (MET) :             0.064ns  (arrival time - required time)
  Source:                 usb/usb_cdc_iface_dut/usb_cdc_inst/u_sie/u_phy_rx/cnt_q_reg[5]/C
                            (rising edge-triggered cell FDCE clocked by clk_out1_clk_wiz_0_1  {rise@0.000ns fall@8.333ns period=16.667ns})
  Destination:            usb/usb_cdc_iface_dut/usb_cdc_inst/u_sie/u_phy_rx/bus_reset_q_reg/D
                            (rising edge-triggered cell FDCE clocked by clk_out1_clk_wiz_0_1  {rise@0.000ns fall@8.333ns period=16.667ns})
  Path Group:             clk_out1_clk_wiz_0_1
  Path Type:              Hold (Min at Fast Process Corner)
  Requirement:            0.000ns  (clk_out1_clk_wiz_0_1 rise@0.000ns - clk_out1_clk_wiz_0_1 rise@0.000ns)
  Data Path Delay:        0.370ns  (logic 0.128ns (34.565%)  route 0.242ns (65.435%))
  Logic Levels:           1  (LUT6=1)
  Clock Path Skew:        0.219ns (DCD - SCD - CPR)
    Destination Clock Delay (DCD):    -0.758ns
    Source Clock Delay      (SCD):    -0.719ns
    Clock Pessimism Removal (CPR):    -0.258ns

    Location             Delay type                Incr(ns)  Path(ns)    Netlist Resource(s)
  -------------------------------------------------------------------    -------------------
                         (clock clk_out1_clk_wiz_0_1 rise edge)
                                                      0.000     0.000 r  
    H9                                                0.000     0.000 r  clk_p (IN)
                         net (fo=0)                   0.000     0.000    dutclk/inst/clk_in1_p
    H9                   IBUFDS (Prop_ibufds_I_O)     0.363     0.363 r  dutclk/inst/clkin1_ibufgds/O
                         net (fo=1, routed)           0.503     0.866    dutclk/inst/clk_in1_clk_wiz_0
    MMCME2_ADV_X1Y5      MMCME2_ADV (Prop_mmcme2_adv_CLKIN1_CLKOUT0)
                                                     -3.122    -2.256 r  dutclk/inst/mmcm_adv_inst/CLKOUT0
                         net (fo=1, routed)           0.969    -1.287    dutclk/inst/clk_out1_clk_wiz_0
    BUFGCTRL_X0Y16       BUFG (Prop_bufg_I_O)         0.026    -1.261 r  dutclk/inst/clkout1_buf/O
                         net (fo=11462, routed)       0.542    -0.719    usb/usb_cdc_iface_dut/usb_cdc_inst/u_sie/u_phy_rx/clk_out1
    SLICE_X101Y150       FDCE                                         r  usb/usb_cdc_iface_dut/usb_cdc_inst/u_sie/u_phy_rx/cnt_q_reg[5]/C
  -------------------------------------------------------------------    -------------------
    SLICE_X101Y150       FDCE (Prop_fdce_C_Q)         0.100    -0.619 r  usb/usb_cdc_iface_dut/usb_cdc_inst/u_sie/u_phy_rx/cnt_q_reg[5]/Q
                         net (fo=2, routed)           0.242    -0.377    usb/usb_cdc_iface_dut/usb_cdc_inst/u_sie/u_phy_rx/cnt_q[5]
    SLICE_X98Y149        LUT6 (Prop_lut6_I1_O)        0.028    -0.349 r  usb/usb_cdc_iface_dut/usb_cdc_inst/u_sie/u_phy_rx/bus_reset_q_i_1/O
                         net (fo=1, routed)           0.000    -0.349    usb/usb_cdc_iface_dut/usb_cdc_inst/u_sie/u_phy_rx/bus_reset_d
    SLICE_X98Y149        FDCE                                         r  usb/usb_cdc_iface_dut/usb_cdc_inst/u_sie/u_phy_rx/bus_reset_q_reg/D
  -------------------------------------------------------------------    -------------------

                         (clock clk_out1_clk_wiz_0_1 rise edge)
                                                      0.000     0.000 r  
    H9                                                0.000     0.000 r  clk_p (IN)
                         net (fo=0)                   0.000     0.000    dutclk/inst/clk_in1_p
    H9                   IBUFDS (Prop_ibufds_I_O)     0.444     0.444 r  dutclk/inst/clkin1_ibufgds/O
                         net (fo=1, routed)           0.553     0.997    dutclk/inst/clk_in1_clk_wiz_0
    MMCME2_ADV_X1Y5      MMCME2_ADV (Prop_mmcme2_adv_CLKIN1_CLKOUT0)
                                                     -3.590    -2.593 r  dutclk/inst/mmcm_adv_inst/CLKOUT0
                         net (fo=1, routed)           1.044    -1.549    dutclk/inst/clk_out1_clk_wiz_0
    BUFGCTRL_X0Y16       BUFG (Prop_bufg_I_O)         0.030    -1.519 r  dutclk/inst/clkout1_buf/O
                         net (fo=11462, routed)       0.761    -0.758    usb/usb_cdc_iface_dut/usb_cdc_inst/u_sie/u_phy_rx/clk_out1
    SLICE_X98Y149        FDCE                                         r  usb/usb_cdc_iface_dut/usb_cdc_inst/u_sie/u_phy_rx/bus_reset_q_reg/C
                         clock pessimism              0.258    -0.500    
    SLICE_X98Y149        FDCE (Hold_fdce_C_D)         0.087    -0.413    usb/usb_cdc_iface_dut/usb_cdc_inst/u_sie/u_phy_rx/bus_reset_q_reg
  -------------------------------------------------------------------
                         required time                          0.413    
                         arrival time                          -0.349    
  -------------------------------------------------------------------
                         slack                                  0.064    

Slack (MET) :             0.065ns  (arrival time - required time)
  Source:                 qspi/qspi_iface_dut/QSPI_DR7_reg[28]/C
                            (rising edge-triggered cell FDRE clocked by clk_out1_clk_wiz_0_1  {rise@0.000ns fall@8.333ns period=16.667ns})
  Destination:            qspi/qspi_iface_dut/wb_read_data_r_reg[28]/D
                            (rising edge-triggered cell FDRE clocked by clk_out1_clk_wiz_0_1  {rise@0.000ns fall@8.333ns period=16.667ns})
  Path Group:             clk_out1_clk_wiz_0_1
  Path Type:              Hold (Min at Fast Process Corner)
  Requirement:            0.000ns  (clk_out1_clk_wiz_0_1 rise@0.000ns - clk_out1_clk_wiz_0_1 rise@0.000ns)
  Data Path Delay:        0.325ns  (logic 0.146ns (44.880%)  route 0.179ns (55.120%))
  Logic Levels:           1  (LUT6=1)
  Clock Path Skew:        0.199ns (DCD - SCD - CPR)
    Destination Clock Delay (DCD):    -0.785ns
    Source Clock Delay      (SCD):    -0.734ns
    Clock Pessimism Removal (CPR):    -0.250ns

    Location             Delay type                Incr(ns)  Path(ns)    Netlist Resource(s)
  -------------------------------------------------------------------    -------------------
                         (clock clk_out1_clk_wiz_0_1 rise edge)
                                                      0.000     0.000 r  
    H9                                                0.000     0.000 r  clk_p (IN)
                         net (fo=0)                   0.000     0.000    dutclk/inst/clk_in1_p
    H9                   IBUFDS (Prop_ibufds_I_O)     0.363     0.363 r  dutclk/inst/clkin1_ibufgds/O
                         net (fo=1, routed)           0.503     0.866    dutclk/inst/clk_in1_clk_wiz_0
    MMCME2_ADV_X1Y5      MMCME2_ADV (Prop_mmcme2_adv_CLKIN1_CLKOUT0)
                                                     -3.122    -2.256 r  dutclk/inst/mmcm_adv_inst/CLKOUT0
                         net (fo=1, routed)           0.969    -1.287    dutclk/inst/clk_out1_clk_wiz_0
    BUFGCTRL_X0Y16       BUFG (Prop_bufg_I_O)         0.026    -1.261 r  dutclk/inst/clkout1_buf/O
                         net (fo=11462, routed)       0.527    -0.734    qspi/qspi_iface_dut/clk_out1
    SLICE_X90Y153        FDRE                                         r  qspi/qspi_iface_dut/QSPI_DR7_reg[28]/C
  -------------------------------------------------------------------    -------------------
    SLICE_X90Y153        FDRE (Prop_fdre_C_Q)         0.118    -0.616 r  qspi/qspi_iface_dut/QSPI_DR7_reg[28]/Q
                         net (fo=2, routed)           0.179    -0.437    qspi/qspi_iface_dut/QSPI_DRs[252]
    SLICE_X87Y153        LUT6 (Prop_lut6_I2_O)        0.028    -0.409 r  qspi/qspi_iface_dut/wb_read_data_r[28]_i_1__1/O
                         net (fo=1, routed)           0.000    -0.409    qspi/qspi_iface_dut/wb_read_data_r[28]_i_1__1_n_0
    SLICE_X87Y153        FDRE                                         r  qspi/qspi_iface_dut/wb_read_data_r_reg[28]/D
  -------------------------------------------------------------------    -------------------

                         (clock clk_out1_clk_wiz_0_1 rise edge)
                                                      0.000     0.000 r  
    H9                                                0.000     0.000 r  clk_p (IN)
                         net (fo=0)                   0.000     0.000    dutclk/inst/clk_in1_p
    H9                   IBUFDS (Prop_ibufds_I_O)     0.444     0.444 r  dutclk/inst/clkin1_ibufgds/O
                         net (fo=1, routed)           0.553     0.997    dutclk/inst/clk_in1_clk_wiz_0
    MMCME2_ADV_X1Y5      MMCME2_ADV (Prop_mmcme2_adv_CLKIN1_CLKOUT0)
                                                     -3.590    -2.593 r  dutclk/inst/mmcm_adv_inst/CLKOUT0
                         net (fo=1, routed)           1.044    -1.549    dutclk/inst/clk_out1_clk_wiz_0
    BUFGCTRL_X0Y16       BUFG (Prop_bufg_I_O)         0.030    -1.519 r  dutclk/inst/clkout1_buf/O
                         net (fo=11462, routed)       0.734    -0.785    qspi/qspi_iface_dut/clk_out1
    SLICE_X87Y153        FDRE                                         r  qspi/qspi_iface_dut/wb_read_data_r_reg[28]/C
                         clock pessimism              0.250    -0.535    
    SLICE_X87Y153        FDRE (Hold_fdre_C_D)         0.061    -0.474    qspi/qspi_iface_dut/wb_read_data_r_reg[28]
  -------------------------------------------------------------------
                         required time                          0.474    
                         arrival time                          -0.409    
  -------------------------------------------------------------------
                         slack                                  0.065    

Slack (MET) :             0.067ns  (arrival time - required time)
  Source:                 icache/cpu_addr_q_reg[7]_rep__12/C
                            (rising edge-triggered cell FDCE clocked by clk_out1_clk_wiz_0_1  {rise@0.000ns fall@8.333ns period=16.667ns})
  Destination:            icache/way1/lines_reg_128_255_41_41/DP.HIGH/WADR4
                            (rising edge-triggered cell RAMD64E clocked by clk_out1_clk_wiz_0_1  {rise@0.000ns fall@8.333ns period=16.667ns})
  Path Group:             clk_out1_clk_wiz_0_1
  Path Type:              Hold (Min at Fast Process Corner)
  Requirement:            0.000ns  (clk_out1_clk_wiz_0_1 rise@0.000ns - clk_out1_clk_wiz_0_1 rise@0.000ns)
  Data Path Delay:        0.291ns  (logic 0.100ns (34.418%)  route 0.191ns (65.582%))
  Logic Levels:           0  
  Clock Path Skew:        0.039ns (DCD - SCD - CPR)
    Destination Clock Delay (DCD):    -0.770ns
    Source Clock Delay      (SCD):    -0.719ns
    Clock Pessimism Removal (CPR):    -0.090ns

    Location             Delay type                Incr(ns)  Path(ns)    Netlist Resource(s)
  -------------------------------------------------------------------    -------------------
                         (clock clk_out1_clk_wiz_0_1 rise edge)
                                                      0.000     0.000 r  
    H9                                                0.000     0.000 r  clk_p (IN)
                         net (fo=0)                   0.000     0.000    dutclk/inst/clk_in1_p
    H9                   IBUFDS (Prop_ibufds_I_O)     0.363     0.363 r  dutclk/inst/clkin1_ibufgds/O
                         net (fo=1, routed)           0.503     0.866    dutclk/inst/clk_in1_clk_wiz_0
    MMCME2_ADV_X1Y5      MMCME2_ADV (Prop_mmcme2_adv_CLKIN1_CLKOUT0)
                                                     -3.122    -2.256 r  dutclk/inst/mmcm_adv_inst/CLKOUT0
                         net (fo=1, routed)           0.969    -1.287    dutclk/inst/clk_out1_clk_wiz_0
    BUFGCTRL_X0Y16       BUFG (Prop_bufg_I_O)         0.026    -1.261 r  dutclk/inst/clkout1_buf/O
                         net (fo=11462, routed)       0.542    -0.719    icache/clk_i
    SLICE_X88Y110        FDCE                                         r  icache/cpu_addr_q_reg[7]_rep__12/C
  -------------------------------------------------------------------    -------------------
    SLICE_X88Y110        FDCE (Prop_fdce_C_Q)         0.100    -0.619 r  icache/cpu_addr_q_reg[7]_rep__12/Q
                         net (fo=246, routed)         0.191    -0.428    icache/way1/lines_reg_128_255_41_41/A4
    SLICE_X82Y109        RAMD64E                                      r  icache/way1/lines_reg_128_255_41_41/DP.HIGH/WADR4
  -------------------------------------------------------------------    -------------------

                         (clock clk_out1_clk_wiz_0_1 rise edge)
                                                      0.000     0.000 r  
    H9                                                0.000     0.000 r  clk_p (IN)
                         net (fo=0)                   0.000     0.000    dutclk/inst/clk_in1_p
    H9                   IBUFDS (Prop_ibufds_I_O)     0.444     0.444 r  dutclk/inst/clkin1_ibufgds/O
                         net (fo=1, routed)           0.553     0.997    dutclk/inst/clk_in1_clk_wiz_0
    MMCME2_ADV_X1Y5      MMCME2_ADV (Prop_mmcme2_adv_CLKIN1_CLKOUT0)
                                                     -3.590    -2.593 r  dutclk/inst/mmcm_adv_inst/CLKOUT0
                         net (fo=1, routed)           1.044    -1.549    dutclk/inst/clk_out1_clk_wiz_0
    BUFGCTRL_X0Y16       BUFG (Prop_bufg_I_O)         0.030    -1.519 r  dutclk/inst/clkout1_buf/O
                         net (fo=11462, routed)       0.749    -0.770    icache/way1/lines_reg_128_255_41_41/WCLK
    SLICE_X82Y109        RAMD64E                                      r  icache/way1/lines_reg_128_255_41_41/DP.HIGH/CLK
                         clock pessimism              0.090    -0.680    
    SLICE_X82Y109        RAMD64E (Hold_ramd64e_CLK_WADR4)
                                                      0.185    -0.495    icache/way1/lines_reg_128_255_41_41/DP.HIGH
  -------------------------------------------------------------------
                         required time                          0.495    
                         arrival time                          -0.428    
  -------------------------------------------------------------------
                         slack                                  0.067    

Slack (MET) :             0.067ns  (arrival time - required time)
  Source:                 icache/cpu_addr_q_reg[7]_rep__12/C
                            (rising edge-triggered cell FDCE clocked by clk_out1_clk_wiz_0_1  {rise@0.000ns fall@8.333ns period=16.667ns})
  Destination:            icache/way1/lines_reg_128_255_41_41/DP.LOW/WADR4
                            (rising edge-triggered cell RAMD64E clocked by clk_out1_clk_wiz_0_1  {rise@0.000ns fall@8.333ns period=16.667ns})
  Path Group:             clk_out1_clk_wiz_0_1
  Path Type:              Hold (Min at Fast Process Corner)
  Requirement:            0.000ns  (clk_out1_clk_wiz_0_1 rise@0.000ns - clk_out1_clk_wiz_0_1 rise@0.000ns)
  Data Path Delay:        0.291ns  (logic 0.100ns (34.418%)  route 0.191ns (65.582%))
  Logic Levels:           0  
  Clock Path Skew:        0.039ns (DCD - SCD - CPR)
    Destination Clock Delay (DCD):    -0.770ns
    Source Clock Delay      (SCD):    -0.719ns
    Clock Pessimism Removal (CPR):    -0.090ns

    Location             Delay type                Incr(ns)  Path(ns)    Netlist Resource(s)
  -------------------------------------------------------------------    -------------------
                         (clock clk_out1_clk_wiz_0_1 rise edge)
                                                      0.000     0.000 r  
    H9                                                0.000     0.000 r  clk_p (IN)
                         net (fo=0)                   0.000     0.000    dutclk/inst/clk_in1_p
    H9                   IBUFDS (Prop_ibufds_I_O)     0.363     0.363 r  dutclk/inst/clkin1_ibufgds/O
                         net (fo=1, routed)           0.503     0.866    dutclk/inst/clk_in1_clk_wiz_0
    MMCME2_ADV_X1Y5      MMCME2_ADV (Prop_mmcme2_adv_CLKIN1_CLKOUT0)
                                                     -3.122    -2.256 r  dutclk/inst/mmcm_adv_inst/CLKOUT0
                         net (fo=1, routed)           0.969    -1.287    dutclk/inst/clk_out1_clk_wiz_0
    BUFGCTRL_X0Y16       BUFG (Prop_bufg_I_O)         0.026    -1.261 r  dutclk/inst/clkout1_buf/O
                         net (fo=11462, routed)       0.542    -0.719    icache/clk_i
    SLICE_X88Y110        FDCE                                         r  icache/cpu_addr_q_reg[7]_rep__12/C
  -------------------------------------------------------------------    -------------------
    SLICE_X88Y110        FDCE (Prop_fdce_C_Q)         0.100    -0.619 r  icache/cpu_addr_q_reg[7]_rep__12/Q
                         net (fo=246, routed)         0.191    -0.428    icache/way1/lines_reg_128_255_41_41/A4
    SLICE_X82Y109        RAMD64E                                      r  icache/way1/lines_reg_128_255_41_41/DP.LOW/WADR4
  -------------------------------------------------------------------    -------------------

                         (clock clk_out1_clk_wiz_0_1 rise edge)
                                                      0.000     0.000 r  
    H9                                                0.000     0.000 r  clk_p (IN)
                         net (fo=0)                   0.000     0.000    dutclk/inst/clk_in1_p
    H9                   IBUFDS (Prop_ibufds_I_O)     0.444     0.444 r  dutclk/inst/clkin1_ibufgds/O
                         net (fo=1, routed)           0.553     0.997    dutclk/inst/clk_in1_clk_wiz_0
    MMCME2_ADV_X1Y5      MMCME2_ADV (Prop_mmcme2_adv_CLKIN1_CLKOUT0)
                                                     -3.590    -2.593 r  dutclk/inst/mmcm_adv_inst/CLKOUT0
                         net (fo=1, routed)           1.044    -1.549    dutclk/inst/clk_out1_clk_wiz_0
    BUFGCTRL_X0Y16       BUFG (Prop_bufg_I_O)         0.030    -1.519 r  dutclk/inst/clkout1_buf/O
                         net (fo=11462, routed)       0.749    -0.770    icache/way1/lines_reg_128_255_41_41/WCLK
    SLICE_X82Y109        RAMD64E                                      r  icache/way1/lines_reg_128_255_41_41/DP.LOW/CLK
                         clock pessimism              0.090    -0.680    
    SLICE_X82Y109        RAMD64E (Hold_ramd64e_CLK_WADR4)
                                                      0.185    -0.495    icache/way1/lines_reg_128_255_41_41/DP.LOW
  -------------------------------------------------------------------
                         required time                          0.495    
                         arrival time                          -0.428    
  -------------------------------------------------------------------
                         slack                                  0.067    

Slack (MET) :             0.067ns  (arrival time - required time)
  Source:                 icache/cpu_addr_q_reg[7]_rep__12/C
                            (rising edge-triggered cell FDCE clocked by clk_out1_clk_wiz_0_1  {rise@0.000ns fall@8.333ns period=16.667ns})
  Destination:            icache/way1/lines_reg_128_255_41_41/SP.HIGH/WADR4
                            (rising edge-triggered cell RAMD64E clocked by clk_out1_clk_wiz_0_1  {rise@0.000ns fall@8.333ns period=16.667ns})
  Path Group:             clk_out1_clk_wiz_0_1
  Path Type:              Hold (Min at Fast Process Corner)
  Requirement:            0.000ns  (clk_out1_clk_wiz_0_1 rise@0.000ns - clk_out1_clk_wiz_0_1 rise@0.000ns)
  Data Path Delay:        0.291ns  (logic 0.100ns (34.418%)  route 0.191ns (65.582%))
  Logic Levels:           0  
  Clock Path Skew:        0.039ns (DCD - SCD - CPR)
    Destination Clock Delay (DCD):    -0.770ns
    Source Clock Delay      (SCD):    -0.719ns
    Clock Pessimism Removal (CPR):    -0.090ns

    Location             Delay type                Incr(ns)  Path(ns)    Netlist Resource(s)
  -------------------------------------------------------------------    -------------------
                         (clock clk_out1_clk_wiz_0_1 rise edge)
                                                      0.000     0.000 r  
    H9                                                0.000     0.000 r  clk_p (IN)
                         net (fo=0)                   0.000     0.000    dutclk/inst/clk_in1_p
    H9                   IBUFDS (Prop_ibufds_I_O)     0.363     0.363 r  dutclk/inst/clkin1_ibufgds/O
                         net (fo=1, routed)           0.503     0.866    dutclk/inst/clk_in1_clk_wiz_0
    MMCME2_ADV_X1Y5      MMCME2_ADV (Prop_mmcme2_adv_CLKIN1_CLKOUT0)
                                                     -3.122    -2.256 r  dutclk/inst/mmcm_adv_inst/CLKOUT0
                         net (fo=1, routed)           0.969    -1.287    dutclk/inst/clk_out1_clk_wiz_0
    BUFGCTRL_X0Y16       BUFG (Prop_bufg_I_O)         0.026    -1.261 r  dutclk/inst/clkout1_buf/O
                         net (fo=11462, routed)       0.542    -0.719    icache/clk_i
    SLICE_X88Y110        FDCE                                         r  icache/cpu_addr_q_reg[7]_rep__12/C
  -------------------------------------------------------------------    -------------------
    SLICE_X88Y110        FDCE (Prop_fdce_C_Q)         0.100    -0.619 r  icache/cpu_addr_q_reg[7]_rep__12/Q
                         net (fo=246, routed)         0.191    -0.428    icache/way1/lines_reg_128_255_41_41/A4
    SLICE_X82Y109        RAMD64E                                      r  icache/way1/lines_reg_128_255_41_41/SP.HIGH/WADR4
  -------------------------------------------------------------------    -------------------

                         (clock clk_out1_clk_wiz_0_1 rise edge)
                                                      0.000     0.000 r  
    H9                                                0.000     0.000 r  clk_p (IN)
                         net (fo=0)                   0.000     0.000    dutclk/inst/clk_in1_p
    H9                   IBUFDS (Prop_ibufds_I_O)     0.444     0.444 r  dutclk/inst/clkin1_ibufgds/O
                         net (fo=1, routed)           0.553     0.997    dutclk/inst/clk_in1_clk_wiz_0
    MMCME2_ADV_X1Y5      MMCME2_ADV (Prop_mmcme2_adv_CLKIN1_CLKOUT0)
                                                     -3.590    -2.593 r  dutclk/inst/mmcm_adv_inst/CLKOUT0
                         net (fo=1, routed)           1.044    -1.549    dutclk/inst/clk_out1_clk_wiz_0
    BUFGCTRL_X0Y16       BUFG (Prop_bufg_I_O)         0.030    -1.519 r  dutclk/inst/clkout1_buf/O
                         net (fo=11462, routed)       0.749    -0.770    icache/way1/lines_reg_128_255_41_41/WCLK
    SLICE_X82Y109        RAMD64E                                      r  icache/way1/lines_reg_128_255_41_41/SP.HIGH/CLK
                         clock pessimism              0.090    -0.680    
    SLICE_X82Y109        RAMD64E (Hold_ramd64e_CLK_WADR4)
                                                      0.185    -0.495    icache/way1/lines_reg_128_255_41_41/SP.HIGH
  -------------------------------------------------------------------
                         required time                          0.495    
                         arrival time                          -0.428    
  -------------------------------------------------------------------
                         slack                                  0.067    





Pulse Width Checks
--------------------------------------------------------------------------------------
Clock Name:         clk_out1_clk_wiz_0_1
Waveform(ns):       { 0.000 8.333 }
Period(ns):         16.667
Sources:            { dutclk/inst/mmcm_adv_inst/CLKOUT0 }

Check Type        Corner  Lib Pin             Reference Pin  Required(ns)  Actual(ns)  Slack(ns)  Location         Pin
Min Period        n/a     RAMB36E1/CLKARDCLK  n/a            2.095         16.667      14.572     RAMB36_X4Y26     main_memory/mem_reg_0_0_0/CLKARDCLK
Min Period        n/a     RAMB36E1/CLKARDCLK  n/a            2.095         16.667      14.572     RAMB36_X4Y25     main_memory/mem_reg_0_0_1/CLKARDCLK
Min Period        n/a     RAMB36E1/CLKARDCLK  n/a            2.095         16.667      14.572     RAMB36_X4Y23     main_memory/mem_reg_0_0_2/CLKARDCLK
Min Period        n/a     RAMB36E1/CLKARDCLK  n/a            2.095         16.667      14.572     RAMB36_X4Y24     main_memory/mem_reg_0_0_3/CLKARDCLK
Min Period        n/a     RAMB36E1/CLKARDCLK  n/a            2.095         16.667      14.572     RAMB36_X4Y22     main_memory/mem_reg_0_0_4/CLKARDCLK
Min Period        n/a     RAMB36E1/CLKARDCLK  n/a            2.095         16.667      14.572     RAMB36_X3Y24     main_memory/mem_reg_0_0_5/CLKARDCLK
Min Period        n/a     RAMB36E1/CLKARDCLK  n/a            2.095         16.667      14.572     RAMB36_X3Y22     main_memory/mem_reg_0_0_6/CLKARDCLK
Min Period        n/a     RAMB36E1/CLKARDCLK  n/a            2.095         16.667      14.572     RAMB36_X3Y23     main_memory/mem_reg_0_0_7/CLKARDCLK
Min Period        n/a     RAMB36E1/CLKARDCLK  n/a            2.095         16.667      14.572     RAMB36_X3Y21     main_memory/mem_reg_1_0_0/CLKARDCLK
Min Period        n/a     RAMB36E1/CLKARDCLK  n/a            2.095         16.667      14.572     RAMB36_X4Y21     main_memory/mem_reg_1_0_1/CLKARDCLK
Max Period        n/a     MMCME2_ADV/CLKOUT0  n/a            213.360       16.667      196.693    MMCME2_ADV_X1Y5  dutclk/inst/mmcm_adv_inst/CLKOUT0
Low Pulse Width   Slow    RAMD64E/CLK         n/a            0.768         8.333       7.565      SLICE_X90Y121    dcache/way0/lines_reg_0_127_0_0/DP.HIGH/CLK
Low Pulse Width   Fast    RAMD64E/CLK         n/a            0.768         8.333       7.565      SLICE_X90Y121    dcache/way0/lines_reg_0_127_0_0/DP.HIGH/CLK
Low Pulse Width   Slow    RAMD64E/CLK         n/a            0.768         8.333       7.565      SLICE_X90Y121    dcache/way0/lines_reg_0_127_0_0/DP.LOW/CLK
Low Pulse Width   Fast    RAMD64E/CLK         n/a            0.768         8.333       7.565      SLICE_X90Y121    dcache/way0/lines_reg_0_127_0_0/DP.LOW/CLK
Low Pulse Width   Slow    RAMD64E/CLK         n/a            0.768         8.333       7.565      SLICE_X90Y121    dcache/way0/lines_reg_0_127_0_0/SP.HIGH/CLK
Low Pulse Width   Fast    RAMD64E/CLK         n/a            0.768         8.333       7.565      SLICE_X90Y121    dcache/way0/lines_reg_0_127_0_0/SP.HIGH/CLK
Low Pulse Width   Slow    RAMD64E/CLK         n/a            0.768         8.333       7.565      SLICE_X90Y121    dcache/way0/lines_reg_0_127_0_0/SP.LOW/CLK
Low Pulse Width   Fast    RAMD64E/CLK         n/a            0.768         8.333       7.565      SLICE_X90Y121    dcache/way0/lines_reg_0_127_0_0/SP.LOW/CLK
Low Pulse Width   Slow    RAMD64E/CLK         n/a            0.768         8.333       7.565      SLICE_X52Y122    dcache/way0/lines_reg_0_127_10_10/DP.HIGH/CLK
Low Pulse Width   Fast    RAMD64E/CLK         n/a            0.768         8.333       7.565      SLICE_X52Y122    dcache/way0/lines_reg_0_127_10_10/DP.HIGH/CLK
High Pulse Width  Slow    RAMD64E/CLK         n/a            0.768         8.333       7.565      SLICE_X90Y121    dcache/way0/lines_reg_0_127_0_0/DP.HIGH/CLK
High Pulse Width  Fast    RAMD64E/CLK         n/a            0.768         8.333       7.565      SLICE_X90Y121    dcache/way0/lines_reg_0_127_0_0/DP.HIGH/CLK
High Pulse Width  Slow    RAMD64E/CLK         n/a            0.768         8.333       7.565      SLICE_X90Y121    dcache/way0/lines_reg_0_127_0_0/DP.LOW/CLK
High Pulse Width  Fast    RAMD64E/CLK         n/a            0.768         8.333       7.565      SLICE_X90Y121    dcache/way0/lines_reg_0_127_0_0/DP.LOW/CLK
High Pulse Width  Slow    RAMD64E/CLK         n/a            0.768         8.333       7.565      SLICE_X90Y121    dcache/way0/lines_reg_0_127_0_0/SP.HIGH/CLK
High Pulse Width  Fast    RAMD64E/CLK         n/a            0.768         8.333       7.565      SLICE_X90Y121    dcache/way0/lines_reg_0_127_0_0/SP.HIGH/CLK
High Pulse Width  Slow    RAMD64E/CLK         n/a            0.768         8.333       7.565      SLICE_X90Y121    dcache/way0/lines_reg_0_127_0_0/SP.LOW/CLK
High Pulse Width  Fast    RAMD64E/CLK         n/a            0.768         8.333       7.565      SLICE_X90Y121    dcache/way0/lines_reg_0_127_0_0/SP.LOW/CLK
High Pulse Width  Slow    RAMD64E/CLK         n/a            0.768         8.333       7.565      SLICE_X52Y122    dcache/way0/lines_reg_0_127_10_10/DP.HIGH/CLK
High Pulse Width  Fast    RAMD64E/CLK         n/a            0.768         8.333       7.565      SLICE_X52Y122    dcache/way0/lines_reg_0_127_10_10/DP.HIGH/CLK



---------------------------------------------------------------------------------------------------
From Clock:  clkfbout_clk_wiz_0_1
  To Clock:  clkfbout_clk_wiz_0_1

Setup :           NA  Failing Endpoints,  Worst Slack           NA  ,  Total Violation           NA
Hold  :           NA  Failing Endpoints,  Worst Slack           NA  ,  Total Violation           NA
PW    :            0  Failing Endpoints,  Worst Slack       48.592ns,  Total Violation        0.000ns
---------------------------------------------------------------------------------------------------


Pulse Width Checks
--------------------------------------------------------------------------------------
Clock Name:         clkfbout_clk_wiz_0_1
Waveform(ns):       { 0.000 25.000 }
Period(ns):         50.000
Sources:            { dutclk/inst/mmcm_adv_inst/CLKFBOUT }

Check Type  Corner  Lib Pin              Reference Pin  Required(ns)  Actual(ns)  Slack(ns)  Location         Pin
Min Period  n/a     BUFG/I               n/a            1.408         50.000      48.592     BUFGCTRL_X0Y17   dutclk/inst/clkf_buf/I
Min Period  n/a     MMCME2_ADV/CLKFBOUT  n/a            1.071         50.000      48.929     MMCME2_ADV_X1Y5  dutclk/inst/mmcm_adv_inst/CLKFBOUT
Min Period  n/a     MMCME2_ADV/CLKFBIN   n/a            1.071         50.000      48.929     MMCME2_ADV_X1Y5  dutclk/inst/mmcm_adv_inst/CLKFBIN
Max Period  n/a     MMCME2_ADV/CLKFBIN   n/a            100.000       50.000      50.000     MMCME2_ADV_X1Y5  dutclk/inst/mmcm_adv_inst/CLKFBIN
Max Period  n/a     MMCME2_ADV/CLKFBOUT  n/a            213.360       50.000      163.360    MMCME2_ADV_X1Y5  dutclk/inst/mmcm_adv_inst/CLKFBOUT



---------------------------------------------------------------------------------------------------
Path Group:  **async_default**
From Clock:  clk_out1_clk_wiz_0_1
  To Clock:  clk_out1_clk_wiz_0_1

Setup :            0  Failing Endpoints,  Worst Slack       14.704ns,  Total Violation        0.000ns
Hold  :            0  Failing Endpoints,  Worst Slack        0.348ns,  Total Violation        0.000ns
---------------------------------------------------------------------------------------------------


Max Delay Paths
--------------------------------------------------------------------------------------
Slack (MET) :             14.704ns  (required time - arrival time)
  Source:                 usb/usb_cdc_iface_dut/usb_cdc_inst/rstn_sq_reg[0]/C
                            (rising edge-triggered cell FDCE clocked by clk_out1_clk_wiz_0_1  {rise@0.000ns fall@8.333ns period=16.667ns})
  Destination:            usb/usb_cdc_iface_dut/usb_cdc_inst/u_sie/u_phy_rx/cnt_q_reg[16]/CLR
                            (recovery check against rising-edge clock clk_out1_clk_wiz_0_1  {rise@0.000ns fall@8.333ns period=16.667ns})
  Path Group:             **async_default**
  Path Type:              Recovery (Max at Slow Process Corner)
  Requirement:            16.667ns  (clk_out1_clk_wiz_0_1 rise@16.667ns - clk_out1_clk_wiz_0_1 rise@0.000ns)
  Data Path Delay:        1.465ns  (logic 0.302ns (20.621%)  route 1.163ns (79.379%))
  Logic Levels:           1  (LUT1=1)
  Clock Path Skew:        -0.154ns (DCD - SCD + CPR)
    Destination Clock Delay (DCD):    -1.780ns = ( 14.887 - 16.667 ) 
    Source Clock Delay      (SCD):    -2.382ns
    Clock Pessimism Removal (CPR):    -0.756ns
  Clock Uncertainty:      0.132ns  ((TSJ^2 + DJ^2)^1/2) / 2 + PE
    Total System Jitter     (TSJ):    0.071ns
    Discrete Jitter          (DJ):    0.255ns
    Phase Error              (PE):    0.000ns

    Location             Delay type                Incr(ns)  Path(ns)    Netlist Resource(s)
  -------------------------------------------------------------------    -------------------
                         (clock clk_out1_clk_wiz_0_1 rise edge)
                                                      0.000     0.000 r  
    H9                                                0.000     0.000 r  clk_p (IN)
                         net (fo=0)                   0.000     0.000    dutclk/inst/clk_in1_p
    H9                   IBUFDS (Prop_ibufds_I_O)     0.880     0.880 r  dutclk/inst/clkin1_ibufgds/O
                         net (fo=1, routed)           1.081     1.961    dutclk/inst/clk_in1_clk_wiz_0
    MMCME2_ADV_X1Y5      MMCME2_ADV (Prop_mmcme2_adv_CLKIN1_CLKOUT0)
                                                     -7.639    -5.678 r  dutclk/inst/mmcm_adv_inst/CLKOUT0
                         net (fo=1, routed)           1.948    -3.730    dutclk/inst/clk_out1_clk_wiz_0
    BUFGCTRL_X0Y16       BUFG (Prop_bufg_I_O)         0.093    -3.637 r  dutclk/inst/clkout1_buf/O
                         net (fo=11462, routed)       1.255    -2.382    usb/usb_cdc_iface_dut/usb_cdc_inst/clk_out1
    SLICE_X98Y148        FDCE                                         r  usb/usb_cdc_iface_dut/usb_cdc_inst/rstn_sq_reg[0]/C
  -------------------------------------------------------------------    -------------------
    SLICE_X98Y148        FDCE (Prop_fdce_C_Q)         0.259    -2.123 r  usb/usb_cdc_iface_dut/usb_cdc_inst/rstn_sq_reg[0]/Q
                         net (fo=2, routed)           0.246    -1.877    usb/usb_cdc_iface_dut/usb_cdc_inst/u_sie/u_phy_rx/Q[0]
    SLICE_X98Y149        LUT1 (Prop_lut1_I0_O)        0.043    -1.834 f  usb/usb_cdc_iface_dut/usb_cdc_inst/u_sie/u_phy_rx/FSM_sequential_state_q[2]_i_2/O
                         net (fo=26, routed)          0.917    -0.918    usb/usb_cdc_iface_dut/usb_cdc_inst/u_sie/u_phy_rx/rstn_sq_reg[0]
    SLICE_X99Y152        FDCE                                         f  usb/usb_cdc_iface_dut/usb_cdc_inst/u_sie/u_phy_rx/cnt_q_reg[16]/CLR
  -------------------------------------------------------------------    -------------------

                         (clock clk_out1_clk_wiz_0_1 rise edge)
                                                     16.667    16.667 r  
    H9                                                0.000    16.667 r  clk_p (IN)
                         net (fo=0)                   0.000    16.667    dutclk/inst/clk_in1_p
    H9                   IBUFDS (Prop_ibufds_I_O)     0.778    17.445 r  dutclk/inst/clkin1_ibufgds/O
                         net (fo=1, routed)           0.986    18.431    dutclk/inst/clk_in1_clk_wiz_0
    MMCME2_ADV_X1Y5      MMCME2_ADV (Prop_mmcme2_adv_CLKIN1_CLKOUT0)
                                                     -6.516    11.915 r  dutclk/inst/mmcm_adv_inst/CLKOUT0
                         net (fo=1, routed)           1.788    13.703    dutclk/inst/clk_out1_clk_wiz_0
    BUFGCTRL_X0Y16       BUFG (Prop_bufg_I_O)         0.083    13.786 r  dutclk/inst/clkout1_buf/O
                         net (fo=11462, routed)       1.101    14.887    usb/usb_cdc_iface_dut/usb_cdc_inst/u_sie/u_phy_rx/clk_out1
    SLICE_X99Y152        FDCE                                         r  usb/usb_cdc_iface_dut/usb_cdc_inst/u_sie/u_phy_rx/cnt_q_reg[16]/C
                         clock pessimism             -0.756    14.131    
                         clock uncertainty           -0.132    13.998    
    SLICE_X99Y152        FDCE (Recov_fdce_C_CLR)     -0.212    13.786    usb/usb_cdc_iface_dut/usb_cdc_inst/u_sie/u_phy_rx/cnt_q_reg[16]
  -------------------------------------------------------------------
                         required time                         13.786    
                         arrival time                           0.918    
  -------------------------------------------------------------------
                         slack                                 14.704    

Slack (MET) :             14.729ns  (required time - arrival time)
  Source:                 usb/usb_cdc_iface_dut/usb_cdc_inst/rstn_sq_reg[0]/C
                            (rising edge-triggered cell FDCE clocked by clk_out1_clk_wiz_0_1  {rise@0.000ns fall@8.333ns period=16.667ns})
  Destination:            usb/usb_cdc_iface_dut/usb_cdc_inst/u_sie/u_phy_rx/FSM_sequential_state_q_reg[1]/CLR
                            (recovery check against rising-edge clock clk_out1_clk_wiz_0_1  {rise@0.000ns fall@8.333ns period=16.667ns})
  Path Group:             **async_default**
  Path Type:              Recovery (Max at Slow Process Corner)
  Requirement:            16.667ns  (clk_out1_clk_wiz_0_1 rise@16.667ns - clk_out1_clk_wiz_0_1 rise@0.000ns)
  Data Path Delay:        1.465ns  (logic 0.302ns (20.621%)  route 1.163ns (79.379%))
  Logic Levels:           1  (LUT1=1)
  Clock Path Skew:        -0.154ns (DCD - SCD + CPR)
    Destination Clock Delay (DCD):    -1.780ns = ( 14.887 - 16.667 ) 
    Source Clock Delay      (SCD):    -2.382ns
    Clock Pessimism Removal (CPR):    -0.756ns
  Clock Uncertainty:      0.132ns  ((TSJ^2 + DJ^2)^1/2) / 2 + PE
    Total System Jitter     (TSJ):    0.071ns
    Discrete Jitter          (DJ):    0.255ns
    Phase Error              (PE):    0.000ns

    Location             Delay type                Incr(ns)  Path(ns)    Netlist Resource(s)
  -------------------------------------------------------------------    -------------------
                         (clock clk_out1_clk_wiz_0_1 rise edge)
                                                      0.000     0.000 r  
    H9                                                0.000     0.000 r  clk_p (IN)
                         net (fo=0)                   0.000     0.000    dutclk/inst/clk_in1_p
    H9                   IBUFDS (Prop_ibufds_I_O)     0.880     0.880 r  dutclk/inst/clkin1_ibufgds/O
                         net (fo=1, routed)           1.081     1.961    dutclk/inst/clk_in1_clk_wiz_0
    MMCME2_ADV_X1Y5      MMCME2_ADV (Prop_mmcme2_adv_CLKIN1_CLKOUT0)
                                                     -7.639    -5.678 r  dutclk/inst/mmcm_adv_inst/CLKOUT0
                         net (fo=1, routed)           1.948    -3.730    dutclk/inst/clk_out1_clk_wiz_0
    BUFGCTRL_X0Y16       BUFG (Prop_bufg_I_O)         0.093    -3.637 r  dutclk/inst/clkout1_buf/O
                         net (fo=11462, routed)       1.255    -2.382    usb/usb_cdc_iface_dut/usb_cdc_inst/clk_out1
    SLICE_X98Y148        FDCE                                         r  usb/usb_cdc_iface_dut/usb_cdc_inst/rstn_sq_reg[0]/C
  -------------------------------------------------------------------    -------------------
    SLICE_X98Y148        FDCE (Prop_fdce_C_Q)         0.259    -2.123 r  usb/usb_cdc_iface_dut/usb_cdc_inst/rstn_sq_reg[0]/Q
                         net (fo=2, routed)           0.246    -1.877    usb/usb_cdc_iface_dut/usb_cdc_inst/u_sie/u_phy_rx/Q[0]
    SLICE_X98Y149        LUT1 (Prop_lut1_I0_O)        0.043    -1.834 f  usb/usb_cdc_iface_dut/usb_cdc_inst/u_sie/u_phy_rx/FSM_sequential_state_q[2]_i_2/O
                         net (fo=26, routed)          0.917    -0.918    usb/usb_cdc_iface_dut/usb_cdc_inst/u_sie/u_phy_rx/rstn_sq_reg[0]
    SLICE_X98Y152        FDCE                                         f  usb/usb_cdc_iface_dut/usb_cdc_inst/u_sie/u_phy_rx/FSM_sequential_state_q_reg[1]/CLR
  -------------------------------------------------------------------    -------------------

                         (clock clk_out1_clk_wiz_0_1 rise edge)
                                                     16.667    16.667 r  
    H9                                                0.000    16.667 r  clk_p (IN)
                         net (fo=0)                   0.000    16.667    dutclk/inst/clk_in1_p
    H9                   IBUFDS (Prop_ibufds_I_O)     0.778    17.445 r  dutclk/inst/clkin1_ibufgds/O
                         net (fo=1, routed)           0.986    18.431    dutclk/inst/clk_in1_clk_wiz_0
    MMCME2_ADV_X1Y5      MMCME2_ADV (Prop_mmcme2_adv_CLKIN1_CLKOUT0)
                                                     -6.516    11.915 r  dutclk/inst/mmcm_adv_inst/CLKOUT0
                         net (fo=1, routed)           1.788    13.703    dutclk/inst/clk_out1_clk_wiz_0
    BUFGCTRL_X0Y16       BUFG (Prop_bufg_I_O)         0.083    13.786 r  dutclk/inst/clkout1_buf/O
                         net (fo=11462, routed)       1.101    14.887    usb/usb_cdc_iface_dut/usb_cdc_inst/u_sie/u_phy_rx/clk_out1
    SLICE_X98Y152        FDCE                                         r  usb/usb_cdc_iface_dut/usb_cdc_inst/u_sie/u_phy_rx/FSM_sequential_state_q_reg[1]/C
                         clock pessimism             -0.756    14.131    
                         clock uncertainty           -0.132    13.998    
    SLICE_X98Y152        FDCE (Recov_fdce_C_CLR)     -0.187    13.811    usb/usb_cdc_iface_dut/usb_cdc_inst/u_sie/u_phy_rx/FSM_sequential_state_q_reg[1]
  -------------------------------------------------------------------
                         required time                         13.811    
                         arrival time                           0.918    
  -------------------------------------------------------------------
                         slack                                 14.729    

Slack (MET) :             14.731ns  (required time - arrival time)
  Source:                 usb/usb_cdc_iface_dut/usb_cdc_inst/rstn_sq_reg[0]/C
                            (rising edge-triggered cell FDCE clocked by clk_out1_clk_wiz_0_1  {rise@0.000ns fall@8.333ns period=16.667ns})
  Destination:            usb/usb_cdc_iface_dut/usb_cdc_inst/u_sie/u_phy_rx/cnt_q_reg[13]/CLR
                            (recovery check against rising-edge clock clk_out1_clk_wiz_0_1  {rise@0.000ns fall@8.333ns period=16.667ns})
  Path Group:             **async_default**
  Path Type:              Recovery (Max at Slow Process Corner)
  Requirement:            16.667ns  (clk_out1_clk_wiz_0_1 rise@16.667ns - clk_out1_clk_wiz_0_1 rise@0.000ns)
  Data Path Delay:        1.437ns  (logic 0.302ns (21.016%)  route 1.135ns (78.984%))
  Logic Levels:           1  (LUT1=1)
  Clock Path Skew:        -0.154ns (DCD - SCD + CPR)
    Destination Clock Delay (DCD):    -1.780ns = ( 14.887 - 16.667 ) 
    Source Clock Delay      (SCD):    -2.382ns
    Clock Pessimism Removal (CPR):    -0.756ns
  Clock Uncertainty:      0.132ns  ((TSJ^2 + DJ^2)^1/2) / 2 + PE
    Total System Jitter     (TSJ):    0.071ns
    Discrete Jitter          (DJ):    0.255ns
    Phase Error              (PE):    0.000ns

    Location             Delay type                Incr(ns)  Path(ns)    Netlist Resource(s)
  -------------------------------------------------------------------    -------------------
                         (clock clk_out1_clk_wiz_0_1 rise edge)
                                                      0.000     0.000 r  
    H9                                                0.000     0.000 r  clk_p (IN)
                         net (fo=0)                   0.000     0.000    dutclk/inst/clk_in1_p
    H9                   IBUFDS (Prop_ibufds_I_O)     0.880     0.880 r  dutclk/inst/clkin1_ibufgds/O
                         net (fo=1, routed)           1.081     1.961    dutclk/inst/clk_in1_clk_wiz_0
    MMCME2_ADV_X1Y5      MMCME2_ADV (Prop_mmcme2_adv_CLKIN1_CLKOUT0)
                                                     -7.639    -5.678 r  dutclk/inst/mmcm_adv_inst/CLKOUT0
                         net (fo=1, routed)           1.948    -3.730    dutclk/inst/clk_out1_clk_wiz_0
    BUFGCTRL_X0Y16       BUFG (Prop_bufg_I_O)         0.093    -3.637 r  dutclk/inst/clkout1_buf/O
                         net (fo=11462, routed)       1.255    -2.382    usb/usb_cdc_iface_dut/usb_cdc_inst/clk_out1
    SLICE_X98Y148        FDCE                                         r  usb/usb_cdc_iface_dut/usb_cdc_inst/rstn_sq_reg[0]/C
  -------------------------------------------------------------------    -------------------
    SLICE_X98Y148        FDCE (Prop_fdce_C_Q)         0.259    -2.123 r  usb/usb_cdc_iface_dut/usb_cdc_inst/rstn_sq_reg[0]/Q
                         net (fo=2, routed)           0.246    -1.877    usb/usb_cdc_iface_dut/usb_cdc_inst/u_sie/u_phy_rx/Q[0]
    SLICE_X98Y149        LUT1 (Prop_lut1_I0_O)        0.043    -1.834 f  usb/usb_cdc_iface_dut/usb_cdc_inst/u_sie/u_phy_rx/FSM_sequential_state_q[2]_i_2/O
                         net (fo=26, routed)          0.889    -0.945    usb/usb_cdc_iface_dut/usb_cdc_inst/u_sie/u_phy_rx/rstn_sq_reg[0]
    SLICE_X101Y152       FDCE                                         f  usb/usb_cdc_iface_dut/usb_cdc_inst/u_sie/u_phy_rx/cnt_q_reg[13]/CLR
  -------------------------------------------------------------------    -------------------

                         (clock clk_out1_clk_wiz_0_1 rise edge)
                                                     16.667    16.667 r  
    H9                                                0.000    16.667 r  clk_p (IN)
                         net (fo=0)                   0.000    16.667    dutclk/inst/clk_in1_p
    H9                   IBUFDS (Prop_ibufds_I_O)     0.778    17.445 r  dutclk/inst/clkin1_ibufgds/O
                         net (fo=1, routed)           0.986    18.431    dutclk/inst/clk_in1_clk_wiz_0
    MMCME2_ADV_X1Y5      MMCME2_ADV (Prop_mmcme2_adv_CLKIN1_CLKOUT0)
                                                     -6.516    11.915 r  dutclk/inst/mmcm_adv_inst/CLKOUT0
                         net (fo=1, routed)           1.788    13.703    dutclk/inst/clk_out1_clk_wiz_0
    BUFGCTRL_X0Y16       BUFG (Prop_bufg_I_O)         0.083    13.786 r  dutclk/inst/clkout1_buf/O
                         net (fo=11462, routed)       1.101    14.887    usb/usb_cdc_iface_dut/usb_cdc_inst/u_sie/u_phy_rx/clk_out1
    SLICE_X101Y152       FDCE                                         r  usb/usb_cdc_iface_dut/usb_cdc_inst/u_sie/u_phy_rx/cnt_q_reg[13]/C
                         clock pessimism             -0.756    14.131    
                         clock uncertainty           -0.132    13.998    
    SLICE_X101Y152       FDCE (Recov_fdce_C_CLR)     -0.212    13.786    usb/usb_cdc_iface_dut/usb_cdc_inst/u_sie/u_phy_rx/cnt_q_reg[13]
  -------------------------------------------------------------------
                         required time                         13.786    
                         arrival time                           0.945    
  -------------------------------------------------------------------
                         slack                                 14.731    

Slack (MET) :             14.731ns  (required time - arrival time)
  Source:                 usb/usb_cdc_iface_dut/usb_cdc_inst/rstn_sq_reg[0]/C
                            (rising edge-triggered cell FDCE clocked by clk_out1_clk_wiz_0_1  {rise@0.000ns fall@8.333ns period=16.667ns})
  Destination:            usb/usb_cdc_iface_dut/usb_cdc_inst/u_sie/u_phy_rx/cnt_q_reg[14]/CLR
                            (recovery check against rising-edge clock clk_out1_clk_wiz_0_1  {rise@0.000ns fall@8.333ns period=16.667ns})
  Path Group:             **async_default**
  Path Type:              Recovery (Max at Slow Process Corner)
  Requirement:            16.667ns  (clk_out1_clk_wiz_0_1 rise@16.667ns - clk_out1_clk_wiz_0_1 rise@0.000ns)
  Data Path Delay:        1.437ns  (logic 0.302ns (21.016%)  route 1.135ns (78.984%))
  Logic Levels:           1  (LUT1=1)
  Clock Path Skew:        -0.154ns (DCD - SCD + CPR)
    Destination Clock Delay (DCD):    -1.780ns = ( 14.887 - 16.667 ) 
    Source Clock Delay      (SCD):    -2.382ns
    Clock Pessimism Removal (CPR):    -0.756ns
  Clock Uncertainty:      0.132ns  ((TSJ^2 + DJ^2)^1/2) / 2 + PE
    Total System Jitter     (TSJ):    0.071ns
    Discrete Jitter          (DJ):    0.255ns
    Phase Error              (PE):    0.000ns

    Location             Delay type                Incr(ns)  Path(ns)    Netlist Resource(s)
  -------------------------------------------------------------------    -------------------
                         (clock clk_out1_clk_wiz_0_1 rise edge)
                                                      0.000     0.000 r  
    H9                                                0.000     0.000 r  clk_p (IN)
                         net (fo=0)                   0.000     0.000    dutclk/inst/clk_in1_p
    H9                   IBUFDS (Prop_ibufds_I_O)     0.880     0.880 r  dutclk/inst/clkin1_ibufgds/O
                         net (fo=1, routed)           1.081     1.961    dutclk/inst/clk_in1_clk_wiz_0
    MMCME2_ADV_X1Y5      MMCME2_ADV (Prop_mmcme2_adv_CLKIN1_CLKOUT0)
                                                     -7.639    -5.678 r  dutclk/inst/mmcm_adv_inst/CLKOUT0
                         net (fo=1, routed)           1.948    -3.730    dutclk/inst/clk_out1_clk_wiz_0
    BUFGCTRL_X0Y16       BUFG (Prop_bufg_I_O)         0.093    -3.637 r  dutclk/inst/clkout1_buf/O
                         net (fo=11462, routed)       1.255    -2.382    usb/usb_cdc_iface_dut/usb_cdc_inst/clk_out1
    SLICE_X98Y148        FDCE                                         r  usb/usb_cdc_iface_dut/usb_cdc_inst/rstn_sq_reg[0]/C
  -------------------------------------------------------------------    -------------------
    SLICE_X98Y148        FDCE (Prop_fdce_C_Q)         0.259    -2.123 r  usb/usb_cdc_iface_dut/usb_cdc_inst/rstn_sq_reg[0]/Q
                         net (fo=2, routed)           0.246    -1.877    usb/usb_cdc_iface_dut/usb_cdc_inst/u_sie/u_phy_rx/Q[0]
    SLICE_X98Y149        LUT1 (Prop_lut1_I0_O)        0.043    -1.834 f  usb/usb_cdc_iface_dut/usb_cdc_inst/u_sie/u_phy_rx/FSM_sequential_state_q[2]_i_2/O
                         net (fo=26, routed)          0.889    -0.945    usb/usb_cdc_iface_dut/usb_cdc_inst/u_sie/u_phy_rx/rstn_sq_reg[0]
    SLICE_X101Y152       FDCE                                         f  usb/usb_cdc_iface_dut/usb_cdc_inst/u_sie/u_phy_rx/cnt_q_reg[14]/CLR
  -------------------------------------------------------------------    -------------------

                         (clock clk_out1_clk_wiz_0_1 rise edge)
                                                     16.667    16.667 r  
    H9                                                0.000    16.667 r  clk_p (IN)
                         net (fo=0)                   0.000    16.667    dutclk/inst/clk_in1_p
    H9                   IBUFDS (Prop_ibufds_I_O)     0.778    17.445 r  dutclk/inst/clkin1_ibufgds/O
                         net (fo=1, routed)           0.986    18.431    dutclk/inst/clk_in1_clk_wiz_0
    MMCME2_ADV_X1Y5      MMCME2_ADV (Prop_mmcme2_adv_CLKIN1_CLKOUT0)
                                                     -6.516    11.915 r  dutclk/inst/mmcm_adv_inst/CLKOUT0
                         net (fo=1, routed)           1.788    13.703    dutclk/inst/clk_out1_clk_wiz_0
    BUFGCTRL_X0Y16       BUFG (Prop_bufg_I_O)         0.083    13.786 r  dutclk/inst/clkout1_buf/O
                         net (fo=11462, routed)       1.101    14.887    usb/usb_cdc_iface_dut/usb_cdc_inst/u_sie/u_phy_rx/clk_out1
    SLICE_X101Y152       FDCE                                         r  usb/usb_cdc_iface_dut/usb_cdc_inst/u_sie/u_phy_rx/cnt_q_reg[14]/C
                         clock pessimism             -0.756    14.131    
                         clock uncertainty           -0.132    13.998    
    SLICE_X101Y152       FDCE (Recov_fdce_C_CLR)     -0.212    13.786    usb/usb_cdc_iface_dut/usb_cdc_inst/u_sie/u_phy_rx/cnt_q_reg[14]
  -------------------------------------------------------------------
                         required time                         13.786    
                         arrival time                           0.945    
  -------------------------------------------------------------------
                         slack                                 14.731    

Slack (MET) :             14.731ns  (required time - arrival time)
  Source:                 usb/usb_cdc_iface_dut/usb_cdc_inst/rstn_sq_reg[0]/C
                            (rising edge-triggered cell FDCE clocked by clk_out1_clk_wiz_0_1  {rise@0.000ns fall@8.333ns period=16.667ns})
  Destination:            usb/usb_cdc_iface_dut/usb_cdc_inst/u_sie/u_phy_rx/cnt_q_reg[15]/CLR
                            (recovery check against rising-edge clock clk_out1_clk_wiz_0_1  {rise@0.000ns fall@8.333ns period=16.667ns})
  Path Group:             **async_default**
  Path Type:              Recovery (Max at Slow Process Corner)
  Requirement:            16.667ns  (clk_out1_clk_wiz_0_1 rise@16.667ns - clk_out1_clk_wiz_0_1 rise@0.000ns)
  Data Path Delay:        1.437ns  (logic 0.302ns (21.016%)  route 1.135ns (78.984%))
  Logic Levels:           1  (LUT1=1)
  Clock Path Skew:        -0.154ns (DCD - SCD + CPR)
    Destination Clock Delay (DCD):    -1.780ns = ( 14.887 - 16.667 ) 
    Source Clock Delay      (SCD):    -2.382ns
    Clock Pessimism Removal (CPR):    -0.756ns
  Clock Uncertainty:      0.132ns  ((TSJ^2 + DJ^2)^1/2) / 2 + PE
    Total System Jitter     (TSJ):    0.071ns
    Discrete Jitter          (DJ):    0.255ns
    Phase Error              (PE):    0.000ns

    Location             Delay type                Incr(ns)  Path(ns)    Netlist Resource(s)
  -------------------------------------------------------------------    -------------------
                         (clock clk_out1_clk_wiz_0_1 rise edge)
                                                      0.000     0.000 r  
    H9                                                0.000     0.000 r  clk_p (IN)
                         net (fo=0)                   0.000     0.000    dutclk/inst/clk_in1_p
    H9                   IBUFDS (Prop_ibufds_I_O)     0.880     0.880 r  dutclk/inst/clkin1_ibufgds/O
                         net (fo=1, routed)           1.081     1.961    dutclk/inst/clk_in1_clk_wiz_0
    MMCME2_ADV_X1Y5      MMCME2_ADV (Prop_mmcme2_adv_CLKIN1_CLKOUT0)
                                                     -7.639    -5.678 r  dutclk/inst/mmcm_adv_inst/CLKOUT0
                         net (fo=1, routed)           1.948    -3.730    dutclk/inst/clk_out1_clk_wiz_0
    BUFGCTRL_X0Y16       BUFG (Prop_bufg_I_O)         0.093    -3.637 r  dutclk/inst/clkout1_buf/O
                         net (fo=11462, routed)       1.255    -2.382    usb/usb_cdc_iface_dut/usb_cdc_inst/clk_out1
    SLICE_X98Y148        FDCE                                         r  usb/usb_cdc_iface_dut/usb_cdc_inst/rstn_sq_reg[0]/C
  -------------------------------------------------------------------    -------------------
    SLICE_X98Y148        FDCE (Prop_fdce_C_Q)         0.259    -2.123 r  usb/usb_cdc_iface_dut/usb_cdc_inst/rstn_sq_reg[0]/Q
                         net (fo=2, routed)           0.246    -1.877    usb/usb_cdc_iface_dut/usb_cdc_inst/u_sie/u_phy_rx/Q[0]
    SLICE_X98Y149        LUT1 (Prop_lut1_I0_O)        0.043    -1.834 f  usb/usb_cdc_iface_dut/usb_cdc_inst/u_sie/u_phy_rx/FSM_sequential_state_q[2]_i_2/O
                         net (fo=26, routed)          0.889    -0.945    usb/usb_cdc_iface_dut/usb_cdc_inst/u_sie/u_phy_rx/rstn_sq_reg[0]
    SLICE_X101Y152       FDCE                                         f  usb/usb_cdc_iface_dut/usb_cdc_inst/u_sie/u_phy_rx/cnt_q_reg[15]/CLR
  -------------------------------------------------------------------    -------------------

                         (clock clk_out1_clk_wiz_0_1 rise edge)
                                                     16.667    16.667 r  
    H9                                                0.000    16.667 r  clk_p (IN)
                         net (fo=0)                   0.000    16.667    dutclk/inst/clk_in1_p
    H9                   IBUFDS (Prop_ibufds_I_O)     0.778    17.445 r  dutclk/inst/clkin1_ibufgds/O
                         net (fo=1, routed)           0.986    18.431    dutclk/inst/clk_in1_clk_wiz_0
    MMCME2_ADV_X1Y5      MMCME2_ADV (Prop_mmcme2_adv_CLKIN1_CLKOUT0)
                                                     -6.516    11.915 r  dutclk/inst/mmcm_adv_inst/CLKOUT0
                         net (fo=1, routed)           1.788    13.703    dutclk/inst/clk_out1_clk_wiz_0
    BUFGCTRL_X0Y16       BUFG (Prop_bufg_I_O)         0.083    13.786 r  dutclk/inst/clkout1_buf/O
                         net (fo=11462, routed)       1.101    14.887    usb/usb_cdc_iface_dut/usb_cdc_inst/u_sie/u_phy_rx/clk_out1
    SLICE_X101Y152       FDCE                                         r  usb/usb_cdc_iface_dut/usb_cdc_inst/u_sie/u_phy_rx/cnt_q_reg[15]/C
                         clock pessimism             -0.756    14.131    
                         clock uncertainty           -0.132    13.998    
    SLICE_X101Y152       FDCE (Recov_fdce_C_CLR)     -0.212    13.786    usb/usb_cdc_iface_dut/usb_cdc_inst/u_sie/u_phy_rx/cnt_q_reg[15]
  -------------------------------------------------------------------
                         required time                         13.786    
                         arrival time                           0.945    
  -------------------------------------------------------------------
                         slack                                 14.731    

Slack (MET) :             14.731ns  (required time - arrival time)
  Source:                 usb/usb_cdc_iface_dut/usb_cdc_inst/rstn_sq_reg[0]/C
                            (rising edge-triggered cell FDCE clocked by clk_out1_clk_wiz_0_1  {rise@0.000ns fall@8.333ns period=16.667ns})
  Destination:            usb/usb_cdc_iface_dut/usb_cdc_inst/u_sie/u_phy_rx/cnt_q_reg[17]/CLR
                            (recovery check against rising-edge clock clk_out1_clk_wiz_0_1  {rise@0.000ns fall@8.333ns period=16.667ns})
  Path Group:             **async_default**
  Path Type:              Recovery (Max at Slow Process Corner)
  Requirement:            16.667ns  (clk_out1_clk_wiz_0_1 rise@16.667ns - clk_out1_clk_wiz_0_1 rise@0.000ns)
  Data Path Delay:        1.437ns  (logic 0.302ns (21.016%)  route 1.135ns (78.984%))
  Logic Levels:           1  (LUT1=1)
  Clock Path Skew:        -0.154ns (DCD - SCD + CPR)
    Destination Clock Delay (DCD):    -1.780ns = ( 14.887 - 16.667 ) 
    Source Clock Delay      (SCD):    -2.382ns
    Clock Pessimism Removal (CPR):    -0.756ns
  Clock Uncertainty:      0.132ns  ((TSJ^2 + DJ^2)^1/2) / 2 + PE
    Total System Jitter     (TSJ):    0.071ns
    Discrete Jitter          (DJ):    0.255ns
    Phase Error              (PE):    0.000ns

    Location             Delay type                Incr(ns)  Path(ns)    Netlist Resource(s)
  -------------------------------------------------------------------    -------------------
                         (clock clk_out1_clk_wiz_0_1 rise edge)
                                                      0.000     0.000 r  
    H9                                                0.000     0.000 r  clk_p (IN)
                         net (fo=0)                   0.000     0.000    dutclk/inst/clk_in1_p
    H9                   IBUFDS (Prop_ibufds_I_O)     0.880     0.880 r  dutclk/inst/clkin1_ibufgds/O
                         net (fo=1, routed)           1.081     1.961    dutclk/inst/clk_in1_clk_wiz_0
    MMCME2_ADV_X1Y5      MMCME2_ADV (Prop_mmcme2_adv_CLKIN1_CLKOUT0)
                                                     -7.639    -5.678 r  dutclk/inst/mmcm_adv_inst/CLKOUT0
                         net (fo=1, routed)           1.948    -3.730    dutclk/inst/clk_out1_clk_wiz_0
    BUFGCTRL_X0Y16       BUFG (Prop_bufg_I_O)         0.093    -3.637 r  dutclk/inst/clkout1_buf/O
                         net (fo=11462, routed)       1.255    -2.382    usb/usb_cdc_iface_dut/usb_cdc_inst/clk_out1
    SLICE_X98Y148        FDCE                                         r  usb/usb_cdc_iface_dut/usb_cdc_inst/rstn_sq_reg[0]/C
  -------------------------------------------------------------------    -------------------
    SLICE_X98Y148        FDCE (Prop_fdce_C_Q)         0.259    -2.123 r  usb/usb_cdc_iface_dut/usb_cdc_inst/rstn_sq_reg[0]/Q
                         net (fo=2, routed)           0.246    -1.877    usb/usb_cdc_iface_dut/usb_cdc_inst/u_sie/u_phy_rx/Q[0]
    SLICE_X98Y149        LUT1 (Prop_lut1_I0_O)        0.043    -1.834 f  usb/usb_cdc_iface_dut/usb_cdc_inst/u_sie/u_phy_rx/FSM_sequential_state_q[2]_i_2/O
                         net (fo=26, routed)          0.889    -0.945    usb/usb_cdc_iface_dut/usb_cdc_inst/u_sie/u_phy_rx/rstn_sq_reg[0]
    SLICE_X101Y152       FDCE                                         f  usb/usb_cdc_iface_dut/usb_cdc_inst/u_sie/u_phy_rx/cnt_q_reg[17]/CLR
  -------------------------------------------------------------------    -------------------

                         (clock clk_out1_clk_wiz_0_1 rise edge)
                                                     16.667    16.667 r  
    H9                                                0.000    16.667 r  clk_p (IN)
                         net (fo=0)                   0.000    16.667    dutclk/inst/clk_in1_p
    H9                   IBUFDS (Prop_ibufds_I_O)     0.778    17.445 r  dutclk/inst/clkin1_ibufgds/O
                         net (fo=1, routed)           0.986    18.431    dutclk/inst/clk_in1_clk_wiz_0
    MMCME2_ADV_X1Y5      MMCME2_ADV (Prop_mmcme2_adv_CLKIN1_CLKOUT0)
                                                     -6.516    11.915 r  dutclk/inst/mmcm_adv_inst/CLKOUT0
                         net (fo=1, routed)           1.788    13.703    dutclk/inst/clk_out1_clk_wiz_0
    BUFGCTRL_X0Y16       BUFG (Prop_bufg_I_O)         0.083    13.786 r  dutclk/inst/clkout1_buf/O
                         net (fo=11462, routed)       1.101    14.887    usb/usb_cdc_iface_dut/usb_cdc_inst/u_sie/u_phy_rx/clk_out1
    SLICE_X101Y152       FDCE                                         r  usb/usb_cdc_iface_dut/usb_cdc_inst/u_sie/u_phy_rx/cnt_q_reg[17]/C
                         clock pessimism             -0.756    14.131    
                         clock uncertainty           -0.132    13.998    
    SLICE_X101Y152       FDCE (Recov_fdce_C_CLR)     -0.212    13.786    usb/usb_cdc_iface_dut/usb_cdc_inst/u_sie/u_phy_rx/cnt_q_reg[17]
  -------------------------------------------------------------------
                         required time                         13.786    
                         arrival time                           0.945    
  -------------------------------------------------------------------
                         slack                                 14.731    

Slack (MET) :             14.762ns  (required time - arrival time)
  Source:                 usb/usb_cdc_iface_dut/usb_cdc_inst/rstn_sq_reg[0]/C
                            (rising edge-triggered cell FDCE clocked by clk_out1_clk_wiz_0_1  {rise@0.000ns fall@8.333ns period=16.667ns})
  Destination:            usb/usb_cdc_iface_dut/usb_cdc_inst/u_sie/u_phy_rx/FSM_sequential_state_q_reg[0]/CLR
                            (recovery check against rising-edge clock clk_out1_clk_wiz_0_1  {rise@0.000ns fall@8.333ns period=16.667ns})
  Path Group:             **async_default**
  Path Type:              Recovery (Max at Slow Process Corner)
  Requirement:            16.667ns  (clk_out1_clk_wiz_0_1 rise@16.667ns - clk_out1_clk_wiz_0_1 rise@0.000ns)
  Data Path Delay:        1.465ns  (logic 0.302ns (20.621%)  route 1.163ns (79.379%))
  Logic Levels:           1  (LUT1=1)
  Clock Path Skew:        -0.154ns (DCD - SCD + CPR)
    Destination Clock Delay (DCD):    -1.780ns = ( 14.887 - 16.667 ) 
    Source Clock Delay      (SCD):    -2.382ns
    Clock Pessimism Removal (CPR):    -0.756ns
  Clock Uncertainty:      0.132ns  ((TSJ^2 + DJ^2)^1/2) / 2 + PE
    Total System Jitter     (TSJ):    0.071ns
    Discrete Jitter          (DJ):    0.255ns
    Phase Error              (PE):    0.000ns

    Location             Delay type                Incr(ns)  Path(ns)    Netlist Resource(s)
  -------------------------------------------------------------------    -------------------
                         (clock clk_out1_clk_wiz_0_1 rise edge)
                                                      0.000     0.000 r  
    H9                                                0.000     0.000 r  clk_p (IN)
                         net (fo=0)                   0.000     0.000    dutclk/inst/clk_in1_p
    H9                   IBUFDS (Prop_ibufds_I_O)     0.880     0.880 r  dutclk/inst/clkin1_ibufgds/O
                         net (fo=1, routed)           1.081     1.961    dutclk/inst/clk_in1_clk_wiz_0
    MMCME2_ADV_X1Y5      MMCME2_ADV (Prop_mmcme2_adv_CLKIN1_CLKOUT0)
                                                     -7.639    -5.678 r  dutclk/inst/mmcm_adv_inst/CLKOUT0
                         net (fo=1, routed)           1.948    -3.730    dutclk/inst/clk_out1_clk_wiz_0
    BUFGCTRL_X0Y16       BUFG (Prop_bufg_I_O)         0.093    -3.637 r  dutclk/inst/clkout1_buf/O
                         net (fo=11462, routed)       1.255    -2.382    usb/usb_cdc_iface_dut/usb_cdc_inst/clk_out1
    SLICE_X98Y148        FDCE                                         r  usb/usb_cdc_iface_dut/usb_cdc_inst/rstn_sq_reg[0]/C
  -------------------------------------------------------------------    -------------------
    SLICE_X98Y148        FDCE (Prop_fdce_C_Q)         0.259    -2.123 r  usb/usb_cdc_iface_dut/usb_cdc_inst/rstn_sq_reg[0]/Q
                         net (fo=2, routed)           0.246    -1.877    usb/usb_cdc_iface_dut/usb_cdc_inst/u_sie/u_phy_rx/Q[0]
    SLICE_X98Y149        LUT1 (Prop_lut1_I0_O)        0.043    -1.834 f  usb/usb_cdc_iface_dut/usb_cdc_inst/u_sie/u_phy_rx/FSM_sequential_state_q[2]_i_2/O
                         net (fo=26, routed)          0.917    -0.918    usb/usb_cdc_iface_dut/usb_cdc_inst/u_sie/u_phy_rx/rstn_sq_reg[0]
    SLICE_X98Y152        FDCE                                         f  usb/usb_cdc_iface_dut/usb_cdc_inst/u_sie/u_phy_rx/FSM_sequential_state_q_reg[0]/CLR
  -------------------------------------------------------------------    -------------------

                         (clock clk_out1_clk_wiz_0_1 rise edge)
                                                     16.667    16.667 r  
    H9                                                0.000    16.667 r  clk_p (IN)
                         net (fo=0)                   0.000    16.667    dutclk/inst/clk_in1_p
    H9                   IBUFDS (Prop_ibufds_I_O)     0.778    17.445 r  dutclk/inst/clkin1_ibufgds/O
                         net (fo=1, routed)           0.986    18.431    dutclk/inst/clk_in1_clk_wiz_0
    MMCME2_ADV_X1Y5      MMCME2_ADV (Prop_mmcme2_adv_CLKIN1_CLKOUT0)
                                                     -6.516    11.915 r  dutclk/inst/mmcm_adv_inst/CLKOUT0
                         net (fo=1, routed)           1.788    13.703    dutclk/inst/clk_out1_clk_wiz_0
    BUFGCTRL_X0Y16       BUFG (Prop_bufg_I_O)         0.083    13.786 r  dutclk/inst/clkout1_buf/O
                         net (fo=11462, routed)       1.101    14.887    usb/usb_cdc_iface_dut/usb_cdc_inst/u_sie/u_phy_rx/clk_out1
    SLICE_X98Y152        FDCE                                         r  usb/usb_cdc_iface_dut/usb_cdc_inst/u_sie/u_phy_rx/FSM_sequential_state_q_reg[0]/C
                         clock pessimism             -0.756    14.131    
                         clock uncertainty           -0.132    13.998    
    SLICE_X98Y152        FDCE (Recov_fdce_C_CLR)     -0.154    13.844    usb/usb_cdc_iface_dut/usb_cdc_inst/u_sie/u_phy_rx/FSM_sequential_state_q_reg[0]
  -------------------------------------------------------------------
                         required time                         13.844    
                         arrival time                           0.918    
  -------------------------------------------------------------------
                         slack                                 14.762    

Slack (MET) :             14.762ns  (required time - arrival time)
  Source:                 usb/usb_cdc_iface_dut/usb_cdc_inst/rstn_sq_reg[0]/C
                            (rising edge-triggered cell FDCE clocked by clk_out1_clk_wiz_0_1  {rise@0.000ns fall@8.333ns period=16.667ns})
  Destination:            usb/usb_cdc_iface_dut/usb_cdc_inst/u_sie/u_phy_rx/FSM_sequential_state_q_reg[2]/CLR
                            (recovery check against rising-edge clock clk_out1_clk_wiz_0_1  {rise@0.000ns fall@8.333ns period=16.667ns})
  Path Group:             **async_default**
  Path Type:              Recovery (Max at Slow Process Corner)
  Requirement:            16.667ns  (clk_out1_clk_wiz_0_1 rise@16.667ns - clk_out1_clk_wiz_0_1 rise@0.000ns)
  Data Path Delay:        1.465ns  (logic 0.302ns (20.621%)  route 1.163ns (79.379%))
  Logic Levels:           1  (LUT1=1)
  Clock Path Skew:        -0.154ns (DCD - SCD + CPR)
    Destination Clock Delay (DCD):    -1.780ns = ( 14.887 - 16.667 ) 
    Source Clock Delay      (SCD):    -2.382ns
    Clock Pessimism Removal (CPR):    -0.756ns
  Clock Uncertainty:      0.132ns  ((TSJ^2 + DJ^2)^1/2) / 2 + PE
    Total System Jitter     (TSJ):    0.071ns
    Discrete Jitter          (DJ):    0.255ns
    Phase Error              (PE):    0.000ns

    Location             Delay type                Incr(ns)  Path(ns)    Netlist Resource(s)
  -------------------------------------------------------------------    -------------------
                         (clock clk_out1_clk_wiz_0_1 rise edge)
                                                      0.000     0.000 r  
    H9                                                0.000     0.000 r  clk_p (IN)
                         net (fo=0)                   0.000     0.000    dutclk/inst/clk_in1_p
    H9                   IBUFDS (Prop_ibufds_I_O)     0.880     0.880 r  dutclk/inst/clkin1_ibufgds/O
                         net (fo=1, routed)           1.081     1.961    dutclk/inst/clk_in1_clk_wiz_0
    MMCME2_ADV_X1Y5      MMCME2_ADV (Prop_mmcme2_adv_CLKIN1_CLKOUT0)
                                                     -7.639    -5.678 r  dutclk/inst/mmcm_adv_inst/CLKOUT0
                         net (fo=1, routed)           1.948    -3.730    dutclk/inst/clk_out1_clk_wiz_0
    BUFGCTRL_X0Y16       BUFG (Prop_bufg_I_O)         0.093    -3.637 r  dutclk/inst/clkout1_buf/O
                         net (fo=11462, routed)       1.255    -2.382    usb/usb_cdc_iface_dut/usb_cdc_inst/clk_out1
    SLICE_X98Y148        FDCE                                         r  usb/usb_cdc_iface_dut/usb_cdc_inst/rstn_sq_reg[0]/C
  -------------------------------------------------------------------    -------------------
    SLICE_X98Y148        FDCE (Prop_fdce_C_Q)         0.259    -2.123 r  usb/usb_cdc_iface_dut/usb_cdc_inst/rstn_sq_reg[0]/Q
                         net (fo=2, routed)           0.246    -1.877    usb/usb_cdc_iface_dut/usb_cdc_inst/u_sie/u_phy_rx/Q[0]
    SLICE_X98Y149        LUT1 (Prop_lut1_I0_O)        0.043    -1.834 f  usb/usb_cdc_iface_dut/usb_cdc_inst/u_sie/u_phy_rx/FSM_sequential_state_q[2]_i_2/O
                         net (fo=26, routed)          0.917    -0.918    usb/usb_cdc_iface_dut/usb_cdc_inst/u_sie/u_phy_rx/rstn_sq_reg[0]
    SLICE_X98Y152        FDCE                                         f  usb/usb_cdc_iface_dut/usb_cdc_inst/u_sie/u_phy_rx/FSM_sequential_state_q_reg[2]/CLR
  -------------------------------------------------------------------    -------------------

                         (clock clk_out1_clk_wiz_0_1 rise edge)
                                                     16.667    16.667 r  
    H9                                                0.000    16.667 r  clk_p (IN)
                         net (fo=0)                   0.000    16.667    dutclk/inst/clk_in1_p
    H9                   IBUFDS (Prop_ibufds_I_O)     0.778    17.445 r  dutclk/inst/clkin1_ibufgds/O
                         net (fo=1, routed)           0.986    18.431    dutclk/inst/clk_in1_clk_wiz_0
    MMCME2_ADV_X1Y5      MMCME2_ADV (Prop_mmcme2_adv_CLKIN1_CLKOUT0)
                                                     -6.516    11.915 r  dutclk/inst/mmcm_adv_inst/CLKOUT0
                         net (fo=1, routed)           1.788    13.703    dutclk/inst/clk_out1_clk_wiz_0
    BUFGCTRL_X0Y16       BUFG (Prop_bufg_I_O)         0.083    13.786 r  dutclk/inst/clkout1_buf/O
                         net (fo=11462, routed)       1.101    14.887    usb/usb_cdc_iface_dut/usb_cdc_inst/u_sie/u_phy_rx/clk_out1
    SLICE_X98Y152        FDCE                                         r  usb/usb_cdc_iface_dut/usb_cdc_inst/u_sie/u_phy_rx/FSM_sequential_state_q_reg[2]/C
                         clock pessimism             -0.756    14.131    
                         clock uncertainty           -0.132    13.998    
    SLICE_X98Y152        FDCE (Recov_fdce_C_CLR)     -0.154    13.844    usb/usb_cdc_iface_dut/usb_cdc_inst/u_sie/u_phy_rx/FSM_sequential_state_q_reg[2]
  -------------------------------------------------------------------
                         required time                         13.844    
                         arrival time                           0.918    
  -------------------------------------------------------------------
                         slack                                 14.762    

Slack (MET) :             14.786ns  (required time - arrival time)
  Source:                 usb/usb_cdc_iface_dut/usb_cdc_inst/rstn_sq_reg[0]/C
                            (rising edge-triggered cell FDCE clocked by clk_out1_clk_wiz_0_1  {rise@0.000ns fall@8.333ns period=16.667ns})
  Destination:            usb/usb_cdc_iface_dut/usb_cdc_inst/u_sie/u_phy_rx/cnt_q_reg[9]/CLR
                            (recovery check against rising-edge clock clk_out1_clk_wiz_0_1  {rise@0.000ns fall@8.333ns period=16.667ns})
  Path Group:             **async_default**
  Path Type:              Recovery (Max at Slow Process Corner)
  Requirement:            16.667ns  (clk_out1_clk_wiz_0_1 rise@16.667ns - clk_out1_clk_wiz_0_1 rise@0.000ns)
  Data Path Delay:        1.382ns  (logic 0.302ns (21.855%)  route 1.080ns (78.145%))
  Logic Levels:           1  (LUT1=1)
  Clock Path Skew:        -0.154ns (DCD - SCD + CPR)
    Destination Clock Delay (DCD):    -1.780ns = ( 14.887 - 16.667 ) 
    Source Clock Delay      (SCD):    -2.382ns
    Clock Pessimism Removal (CPR):    -0.756ns
  Clock Uncertainty:      0.132ns  ((TSJ^2 + DJ^2)^1/2) / 2 + PE
    Total System Jitter     (TSJ):    0.071ns
    Discrete Jitter          (DJ):    0.255ns
    Phase Error              (PE):    0.000ns

    Location             Delay type                Incr(ns)  Path(ns)    Netlist Resource(s)
  -------------------------------------------------------------------    -------------------
                         (clock clk_out1_clk_wiz_0_1 rise edge)
                                                      0.000     0.000 r  
    H9                                                0.000     0.000 r  clk_p (IN)
                         net (fo=0)                   0.000     0.000    dutclk/inst/clk_in1_p
    H9                   IBUFDS (Prop_ibufds_I_O)     0.880     0.880 r  dutclk/inst/clkin1_ibufgds/O
                         net (fo=1, routed)           1.081     1.961    dutclk/inst/clk_in1_clk_wiz_0
    MMCME2_ADV_X1Y5      MMCME2_ADV (Prop_mmcme2_adv_CLKIN1_CLKOUT0)
                                                     -7.639    -5.678 r  dutclk/inst/mmcm_adv_inst/CLKOUT0
                         net (fo=1, routed)           1.948    -3.730    dutclk/inst/clk_out1_clk_wiz_0
    BUFGCTRL_X0Y16       BUFG (Prop_bufg_I_O)         0.093    -3.637 r  dutclk/inst/clkout1_buf/O
                         net (fo=11462, routed)       1.255    -2.382    usb/usb_cdc_iface_dut/usb_cdc_inst/clk_out1
    SLICE_X98Y148        FDCE                                         r  usb/usb_cdc_iface_dut/usb_cdc_inst/rstn_sq_reg[0]/C
  -------------------------------------------------------------------    -------------------
    SLICE_X98Y148        FDCE (Prop_fdce_C_Q)         0.259    -2.123 r  usb/usb_cdc_iface_dut/usb_cdc_inst/rstn_sq_reg[0]/Q
                         net (fo=2, routed)           0.246    -1.877    usb/usb_cdc_iface_dut/usb_cdc_inst/u_sie/u_phy_rx/Q[0]
    SLICE_X98Y149        LUT1 (Prop_lut1_I0_O)        0.043    -1.834 f  usb/usb_cdc_iface_dut/usb_cdc_inst/u_sie/u_phy_rx/FSM_sequential_state_q[2]_i_2/O
                         net (fo=26, routed)          0.834    -1.000    usb/usb_cdc_iface_dut/usb_cdc_inst/u_sie/u_phy_rx/rstn_sq_reg[0]
    SLICE_X99Y151        FDCE                                         f  usb/usb_cdc_iface_dut/usb_cdc_inst/u_sie/u_phy_rx/cnt_q_reg[9]/CLR
  -------------------------------------------------------------------    -------------------

                         (clock clk_out1_clk_wiz_0_1 rise edge)
                                                     16.667    16.667 r  
    H9                                                0.000    16.667 r  clk_p (IN)
                         net (fo=0)                   0.000    16.667    dutclk/inst/clk_in1_p
    H9                   IBUFDS (Prop_ibufds_I_O)     0.778    17.445 r  dutclk/inst/clkin1_ibufgds/O
                         net (fo=1, routed)           0.986    18.431    dutclk/inst/clk_in1_clk_wiz_0
    MMCME2_ADV_X1Y5      MMCME2_ADV (Prop_mmcme2_adv_CLKIN1_CLKOUT0)
                                                     -6.516    11.915 r  dutclk/inst/mmcm_adv_inst/CLKOUT0
                         net (fo=1, routed)           1.788    13.703    dutclk/inst/clk_out1_clk_wiz_0
    BUFGCTRL_X0Y16       BUFG (Prop_bufg_I_O)         0.083    13.786 r  dutclk/inst/clkout1_buf/O
                         net (fo=11462, routed)       1.101    14.887    usb/usb_cdc_iface_dut/usb_cdc_inst/u_sie/u_phy_rx/clk_out1
    SLICE_X99Y151        FDCE                                         r  usb/usb_cdc_iface_dut/usb_cdc_inst/u_sie/u_phy_rx/cnt_q_reg[9]/C
                         clock pessimism             -0.756    14.131    
                         clock uncertainty           -0.132    13.998    
    SLICE_X99Y151        FDCE (Recov_fdce_C_CLR)     -0.212    13.786    usb/usb_cdc_iface_dut/usb_cdc_inst/u_sie/u_phy_rx/cnt_q_reg[9]
  -------------------------------------------------------------------
                         required time                         13.786    
                         arrival time                           1.000    
  -------------------------------------------------------------------
                         slack                                 14.786    

Slack (MET) :             14.811ns  (required time - arrival time)
  Source:                 usb/usb_cdc_iface_dut/usb_cdc_inst/rstn_sq_reg[0]/C
                            (rising edge-triggered cell FDCE clocked by clk_out1_clk_wiz_0_1  {rise@0.000ns fall@8.333ns period=16.667ns})
  Destination:            usb/usb_cdc_iface_dut/usb_cdc_inst/clk_gate_q_reg/CLR
                            (recovery check against rising-edge clock clk_out1_clk_wiz_0_1  {rise@0.000ns fall@8.333ns period=16.667ns})
  Path Group:             **async_default**
  Path Type:              Recovery (Max at Slow Process Corner)
  Requirement:            16.667ns  (clk_out1_clk_wiz_0_1 rise@16.667ns - clk_out1_clk_wiz_0_1 rise@0.000ns)
  Data Path Delay:        1.382ns  (logic 0.302ns (21.855%)  route 1.080ns (78.145%))
  Logic Levels:           1  (LUT1=1)
  Clock Path Skew:        -0.154ns (DCD - SCD + CPR)
    Destination Clock Delay (DCD):    -1.780ns = ( 14.887 - 16.667 ) 
    Source Clock Delay      (SCD):    -2.382ns
    Clock Pessimism Removal (CPR):    -0.756ns
  Clock Uncertainty:      0.132ns  ((TSJ^2 + DJ^2)^1/2) / 2 + PE
    Total System Jitter     (TSJ):    0.071ns
    Discrete Jitter          (DJ):    0.255ns
    Phase Error              (PE):    0.000ns

    Location             Delay type                Incr(ns)  Path(ns)    Netlist Resource(s)
  -------------------------------------------------------------------    -------------------
                         (clock clk_out1_clk_wiz_0_1 rise edge)
                                                      0.000     0.000 r  
    H9                                                0.000     0.000 r  clk_p (IN)
                         net (fo=0)                   0.000     0.000    dutclk/inst/clk_in1_p
    H9                   IBUFDS (Prop_ibufds_I_O)     0.880     0.880 r  dutclk/inst/clkin1_ibufgds/O
                         net (fo=1, routed)           1.081     1.961    dutclk/inst/clk_in1_clk_wiz_0
    MMCME2_ADV_X1Y5      MMCME2_ADV (Prop_mmcme2_adv_CLKIN1_CLKOUT0)
                                                     -7.639    -5.678 r  dutclk/inst/mmcm_adv_inst/CLKOUT0
                         net (fo=1, routed)           1.948    -3.730    dutclk/inst/clk_out1_clk_wiz_0
    BUFGCTRL_X0Y16       BUFG (Prop_bufg_I_O)         0.093    -3.637 r  dutclk/inst/clkout1_buf/O
                         net (fo=11462, routed)       1.255    -2.382    usb/usb_cdc_iface_dut/usb_cdc_inst/clk_out1
    SLICE_X98Y148        FDCE                                         r  usb/usb_cdc_iface_dut/usb_cdc_inst/rstn_sq_reg[0]/C
  -------------------------------------------------------------------    -------------------
    SLICE_X98Y148        FDCE (Prop_fdce_C_Q)         0.259    -2.123 r  usb/usb_cdc_iface_dut/usb_cdc_inst/rstn_sq_reg[0]/Q
                         net (fo=2, routed)           0.246    -1.877    usb/usb_cdc_iface_dut/usb_cdc_inst/u_sie/u_phy_rx/Q[0]
    SLICE_X98Y149        LUT1 (Prop_lut1_I0_O)        0.043    -1.834 f  usb/usb_cdc_iface_dut/usb_cdc_inst/u_sie/u_phy_rx/FSM_sequential_state_q[2]_i_2/O
                         net (fo=26, routed)          0.834    -1.000    usb/usb_cdc_iface_dut/usb_cdc_inst/u_sie_n_1
    SLICE_X98Y151        FDCE                                         f  usb/usb_cdc_iface_dut/usb_cdc_inst/clk_gate_q_reg/CLR
  -------------------------------------------------------------------    -------------------

                         (clock clk_out1_clk_wiz_0_1 rise edge)
                                                     16.667    16.667 r  
    H9                                                0.000    16.667 r  clk_p (IN)
                         net (fo=0)                   0.000    16.667    dutclk/inst/clk_in1_p
    H9                   IBUFDS (Prop_ibufds_I_O)     0.778    17.445 r  dutclk/inst/clkin1_ibufgds/O
                         net (fo=1, routed)           0.986    18.431    dutclk/inst/clk_in1_clk_wiz_0
    MMCME2_ADV_X1Y5      MMCME2_ADV (Prop_mmcme2_adv_CLKIN1_CLKOUT0)
                                                     -6.516    11.915 r  dutclk/inst/mmcm_adv_inst/CLKOUT0
                         net (fo=1, routed)           1.788    13.703    dutclk/inst/clk_out1_clk_wiz_0
    BUFGCTRL_X0Y16       BUFG (Prop_bufg_I_O)         0.083    13.786 r  dutclk/inst/clkout1_buf/O
                         net (fo=11462, routed)       1.101    14.887    usb/usb_cdc_iface_dut/usb_cdc_inst/clk_out1
    SLICE_X98Y151        FDCE                                         r  usb/usb_cdc_iface_dut/usb_cdc_inst/clk_gate_q_reg/C
                         clock pessimism             -0.756    14.131    
                         clock uncertainty           -0.132    13.998    
    SLICE_X98Y151        FDCE (Recov_fdce_C_CLR)     -0.187    13.811    usb/usb_cdc_iface_dut/usb_cdc_inst/clk_gate_q_reg
  -------------------------------------------------------------------
                         required time                         13.811    
                         arrival time                           1.000    
  -------------------------------------------------------------------
                         slack                                 14.811    





Min Delay Paths
--------------------------------------------------------------------------------------
Slack (MET) :             0.348ns  (arrival time - required time)
  Source:                 usb/usb_cdc_iface_dut/usb_cdc_inst/rstn_sq_reg[0]/C
                            (rising edge-triggered cell FDCE clocked by clk_out1_clk_wiz_0_1  {rise@0.000ns fall@8.333ns period=16.667ns})
  Destination:            usb/usb_cdc_iface_dut/usb_cdc_inst/u_bulk_endps[0].u_bulk_endp/u_out_fifo/u_sync_data.out_first_q_reg[0]/CLR
                            (removal check against rising-edge clock clk_out1_clk_wiz_0_1  {rise@0.000ns fall@8.333ns period=16.667ns})
  Path Group:             **async_default**
  Path Type:              Removal (Min at Fast Process Corner)
  Requirement:            0.000ns  (clk_out1_clk_wiz_0_1 rise@0.000ns - clk_out1_clk_wiz_0_1 rise@0.000ns)
  Data Path Delay:        0.443ns  (logic 0.150ns (33.829%)  route 0.293ns (66.171%))
  Logic Levels:           1  (LUT2=1)
  Clock Path Skew:        0.188ns (DCD - SCD - CPR)
    Destination Clock Delay (DCD):    -0.771ns
    Source Clock Delay      (SCD):    -0.701ns
    Clock Pessimism Removal (CPR):    -0.258ns

    Location             Delay type                Incr(ns)  Path(ns)    Netlist Resource(s)
  -------------------------------------------------------------------    -------------------
                         (clock clk_out1_clk_wiz_0_1 rise edge)
                                                      0.000     0.000 r  
    H9                                                0.000     0.000 r  clk_p (IN)
                         net (fo=0)                   0.000     0.000    dutclk/inst/clk_in1_p
    H9                   IBUFDS (Prop_ibufds_I_O)     0.363     0.363 r  dutclk/inst/clkin1_ibufgds/O
                         net (fo=1, routed)           0.503     0.866    dutclk/inst/clk_in1_clk_wiz_0
    MMCME2_ADV_X1Y5      MMCME2_ADV (Prop_mmcme2_adv_CLKIN1_CLKOUT0)
                                                     -3.122    -2.256 r  dutclk/inst/mmcm_adv_inst/CLKOUT0
                         net (fo=1, routed)           0.969    -1.287    dutclk/inst/clk_out1_clk_wiz_0
    BUFGCTRL_X0Y16       BUFG (Prop_bufg_I_O)         0.026    -1.261 r  dutclk/inst/clkout1_buf/O
                         net (fo=11462, routed)       0.560    -0.701    usb/usb_cdc_iface_dut/usb_cdc_inst/clk_out1
    SLICE_X98Y148        FDCE                                         r  usb/usb_cdc_iface_dut/usb_cdc_inst/rstn_sq_reg[0]/C
  -------------------------------------------------------------------    -------------------
    SLICE_X98Y148        FDCE (Prop_fdce_C_Q)         0.118    -0.583 r  usb/usb_cdc_iface_dut/usb_cdc_inst/rstn_sq_reg[0]/Q
                         net (fo=2, routed)           0.124    -0.459    usb/usb_cdc_iface_dut/usb_cdc_inst/u_sie/u_phy_rx/Q[0]
    SLICE_X98Y149        LUT2 (Prop_lut2_I1_O)        0.032    -0.427 f  usb/usb_cdc_iface_dut/usb_cdc_inst/u_sie/u_phy_rx/u_sync_data.in_last_q[3]_i_3/O
                         net (fo=12, routed)          0.170    -0.258    usb/usb_cdc_iface_dut/usb_cdc_inst/u_bulk_endps[0].u_bulk_endp/u_out_fifo/u_sync_data.app_out_valid_q_reg_3
    SLICE_X98Y150        FDCE                                         f  usb/usb_cdc_iface_dut/usb_cdc_inst/u_bulk_endps[0].u_bulk_endp/u_out_fifo/u_sync_data.out_first_q_reg[0]/CLR
  -------------------------------------------------------------------    -------------------

                         (clock clk_out1_clk_wiz_0_1 rise edge)
                                                      0.000     0.000 r  
    H9                                                0.000     0.000 r  clk_p (IN)
                         net (fo=0)                   0.000     0.000    dutclk/inst/clk_in1_p
    H9                   IBUFDS (Prop_ibufds_I_O)     0.444     0.444 r  dutclk/inst/clkin1_ibufgds/O
                         net (fo=1, routed)           0.553     0.997    dutclk/inst/clk_in1_clk_wiz_0
    MMCME2_ADV_X1Y5      MMCME2_ADV (Prop_mmcme2_adv_CLKIN1_CLKOUT0)
                                                     -3.590    -2.593 r  dutclk/inst/mmcm_adv_inst/CLKOUT0
                         net (fo=1, routed)           1.044    -1.549    dutclk/inst/clk_out1_clk_wiz_0
    BUFGCTRL_X0Y16       BUFG (Prop_bufg_I_O)         0.030    -1.519 r  dutclk/inst/clkout1_buf/O
                         net (fo=11462, routed)       0.748    -0.771    usb/usb_cdc_iface_dut/usb_cdc_inst/u_bulk_endps[0].u_bulk_endp/u_out_fifo/clk_out1
    SLICE_X98Y150        FDCE                                         r  usb/usb_cdc_iface_dut/usb_cdc_inst/u_bulk_endps[0].u_bulk_endp/u_out_fifo/u_sync_data.out_first_q_reg[0]/C
                         clock pessimism              0.258    -0.513    
    SLICE_X98Y150        FDCE (Remov_fdce_C_CLR)     -0.093    -0.606    usb/usb_cdc_iface_dut/usb_cdc_inst/u_bulk_endps[0].u_bulk_endp/u_out_fifo/u_sync_data.out_first_q_reg[0]
  -------------------------------------------------------------------
                         required time                          0.606    
                         arrival time                          -0.258    
  -------------------------------------------------------------------
                         slack                                  0.348    

Slack (MET) :             0.348ns  (arrival time - required time)
  Source:                 usb/usb_cdc_iface_dut/usb_cdc_inst/rstn_sq_reg[0]/C
                            (rising edge-triggered cell FDCE clocked by clk_out1_clk_wiz_0_1  {rise@0.000ns fall@8.333ns period=16.667ns})
  Destination:            usb/usb_cdc_iface_dut/usb_cdc_inst/u_bulk_endps[0].u_bulk_endp/u_out_fifo/u_sync_data.out_first_q_reg[1]/CLR
                            (removal check against rising-edge clock clk_out1_clk_wiz_0_1  {rise@0.000ns fall@8.333ns period=16.667ns})
  Path Group:             **async_default**
  Path Type:              Removal (Min at Fast Process Corner)
  Requirement:            0.000ns  (clk_out1_clk_wiz_0_1 rise@0.000ns - clk_out1_clk_wiz_0_1 rise@0.000ns)
  Data Path Delay:        0.443ns  (logic 0.150ns (33.829%)  route 0.293ns (66.171%))
  Logic Levels:           1  (LUT2=1)
  Clock Path Skew:        0.188ns (DCD - SCD - CPR)
    Destination Clock Delay (DCD):    -0.771ns
    Source Clock Delay      (SCD):    -0.701ns
    Clock Pessimism Removal (CPR):    -0.258ns

    Location             Delay type                Incr(ns)  Path(ns)    Netlist Resource(s)
  -------------------------------------------------------------------    -------------------
                         (clock clk_out1_clk_wiz_0_1 rise edge)
                                                      0.000     0.000 r  
    H9                                                0.000     0.000 r  clk_p (IN)
                         net (fo=0)                   0.000     0.000    dutclk/inst/clk_in1_p
    H9                   IBUFDS (Prop_ibufds_I_O)     0.363     0.363 r  dutclk/inst/clkin1_ibufgds/O
                         net (fo=1, routed)           0.503     0.866    dutclk/inst/clk_in1_clk_wiz_0
    MMCME2_ADV_X1Y5      MMCME2_ADV (Prop_mmcme2_adv_CLKIN1_CLKOUT0)
                                                     -3.122    -2.256 r  dutclk/inst/mmcm_adv_inst/CLKOUT0
                         net (fo=1, routed)           0.969    -1.287    dutclk/inst/clk_out1_clk_wiz_0
    BUFGCTRL_X0Y16       BUFG (Prop_bufg_I_O)         0.026    -1.261 r  dutclk/inst/clkout1_buf/O
                         net (fo=11462, routed)       0.560    -0.701    usb/usb_cdc_iface_dut/usb_cdc_inst/clk_out1
    SLICE_X98Y148        FDCE                                         r  usb/usb_cdc_iface_dut/usb_cdc_inst/rstn_sq_reg[0]/C
  -------------------------------------------------------------------    -------------------
    SLICE_X98Y148        FDCE (Prop_fdce_C_Q)         0.118    -0.583 r  usb/usb_cdc_iface_dut/usb_cdc_inst/rstn_sq_reg[0]/Q
                         net (fo=2, routed)           0.124    -0.459    usb/usb_cdc_iface_dut/usb_cdc_inst/u_sie/u_phy_rx/Q[0]
    SLICE_X98Y149        LUT2 (Prop_lut2_I1_O)        0.032    -0.427 f  usb/usb_cdc_iface_dut/usb_cdc_inst/u_sie/u_phy_rx/u_sync_data.in_last_q[3]_i_3/O
                         net (fo=12, routed)          0.170    -0.258    usb/usb_cdc_iface_dut/usb_cdc_inst/u_bulk_endps[0].u_bulk_endp/u_out_fifo/u_sync_data.app_out_valid_q_reg_3
    SLICE_X98Y150        FDCE                                         f  usb/usb_cdc_iface_dut/usb_cdc_inst/u_bulk_endps[0].u_bulk_endp/u_out_fifo/u_sync_data.out_first_q_reg[1]/CLR
  -------------------------------------------------------------------    -------------------

                         (clock clk_out1_clk_wiz_0_1 rise edge)
                                                      0.000     0.000 r  
    H9                                                0.000     0.000 r  clk_p (IN)
                         net (fo=0)                   0.000     0.000    dutclk/inst/clk_in1_p
    H9                   IBUFDS (Prop_ibufds_I_O)     0.444     0.444 r  dutclk/inst/clkin1_ibufgds/O
                         net (fo=1, routed)           0.553     0.997    dutclk/inst/clk_in1_clk_wiz_0
    MMCME2_ADV_X1Y5      MMCME2_ADV (Prop_mmcme2_adv_CLKIN1_CLKOUT0)
                                                     -3.590    -2.593 r  dutclk/inst/mmcm_adv_inst/CLKOUT0
                         net (fo=1, routed)           1.044    -1.549    dutclk/inst/clk_out1_clk_wiz_0
    BUFGCTRL_X0Y16       BUFG (Prop_bufg_I_O)         0.030    -1.519 r  dutclk/inst/clkout1_buf/O
                         net (fo=11462, routed)       0.748    -0.771    usb/usb_cdc_iface_dut/usb_cdc_inst/u_bulk_endps[0].u_bulk_endp/u_out_fifo/clk_out1
    SLICE_X98Y150        FDCE                                         r  usb/usb_cdc_iface_dut/usb_cdc_inst/u_bulk_endps[0].u_bulk_endp/u_out_fifo/u_sync_data.out_first_q_reg[1]/C
                         clock pessimism              0.258    -0.513    
    SLICE_X98Y150        FDCE (Remov_fdce_C_CLR)     -0.093    -0.606    usb/usb_cdc_iface_dut/usb_cdc_inst/u_bulk_endps[0].u_bulk_endp/u_out_fifo/u_sync_data.out_first_q_reg[1]
  -------------------------------------------------------------------
                         required time                          0.606    
                         arrival time                          -0.258    
  -------------------------------------------------------------------
                         slack                                  0.348    

Slack (MET) :             0.348ns  (arrival time - required time)
  Source:                 usb/usb_cdc_iface_dut/usb_cdc_inst/rstn_sq_reg[0]/C
                            (rising edge-triggered cell FDCE clocked by clk_out1_clk_wiz_0_1  {rise@0.000ns fall@8.333ns period=16.667ns})
  Destination:            usb/usb_cdc_iface_dut/usb_cdc_inst/u_bulk_endps[0].u_bulk_endp/u_out_fifo/u_sync_data.out_first_q_reg[2]/CLR
                            (removal check against rising-edge clock clk_out1_clk_wiz_0_1  {rise@0.000ns fall@8.333ns period=16.667ns})
  Path Group:             **async_default**
  Path Type:              Removal (Min at Fast Process Corner)
  Requirement:            0.000ns  (clk_out1_clk_wiz_0_1 rise@0.000ns - clk_out1_clk_wiz_0_1 rise@0.000ns)
  Data Path Delay:        0.443ns  (logic 0.150ns (33.829%)  route 0.293ns (66.171%))
  Logic Levels:           1  (LUT2=1)
  Clock Path Skew:        0.188ns (DCD - SCD - CPR)
    Destination Clock Delay (DCD):    -0.771ns
    Source Clock Delay      (SCD):    -0.701ns
    Clock Pessimism Removal (CPR):    -0.258ns

    Location             Delay type                Incr(ns)  Path(ns)    Netlist Resource(s)
  -------------------------------------------------------------------    -------------------
                         (clock clk_out1_clk_wiz_0_1 rise edge)
                                                      0.000     0.000 r  
    H9                                                0.000     0.000 r  clk_p (IN)
                         net (fo=0)                   0.000     0.000    dutclk/inst/clk_in1_p
    H9                   IBUFDS (Prop_ibufds_I_O)     0.363     0.363 r  dutclk/inst/clkin1_ibufgds/O
                         net (fo=1, routed)           0.503     0.866    dutclk/inst/clk_in1_clk_wiz_0
    MMCME2_ADV_X1Y5      MMCME2_ADV (Prop_mmcme2_adv_CLKIN1_CLKOUT0)
                                                     -3.122    -2.256 r  dutclk/inst/mmcm_adv_inst/CLKOUT0
                         net (fo=1, routed)           0.969    -1.287    dutclk/inst/clk_out1_clk_wiz_0
    BUFGCTRL_X0Y16       BUFG (Prop_bufg_I_O)         0.026    -1.261 r  dutclk/inst/clkout1_buf/O
                         net (fo=11462, routed)       0.560    -0.701    usb/usb_cdc_iface_dut/usb_cdc_inst/clk_out1
    SLICE_X98Y148        FDCE                                         r  usb/usb_cdc_iface_dut/usb_cdc_inst/rstn_sq_reg[0]/C
  -------------------------------------------------------------------    -------------------
    SLICE_X98Y148        FDCE (Prop_fdce_C_Q)         0.118    -0.583 r  usb/usb_cdc_iface_dut/usb_cdc_inst/rstn_sq_reg[0]/Q
                         net (fo=2, routed)           0.124    -0.459    usb/usb_cdc_iface_dut/usb_cdc_inst/u_sie/u_phy_rx/Q[0]
    SLICE_X98Y149        LUT2 (Prop_lut2_I1_O)        0.032    -0.427 f  usb/usb_cdc_iface_dut/usb_cdc_inst/u_sie/u_phy_rx/u_sync_data.in_last_q[3]_i_3/O
                         net (fo=12, routed)          0.170    -0.258    usb/usb_cdc_iface_dut/usb_cdc_inst/u_bulk_endps[0].u_bulk_endp/u_out_fifo/u_sync_data.app_out_valid_q_reg_3
    SLICE_X98Y150        FDCE                                         f  usb/usb_cdc_iface_dut/usb_cdc_inst/u_bulk_endps[0].u_bulk_endp/u_out_fifo/u_sync_data.out_first_q_reg[2]/CLR
  -------------------------------------------------------------------    -------------------

                         (clock clk_out1_clk_wiz_0_1 rise edge)
                                                      0.000     0.000 r  
    H9                                                0.000     0.000 r  clk_p (IN)
                         net (fo=0)                   0.000     0.000    dutclk/inst/clk_in1_p
    H9                   IBUFDS (Prop_ibufds_I_O)     0.444     0.444 r  dutclk/inst/clkin1_ibufgds/O
                         net (fo=1, routed)           0.553     0.997    dutclk/inst/clk_in1_clk_wiz_0
    MMCME2_ADV_X1Y5      MMCME2_ADV (Prop_mmcme2_adv_CLKIN1_CLKOUT0)
                                                     -3.590    -2.593 r  dutclk/inst/mmcm_adv_inst/CLKOUT0
                         net (fo=1, routed)           1.044    -1.549    dutclk/inst/clk_out1_clk_wiz_0
    BUFGCTRL_X0Y16       BUFG (Prop_bufg_I_O)         0.030    -1.519 r  dutclk/inst/clkout1_buf/O
                         net (fo=11462, routed)       0.748    -0.771    usb/usb_cdc_iface_dut/usb_cdc_inst/u_bulk_endps[0].u_bulk_endp/u_out_fifo/clk_out1
    SLICE_X98Y150        FDCE                                         r  usb/usb_cdc_iface_dut/usb_cdc_inst/u_bulk_endps[0].u_bulk_endp/u_out_fifo/u_sync_data.out_first_q_reg[2]/C
                         clock pessimism              0.258    -0.513    
    SLICE_X98Y150        FDCE (Remov_fdce_C_CLR)     -0.093    -0.606    usb/usb_cdc_iface_dut/usb_cdc_inst/u_bulk_endps[0].u_bulk_endp/u_out_fifo/u_sync_data.out_first_q_reg[2]
  -------------------------------------------------------------------
                         required time                          0.606    
                         arrival time                          -0.258    
  -------------------------------------------------------------------
                         slack                                  0.348    

Slack (MET) :             0.348ns  (arrival time - required time)
  Source:                 usb/usb_cdc_iface_dut/usb_cdc_inst/rstn_sq_reg[0]/C
                            (rising edge-triggered cell FDCE clocked by clk_out1_clk_wiz_0_1  {rise@0.000ns fall@8.333ns period=16.667ns})
  Destination:            usb/usb_cdc_iface_dut/usb_cdc_inst/u_bulk_endps[0].u_bulk_endp/u_out_fifo/u_sync_data.out_first_q_reg[3]/CLR
                            (removal check against rising-edge clock clk_out1_clk_wiz_0_1  {rise@0.000ns fall@8.333ns period=16.667ns})
  Path Group:             **async_default**
  Path Type:              Removal (Min at Fast Process Corner)
  Requirement:            0.000ns  (clk_out1_clk_wiz_0_1 rise@0.000ns - clk_out1_clk_wiz_0_1 rise@0.000ns)
  Data Path Delay:        0.443ns  (logic 0.150ns (33.829%)  route 0.293ns (66.171%))
  Logic Levels:           1  (LUT2=1)
  Clock Path Skew:        0.188ns (DCD - SCD - CPR)
    Destination Clock Delay (DCD):    -0.771ns
    Source Clock Delay      (SCD):    -0.701ns
    Clock Pessimism Removal (CPR):    -0.258ns

    Location             Delay type                Incr(ns)  Path(ns)    Netlist Resource(s)
  -------------------------------------------------------------------    -------------------
                         (clock clk_out1_clk_wiz_0_1 rise edge)
                                                      0.000     0.000 r  
    H9                                                0.000     0.000 r  clk_p (IN)
                         net (fo=0)                   0.000     0.000    dutclk/inst/clk_in1_p
    H9                   IBUFDS (Prop_ibufds_I_O)     0.363     0.363 r  dutclk/inst/clkin1_ibufgds/O
                         net (fo=1, routed)           0.503     0.866    dutclk/inst/clk_in1_clk_wiz_0
    MMCME2_ADV_X1Y5      MMCME2_ADV (Prop_mmcme2_adv_CLKIN1_CLKOUT0)
                                                     -3.122    -2.256 r  dutclk/inst/mmcm_adv_inst/CLKOUT0
                         net (fo=1, routed)           0.969    -1.287    dutclk/inst/clk_out1_clk_wiz_0
    BUFGCTRL_X0Y16       BUFG (Prop_bufg_I_O)         0.026    -1.261 r  dutclk/inst/clkout1_buf/O
                         net (fo=11462, routed)       0.560    -0.701    usb/usb_cdc_iface_dut/usb_cdc_inst/clk_out1
    SLICE_X98Y148        FDCE                                         r  usb/usb_cdc_iface_dut/usb_cdc_inst/rstn_sq_reg[0]/C
  -------------------------------------------------------------------    -------------------
    SLICE_X98Y148        FDCE (Prop_fdce_C_Q)         0.118    -0.583 r  usb/usb_cdc_iface_dut/usb_cdc_inst/rstn_sq_reg[0]/Q
                         net (fo=2, routed)           0.124    -0.459    usb/usb_cdc_iface_dut/usb_cdc_inst/u_sie/u_phy_rx/Q[0]
    SLICE_X98Y149        LUT2 (Prop_lut2_I1_O)        0.032    -0.427 f  usb/usb_cdc_iface_dut/usb_cdc_inst/u_sie/u_phy_rx/u_sync_data.in_last_q[3]_i_3/O
                         net (fo=12, routed)          0.170    -0.258    usb/usb_cdc_iface_dut/usb_cdc_inst/u_bulk_endps[0].u_bulk_endp/u_out_fifo/u_sync_data.app_out_valid_q_reg_3
    SLICE_X98Y150        FDCE                                         f  usb/usb_cdc_iface_dut/usb_cdc_inst/u_bulk_endps[0].u_bulk_endp/u_out_fifo/u_sync_data.out_first_q_reg[3]/CLR
  -------------------------------------------------------------------    -------------------

                         (clock clk_out1_clk_wiz_0_1 rise edge)
                                                      0.000     0.000 r  
    H9                                                0.000     0.000 r  clk_p (IN)
                         net (fo=0)                   0.000     0.000    dutclk/inst/clk_in1_p
    H9                   IBUFDS (Prop_ibufds_I_O)     0.444     0.444 r  dutclk/inst/clkin1_ibufgds/O
                         net (fo=1, routed)           0.553     0.997    dutclk/inst/clk_in1_clk_wiz_0
    MMCME2_ADV_X1Y5      MMCME2_ADV (Prop_mmcme2_adv_CLKIN1_CLKOUT0)
                                                     -3.590    -2.593 r  dutclk/inst/mmcm_adv_inst/CLKOUT0
                         net (fo=1, routed)           1.044    -1.549    dutclk/inst/clk_out1_clk_wiz_0
    BUFGCTRL_X0Y16       BUFG (Prop_bufg_I_O)         0.030    -1.519 r  dutclk/inst/clkout1_buf/O
                         net (fo=11462, routed)       0.748    -0.771    usb/usb_cdc_iface_dut/usb_cdc_inst/u_bulk_endps[0].u_bulk_endp/u_out_fifo/clk_out1
    SLICE_X98Y150        FDCE                                         r  usb/usb_cdc_iface_dut/usb_cdc_inst/u_bulk_endps[0].u_bulk_endp/u_out_fifo/u_sync_data.out_first_q_reg[3]/C
                         clock pessimism              0.258    -0.513    
    SLICE_X98Y150        FDCE (Remov_fdce_C_CLR)     -0.093    -0.606    usb/usb_cdc_iface_dut/usb_cdc_inst/u_bulk_endps[0].u_bulk_endp/u_out_fifo/u_sync_data.out_first_q_reg[3]
  -------------------------------------------------------------------
                         required time                          0.606    
                         arrival time                          -0.258    
  -------------------------------------------------------------------
                         slack                                  0.348    

Slack (MET) :             0.400ns  (arrival time - required time)
  Source:                 usb/usb_cdc_iface_dut/usb_cdc_inst/rstn_sq_reg[0]/C
                            (rising edge-triggered cell FDCE clocked by clk_out1_clk_wiz_0_1  {rise@0.000ns fall@8.333ns period=16.667ns})
  Destination:            usb/usb_cdc_iface_dut/usb_cdc_inst/u_bulk_endps[0].u_bulk_endp/u_in_fifo/u_sync_data.in_last_q_reg[0]/CLR
                            (removal check against rising-edge clock clk_out1_clk_wiz_0_1  {rise@0.000ns fall@8.333ns period=16.667ns})
  Path Group:             **async_default**
  Path Type:              Removal (Min at Fast Process Corner)
  Requirement:            0.000ns  (clk_out1_clk_wiz_0_1 rise@0.000ns - clk_out1_clk_wiz_0_1 rise@0.000ns)
  Data Path Delay:        0.492ns  (logic 0.150ns (30.479%)  route 0.342ns (69.521%))
  Logic Levels:           1  (LUT2=1)
  Clock Path Skew:        0.185ns (DCD - SCD - CPR)
    Destination Clock Delay (DCD):    -0.774ns
    Source Clock Delay      (SCD):    -0.701ns
    Clock Pessimism Removal (CPR):    -0.258ns

    Location             Delay type                Incr(ns)  Path(ns)    Netlist Resource(s)
  -------------------------------------------------------------------    -------------------
                         (clock clk_out1_clk_wiz_0_1 rise edge)
                                                      0.000     0.000 r  
    H9                                                0.000     0.000 r  clk_p (IN)
                         net (fo=0)                   0.000     0.000    dutclk/inst/clk_in1_p
    H9                   IBUFDS (Prop_ibufds_I_O)     0.363     0.363 r  dutclk/inst/clkin1_ibufgds/O
                         net (fo=1, routed)           0.503     0.866    dutclk/inst/clk_in1_clk_wiz_0
    MMCME2_ADV_X1Y5      MMCME2_ADV (Prop_mmcme2_adv_CLKIN1_CLKOUT0)
                                                     -3.122    -2.256 r  dutclk/inst/mmcm_adv_inst/CLKOUT0
                         net (fo=1, routed)           0.969    -1.287    dutclk/inst/clk_out1_clk_wiz_0
    BUFGCTRL_X0Y16       BUFG (Prop_bufg_I_O)         0.026    -1.261 r  dutclk/inst/clkout1_buf/O
                         net (fo=11462, routed)       0.560    -0.701    usb/usb_cdc_iface_dut/usb_cdc_inst/clk_out1
    SLICE_X98Y148        FDCE                                         r  usb/usb_cdc_iface_dut/usb_cdc_inst/rstn_sq_reg[0]/C
  -------------------------------------------------------------------    -------------------
    SLICE_X98Y148        FDCE (Prop_fdce_C_Q)         0.118    -0.583 r  usb/usb_cdc_iface_dut/usb_cdc_inst/rstn_sq_reg[0]/Q
                         net (fo=2, routed)           0.124    -0.459    usb/usb_cdc_iface_dut/usb_cdc_inst/u_sie/u_phy_rx/Q[0]
    SLICE_X98Y149        LUT2 (Prop_lut2_I1_O)        0.032    -0.427 f  usb/usb_cdc_iface_dut/usb_cdc_inst/u_sie/u_phy_rx/u_sync_data.in_last_q[3]_i_3/O
                         net (fo=12, routed)          0.218    -0.209    usb/usb_cdc_iface_dut/usb_cdc_inst/u_bulk_endps[0].u_bulk_endp/u_in_fifo/u_sync_data.app_in_ready_q_reg_1
    SLICE_X96Y150        FDCE                                         f  usb/usb_cdc_iface_dut/usb_cdc_inst/u_bulk_endps[0].u_bulk_endp/u_in_fifo/u_sync_data.in_last_q_reg[0]/CLR
  -------------------------------------------------------------------    -------------------

                         (clock clk_out1_clk_wiz_0_1 rise edge)
                                                      0.000     0.000 r  
    H9                                                0.000     0.000 r  clk_p (IN)
                         net (fo=0)                   0.000     0.000    dutclk/inst/clk_in1_p
    H9                   IBUFDS (Prop_ibufds_I_O)     0.444     0.444 r  dutclk/inst/clkin1_ibufgds/O
                         net (fo=1, routed)           0.553     0.997    dutclk/inst/clk_in1_clk_wiz_0
    MMCME2_ADV_X1Y5      MMCME2_ADV (Prop_mmcme2_adv_CLKIN1_CLKOUT0)
                                                     -3.590    -2.593 r  dutclk/inst/mmcm_adv_inst/CLKOUT0
                         net (fo=1, routed)           1.044    -1.549    dutclk/inst/clk_out1_clk_wiz_0
    BUFGCTRL_X0Y16       BUFG (Prop_bufg_I_O)         0.030    -1.519 r  dutclk/inst/clkout1_buf/O
                         net (fo=11462, routed)       0.745    -0.774    usb/usb_cdc_iface_dut/usb_cdc_inst/u_bulk_endps[0].u_bulk_endp/u_in_fifo/clk_out1
    SLICE_X96Y150        FDCE                                         r  usb/usb_cdc_iface_dut/usb_cdc_inst/u_bulk_endps[0].u_bulk_endp/u_in_fifo/u_sync_data.in_last_q_reg[0]/C
                         clock pessimism              0.258    -0.516    
    SLICE_X96Y150        FDCE (Remov_fdce_C_CLR)     -0.093    -0.609    usb/usb_cdc_iface_dut/usb_cdc_inst/u_bulk_endps[0].u_bulk_endp/u_in_fifo/u_sync_data.in_last_q_reg[0]
  -------------------------------------------------------------------
                         required time                          0.609    
                         arrival time                          -0.209    
  -------------------------------------------------------------------
                         slack                                  0.400    

Slack (MET) :             0.400ns  (arrival time - required time)
  Source:                 usb/usb_cdc_iface_dut/usb_cdc_inst/rstn_sq_reg[0]/C
                            (rising edge-triggered cell FDCE clocked by clk_out1_clk_wiz_0_1  {rise@0.000ns fall@8.333ns period=16.667ns})
  Destination:            usb/usb_cdc_iface_dut/usb_cdc_inst/u_bulk_endps[0].u_bulk_endp/u_in_fifo/u_sync_data.in_last_q_reg[2]/CLR
                            (removal check against rising-edge clock clk_out1_clk_wiz_0_1  {rise@0.000ns fall@8.333ns period=16.667ns})
  Path Group:             **async_default**
  Path Type:              Removal (Min at Fast Process Corner)
  Requirement:            0.000ns  (clk_out1_clk_wiz_0_1 rise@0.000ns - clk_out1_clk_wiz_0_1 rise@0.000ns)
  Data Path Delay:        0.492ns  (logic 0.150ns (30.479%)  route 0.342ns (69.521%))
  Logic Levels:           1  (LUT2=1)
  Clock Path Skew:        0.185ns (DCD - SCD - CPR)
    Destination Clock Delay (DCD):    -0.774ns
    Source Clock Delay      (SCD):    -0.701ns
    Clock Pessimism Removal (CPR):    -0.258ns

    Location             Delay type                Incr(ns)  Path(ns)    Netlist Resource(s)
  -------------------------------------------------------------------    -------------------
                         (clock clk_out1_clk_wiz_0_1 rise edge)
                                                      0.000     0.000 r  
    H9                                                0.000     0.000 r  clk_p (IN)
                         net (fo=0)                   0.000     0.000    dutclk/inst/clk_in1_p
    H9                   IBUFDS (Prop_ibufds_I_O)     0.363     0.363 r  dutclk/inst/clkin1_ibufgds/O
                         net (fo=1, routed)           0.503     0.866    dutclk/inst/clk_in1_clk_wiz_0
    MMCME2_ADV_X1Y5      MMCME2_ADV (Prop_mmcme2_adv_CLKIN1_CLKOUT0)
                                                     -3.122    -2.256 r  dutclk/inst/mmcm_adv_inst/CLKOUT0
                         net (fo=1, routed)           0.969    -1.287    dutclk/inst/clk_out1_clk_wiz_0
    BUFGCTRL_X0Y16       BUFG (Prop_bufg_I_O)         0.026    -1.261 r  dutclk/inst/clkout1_buf/O
                         net (fo=11462, routed)       0.560    -0.701    usb/usb_cdc_iface_dut/usb_cdc_inst/clk_out1
    SLICE_X98Y148        FDCE                                         r  usb/usb_cdc_iface_dut/usb_cdc_inst/rstn_sq_reg[0]/C
  -------------------------------------------------------------------    -------------------
    SLICE_X98Y148        FDCE (Prop_fdce_C_Q)         0.118    -0.583 r  usb/usb_cdc_iface_dut/usb_cdc_inst/rstn_sq_reg[0]/Q
                         net (fo=2, routed)           0.124    -0.459    usb/usb_cdc_iface_dut/usb_cdc_inst/u_sie/u_phy_rx/Q[0]
    SLICE_X98Y149        LUT2 (Prop_lut2_I1_O)        0.032    -0.427 f  usb/usb_cdc_iface_dut/usb_cdc_inst/u_sie/u_phy_rx/u_sync_data.in_last_q[3]_i_3/O
                         net (fo=12, routed)          0.218    -0.209    usb/usb_cdc_iface_dut/usb_cdc_inst/u_bulk_endps[0].u_bulk_endp/u_in_fifo/u_sync_data.app_in_ready_q_reg_1
    SLICE_X96Y150        FDCE                                         f  usb/usb_cdc_iface_dut/usb_cdc_inst/u_bulk_endps[0].u_bulk_endp/u_in_fifo/u_sync_data.in_last_q_reg[2]/CLR
  -------------------------------------------------------------------    -------------------

                         (clock clk_out1_clk_wiz_0_1 rise edge)
                                                      0.000     0.000 r  
    H9                                                0.000     0.000 r  clk_p (IN)
                         net (fo=0)                   0.000     0.000    dutclk/inst/clk_in1_p
    H9                   IBUFDS (Prop_ibufds_I_O)     0.444     0.444 r  dutclk/inst/clkin1_ibufgds/O
                         net (fo=1, routed)           0.553     0.997    dutclk/inst/clk_in1_clk_wiz_0
    MMCME2_ADV_X1Y5      MMCME2_ADV (Prop_mmcme2_adv_CLKIN1_CLKOUT0)
                                                     -3.590    -2.593 r  dutclk/inst/mmcm_adv_inst/CLKOUT0
                         net (fo=1, routed)           1.044    -1.549    dutclk/inst/clk_out1_clk_wiz_0
    BUFGCTRL_X0Y16       BUFG (Prop_bufg_I_O)         0.030    -1.519 r  dutclk/inst/clkout1_buf/O
                         net (fo=11462, routed)       0.745    -0.774    usb/usb_cdc_iface_dut/usb_cdc_inst/u_bulk_endps[0].u_bulk_endp/u_in_fifo/clk_out1
    SLICE_X96Y150        FDCE                                         r  usb/usb_cdc_iface_dut/usb_cdc_inst/u_bulk_endps[0].u_bulk_endp/u_in_fifo/u_sync_data.in_last_q_reg[2]/C
                         clock pessimism              0.258    -0.516    
    SLICE_X96Y150        FDCE (Remov_fdce_C_CLR)     -0.093    -0.609    usb/usb_cdc_iface_dut/usb_cdc_inst/u_bulk_endps[0].u_bulk_endp/u_in_fifo/u_sync_data.in_last_q_reg[2]
  -------------------------------------------------------------------
                         required time                          0.609    
                         arrival time                          -0.209    
  -------------------------------------------------------------------
                         slack                                  0.400    

Slack (MET) :             0.400ns  (arrival time - required time)
  Source:                 usb/usb_cdc_iface_dut/usb_cdc_inst/rstn_sq_reg[0]/C
                            (rising edge-triggered cell FDCE clocked by clk_out1_clk_wiz_0_1  {rise@0.000ns fall@8.333ns period=16.667ns})
  Destination:            usb/usb_cdc_iface_dut/usb_cdc_inst/u_bulk_endps[0].u_bulk_endp/u_in_fifo/u_sync_data.in_last_q_reg[3]/CLR
                            (removal check against rising-edge clock clk_out1_clk_wiz_0_1  {rise@0.000ns fall@8.333ns period=16.667ns})
  Path Group:             **async_default**
  Path Type:              Removal (Min at Fast Process Corner)
  Requirement:            0.000ns  (clk_out1_clk_wiz_0_1 rise@0.000ns - clk_out1_clk_wiz_0_1 rise@0.000ns)
  Data Path Delay:        0.492ns  (logic 0.150ns (30.479%)  route 0.342ns (69.521%))
  Logic Levels:           1  (LUT2=1)
  Clock Path Skew:        0.185ns (DCD - SCD - CPR)
    Destination Clock Delay (DCD):    -0.774ns
    Source Clock Delay      (SCD):    -0.701ns
    Clock Pessimism Removal (CPR):    -0.258ns

    Location             Delay type                Incr(ns)  Path(ns)    Netlist Resource(s)
  -------------------------------------------------------------------    -------------------
                         (clock clk_out1_clk_wiz_0_1 rise edge)
                                                      0.000     0.000 r  
    H9                                                0.000     0.000 r  clk_p (IN)
                         net (fo=0)                   0.000     0.000    dutclk/inst/clk_in1_p
    H9                   IBUFDS (Prop_ibufds_I_O)     0.363     0.363 r  dutclk/inst/clkin1_ibufgds/O
                         net (fo=1, routed)           0.503     0.866    dutclk/inst/clk_in1_clk_wiz_0
    MMCME2_ADV_X1Y5      MMCME2_ADV (Prop_mmcme2_adv_CLKIN1_CLKOUT0)
                                                     -3.122    -2.256 r  dutclk/inst/mmcm_adv_inst/CLKOUT0
                         net (fo=1, routed)           0.969    -1.287    dutclk/inst/clk_out1_clk_wiz_0
    BUFGCTRL_X0Y16       BUFG (Prop_bufg_I_O)         0.026    -1.261 r  dutclk/inst/clkout1_buf/O
                         net (fo=11462, routed)       0.560    -0.701    usb/usb_cdc_iface_dut/usb_cdc_inst/clk_out1
    SLICE_X98Y148        FDCE                                         r  usb/usb_cdc_iface_dut/usb_cdc_inst/rstn_sq_reg[0]/C
  -------------------------------------------------------------------    -------------------
    SLICE_X98Y148        FDCE (Prop_fdce_C_Q)         0.118    -0.583 r  usb/usb_cdc_iface_dut/usb_cdc_inst/rstn_sq_reg[0]/Q
                         net (fo=2, routed)           0.124    -0.459    usb/usb_cdc_iface_dut/usb_cdc_inst/u_sie/u_phy_rx/Q[0]
    SLICE_X98Y149        LUT2 (Prop_lut2_I1_O)        0.032    -0.427 f  usb/usb_cdc_iface_dut/usb_cdc_inst/u_sie/u_phy_rx/u_sync_data.in_last_q[3]_i_3/O
                         net (fo=12, routed)          0.218    -0.209    usb/usb_cdc_iface_dut/usb_cdc_inst/u_bulk_endps[0].u_bulk_endp/u_in_fifo/u_sync_data.app_in_ready_q_reg_1
    SLICE_X96Y150        FDCE                                         f  usb/usb_cdc_iface_dut/usb_cdc_inst/u_bulk_endps[0].u_bulk_endp/u_in_fifo/u_sync_data.in_last_q_reg[3]/CLR
  -------------------------------------------------------------------    -------------------

                         (clock clk_out1_clk_wiz_0_1 rise edge)
                                                      0.000     0.000 r  
    H9                                                0.000     0.000 r  clk_p (IN)
                         net (fo=0)                   0.000     0.000    dutclk/inst/clk_in1_p
    H9                   IBUFDS (Prop_ibufds_I_O)     0.444     0.444 r  dutclk/inst/clkin1_ibufgds/O
                         net (fo=1, routed)           0.553     0.997    dutclk/inst/clk_in1_clk_wiz_0
    MMCME2_ADV_X1Y5      MMCME2_ADV (Prop_mmcme2_adv_CLKIN1_CLKOUT0)
                                                     -3.590    -2.593 r  dutclk/inst/mmcm_adv_inst/CLKOUT0
                         net (fo=1, routed)           1.044    -1.549    dutclk/inst/clk_out1_clk_wiz_0
    BUFGCTRL_X0Y16       BUFG (Prop_bufg_I_O)         0.030    -1.519 r  dutclk/inst/clkout1_buf/O
                         net (fo=11462, routed)       0.745    -0.774    usb/usb_cdc_iface_dut/usb_cdc_inst/u_bulk_endps[0].u_bulk_endp/u_in_fifo/clk_out1
    SLICE_X96Y150        FDCE                                         r  usb/usb_cdc_iface_dut/usb_cdc_inst/u_bulk_endps[0].u_bulk_endp/u_in_fifo/u_sync_data.in_last_q_reg[3]/C
                         clock pessimism              0.258    -0.516    
    SLICE_X96Y150        FDCE (Remov_fdce_C_CLR)     -0.093    -0.609    usb/usb_cdc_iface_dut/usb_cdc_inst/u_bulk_endps[0].u_bulk_endp/u_in_fifo/u_sync_data.in_last_q_reg[3]
  -------------------------------------------------------------------
                         required time                          0.609    
                         arrival time                          -0.209    
  -------------------------------------------------------------------
                         slack                                  0.400    

Slack (MET) :             0.419ns  (arrival time - required time)
  Source:                 usb/usb_cdc_iface_dut/usb_cdc_inst/rstn_sq_reg[0]/C
                            (rising edge-triggered cell FDCE clocked by clk_out1_clk_wiz_0_1  {rise@0.000ns fall@8.333ns period=16.667ns})
  Destination:            usb/usb_cdc_iface_dut/usb_cdc_inst/u_bulk_endps[0].u_bulk_endp/u_in_fifo/u_sync_data.app_in_ready_q_reg/CLR
                            (removal check against rising-edge clock clk_out1_clk_wiz_0_1  {rise@0.000ns fall@8.333ns period=16.667ns})
  Path Group:             **async_default**
  Path Type:              Removal (Min at Fast Process Corner)
  Requirement:            0.000ns  (clk_out1_clk_wiz_0_1 rise@0.000ns - clk_out1_clk_wiz_0_1 rise@0.000ns)
  Data Path Delay:        0.492ns  (logic 0.150ns (30.479%)  route 0.342ns (69.521%))
  Logic Levels:           1  (LUT2=1)
  Clock Path Skew:        0.185ns (DCD - SCD - CPR)
    Destination Clock Delay (DCD):    -0.774ns
    Source Clock Delay      (SCD):    -0.701ns
    Clock Pessimism Removal (CPR):    -0.258ns

    Location             Delay type                Incr(ns)  Path(ns)    Netlist Resource(s)
  -------------------------------------------------------------------    -------------------
                         (clock clk_out1_clk_wiz_0_1 rise edge)
                                                      0.000     0.000 r  
    H9                                                0.000     0.000 r  clk_p (IN)
                         net (fo=0)                   0.000     0.000    dutclk/inst/clk_in1_p
    H9                   IBUFDS (Prop_ibufds_I_O)     0.363     0.363 r  dutclk/inst/clkin1_ibufgds/O
                         net (fo=1, routed)           0.503     0.866    dutclk/inst/clk_in1_clk_wiz_0
    MMCME2_ADV_X1Y5      MMCME2_ADV (Prop_mmcme2_adv_CLKIN1_CLKOUT0)
                                                     -3.122    -2.256 r  dutclk/inst/mmcm_adv_inst/CLKOUT0
                         net (fo=1, routed)           0.969    -1.287    dutclk/inst/clk_out1_clk_wiz_0
    BUFGCTRL_X0Y16       BUFG (Prop_bufg_I_O)         0.026    -1.261 r  dutclk/inst/clkout1_buf/O
                         net (fo=11462, routed)       0.560    -0.701    usb/usb_cdc_iface_dut/usb_cdc_inst/clk_out1
    SLICE_X98Y148        FDCE                                         r  usb/usb_cdc_iface_dut/usb_cdc_inst/rstn_sq_reg[0]/C
  -------------------------------------------------------------------    -------------------
    SLICE_X98Y148        FDCE (Prop_fdce_C_Q)         0.118    -0.583 r  usb/usb_cdc_iface_dut/usb_cdc_inst/rstn_sq_reg[0]/Q
                         net (fo=2, routed)           0.124    -0.459    usb/usb_cdc_iface_dut/usb_cdc_inst/u_sie/u_phy_rx/Q[0]
    SLICE_X98Y149        LUT2 (Prop_lut2_I1_O)        0.032    -0.427 f  usb/usb_cdc_iface_dut/usb_cdc_inst/u_sie/u_phy_rx/u_sync_data.in_last_q[3]_i_3/O
                         net (fo=12, routed)          0.218    -0.209    usb/usb_cdc_iface_dut/usb_cdc_inst/u_bulk_endps[0].u_bulk_endp/u_in_fifo/u_sync_data.app_in_ready_q_reg_1
    SLICE_X97Y150        FDCE                                         f  usb/usb_cdc_iface_dut/usb_cdc_inst/u_bulk_endps[0].u_bulk_endp/u_in_fifo/u_sync_data.app_in_ready_q_reg/CLR
  -------------------------------------------------------------------    -------------------

                         (clock clk_out1_clk_wiz_0_1 rise edge)
                                                      0.000     0.000 r  
    H9                                                0.000     0.000 r  clk_p (IN)
                         net (fo=0)                   0.000     0.000    dutclk/inst/clk_in1_p
    H9                   IBUFDS (Prop_ibufds_I_O)     0.444     0.444 r  dutclk/inst/clkin1_ibufgds/O
                         net (fo=1, routed)           0.553     0.997    dutclk/inst/clk_in1_clk_wiz_0
    MMCME2_ADV_X1Y5      MMCME2_ADV (Prop_mmcme2_adv_CLKIN1_CLKOUT0)
                                                     -3.590    -2.593 r  dutclk/inst/mmcm_adv_inst/CLKOUT0
                         net (fo=1, routed)           1.044    -1.549    dutclk/inst/clk_out1_clk_wiz_0
    BUFGCTRL_X0Y16       BUFG (Prop_bufg_I_O)         0.030    -1.519 r  dutclk/inst/clkout1_buf/O
                         net (fo=11462, routed)       0.745    -0.774    usb/usb_cdc_iface_dut/usb_cdc_inst/u_bulk_endps[0].u_bulk_endp/u_in_fifo/clk_out1
    SLICE_X97Y150        FDCE                                         r  usb/usb_cdc_iface_dut/usb_cdc_inst/u_bulk_endps[0].u_bulk_endp/u_in_fifo/u_sync_data.app_in_ready_q_reg/C
                         clock pessimism              0.258    -0.516    
    SLICE_X97Y150        FDCE (Remov_fdce_C_CLR)     -0.112    -0.628    usb/usb_cdc_iface_dut/usb_cdc_inst/u_bulk_endps[0].u_bulk_endp/u_in_fifo/u_sync_data.app_in_ready_q_reg
  -------------------------------------------------------------------
                         required time                          0.628    
                         arrival time                          -0.209    
  -------------------------------------------------------------------
                         slack                                  0.419    

Slack (MET) :             0.419ns  (arrival time - required time)
  Source:                 usb/usb_cdc_iface_dut/usb_cdc_inst/rstn_sq_reg[0]/C
                            (rising edge-triggered cell FDCE clocked by clk_out1_clk_wiz_0_1  {rise@0.000ns fall@8.333ns period=16.667ns})
  Destination:            usb/usb_cdc_iface_dut/usb_cdc_inst/u_bulk_endps[0].u_bulk_endp/u_in_fifo/u_sync_data.app_in_valid_q_reg/CLR
                            (removal check against rising-edge clock clk_out1_clk_wiz_0_1  {rise@0.000ns fall@8.333ns period=16.667ns})
  Path Group:             **async_default**
  Path Type:              Removal (Min at Fast Process Corner)
  Requirement:            0.000ns  (clk_out1_clk_wiz_0_1 rise@0.000ns - clk_out1_clk_wiz_0_1 rise@0.000ns)
  Data Path Delay:        0.492ns  (logic 0.150ns (30.479%)  route 0.342ns (69.521%))
  Logic Levels:           1  (LUT2=1)
  Clock Path Skew:        0.185ns (DCD - SCD - CPR)
    Destination Clock Delay (DCD):    -0.774ns
    Source Clock Delay      (SCD):    -0.701ns
    Clock Pessimism Removal (CPR):    -0.258ns

    Location             Delay type                Incr(ns)  Path(ns)    Netlist Resource(s)
  -------------------------------------------------------------------    -------------------
                         (clock clk_out1_clk_wiz_0_1 rise edge)
                                                      0.000     0.000 r  
    H9                                                0.000     0.000 r  clk_p (IN)
                         net (fo=0)                   0.000     0.000    dutclk/inst/clk_in1_p
    H9                   IBUFDS (Prop_ibufds_I_O)     0.363     0.363 r  dutclk/inst/clkin1_ibufgds/O
                         net (fo=1, routed)           0.503     0.866    dutclk/inst/clk_in1_clk_wiz_0
    MMCME2_ADV_X1Y5      MMCME2_ADV (Prop_mmcme2_adv_CLKIN1_CLKOUT0)
                                                     -3.122    -2.256 r  dutclk/inst/mmcm_adv_inst/CLKOUT0
                         net (fo=1, routed)           0.969    -1.287    dutclk/inst/clk_out1_clk_wiz_0
    BUFGCTRL_X0Y16       BUFG (Prop_bufg_I_O)         0.026    -1.261 r  dutclk/inst/clkout1_buf/O
                         net (fo=11462, routed)       0.560    -0.701    usb/usb_cdc_iface_dut/usb_cdc_inst/clk_out1
    SLICE_X98Y148        FDCE                                         r  usb/usb_cdc_iface_dut/usb_cdc_inst/rstn_sq_reg[0]/C
  -------------------------------------------------------------------    -------------------
    SLICE_X98Y148        FDCE (Prop_fdce_C_Q)         0.118    -0.583 r  usb/usb_cdc_iface_dut/usb_cdc_inst/rstn_sq_reg[0]/Q
                         net (fo=2, routed)           0.124    -0.459    usb/usb_cdc_iface_dut/usb_cdc_inst/u_sie/u_phy_rx/Q[0]
    SLICE_X98Y149        LUT2 (Prop_lut2_I1_O)        0.032    -0.427 f  usb/usb_cdc_iface_dut/usb_cdc_inst/u_sie/u_phy_rx/u_sync_data.in_last_q[3]_i_3/O
                         net (fo=12, routed)          0.218    -0.209    usb/usb_cdc_iface_dut/usb_cdc_inst/u_bulk_endps[0].u_bulk_endp/u_in_fifo/u_sync_data.app_in_ready_q_reg_1
    SLICE_X97Y150        FDCE                                         f  usb/usb_cdc_iface_dut/usb_cdc_inst/u_bulk_endps[0].u_bulk_endp/u_in_fifo/u_sync_data.app_in_valid_q_reg/CLR
  -------------------------------------------------------------------    -------------------

                         (clock clk_out1_clk_wiz_0_1 rise edge)
                                                      0.000     0.000 r  
    H9                                                0.000     0.000 r  clk_p (IN)
                         net (fo=0)                   0.000     0.000    dutclk/inst/clk_in1_p
    H9                   IBUFDS (Prop_ibufds_I_O)     0.444     0.444 r  dutclk/inst/clkin1_ibufgds/O
                         net (fo=1, routed)           0.553     0.997    dutclk/inst/clk_in1_clk_wiz_0
    MMCME2_ADV_X1Y5      MMCME2_ADV (Prop_mmcme2_adv_CLKIN1_CLKOUT0)
                                                     -3.590    -2.593 r  dutclk/inst/mmcm_adv_inst/CLKOUT0
                         net (fo=1, routed)           1.044    -1.549    dutclk/inst/clk_out1_clk_wiz_0
    BUFGCTRL_X0Y16       BUFG (Prop_bufg_I_O)         0.030    -1.519 r  dutclk/inst/clkout1_buf/O
                         net (fo=11462, routed)       0.745    -0.774    usb/usb_cdc_iface_dut/usb_cdc_inst/u_bulk_endps[0].u_bulk_endp/u_in_fifo/clk_out1
    SLICE_X97Y150        FDCE                                         r  usb/usb_cdc_iface_dut/usb_cdc_inst/u_bulk_endps[0].u_bulk_endp/u_in_fifo/u_sync_data.app_in_valid_q_reg/C
                         clock pessimism              0.258    -0.516    
    SLICE_X97Y150        FDCE (Remov_fdce_C_CLR)     -0.112    -0.628    usb/usb_cdc_iface_dut/usb_cdc_inst/u_bulk_endps[0].u_bulk_endp/u_in_fifo/u_sync_data.app_in_valid_q_reg
  -------------------------------------------------------------------
                         required time                          0.628    
                         arrival time                          -0.209    
  -------------------------------------------------------------------
                         slack                                  0.419    

Slack (MET) :             0.419ns  (arrival time - required time)
  Source:                 usb/usb_cdc_iface_dut/usb_cdc_inst/rstn_sq_reg[0]/C
                            (rising edge-triggered cell FDCE clocked by clk_out1_clk_wiz_0_1  {rise@0.000ns fall@8.333ns period=16.667ns})
  Destination:            usb/usb_cdc_iface_dut/usb_cdc_inst/u_bulk_endps[0].u_bulk_endp/u_in_fifo/u_sync_data.app_in_valid_qq_reg/CLR
                            (removal check against rising-edge clock clk_out1_clk_wiz_0_1  {rise@0.000ns fall@8.333ns period=16.667ns})
  Path Group:             **async_default**
  Path Type:              Removal (Min at Fast Process Corner)
  Requirement:            0.000ns  (clk_out1_clk_wiz_0_1 rise@0.000ns - clk_out1_clk_wiz_0_1 rise@0.000ns)
  Data Path Delay:        0.492ns  (logic 0.150ns (30.479%)  route 0.342ns (69.521%))
  Logic Levels:           1  (LUT2=1)
  Clock Path Skew:        0.185ns (DCD - SCD - CPR)
    Destination Clock Delay (DCD):    -0.774ns
    Source Clock Delay      (SCD):    -0.701ns
    Clock Pessimism Removal (CPR):    -0.258ns

    Location             Delay type                Incr(ns)  Path(ns)    Netlist Resource(s)
  -------------------------------------------------------------------    -------------------
                         (clock clk_out1_clk_wiz_0_1 rise edge)
                                                      0.000     0.000 r  
    H9                                                0.000     0.000 r  clk_p (IN)
                         net (fo=0)                   0.000     0.000    dutclk/inst/clk_in1_p
    H9                   IBUFDS (Prop_ibufds_I_O)     0.363     0.363 r  dutclk/inst/clkin1_ibufgds/O
                         net (fo=1, routed)           0.503     0.866    dutclk/inst/clk_in1_clk_wiz_0
    MMCME2_ADV_X1Y5      MMCME2_ADV (Prop_mmcme2_adv_CLKIN1_CLKOUT0)
                                                     -3.122    -2.256 r  dutclk/inst/mmcm_adv_inst/CLKOUT0
                         net (fo=1, routed)           0.969    -1.287    dutclk/inst/clk_out1_clk_wiz_0
    BUFGCTRL_X0Y16       BUFG (Prop_bufg_I_O)         0.026    -1.261 r  dutclk/inst/clkout1_buf/O
                         net (fo=11462, routed)       0.560    -0.701    usb/usb_cdc_iface_dut/usb_cdc_inst/clk_out1
    SLICE_X98Y148        FDCE                                         r  usb/usb_cdc_iface_dut/usb_cdc_inst/rstn_sq_reg[0]/C
  -------------------------------------------------------------------    -------------------
    SLICE_X98Y148        FDCE (Prop_fdce_C_Q)         0.118    -0.583 r  usb/usb_cdc_iface_dut/usb_cdc_inst/rstn_sq_reg[0]/Q
                         net (fo=2, routed)           0.124    -0.459    usb/usb_cdc_iface_dut/usb_cdc_inst/u_sie/u_phy_rx/Q[0]
    SLICE_X98Y149        LUT2 (Prop_lut2_I1_O)        0.032    -0.427 f  usb/usb_cdc_iface_dut/usb_cdc_inst/u_sie/u_phy_rx/u_sync_data.in_last_q[3]_i_3/O
                         net (fo=12, routed)          0.218    -0.209    usb/usb_cdc_iface_dut/usb_cdc_inst/u_bulk_endps[0].u_bulk_endp/u_in_fifo/u_sync_data.app_in_ready_q_reg_1
    SLICE_X97Y150        FDCE                                         f  usb/usb_cdc_iface_dut/usb_cdc_inst/u_bulk_endps[0].u_bulk_endp/u_in_fifo/u_sync_data.app_in_valid_qq_reg/CLR
  -------------------------------------------------------------------    -------------------

                         (clock clk_out1_clk_wiz_0_1 rise edge)
                                                      0.000     0.000 r  
    H9                                                0.000     0.000 r  clk_p (IN)
                         net (fo=0)                   0.000     0.000    dutclk/inst/clk_in1_p
    H9                   IBUFDS (Prop_ibufds_I_O)     0.444     0.444 r  dutclk/inst/clkin1_ibufgds/O
                         net (fo=1, routed)           0.553     0.997    dutclk/inst/clk_in1_clk_wiz_0
    MMCME2_ADV_X1Y5      MMCME2_ADV (Prop_mmcme2_adv_CLKIN1_CLKOUT0)
                                                     -3.590    -2.593 r  dutclk/inst/mmcm_adv_inst/CLKOUT0
                         net (fo=1, routed)           1.044    -1.549    dutclk/inst/clk_out1_clk_wiz_0
    BUFGCTRL_X0Y16       BUFG (Prop_bufg_I_O)         0.030    -1.519 r  dutclk/inst/clkout1_buf/O
                         net (fo=11462, routed)       0.745    -0.774    usb/usb_cdc_iface_dut/usb_cdc_inst/u_bulk_endps[0].u_bulk_endp/u_in_fifo/clk_out1
    SLICE_X97Y150        FDCE                                         r  usb/usb_cdc_iface_dut/usb_cdc_inst/u_bulk_endps[0].u_bulk_endp/u_in_fifo/u_sync_data.app_in_valid_qq_reg/C
                         clock pessimism              0.258    -0.516    
    SLICE_X97Y150        FDCE (Remov_fdce_C_CLR)     -0.112    -0.628    usb/usb_cdc_iface_dut/usb_cdc_inst/u_bulk_endps[0].u_bulk_endp/u_in_fifo/u_sync_data.app_in_valid_qq_reg
  -------------------------------------------------------------------
                         required time                          0.628    
                         arrival time                          -0.209    
  -------------------------------------------------------------------
                         slack                                  0.419    





--------------------------------------------------------------------------------------
Path Group:  (none)
From Clock:  clk_out1_clk_wiz_0_1
  To Clock:  

Max Delay             1 Endpoint
Min Delay             1 Endpoint
--------------------------------------------------------------------------------------


Max Delay Paths
--------------------------------------------------------------------------------------
Slack:                    inf
  Source:                 uart/uart_iface_dut/uart_tx_dut/read_ptr_reg[1]/C
                            (rising edge-triggered cell FDRE clocked by clk_out1_clk_wiz_0_1  {rise@0.000ns fall@8.333ns period=16.667ns})
  Destination:            uart_tx_o
                            (output port)
  Path Group:             (none)
  Path Type:              Max at Slow Process Corner
  Data Path Delay:        9.602ns  (logic 3.228ns (33.618%)  route 6.374ns (66.382%))
  Logic Levels:           5  (LUT6=2 MUXF7=1 OBUF=1 RAMD32=1)
  Clock Uncertainty:      0.424ns  ((TSJ^2 + DJ^2)^1/2) / 2 + PE
    Total System Jitter     (TSJ):    0.050ns
    Discrete Jitter          (DJ):    0.255ns
    Phase Error              (PE):    0.294ns

    Location             Delay type                Incr(ns)  Path(ns)    Netlist Resource(s)
  -------------------------------------------------------------------    -------------------
                         (clock clk_out1_clk_wiz_0_1 rise edge)
                                                      0.000     0.000 r  
    H9                                                0.000     0.000 r  clk_p (IN)
                         net (fo=0)                   0.000     0.000    dutclk/inst/clk_in1_p
    H9                   IBUFDS (Prop_ibufds_I_O)     0.880     0.880 r  dutclk/inst/clkin1_ibufgds/O
                         net (fo=1, routed)           1.081     1.961    dutclk/inst/clk_in1_clk_wiz_0
    MMCME2_ADV_X1Y5      MMCME2_ADV (Prop_mmcme2_adv_CLKIN1_CLKOUT0)
                                                     -7.639    -5.678 r  dutclk/inst/mmcm_adv_inst/CLKOUT0
                         net (fo=1, routed)           1.948    -3.730    dutclk/inst/clk_out1_clk_wiz_0
    BUFGCTRL_X0Y16       BUFG (Prop_bufg_I_O)         0.093    -3.637 r  dutclk/inst/clkout1_buf/O
                         net (fo=11462, routed)       1.221    -2.416    uart/uart_iface_dut/uart_tx_dut/clk_out1
    SLICE_X89Y151        FDRE                                         r  uart/uart_iface_dut/uart_tx_dut/read_ptr_reg[1]/C
  -------------------------------------------------------------------    -------------------
    SLICE_X89Y151        FDRE (Prop_fdre_C_Q)         0.204    -2.212 r  uart/uart_iface_dut/uart_tx_dut/read_ptr_reg[1]/Q
                         net (fo=15, routed)          0.687    -1.525    uart/uart_iface_dut/uart_tx_dut/queue_reg_0_31_0_5/ADDRB1
    SLICE_X86Y151        RAMD32 (Prop_ramd32_RADR1_O)
                                                      0.126    -1.399 r  uart/uart_iface_dut/uart_tx_dut/queue_reg_0_31_0_5/RAMB_D1/O
                         net (fo=1, routed)           0.346    -1.053    uart/uart_iface_dut/uart_tx_dut/data3
    SLICE_X87Y151        LUT6 (Prop_lut6_I3_O)        0.043    -1.010 r  uart/uart_iface_dut/uart_tx_dut/uart_tx_o_OBUF_inst_i_4/O
                         net (fo=1, routed)           0.325    -0.685    uart/uart_iface_dut/uart_tx_dut/uart_tx_o_OBUF_inst_i_4_n_0
    SLICE_X87Y151        LUT6 (Prop_lut6_I0_O)        0.043    -0.642 r  uart/uart_iface_dut/uart_tx_dut/uart_tx_o_OBUF_inst_i_2/O
                         net (fo=1, routed)           0.000    -0.642    uart/uart_iface_dut/uart_tx_dut/uart_tx_o_OBUF_inst_i_2_n_0
    SLICE_X87Y151        MUXF7 (Prop_muxf7_I0_O)      0.107    -0.535 r  uart/uart_iface_dut/uart_tx_dut/uart_tx_o_OBUF_inst_i_1/O
                         net (fo=1, routed)           5.016     4.481    uart_tx_o_OBUF
    Y20                  OBUF (Prop_obuf_I_O)         2.705     7.186 r  uart_tx_o_OBUF_inst/O
                         net (fo=0)                   0.000     7.186    uart_tx_o
    Y20                                                               r  uart_tx_o (OUT)
  -------------------------------------------------------------------    -------------------





Min Delay Paths
--------------------------------------------------------------------------------------
Slack:                    inf
  Source:                 uart/uart_iface_dut/uart_tx_dut/state_reg[2]/C
                            (rising edge-triggered cell FDRE clocked by clk_out1_clk_wiz_0_1  {rise@0.000ns fall@8.333ns period=16.667ns})
  Destination:            uart_tx_o
                            (output port)
  Path Group:             (none)
  Path Type:              Min at Fast Process Corner
  Data Path Delay:        4.234ns  (logic 1.514ns (35.768%)  route 2.719ns (64.232%))
  Logic Levels:           3  (LUT5=1 MUXF7=1 OBUF=1)
  Clock Uncertainty:      0.424ns  ((TSJ^2 + DJ^2)^1/2) / 2 + PE
    Total System Jitter     (TSJ):    0.050ns
    Discrete Jitter          (DJ):    0.255ns
    Phase Error              (PE):    0.294ns

    Location             Delay type                Incr(ns)  Path(ns)    Netlist Resource(s)
  -------------------------------------------------------------------    -------------------
                         (clock clk_out1_clk_wiz_0_1 rise edge)
                                                      0.000     0.000 r  
    H9                                                0.000     0.000 r  clk_p (IN)
                         net (fo=0)                   0.000     0.000    dutclk/inst/clk_in1_p
    H9                   IBUFDS (Prop_ibufds_I_O)     0.363     0.363 r  dutclk/inst/clkin1_ibufgds/O
                         net (fo=1, routed)           0.503     0.866    dutclk/inst/clk_in1_clk_wiz_0
    MMCME2_ADV_X1Y5      MMCME2_ADV (Prop_mmcme2_adv_CLKIN1_CLKOUT0)
                                                     -3.122    -2.256 r  dutclk/inst/mmcm_adv_inst/CLKOUT0
                         net (fo=1, routed)           0.969    -1.287    dutclk/inst/clk_out1_clk_wiz_0
    BUFGCTRL_X0Y16       BUFG (Prop_bufg_I_O)         0.026    -1.261 r  dutclk/inst/clkout1_buf/O
                         net (fo=11462, routed)       0.527    -0.734    uart/uart_iface_dut/uart_tx_dut/clk_out1
    SLICE_X88Y151        FDRE                                         r  uart/uart_iface_dut/uart_tx_dut/state_reg[2]/C
  -------------------------------------------------------------------    -------------------
    SLICE_X88Y151        FDRE (Prop_fdre_C_Q)         0.100    -0.634 r  uart/uart_iface_dut/uart_tx_dut/state_reg[2]/Q
                         net (fo=7, routed)           0.164    -0.470    uart/uart_iface_dut/uart_tx_dut/state[2]
    SLICE_X87Y151        LUT5 (Prop_lut5_I3_O)        0.028    -0.442 r  uart/uart_iface_dut/uart_tx_dut/uart_tx_o_OBUF_inst_i_3/O
                         net (fo=1, routed)           0.000    -0.442    uart/uart_iface_dut/uart_tx_dut/uart_tx_o_OBUF_inst_i_3_n_0
    SLICE_X87Y151        MUXF7 (Prop_muxf7_I1_O)      0.051    -0.391 r  uart/uart_iface_dut/uart_tx_dut/uart_tx_o_OBUF_inst_i_1/O
                         net (fo=1, routed)           2.556     2.164    uart_tx_o_OBUF
    Y20                  OBUF (Prop_obuf_I_O)         1.335     3.500 r  uart_tx_o_OBUF_inst/O
                         net (fo=0)                   0.000     3.500    uart_tx_o
    Y20                                                               r  uart_tx_o (OUT)
  -------------------------------------------------------------------    -------------------





--------------------------------------------------------------------------------------
Path Group:  (none)
From Clock:  clkfbout_clk_wiz_0_1
  To Clock:  

Max Delay             1 Endpoint
Min Delay             1 Endpoint
--------------------------------------------------------------------------------------


Max Delay Paths
--------------------------------------------------------------------------------------
Slack:                    inf
  Source:                 dutclk/inst/mmcm_adv_inst/CLKFBOUT
                            (clock source 'clkfbout_clk_wiz_0_1'  {rise@0.000ns fall@25.000ns period=50.000ns})
  Destination:            dutclk/inst/mmcm_adv_inst/CLKFBIN
  Path Group:             (none)
  Path Type:              Max at Fast Process Corner
  Data Path Delay:        2.092ns  (logic 0.030ns (1.434%)  route 2.062ns (98.566%))
  Logic Levels:           1  (BUFG=1)
  Clock Uncertainty:      0.382ns  ((TSJ^2 + DJ^2)^1/2) / 2 + PE
    Total System Jitter     (TSJ):    0.050ns
    Discrete Jitter          (DJ):    0.169ns
    Phase Error              (PE):    0.294ns

    Location             Delay type                Incr(ns)  Path(ns)    Netlist Resource(s)
  -------------------------------------------------------------------    -------------------
                         (clock clkfbout_clk_wiz_0_1 fall edge)
                                                     25.000    25.000 f  
    H9                                                0.000    25.000 f  clk_p (IN)
                         net (fo=0)                   0.000    25.000    dutclk/inst/clk_in1_p
    H9                   IBUFDS (Prop_ibufds_I_O)     0.444    25.444 f  dutclk/inst/clkin1_ibufgds/O
                         net (fo=1, routed)           0.553    25.997    dutclk/inst/clk_in1_clk_wiz_0
  -------------------------------------------------------------------    -------------------
    MMCME2_ADV_X1Y5      MMCME2_ADV (Prop_mmcme2_adv_CLKIN1_CLKFBOUT)
                                                     -3.590    22.407 f  dutclk/inst/mmcm_adv_inst/CLKFBOUT
                         net (fo=1, routed)           1.044    23.451    dutclk/inst/clkfbout_clk_wiz_0
    BUFGCTRL_X0Y17       BUFG (Prop_bufg_I_O)         0.030    23.481 f  dutclk/inst/clkf_buf/O
                         net (fo=1, routed)           1.018    24.499    dutclk/inst/clkfbout_buf_clk_wiz_0
    MMCME2_ADV_X1Y5      MMCME2_ADV                                   f  dutclk/inst/mmcm_adv_inst/CLKFBIN
  -------------------------------------------------------------------    -------------------





Min Delay Paths
--------------------------------------------------------------------------------------
Slack:                    inf
  Source:                 dutclk/inst/mmcm_adv_inst/CLKFBOUT
                            (clock source 'clkfbout_clk_wiz_0_1'  {rise@0.000ns fall@25.000ns period=50.000ns})
  Destination:            dutclk/inst/mmcm_adv_inst/CLKFBIN
  Path Group:             (none)
  Path Type:              Min at Slow Process Corner
  Data Path Delay:        3.399ns  (logic 0.083ns (2.442%)  route 3.316ns (97.558%))
  Logic Levels:           1  (BUFG=1)
  Clock Uncertainty:      0.382ns  ((TSJ^2 + DJ^2)^1/2) / 2 + PE
    Total System Jitter     (TSJ):    0.050ns
    Discrete Jitter          (DJ):    0.169ns
    Phase Error              (PE):    0.294ns

    Location             Delay type                Incr(ns)  Path(ns)    Netlist Resource(s)
  -------------------------------------------------------------------    -------------------
                         (clock clkfbout_clk_wiz_0_1 rise edge)
                                                      0.000     0.000 r  
    H9                                                0.000     0.000 r  clk_p (IN)
                         net (fo=0)                   0.000     0.000    dutclk/inst/clk_in1_p
    H9                   IBUFDS (Prop_ibufds_I_O)     0.778     0.778 r  dutclk/inst/clkin1_ibufgds/O
                         net (fo=1, routed)           0.986     1.764    dutclk/inst/clk_in1_clk_wiz_0
  -------------------------------------------------------------------    -------------------
    MMCME2_ADV_X1Y5      MMCME2_ADV (Prop_mmcme2_adv_CLKIN1_CLKFBOUT)
                                                     -6.516    -4.752 r  dutclk/inst/mmcm_adv_inst/CLKFBOUT
                         net (fo=1, routed)           1.788    -2.964    dutclk/inst/clkfbout_clk_wiz_0
    BUFGCTRL_X0Y17       BUFG (Prop_bufg_I_O)         0.083    -2.881 r  dutclk/inst/clkf_buf/O
                         net (fo=1, routed)           1.528    -1.353    dutclk/inst/clkfbout_buf_clk_wiz_0
    MMCME2_ADV_X1Y5      MMCME2_ADV                                   r  dutclk/inst/mmcm_adv_inst/CLKFBIN
  -------------------------------------------------------------------    -------------------





--------------------------------------------------------------------------------------
Path Group:  (none)
From Clock:  
  To Clock:  clk_out1_clk_wiz_0_1

Max Delay          8082 Endpoints
Min Delay          8082 Endpoints
--------------------------------------------------------------------------------------


Max Delay Paths
--------------------------------------------------------------------------------------
Slack:                    inf
  Source:                 rst_ni
                            (input port)
  Destination:            icache/way0/rline_o_reg[26]/D
                            (rising edge-triggered cell FDRE clocked by clk_out1_clk_wiz_0_1  {rise@0.000ns fall@8.333ns period=16.667ns})
  Path Group:             (none)
  Path Type:              Setup (Max at Slow Process Corner)
  Data Path Delay:        31.588ns  (logic 3.370ns (10.670%)  route 28.217ns (89.330%))
  Logic Levels:           17  (CARRY4=3 IBUF=1 LDCE=1 LUT1=1 LUT3=1 LUT5=2 LUT6=5 MUXF7=3)
  Clock Path Skew:        -1.591ns (DCD - SCD + CPR)
    Destination Clock Delay (DCD):    -1.591ns
    Source Clock Delay      (SCD):    0.000ns
    Clock Pessimism Removal (CPR):    0.000ns
  Clock Uncertainty:      0.424ns  ((TSJ^2 + DJ^2)^1/2) / 2 + PE
    Total System Jitter     (TSJ):    0.050ns
    Discrete Jitter          (DJ):    0.255ns
    Phase Error              (PE):    0.294ns

    Location             Delay type                Incr(ns)  Path(ns)    Netlist Resource(s)
  -------------------------------------------------------------------    -------------------
    AJ13                                              0.000     0.000 f  rst_ni (IN)
                         net (fo=0)                   0.000     0.000    rst_ni
    AJ13                 IBUF (Prop_ibuf_I_O)         1.338     1.338 f  rst_ni_IBUF_inst/O
                         net (fo=166, routed)         5.594     6.932    cv32e40p_core_ip/core_i/id_stage_i/register_file_i/rst_ni_IBUF
    SLICE_X62Y190        LUT1 (Prop_lut1_I0_O)        0.043     6.975 r  cv32e40p_core_ip/core_i/id_stage_i/register_file_i/cpu_addr_q[31]_i_3/O
                         net (fo=6561, routed)       15.002    21.977    cv32e40p_core_ip/core_i/id_stage_i/register_file_i/rst_ni
    SLICE_X114Y148       LDCE (SetClr_ldce_CLR_Q)     0.469    22.446 f  cv32e40p_core_ip/core_i/id_stage_i/register_file_i/mem_reg[18][1]/Q
                         net (fo=2, routed)           0.631    23.077    cv32e40p_core_ip/core_i/id_stage_i/register_file_i/mem_reg_n_0_[18][1]
    SLICE_X116Y148       LUT6 (Prop_lut6_I1_O)        0.043    23.120 f  cv32e40p_core_ip/core_i/id_stage_i/register_file_i/alu_operand_a_ex_o[1]_i_20/O
                         net (fo=1, routed)           0.000    23.120    cv32e40p_core_ip/core_i/id_stage_i/register_file_i/alu_operand_a_ex_o[1]_i_20_n_0
    SLICE_X116Y148       MUXF7 (Prop_muxf7_I0_O)      0.107    23.227 f  cv32e40p_core_ip/core_i/id_stage_i/register_file_i/alu_operand_a_ex_o_reg[1]_i_11/O
                         net (fo=1, routed)           0.548    23.775    cv32e40p_core_ip/core_i/id_stage_i/register_file_i/alu_operand_a_ex_o_reg[1]_i_11_n_0
    SLICE_X118Y146       LUT6 (Prop_lut6_I1_O)        0.124    23.899 f  cv32e40p_core_ip/core_i/id_stage_i/register_file_i/alu_operand_a_ex_o[1]_i_6/O
                         net (fo=3, routed)           0.902    24.800    cv32e40p_core_ip/core_i/if_stage_i/regfile_data_ra_id[1]
    SLICE_X128Y137       LUT6 (Prop_lut6_I3_O)        0.043    24.843 r  cv32e40p_core_ip/core_i/if_stage_i/alu_operand_c_ex_o[3]_i_10/O
                         net (fo=1, routed)           0.000    24.843    cv32e40p_core_ip/core_i/if_stage_i/alu_operand_c_ex_o[3]_i_10_n_0
    SLICE_X128Y137       CARRY4 (Prop_carry4_S[1]_CO[3])
                                                      0.267    25.110 r  cv32e40p_core_ip/core_i/if_stage_i/alu_operand_c_ex_o_reg[3]_i_3/CO[3]
                         net (fo=1, routed)           0.000    25.110    cv32e40p_core_ip/core_i/if_stage_i/alu_operand_c_ex_o_reg[3]_i_3_n_0
    SLICE_X128Y138       CARRY4 (Prop_carry4_CI_CO[3])
                                                      0.053    25.163 r  cv32e40p_core_ip/core_i/if_stage_i/alu_operand_c_ex_o_reg[7]_i_2/CO[3]
                         net (fo=1, routed)           0.000    25.163    cv32e40p_core_ip/core_i/if_stage_i/alu_operand_c_ex_o_reg[7]_i_2_n_0
    SLICE_X128Y139       CARRY4 (Prop_carry4_CI_O[1])
                                                      0.166    25.329 r  cv32e40p_core_ip/core_i/if_stage_i/alu_operand_c_ex_o_reg[11]_i_2/O[1]
                         net (fo=3, routed)           0.710    26.040    cv32e40p_core_ip/core_i/id_stage_i/controller_i/jump_target_id[8]
    SLICE_X130Y128       LUT5 (Prop_lut5_I1_O)        0.123    26.163 r  cv32e40p_core_ip/core_i/id_stage_i/controller_i/cpu_addr_q[9]_i_4/O
                         net (fo=1, routed)           0.000    26.163    cv32e40p_core_ip/core_i/id_stage_i/controller_i/cpu_addr_q[9]_i_4_n_0
    SLICE_X130Y128       MUXF7 (Prop_muxf7_I0_O)      0.107    26.270 r  cv32e40p_core_ip/core_i/id_stage_i/controller_i/cpu_addr_q_reg[9]_i_2/O
                         net (fo=3, routed)           0.948    27.217    cv32e40p_core_ip/core_i/if_stage_i/prefetch_buffer_i/instruction_obi_i/gen_no_trans_stable.obi_addr_q_reg[9]_0
    SLICE_X120Y118       LUT5 (Prop_lut5_I2_O)        0.124    27.341 r  cv32e40p_core_ip/core_i/if_stage_i/prefetch_buffer_i/instruction_obi_i/cpu_addr_q[9]_i_1/O
                         net (fo=3, routed)           0.353    27.695    icache/way0/rline_o[63]_i_3[1]
    SLICE_X114Y118       LUT3 (Prop_lut3_I0_O)        0.043    27.738 r  icache/way0/lines_reg_0_127_0_0_i_3/O
                         net (fo=593, routed)         1.673    29.410    icache/way0/lines_reg_0_127_26_26/DPRA6
    SLICE_X96Y48         MUXF7 (Prop_muxf7_S_O)       0.154    29.564 r  icache/way0/lines_reg_0_127_26_26/F7.DP/O
                         net (fo=1, routed)           1.001    30.566    icache/way0/lines_reg_0_127_26_26_n_0
    SLICE_X98Y75         LUT6 (Prop_lut6_I5_O)        0.123    30.689 r  icache/way0/rline_o[26]_i_2__0/O
                         net (fo=1, routed)           0.856    31.545    icache/way0/rline_o[26]_i_2__0_n_0
    SLICE_X98Y93         LUT6 (Prop_lut6_I5_O)        0.043    31.588 r  icache/way0/rline_o[26]_i_1__2/O
                         net (fo=1, routed)           0.000    31.588    icache/way0/rline_o[26]_i_1__2_n_0
    SLICE_X98Y93         FDRE                                         r  icache/way0/rline_o_reg[26]/D
  -------------------------------------------------------------------    -------------------

                         (clock clk_out1_clk_wiz_0_1 rise edge)
                                                      0.000     0.000 r  
    H9                                                0.000     0.000 r  clk_p (IN)
                         net (fo=0)                   0.000     0.000    dutclk/inst/clk_in1_p
    H9                   IBUFDS (Prop_ibufds_I_O)     0.778     0.778 r  dutclk/inst/clkin1_ibufgds/O
                         net (fo=1, routed)           0.986     1.764    dutclk/inst/clk_in1_clk_wiz_0
    MMCME2_ADV_X1Y5      MMCME2_ADV (Prop_mmcme2_adv_CLKIN1_CLKOUT0)
                                                     -6.516    -4.752 r  dutclk/inst/mmcm_adv_inst/CLKOUT0
                         net (fo=1, routed)           1.788    -2.964    dutclk/inst/clk_out1_clk_wiz_0
    BUFGCTRL_X0Y16       BUFG (Prop_bufg_I_O)         0.083    -2.881 r  dutclk/inst/clkout1_buf/O
                         net (fo=11462, routed)       1.290    -1.591    icache/way0/clk_i
    SLICE_X98Y93         FDRE                                         r  icache/way0/rline_o_reg[26]/C

Slack:                    inf
  Source:                 rst_ni
                            (input port)
  Destination:            icache/way1/rline_o_reg[25]/D
                            (rising edge-triggered cell FDRE clocked by clk_out1_clk_wiz_0_1  {rise@0.000ns fall@8.333ns period=16.667ns})
  Path Group:             (none)
  Path Type:              Setup (Max at Slow Process Corner)
  Data Path Delay:        31.359ns  (logic 3.067ns (9.782%)  route 28.291ns (90.218%))
  Logic Levels:           16  (CARRY4=2 IBUF=1 LDCE=1 LUT1=1 LUT6=8 MUXF7=2 RAMD64E=1)
  Clock Path Skew:        -1.593ns (DCD - SCD + CPR)
    Destination Clock Delay (DCD):    -1.593ns
    Source Clock Delay      (SCD):    0.000ns
    Clock Pessimism Removal (CPR):    0.000ns
  Clock Uncertainty:      0.424ns  ((TSJ^2 + DJ^2)^1/2) / 2 + PE
    Total System Jitter     (TSJ):    0.050ns
    Discrete Jitter          (DJ):    0.255ns
    Phase Error              (PE):    0.294ns

    Location             Delay type                Incr(ns)  Path(ns)    Netlist Resource(s)
  -------------------------------------------------------------------    -------------------
    AJ13                                              0.000     0.000 f  rst_ni (IN)
                         net (fo=0)                   0.000     0.000    rst_ni
    AJ13                 IBUF (Prop_ibuf_I_O)         1.338     1.338 f  rst_ni_IBUF_inst/O
                         net (fo=166, routed)         5.594     6.932    cv32e40p_core_ip/core_i/id_stage_i/register_file_i/rst_ni_IBUF
    SLICE_X62Y190        LUT1 (Prop_lut1_I0_O)        0.043     6.975 r  cv32e40p_core_ip/core_i/id_stage_i/register_file_i/cpu_addr_q[31]_i_3/O
                         net (fo=6561, routed)       15.002    21.977    cv32e40p_core_ip/core_i/id_stage_i/register_file_i/rst_ni
    SLICE_X114Y148       LDCE (SetClr_ldce_CLR_Q)     0.469    22.446 f  cv32e40p_core_ip/core_i/id_stage_i/register_file_i/mem_reg[18][1]/Q
                         net (fo=2, routed)           0.631    23.077    cv32e40p_core_ip/core_i/id_stage_i/register_file_i/mem_reg_n_0_[18][1]
    SLICE_X116Y148       LUT6 (Prop_lut6_I1_O)        0.043    23.120 f  cv32e40p_core_ip/core_i/id_stage_i/register_file_i/alu_operand_a_ex_o[1]_i_20/O
                         net (fo=1, routed)           0.000    23.120    cv32e40p_core_ip/core_i/id_stage_i/register_file_i/alu_operand_a_ex_o[1]_i_20_n_0
    SLICE_X116Y148       MUXF7 (Prop_muxf7_I0_O)      0.107    23.227 f  cv32e40p_core_ip/core_i/id_stage_i/register_file_i/alu_operand_a_ex_o_reg[1]_i_11/O
                         net (fo=1, routed)           0.548    23.775    cv32e40p_core_ip/core_i/id_stage_i/register_file_i/alu_operand_a_ex_o_reg[1]_i_11_n_0
    SLICE_X118Y146       LUT6 (Prop_lut6_I1_O)        0.124    23.899 f  cv32e40p_core_ip/core_i/id_stage_i/register_file_i/alu_operand_a_ex_o[1]_i_6/O
                         net (fo=3, routed)           0.902    24.800    cv32e40p_core_ip/core_i/if_stage_i/regfile_data_ra_id[1]
    SLICE_X128Y137       LUT6 (Prop_lut6_I3_O)        0.043    24.843 r  cv32e40p_core_ip/core_i/if_stage_i/alu_operand_c_ex_o[3]_i_10/O
                         net (fo=1, routed)           0.000    24.843    cv32e40p_core_ip/core_i/if_stage_i/alu_operand_c_ex_o[3]_i_10_n_0
    SLICE_X128Y137       CARRY4 (Prop_carry4_S[1]_CO[3])
                                                      0.267    25.110 r  cv32e40p_core_ip/core_i/if_stage_i/alu_operand_c_ex_o_reg[3]_i_3/CO[3]
                         net (fo=1, routed)           0.000    25.110    cv32e40p_core_ip/core_i/if_stage_i/alu_operand_c_ex_o_reg[3]_i_3_n_0
    SLICE_X128Y138       CARRY4 (Prop_carry4_CI_O[0])
                                                      0.111    25.221 r  cv32e40p_core_ip/core_i/if_stage_i/alu_operand_c_ex_o_reg[7]_i_2/O[0]
                         net (fo=3, routed)           0.716    25.937    cv32e40p_core_ip/core_i/id_stage_i/controller_i/jump_target_id[3]
    SLICE_X129Y128       LUT6 (Prop_lut6_I3_O)        0.124    26.061 r  cv32e40p_core_ip/core_i/id_stage_i/controller_i/cpu_addr_q[4]_i_4/O
                         net (fo=1, routed)           0.240    26.301    cv32e40p_core_ip/core_i/id_stage_i/controller_i/cpu_addr_q[4]_i_4_n_0
    SLICE_X130Y127       LUT6 (Prop_lut6_I0_O)        0.043    26.344 r  cv32e40p_core_ip/core_i/id_stage_i/controller_i/cpu_addr_q[4]_i_2/O
                         net (fo=4, routed)           1.160    27.504    cv32e40p_core_ip/core_i/if_stage_i/prefetch_buffer_i/instruction_obi_i/gen_no_trans_stable.obi_addr_q_reg[4]_0
    SLICE_X103Y104       LUT6 (Prop_lut6_I2_O)        0.043    27.547 r  cv32e40p_core_ip/core_i/if_stage_i/prefetch_buffer_i/instruction_obi_i/tags_reg_0_63_0_2_i_6__0/O
                         net (fo=1361, routed)        1.916    29.463    icache/way1/lines_reg_256_383_25_25/DPRA1
    SLICE_X96Y67         RAMD64E (Prop_ramd64e_RADR1_O)
                                                      0.043    29.506 r  icache/way1/lines_reg_256_383_25_25/DP.HIGH/O
                         net (fo=1, routed)           0.000    29.506    icache/way1/lines_reg_256_383_25_25/DPO1
    SLICE_X96Y67         MUXF7 (Prop_muxf7_I1_O)      0.103    29.609 r  icache/way1/lines_reg_256_383_25_25/F7.DP/O
                         net (fo=1, routed)           0.778    30.387    icache/way1/lines_reg_256_383_25_25_n_0
    SLICE_X97Y79         LUT6 (Prop_lut6_I1_O)        0.123    30.510 r  icache/way1/rline_o[25]_i_2/O
                         net (fo=1, routed)           0.806    31.316    icache/way1/rline_o[25]_i_2_n_0
    SLICE_X97Y96         LUT6 (Prop_lut6_I5_O)        0.043    31.359 r  icache/way1/rline_o[25]_i_1__1/O
                         net (fo=1, routed)           0.000    31.359    icache/way1/rline_o[25]_i_1__1_n_0
    SLICE_X97Y96         FDRE                                         r  icache/way1/rline_o_reg[25]/D
  -------------------------------------------------------------------    -------------------

                         (clock clk_out1_clk_wiz_0_1 rise edge)
                                                      0.000     0.000 r  
    H9                                                0.000     0.000 r  clk_p (IN)
                         net (fo=0)                   0.000     0.000    dutclk/inst/clk_in1_p
    H9                   IBUFDS (Prop_ibufds_I_O)     0.778     0.778 r  dutclk/inst/clkin1_ibufgds/O
                         net (fo=1, routed)           0.986     1.764    dutclk/inst/clk_in1_clk_wiz_0
    MMCME2_ADV_X1Y5      MMCME2_ADV (Prop_mmcme2_adv_CLKIN1_CLKOUT0)
                                                     -6.516    -4.752 r  dutclk/inst/mmcm_adv_inst/CLKOUT0
                         net (fo=1, routed)           1.788    -2.964    dutclk/inst/clk_out1_clk_wiz_0
    BUFGCTRL_X0Y16       BUFG (Prop_bufg_I_O)         0.083    -2.881 r  dutclk/inst/clkout1_buf/O
                         net (fo=11462, routed)       1.288    -1.593    icache/way1/clk_i
    SLICE_X97Y96         FDRE                                         r  icache/way1/rline_o_reg[25]/C

Slack:                    inf
  Source:                 rst_ni
                            (input port)
  Destination:            icache/way0/rline_o_reg[31]/D
                            (rising edge-triggered cell FDRE clocked by clk_out1_clk_wiz_0_1  {rise@0.000ns fall@8.333ns period=16.667ns})
  Path Group:             (none)
  Path Type:              Setup (Max at Slow Process Corner)
  Data Path Delay:        31.292ns  (logic 3.067ns (9.803%)  route 28.224ns (90.197%))
  Logic Levels:           16  (CARRY4=2 IBUF=1 LDCE=1 LUT1=1 LUT6=8 MUXF7=2 RAMD64E=1)
  Clock Path Skew:        -1.590ns (DCD - SCD + CPR)
    Destination Clock Delay (DCD):    -1.590ns
    Source Clock Delay      (SCD):    0.000ns
    Clock Pessimism Removal (CPR):    0.000ns
  Clock Uncertainty:      0.424ns  ((TSJ^2 + DJ^2)^1/2) / 2 + PE
    Total System Jitter     (TSJ):    0.050ns
    Discrete Jitter          (DJ):    0.255ns
    Phase Error              (PE):    0.294ns

    Location             Delay type                Incr(ns)  Path(ns)    Netlist Resource(s)
  -------------------------------------------------------------------    -------------------
    AJ13                                              0.000     0.000 f  rst_ni (IN)
                         net (fo=0)                   0.000     0.000    rst_ni
    AJ13                 IBUF (Prop_ibuf_I_O)         1.338     1.338 f  rst_ni_IBUF_inst/O
                         net (fo=166, routed)         5.594     6.932    cv32e40p_core_ip/core_i/id_stage_i/register_file_i/rst_ni_IBUF
    SLICE_X62Y190        LUT1 (Prop_lut1_I0_O)        0.043     6.975 r  cv32e40p_core_ip/core_i/id_stage_i/register_file_i/cpu_addr_q[31]_i_3/O
                         net (fo=6561, routed)       15.002    21.977    cv32e40p_core_ip/core_i/id_stage_i/register_file_i/rst_ni
    SLICE_X114Y148       LDCE (SetClr_ldce_CLR_Q)     0.469    22.446 f  cv32e40p_core_ip/core_i/id_stage_i/register_file_i/mem_reg[18][1]/Q
                         net (fo=2, routed)           0.631    23.077    cv32e40p_core_ip/core_i/id_stage_i/register_file_i/mem_reg_n_0_[18][1]
    SLICE_X116Y148       LUT6 (Prop_lut6_I1_O)        0.043    23.120 f  cv32e40p_core_ip/core_i/id_stage_i/register_file_i/alu_operand_a_ex_o[1]_i_20/O
                         net (fo=1, routed)           0.000    23.120    cv32e40p_core_ip/core_i/id_stage_i/register_file_i/alu_operand_a_ex_o[1]_i_20_n_0
    SLICE_X116Y148       MUXF7 (Prop_muxf7_I0_O)      0.107    23.227 f  cv32e40p_core_ip/core_i/id_stage_i/register_file_i/alu_operand_a_ex_o_reg[1]_i_11/O
                         net (fo=1, routed)           0.548    23.775    cv32e40p_core_ip/core_i/id_stage_i/register_file_i/alu_operand_a_ex_o_reg[1]_i_11_n_0
    SLICE_X118Y146       LUT6 (Prop_lut6_I1_O)        0.124    23.899 f  cv32e40p_core_ip/core_i/id_stage_i/register_file_i/alu_operand_a_ex_o[1]_i_6/O
                         net (fo=3, routed)           0.902    24.800    cv32e40p_core_ip/core_i/if_stage_i/regfile_data_ra_id[1]
    SLICE_X128Y137       LUT6 (Prop_lut6_I3_O)        0.043    24.843 r  cv32e40p_core_ip/core_i/if_stage_i/alu_operand_c_ex_o[3]_i_10/O
                         net (fo=1, routed)           0.000    24.843    cv32e40p_core_ip/core_i/if_stage_i/alu_operand_c_ex_o[3]_i_10_n_0
    SLICE_X128Y137       CARRY4 (Prop_carry4_S[1]_CO[3])
                                                      0.267    25.110 r  cv32e40p_core_ip/core_i/if_stage_i/alu_operand_c_ex_o_reg[3]_i_3/CO[3]
                         net (fo=1, routed)           0.000    25.110    cv32e40p_core_ip/core_i/if_stage_i/alu_operand_c_ex_o_reg[3]_i_3_n_0
    SLICE_X128Y138       CARRY4 (Prop_carry4_CI_O[0])
                                                      0.111    25.221 r  cv32e40p_core_ip/core_i/if_stage_i/alu_operand_c_ex_o_reg[7]_i_2/O[0]
                         net (fo=3, routed)           0.716    25.937    cv32e40p_core_ip/core_i/id_stage_i/controller_i/jump_target_id[3]
    SLICE_X129Y128       LUT6 (Prop_lut6_I3_O)        0.124    26.061 r  cv32e40p_core_ip/core_i/id_stage_i/controller_i/cpu_addr_q[4]_i_4/O
                         net (fo=1, routed)           0.240    26.301    cv32e40p_core_ip/core_i/id_stage_i/controller_i/cpu_addr_q[4]_i_4_n_0
    SLICE_X130Y127       LUT6 (Prop_lut6_I0_O)        0.043    26.344 r  cv32e40p_core_ip/core_i/id_stage_i/controller_i/cpu_addr_q[4]_i_2/O
                         net (fo=4, routed)           1.160    27.504    cv32e40p_core_ip/core_i/if_stage_i/prefetch_buffer_i/instruction_obi_i/gen_no_trans_stable.obi_addr_q_reg[4]_0
    SLICE_X103Y104       LUT6 (Prop_lut6_I2_O)        0.043    27.547 r  cv32e40p_core_ip/core_i/if_stage_i/prefetch_buffer_i/instruction_obi_i/tags_reg_0_63_0_2_i_6__0/O
                         net (fo=1361, routed)        2.034    29.580    icache/way0/lines_reg_0_127_31_31/DPRA1
    SLICE_X100Y54        RAMD64E (Prop_ramd64e_RADR1_O)
                                                      0.043    29.623 r  icache/way0/lines_reg_0_127_31_31/DP.HIGH/O
                         net (fo=1, routed)           0.000    29.623    icache/way0/lines_reg_0_127_31_31/DPO1
    SLICE_X100Y54        MUXF7 (Prop_muxf7_I1_O)      0.103    29.726 r  icache/way0/lines_reg_0_127_31_31/F7.DP/O
                         net (fo=1, routed)           0.726    30.453    icache/way0/lines_reg_0_127_31_31_n_0
    SLICE_X104Y71        LUT6 (Prop_lut6_I5_O)        0.123    30.576 r  icache/way0/rline_o[31]_i_2__0/O
                         net (fo=1, routed)           0.673    31.249    icache/way0/rline_o[31]_i_2__0_n_0
    SLICE_X106Y87        LUT6 (Prop_lut6_I5_O)        0.043    31.292 r  icache/way0/rline_o[31]_i_1__2/O
                         net (fo=1, routed)           0.000    31.292    icache/way0/rline_o[31]_i_1__2_n_0
    SLICE_X106Y87        FDRE                                         r  icache/way0/rline_o_reg[31]/D
  -------------------------------------------------------------------    -------------------

                         (clock clk_out1_clk_wiz_0_1 rise edge)
                                                      0.000     0.000 r  
    H9                                                0.000     0.000 r  clk_p (IN)
                         net (fo=0)                   0.000     0.000    dutclk/inst/clk_in1_p
    H9                   IBUFDS (Prop_ibufds_I_O)     0.778     0.778 r  dutclk/inst/clkin1_ibufgds/O
                         net (fo=1, routed)           0.986     1.764    dutclk/inst/clk_in1_clk_wiz_0
    MMCME2_ADV_X1Y5      MMCME2_ADV (Prop_mmcme2_adv_CLKIN1_CLKOUT0)
                                                     -6.516    -4.752 r  dutclk/inst/mmcm_adv_inst/CLKOUT0
                         net (fo=1, routed)           1.788    -2.964    dutclk/inst/clk_out1_clk_wiz_0
    BUFGCTRL_X0Y16       BUFG (Prop_bufg_I_O)         0.083    -2.881 r  dutclk/inst/clkout1_buf/O
                         net (fo=11462, routed)       1.291    -1.590    icache/way0/clk_i
    SLICE_X106Y87        FDRE                                         r  icache/way0/rline_o_reg[31]/C

Slack:                    inf
  Source:                 rst_ni
                            (input port)
  Destination:            icache/way1/rline_o_reg[18]/D
                            (rising edge-triggered cell FDRE clocked by clk_out1_clk_wiz_0_1  {rise@0.000ns fall@8.333ns period=16.667ns})
  Path Group:             (none)
  Path Type:              Setup (Max at Slow Process Corner)
  Data Path Delay:        31.185ns  (logic 3.370ns (10.808%)  route 27.815ns (89.192%))
  Logic Levels:           17  (CARRY4=3 IBUF=1 LDCE=1 LUT1=1 LUT3=1 LUT5=2 LUT6=5 MUXF7=3)
  Clock Path Skew:        -1.606ns (DCD - SCD + CPR)
    Destination Clock Delay (DCD):    -1.606ns
    Source Clock Delay      (SCD):    0.000ns
    Clock Pessimism Removal (CPR):    0.000ns
  Clock Uncertainty:      0.424ns  ((TSJ^2 + DJ^2)^1/2) / 2 + PE
    Total System Jitter     (TSJ):    0.050ns
    Discrete Jitter          (DJ):    0.255ns
    Phase Error              (PE):    0.294ns

    Location             Delay type                Incr(ns)  Path(ns)    Netlist Resource(s)
  -------------------------------------------------------------------    -------------------
    AJ13                                              0.000     0.000 f  rst_ni (IN)
                         net (fo=0)                   0.000     0.000    rst_ni
    AJ13                 IBUF (Prop_ibuf_I_O)         1.338     1.338 f  rst_ni_IBUF_inst/O
                         net (fo=166, routed)         5.594     6.932    cv32e40p_core_ip/core_i/id_stage_i/register_file_i/rst_ni_IBUF
    SLICE_X62Y190        LUT1 (Prop_lut1_I0_O)        0.043     6.975 r  cv32e40p_core_ip/core_i/id_stage_i/register_file_i/cpu_addr_q[31]_i_3/O
                         net (fo=6561, routed)       15.002    21.977    cv32e40p_core_ip/core_i/id_stage_i/register_file_i/rst_ni
    SLICE_X114Y148       LDCE (SetClr_ldce_CLR_Q)     0.469    22.446 f  cv32e40p_core_ip/core_i/id_stage_i/register_file_i/mem_reg[18][1]/Q
                         net (fo=2, routed)           0.631    23.077    cv32e40p_core_ip/core_i/id_stage_i/register_file_i/mem_reg_n_0_[18][1]
    SLICE_X116Y148       LUT6 (Prop_lut6_I1_O)        0.043    23.120 f  cv32e40p_core_ip/core_i/id_stage_i/register_file_i/alu_operand_a_ex_o[1]_i_20/O
                         net (fo=1, routed)           0.000    23.120    cv32e40p_core_ip/core_i/id_stage_i/register_file_i/alu_operand_a_ex_o[1]_i_20_n_0
    SLICE_X116Y148       MUXF7 (Prop_muxf7_I0_O)      0.107    23.227 f  cv32e40p_core_ip/core_i/id_stage_i/register_file_i/alu_operand_a_ex_o_reg[1]_i_11/O
                         net (fo=1, routed)           0.548    23.775    cv32e40p_core_ip/core_i/id_stage_i/register_file_i/alu_operand_a_ex_o_reg[1]_i_11_n_0
    SLICE_X118Y146       LUT6 (Prop_lut6_I1_O)        0.124    23.899 f  cv32e40p_core_ip/core_i/id_stage_i/register_file_i/alu_operand_a_ex_o[1]_i_6/O
                         net (fo=3, routed)           0.902    24.800    cv32e40p_core_ip/core_i/if_stage_i/regfile_data_ra_id[1]
    SLICE_X128Y137       LUT6 (Prop_lut6_I3_O)        0.043    24.843 r  cv32e40p_core_ip/core_i/if_stage_i/alu_operand_c_ex_o[3]_i_10/O
                         net (fo=1, routed)           0.000    24.843    cv32e40p_core_ip/core_i/if_stage_i/alu_operand_c_ex_o[3]_i_10_n_0
    SLICE_X128Y137       CARRY4 (Prop_carry4_S[1]_CO[3])
                                                      0.267    25.110 r  cv32e40p_core_ip/core_i/if_stage_i/alu_operand_c_ex_o_reg[3]_i_3/CO[3]
                         net (fo=1, routed)           0.000    25.110    cv32e40p_core_ip/core_i/if_stage_i/alu_operand_c_ex_o_reg[3]_i_3_n_0
    SLICE_X128Y138       CARRY4 (Prop_carry4_CI_CO[3])
                                                      0.053    25.163 r  cv32e40p_core_ip/core_i/if_stage_i/alu_operand_c_ex_o_reg[7]_i_2/CO[3]
                         net (fo=1, routed)           0.000    25.163    cv32e40p_core_ip/core_i/if_stage_i/alu_operand_c_ex_o_reg[7]_i_2_n_0
    SLICE_X128Y139       CARRY4 (Prop_carry4_CI_O[1])
                                                      0.166    25.329 r  cv32e40p_core_ip/core_i/if_stage_i/alu_operand_c_ex_o_reg[11]_i_2/O[1]
                         net (fo=3, routed)           0.710    26.040    cv32e40p_core_ip/core_i/id_stage_i/controller_i/jump_target_id[8]
    SLICE_X130Y128       LUT5 (Prop_lut5_I1_O)        0.123    26.163 r  cv32e40p_core_ip/core_i/id_stage_i/controller_i/cpu_addr_q[9]_i_4/O
                         net (fo=1, routed)           0.000    26.163    cv32e40p_core_ip/core_i/id_stage_i/controller_i/cpu_addr_q[9]_i_4_n_0
    SLICE_X130Y128       MUXF7 (Prop_muxf7_I0_O)      0.107    26.270 r  cv32e40p_core_ip/core_i/id_stage_i/controller_i/cpu_addr_q_reg[9]_i_2/O
                         net (fo=3, routed)           0.948    27.217    cv32e40p_core_ip/core_i/if_stage_i/prefetch_buffer_i/instruction_obi_i/gen_no_trans_stable.obi_addr_q_reg[9]_0
    SLICE_X120Y118       LUT5 (Prop_lut5_I2_O)        0.124    27.341 r  cv32e40p_core_ip/core_i/if_stage_i/prefetch_buffer_i/instruction_obi_i/cpu_addr_q[9]_i_1/O
                         net (fo=3, routed)           0.353    27.695    icache/way0/rline_o[63]_i_3[1]
    SLICE_X114Y118       LUT3 (Prop_lut3_I0_O)        0.043    27.738 r  icache/way0/lines_reg_0_127_0_0_i_3/O
                         net (fo=593, routed)         1.836    29.574    icache/way1/lines_reg_384_511_18_18/DPRA6
    SLICE_X74Y72         MUXF7 (Prop_muxf7_S_O)       0.154    29.728 r  icache/way1/lines_reg_384_511_18_18/F7.DP/O
                         net (fo=1, routed)           0.582    30.310    icache/way1/lines_reg_384_511_18_18_n_0
    SLICE_X71Y75         LUT6 (Prop_lut6_I0_O)        0.123    30.433 r  icache/way1/rline_o[18]_i_2/O
                         net (fo=1, routed)           0.709    31.142    icache/way1/rline_o[18]_i_2_n_0
    SLICE_X77Y87         LUT6 (Prop_lut6_I5_O)        0.043    31.185 r  icache/way1/rline_o[18]_i_1__1/O
                         net (fo=1, routed)           0.000    31.185    icache/way1/rline_o[18]_i_1__1_n_0
    SLICE_X77Y87         FDRE                                         r  icache/way1/rline_o_reg[18]/D
  -------------------------------------------------------------------    -------------------

                         (clock clk_out1_clk_wiz_0_1 rise edge)
                                                      0.000     0.000 r  
    H9                                                0.000     0.000 r  clk_p (IN)
                         net (fo=0)                   0.000     0.000    dutclk/inst/clk_in1_p
    H9                   IBUFDS (Prop_ibufds_I_O)     0.778     0.778 r  dutclk/inst/clkin1_ibufgds/O
                         net (fo=1, routed)           0.986     1.764    dutclk/inst/clk_in1_clk_wiz_0
    MMCME2_ADV_X1Y5      MMCME2_ADV (Prop_mmcme2_adv_CLKIN1_CLKOUT0)
                                                     -6.516    -4.752 r  dutclk/inst/mmcm_adv_inst/CLKOUT0
                         net (fo=1, routed)           1.788    -2.964    dutclk/inst/clk_out1_clk_wiz_0
    BUFGCTRL_X0Y16       BUFG (Prop_bufg_I_O)         0.083    -2.881 r  dutclk/inst/clkout1_buf/O
                         net (fo=11462, routed)       1.275    -1.606    icache/way1/clk_i
    SLICE_X77Y87         FDRE                                         r  icache/way1/rline_o_reg[18]/C

Slack:                    inf
  Source:                 rst_ni
                            (input port)
  Destination:            icache/way1/rline_o_reg[26]/D
                            (rising edge-triggered cell FDRE clocked by clk_out1_clk_wiz_0_1  {rise@0.000ns fall@8.333ns period=16.667ns})
  Path Group:             (none)
  Path Type:              Setup (Max at Slow Process Corner)
  Data Path Delay:        31.118ns  (logic 3.067ns (9.858%)  route 28.050ns (90.142%))
  Logic Levels:           16  (CARRY4=2 IBUF=1 LDCE=1 LUT1=1 LUT6=8 MUXF7=2 RAMD64E=1)
  Clock Path Skew:        -1.591ns (DCD - SCD + CPR)
    Destination Clock Delay (DCD):    -1.591ns
    Source Clock Delay      (SCD):    0.000ns
    Clock Pessimism Removal (CPR):    0.000ns
  Clock Uncertainty:      0.424ns  ((TSJ^2 + DJ^2)^1/2) / 2 + PE
    Total System Jitter     (TSJ):    0.050ns
    Discrete Jitter          (DJ):    0.255ns
    Phase Error              (PE):    0.294ns

    Location             Delay type                Incr(ns)  Path(ns)    Netlist Resource(s)
  -------------------------------------------------------------------    -------------------
    AJ13                                              0.000     0.000 f  rst_ni (IN)
                         net (fo=0)                   0.000     0.000    rst_ni
    AJ13                 IBUF (Prop_ibuf_I_O)         1.338     1.338 f  rst_ni_IBUF_inst/O
                         net (fo=166, routed)         5.594     6.932    cv32e40p_core_ip/core_i/id_stage_i/register_file_i/rst_ni_IBUF
    SLICE_X62Y190        LUT1 (Prop_lut1_I0_O)        0.043     6.975 r  cv32e40p_core_ip/core_i/id_stage_i/register_file_i/cpu_addr_q[31]_i_3/O
                         net (fo=6561, routed)       15.002    21.977    cv32e40p_core_ip/core_i/id_stage_i/register_file_i/rst_ni
    SLICE_X114Y148       LDCE (SetClr_ldce_CLR_Q)     0.469    22.446 f  cv32e40p_core_ip/core_i/id_stage_i/register_file_i/mem_reg[18][1]/Q
                         net (fo=2, routed)           0.631    23.077    cv32e40p_core_ip/core_i/id_stage_i/register_file_i/mem_reg_n_0_[18][1]
    SLICE_X116Y148       LUT6 (Prop_lut6_I1_O)        0.043    23.120 f  cv32e40p_core_ip/core_i/id_stage_i/register_file_i/alu_operand_a_ex_o[1]_i_20/O
                         net (fo=1, routed)           0.000    23.120    cv32e40p_core_ip/core_i/id_stage_i/register_file_i/alu_operand_a_ex_o[1]_i_20_n_0
    SLICE_X116Y148       MUXF7 (Prop_muxf7_I0_O)      0.107    23.227 f  cv32e40p_core_ip/core_i/id_stage_i/register_file_i/alu_operand_a_ex_o_reg[1]_i_11/O
                         net (fo=1, routed)           0.548    23.775    cv32e40p_core_ip/core_i/id_stage_i/register_file_i/alu_operand_a_ex_o_reg[1]_i_11_n_0
    SLICE_X118Y146       LUT6 (Prop_lut6_I1_O)        0.124    23.899 f  cv32e40p_core_ip/core_i/id_stage_i/register_file_i/alu_operand_a_ex_o[1]_i_6/O
                         net (fo=3, routed)           0.902    24.800    cv32e40p_core_ip/core_i/if_stage_i/regfile_data_ra_id[1]
    SLICE_X128Y137       LUT6 (Prop_lut6_I3_O)        0.043    24.843 r  cv32e40p_core_ip/core_i/if_stage_i/alu_operand_c_ex_o[3]_i_10/O
                         net (fo=1, routed)           0.000    24.843    cv32e40p_core_ip/core_i/if_stage_i/alu_operand_c_ex_o[3]_i_10_n_0
    SLICE_X128Y137       CARRY4 (Prop_carry4_S[1]_CO[3])
                                                      0.267    25.110 r  cv32e40p_core_ip/core_i/if_stage_i/alu_operand_c_ex_o_reg[3]_i_3/CO[3]
                         net (fo=1, routed)           0.000    25.110    cv32e40p_core_ip/core_i/if_stage_i/alu_operand_c_ex_o_reg[3]_i_3_n_0
    SLICE_X128Y138       CARRY4 (Prop_carry4_CI_O[0])
                                                      0.111    25.221 r  cv32e40p_core_ip/core_i/if_stage_i/alu_operand_c_ex_o_reg[7]_i_2/O[0]
                         net (fo=3, routed)           0.716    25.937    cv32e40p_core_ip/core_i/id_stage_i/controller_i/jump_target_id[3]
    SLICE_X129Y128       LUT6 (Prop_lut6_I3_O)        0.124    26.061 r  cv32e40p_core_ip/core_i/id_stage_i/controller_i/cpu_addr_q[4]_i_4/O
                         net (fo=1, routed)           0.240    26.301    cv32e40p_core_ip/core_i/id_stage_i/controller_i/cpu_addr_q[4]_i_4_n_0
    SLICE_X130Y127       LUT6 (Prop_lut6_I0_O)        0.043    26.344 r  cv32e40p_core_ip/core_i/id_stage_i/controller_i/cpu_addr_q[4]_i_2/O
                         net (fo=4, routed)           1.160    27.504    cv32e40p_core_ip/core_i/if_stage_i/prefetch_buffer_i/instruction_obi_i/gen_no_trans_stable.obi_addr_q_reg[4]_0
    SLICE_X103Y104       LUT6 (Prop_lut6_I2_O)        0.043    27.547 r  cv32e40p_core_ip/core_i/if_stage_i/prefetch_buffer_i/instruction_obi_i/tags_reg_0_63_0_2_i_6__0/O
                         net (fo=1361, routed)        1.806    29.353    icache/way1/lines_reg_256_383_26_26/DPRA1
    SLICE_X102Y58        RAMD64E (Prop_ramd64e_RADR1_O)
                                                      0.043    29.396 r  icache/way1/lines_reg_256_383_26_26/DP.HIGH/O
                         net (fo=1, routed)           0.000    29.396    icache/way1/lines_reg_256_383_26_26/DPO1
    SLICE_X102Y58        MUXF7 (Prop_muxf7_I1_O)      0.103    29.499 r  icache/way1/lines_reg_256_383_26_26/F7.DP/O
                         net (fo=1, routed)           0.879    30.378    icache/way1/lines_reg_256_383_26_26_n_0
    SLICE_X101Y81        LUT6 (Prop_lut6_I1_O)        0.123    30.501 r  icache/way1/rline_o[26]_i_2/O
                         net (fo=1, routed)           0.574    31.075    icache/way1/rline_o[26]_i_2_n_0
    SLICE_X99Y93         LUT6 (Prop_lut6_I5_O)        0.043    31.118 r  icache/way1/rline_o[26]_i_1__1/O
                         net (fo=1, routed)           0.000    31.118    icache/way1/rline_o[26]_i_1__1_n_0
    SLICE_X99Y93         FDRE                                         r  icache/way1/rline_o_reg[26]/D
  -------------------------------------------------------------------    -------------------

                         (clock clk_out1_clk_wiz_0_1 rise edge)
                                                      0.000     0.000 r  
    H9                                                0.000     0.000 r  clk_p (IN)
                         net (fo=0)                   0.000     0.000    dutclk/inst/clk_in1_p
    H9                   IBUFDS (Prop_ibufds_I_O)     0.778     0.778 r  dutclk/inst/clkin1_ibufgds/O
                         net (fo=1, routed)           0.986     1.764    dutclk/inst/clk_in1_clk_wiz_0
    MMCME2_ADV_X1Y5      MMCME2_ADV (Prop_mmcme2_adv_CLKIN1_CLKOUT0)
                                                     -6.516    -4.752 r  dutclk/inst/mmcm_adv_inst/CLKOUT0
                         net (fo=1, routed)           1.788    -2.964    dutclk/inst/clk_out1_clk_wiz_0
    BUFGCTRL_X0Y16       BUFG (Prop_bufg_I_O)         0.083    -2.881 r  dutclk/inst/clkout1_buf/O
                         net (fo=11462, routed)       1.290    -1.591    icache/way1/clk_i
    SLICE_X99Y93         FDRE                                         r  icache/way1/rline_o_reg[26]/C

Slack:                    inf
  Source:                 rst_ni
                            (input port)
  Destination:            icache/way1/rline_o_reg[50]/D
                            (rising edge-triggered cell FDRE clocked by clk_out1_clk_wiz_0_1  {rise@0.000ns fall@8.333ns period=16.667ns})
  Path Group:             (none)
  Path Type:              Setup (Max at Slow Process Corner)
  Data Path Delay:        31.089ns  (logic 3.370ns (10.841%)  route 27.718ns (89.159%))
  Logic Levels:           17  (CARRY4=3 IBUF=1 LDCE=1 LUT1=1 LUT3=1 LUT5=2 LUT6=5 MUXF7=3)
  Clock Path Skew:        -1.606ns (DCD - SCD + CPR)
    Destination Clock Delay (DCD):    -1.606ns
    Source Clock Delay      (SCD):    0.000ns
    Clock Pessimism Removal (CPR):    0.000ns
  Clock Uncertainty:      0.424ns  ((TSJ^2 + DJ^2)^1/2) / 2 + PE
    Total System Jitter     (TSJ):    0.050ns
    Discrete Jitter          (DJ):    0.255ns
    Phase Error              (PE):    0.294ns

    Location             Delay type                Incr(ns)  Path(ns)    Netlist Resource(s)
  -------------------------------------------------------------------    -------------------
    AJ13                                              0.000     0.000 f  rst_ni (IN)
                         net (fo=0)                   0.000     0.000    rst_ni
    AJ13                 IBUF (Prop_ibuf_I_O)         1.338     1.338 f  rst_ni_IBUF_inst/O
                         net (fo=166, routed)         5.594     6.932    cv32e40p_core_ip/core_i/id_stage_i/register_file_i/rst_ni_IBUF
    SLICE_X62Y190        LUT1 (Prop_lut1_I0_O)        0.043     6.975 r  cv32e40p_core_ip/core_i/id_stage_i/register_file_i/cpu_addr_q[31]_i_3/O
                         net (fo=6561, routed)       15.002    21.977    cv32e40p_core_ip/core_i/id_stage_i/register_file_i/rst_ni
    SLICE_X114Y148       LDCE (SetClr_ldce_CLR_Q)     0.469    22.446 f  cv32e40p_core_ip/core_i/id_stage_i/register_file_i/mem_reg[18][1]/Q
                         net (fo=2, routed)           0.631    23.077    cv32e40p_core_ip/core_i/id_stage_i/register_file_i/mem_reg_n_0_[18][1]
    SLICE_X116Y148       LUT6 (Prop_lut6_I1_O)        0.043    23.120 f  cv32e40p_core_ip/core_i/id_stage_i/register_file_i/alu_operand_a_ex_o[1]_i_20/O
                         net (fo=1, routed)           0.000    23.120    cv32e40p_core_ip/core_i/id_stage_i/register_file_i/alu_operand_a_ex_o[1]_i_20_n_0
    SLICE_X116Y148       MUXF7 (Prop_muxf7_I0_O)      0.107    23.227 f  cv32e40p_core_ip/core_i/id_stage_i/register_file_i/alu_operand_a_ex_o_reg[1]_i_11/O
                         net (fo=1, routed)           0.548    23.775    cv32e40p_core_ip/core_i/id_stage_i/register_file_i/alu_operand_a_ex_o_reg[1]_i_11_n_0
    SLICE_X118Y146       LUT6 (Prop_lut6_I1_O)        0.124    23.899 f  cv32e40p_core_ip/core_i/id_stage_i/register_file_i/alu_operand_a_ex_o[1]_i_6/O
                         net (fo=3, routed)           0.902    24.800    cv32e40p_core_ip/core_i/if_stage_i/regfile_data_ra_id[1]
    SLICE_X128Y137       LUT6 (Prop_lut6_I3_O)        0.043    24.843 r  cv32e40p_core_ip/core_i/if_stage_i/alu_operand_c_ex_o[3]_i_10/O
                         net (fo=1, routed)           0.000    24.843    cv32e40p_core_ip/core_i/if_stage_i/alu_operand_c_ex_o[3]_i_10_n_0
    SLICE_X128Y137       CARRY4 (Prop_carry4_S[1]_CO[3])
                                                      0.267    25.110 r  cv32e40p_core_ip/core_i/if_stage_i/alu_operand_c_ex_o_reg[3]_i_3/CO[3]
                         net (fo=1, routed)           0.000    25.110    cv32e40p_core_ip/core_i/if_stage_i/alu_operand_c_ex_o_reg[3]_i_3_n_0
    SLICE_X128Y138       CARRY4 (Prop_carry4_CI_CO[3])
                                                      0.053    25.163 r  cv32e40p_core_ip/core_i/if_stage_i/alu_operand_c_ex_o_reg[7]_i_2/CO[3]
                         net (fo=1, routed)           0.000    25.163    cv32e40p_core_ip/core_i/if_stage_i/alu_operand_c_ex_o_reg[7]_i_2_n_0
    SLICE_X128Y139       CARRY4 (Prop_carry4_CI_O[1])
                                                      0.166    25.329 r  cv32e40p_core_ip/core_i/if_stage_i/alu_operand_c_ex_o_reg[11]_i_2/O[1]
                         net (fo=3, routed)           0.710    26.040    cv32e40p_core_ip/core_i/id_stage_i/controller_i/jump_target_id[8]
    SLICE_X130Y128       LUT5 (Prop_lut5_I1_O)        0.123    26.163 r  cv32e40p_core_ip/core_i/id_stage_i/controller_i/cpu_addr_q[9]_i_4/O
                         net (fo=1, routed)           0.000    26.163    cv32e40p_core_ip/core_i/id_stage_i/controller_i/cpu_addr_q[9]_i_4_n_0
    SLICE_X130Y128       MUXF7 (Prop_muxf7_I0_O)      0.107    26.270 r  cv32e40p_core_ip/core_i/id_stage_i/controller_i/cpu_addr_q_reg[9]_i_2/O
                         net (fo=3, routed)           0.948    27.217    cv32e40p_core_ip/core_i/if_stage_i/prefetch_buffer_i/instruction_obi_i/gen_no_trans_stable.obi_addr_q_reg[9]_0
    SLICE_X120Y118       LUT5 (Prop_lut5_I2_O)        0.124    27.341 r  cv32e40p_core_ip/core_i/if_stage_i/prefetch_buffer_i/instruction_obi_i/cpu_addr_q[9]_i_1/O
                         net (fo=3, routed)           0.353    27.695    icache/way0/rline_o[63]_i_3[1]
    SLICE_X114Y118       LUT3 (Prop_lut3_I0_O)        0.043    27.738 r  icache/way0/lines_reg_0_127_0_0_i_3/O
                         net (fo=593, routed)         1.978    29.716    icache/way1/lines_reg_256_383_50_50/DPRA6
    SLICE_X70Y76         MUXF7 (Prop_muxf7_S_O)       0.154    29.870 r  icache/way1/lines_reg_256_383_50_50/F7.DP/O
                         net (fo=1, routed)           0.489    30.359    icache/way1/lines_reg_256_383_50_50_n_0
    SLICE_X75Y78         LUT6 (Prop_lut6_I1_O)        0.123    30.482 r  icache/way1/rline_o[50]_i_2/O
                         net (fo=1, routed)           0.564    31.046    icache/way1/rline_o[50]_i_2_n_0
    SLICE_X77Y87         LUT6 (Prop_lut6_I5_O)        0.043    31.089 r  icache/way1/rline_o[50]_i_1__1/O
                         net (fo=1, routed)           0.000    31.089    icache/way1/rline_o[50]_i_1__1_n_0
    SLICE_X77Y87         FDRE                                         r  icache/way1/rline_o_reg[50]/D
  -------------------------------------------------------------------    -------------------

                         (clock clk_out1_clk_wiz_0_1 rise edge)
                                                      0.000     0.000 r  
    H9                                                0.000     0.000 r  clk_p (IN)
                         net (fo=0)                   0.000     0.000    dutclk/inst/clk_in1_p
    H9                   IBUFDS (Prop_ibufds_I_O)     0.778     0.778 r  dutclk/inst/clkin1_ibufgds/O
                         net (fo=1, routed)           0.986     1.764    dutclk/inst/clk_in1_clk_wiz_0
    MMCME2_ADV_X1Y5      MMCME2_ADV (Prop_mmcme2_adv_CLKIN1_CLKOUT0)
                                                     -6.516    -4.752 r  dutclk/inst/mmcm_adv_inst/CLKOUT0
                         net (fo=1, routed)           1.788    -2.964    dutclk/inst/clk_out1_clk_wiz_0
    BUFGCTRL_X0Y16       BUFG (Prop_bufg_I_O)         0.083    -2.881 r  dutclk/inst/clkout1_buf/O
                         net (fo=11462, routed)       1.275    -1.606    icache/way1/clk_i
    SLICE_X77Y87         FDRE                                         r  icache/way1/rline_o_reg[50]/C

Slack:                    inf
  Source:                 rst_ni
                            (input port)
  Destination:            icache/way1/rline_o_reg[15]/D
                            (rising edge-triggered cell FDRE clocked by clk_out1_clk_wiz_0_1  {rise@0.000ns fall@8.333ns period=16.667ns})
  Path Group:             (none)
  Path Type:              Setup (Max at Slow Process Corner)
  Data Path Delay:        31.089ns  (logic 3.121ns (10.041%)  route 27.967ns (89.959%))
  Logic Levels:           16  (CARRY4=2 IBUF=1 LDCE=1 LUT1=1 LUT6=8 MUXF7=2 RAMD64E=1)
  Clock Path Skew:        -1.611ns (DCD - SCD + CPR)
    Destination Clock Delay (DCD):    -1.611ns
    Source Clock Delay      (SCD):    0.000ns
    Clock Pessimism Removal (CPR):    0.000ns
  Clock Uncertainty:      0.424ns  ((TSJ^2 + DJ^2)^1/2) / 2 + PE
    Total System Jitter     (TSJ):    0.050ns
    Discrete Jitter          (DJ):    0.255ns
    Phase Error              (PE):    0.294ns

    Location             Delay type                Incr(ns)  Path(ns)    Netlist Resource(s)
  -------------------------------------------------------------------    -------------------
    AJ13                                              0.000     0.000 f  rst_ni (IN)
                         net (fo=0)                   0.000     0.000    rst_ni
    AJ13                 IBUF (Prop_ibuf_I_O)         1.338     1.338 f  rst_ni_IBUF_inst/O
                         net (fo=166, routed)         5.594     6.932    cv32e40p_core_ip/core_i/id_stage_i/register_file_i/rst_ni_IBUF
    SLICE_X62Y190        LUT1 (Prop_lut1_I0_O)        0.043     6.975 r  cv32e40p_core_ip/core_i/id_stage_i/register_file_i/cpu_addr_q[31]_i_3/O
                         net (fo=6561, routed)       15.002    21.977    cv32e40p_core_ip/core_i/id_stage_i/register_file_i/rst_ni
    SLICE_X114Y148       LDCE (SetClr_ldce_CLR_Q)     0.469    22.446 f  cv32e40p_core_ip/core_i/id_stage_i/register_file_i/mem_reg[18][1]/Q
                         net (fo=2, routed)           0.631    23.077    cv32e40p_core_ip/core_i/id_stage_i/register_file_i/mem_reg_n_0_[18][1]
    SLICE_X116Y148       LUT6 (Prop_lut6_I1_O)        0.043    23.120 f  cv32e40p_core_ip/core_i/id_stage_i/register_file_i/alu_operand_a_ex_o[1]_i_20/O
                         net (fo=1, routed)           0.000    23.120    cv32e40p_core_ip/core_i/id_stage_i/register_file_i/alu_operand_a_ex_o[1]_i_20_n_0
    SLICE_X116Y148       MUXF7 (Prop_muxf7_I0_O)      0.107    23.227 f  cv32e40p_core_ip/core_i/id_stage_i/register_file_i/alu_operand_a_ex_o_reg[1]_i_11/O
                         net (fo=1, routed)           0.548    23.775    cv32e40p_core_ip/core_i/id_stage_i/register_file_i/alu_operand_a_ex_o_reg[1]_i_11_n_0
    SLICE_X118Y146       LUT6 (Prop_lut6_I1_O)        0.124    23.899 f  cv32e40p_core_ip/core_i/id_stage_i/register_file_i/alu_operand_a_ex_o[1]_i_6/O
                         net (fo=3, routed)           0.902    24.800    cv32e40p_core_ip/core_i/if_stage_i/regfile_data_ra_id[1]
    SLICE_X128Y137       LUT6 (Prop_lut6_I3_O)        0.043    24.843 r  cv32e40p_core_ip/core_i/if_stage_i/alu_operand_c_ex_o[3]_i_10/O
                         net (fo=1, routed)           0.000    24.843    cv32e40p_core_ip/core_i/if_stage_i/alu_operand_c_ex_o[3]_i_10_n_0
    SLICE_X128Y137       CARRY4 (Prop_carry4_S[1]_CO[3])
                                                      0.267    25.110 r  cv32e40p_core_ip/core_i/if_stage_i/alu_operand_c_ex_o_reg[3]_i_3/CO[3]
                         net (fo=1, routed)           0.000    25.110    cv32e40p_core_ip/core_i/if_stage_i/alu_operand_c_ex_o_reg[3]_i_3_n_0
    SLICE_X128Y138       CARRY4 (Prop_carry4_CI_O[1])
                                                      0.166    25.276 r  cv32e40p_core_ip/core_i/if_stage_i/alu_operand_c_ex_o_reg[7]_i_2/O[1]
                         net (fo=3, routed)           0.564    25.840    cv32e40p_core_ip/core_i/id_stage_i/controller_i/jump_target_id[4]
    SLICE_X130Y130       LUT6 (Prop_lut6_I3_O)        0.123    25.963 r  cv32e40p_core_ip/core_i/id_stage_i/controller_i/cpu_addr_q[5]_i_4/O
                         net (fo=1, routed)           0.184    26.148    cv32e40p_core_ip/core_i/id_stage_i/controller_i/cpu_addr_q[5]_i_4_n_0
    SLICE_X131Y129       LUT6 (Prop_lut6_I0_O)        0.043    26.191 r  cv32e40p_core_ip/core_i/id_stage_i/controller_i/cpu_addr_q[5]_i_2/O
                         net (fo=4, routed)           1.236    27.427    cv32e40p_core_ip/core_i/if_stage_i/prefetch_buffer_i/instruction_obi_i/gen_no_trans_stable.obi_addr_q_reg[5]_0
    SLICE_X103Y104       LUT6 (Prop_lut6_I2_O)        0.043    27.470 r  cv32e40p_core_ip/core_i/if_stage_i/prefetch_buffer_i/instruction_obi_i/tags_reg_0_63_0_2_i_5__0/O
                         net (fo=1361, routed)        1.945    29.416    icache/way1/lines_reg_0_127_15_15/DPRA2
    SLICE_X82Y75         RAMD64E (Prop_ramd64e_RADR2_O)
                                                      0.043    29.459 r  icache/way1/lines_reg_0_127_15_15/DP.HIGH/O
                         net (fo=1, routed)           0.000    29.459    icache/way1/lines_reg_0_127_15_15/DPO1
    SLICE_X82Y75         MUXF7 (Prop_muxf7_I1_O)      0.103    29.562 r  icache/way1/lines_reg_0_127_15_15/F7.DP/O
                         net (fo=1, routed)           0.566    30.127    icache/way1/lines_reg_0_127_15_15_n_0
    SLICE_X83Y69         LUT6 (Prop_lut6_I5_O)        0.123    30.250 r  icache/way1/rline_o[15]_i_2/O
                         net (fo=1, routed)           0.795    31.046    icache/way1/rline_o[15]_i_2_n_0
    SLICE_X84Y86         LUT6 (Prop_lut6_I5_O)        0.043    31.089 r  icache/way1/rline_o[15]_i_1__1/O
                         net (fo=1, routed)           0.000    31.089    icache/way1/rline_o[15]_i_1__1_n_0
    SLICE_X84Y86         FDRE                                         r  icache/way1/rline_o_reg[15]/D
  -------------------------------------------------------------------    -------------------

                         (clock clk_out1_clk_wiz_0_1 rise edge)
                                                      0.000     0.000 r  
    H9                                                0.000     0.000 r  clk_p (IN)
                         net (fo=0)                   0.000     0.000    dutclk/inst/clk_in1_p
    H9                   IBUFDS (Prop_ibufds_I_O)     0.778     0.778 r  dutclk/inst/clkin1_ibufgds/O
                         net (fo=1, routed)           0.986     1.764    dutclk/inst/clk_in1_clk_wiz_0
    MMCME2_ADV_X1Y5      MMCME2_ADV (Prop_mmcme2_adv_CLKIN1_CLKOUT0)
                                                     -6.516    -4.752 r  dutclk/inst/mmcm_adv_inst/CLKOUT0
                         net (fo=1, routed)           1.788    -2.964    dutclk/inst/clk_out1_clk_wiz_0
    BUFGCTRL_X0Y16       BUFG (Prop_bufg_I_O)         0.083    -2.881 r  dutclk/inst/clkout1_buf/O
                         net (fo=11462, routed)       1.270    -1.611    icache/way1/clk_i
    SLICE_X84Y86         FDRE                                         r  icache/way1/rline_o_reg[15]/C

Slack:                    inf
  Source:                 rst_ni
                            (input port)
  Destination:            icache/way0/rline_o_reg[47]/D
                            (rising edge-triggered cell FDRE clocked by clk_out1_clk_wiz_0_1  {rise@0.000ns fall@8.333ns period=16.667ns})
  Path Group:             (none)
  Path Type:              Setup (Max at Slow Process Corner)
  Data Path Delay:        31.052ns  (logic 3.121ns (10.053%)  route 27.930ns (89.947%))
  Logic Levels:           16  (CARRY4=2 IBUF=1 LDCE=1 LUT1=1 LUT6=8 MUXF7=2 RAMD64E=1)
  Clock Path Skew:        -1.611ns (DCD - SCD + CPR)
    Destination Clock Delay (DCD):    -1.611ns
    Source Clock Delay      (SCD):    0.000ns
    Clock Pessimism Removal (CPR):    0.000ns
  Clock Uncertainty:      0.424ns  ((TSJ^2 + DJ^2)^1/2) / 2 + PE
    Total System Jitter     (TSJ):    0.050ns
    Discrete Jitter          (DJ):    0.255ns
    Phase Error              (PE):    0.294ns

    Location             Delay type                Incr(ns)  Path(ns)    Netlist Resource(s)
  -------------------------------------------------------------------    -------------------
    AJ13                                              0.000     0.000 f  rst_ni (IN)
                         net (fo=0)                   0.000     0.000    rst_ni
    AJ13                 IBUF (Prop_ibuf_I_O)         1.338     1.338 f  rst_ni_IBUF_inst/O
                         net (fo=166, routed)         5.594     6.932    cv32e40p_core_ip/core_i/id_stage_i/register_file_i/rst_ni_IBUF
    SLICE_X62Y190        LUT1 (Prop_lut1_I0_O)        0.043     6.975 r  cv32e40p_core_ip/core_i/id_stage_i/register_file_i/cpu_addr_q[31]_i_3/O
                         net (fo=6561, routed)       15.002    21.977    cv32e40p_core_ip/core_i/id_stage_i/register_file_i/rst_ni
    SLICE_X114Y148       LDCE (SetClr_ldce_CLR_Q)     0.469    22.446 f  cv32e40p_core_ip/core_i/id_stage_i/register_file_i/mem_reg[18][1]/Q
                         net (fo=2, routed)           0.631    23.077    cv32e40p_core_ip/core_i/id_stage_i/register_file_i/mem_reg_n_0_[18][1]
    SLICE_X116Y148       LUT6 (Prop_lut6_I1_O)        0.043    23.120 f  cv32e40p_core_ip/core_i/id_stage_i/register_file_i/alu_operand_a_ex_o[1]_i_20/O
                         net (fo=1, routed)           0.000    23.120    cv32e40p_core_ip/core_i/id_stage_i/register_file_i/alu_operand_a_ex_o[1]_i_20_n_0
    SLICE_X116Y148       MUXF7 (Prop_muxf7_I0_O)      0.107    23.227 f  cv32e40p_core_ip/core_i/id_stage_i/register_file_i/alu_operand_a_ex_o_reg[1]_i_11/O
                         net (fo=1, routed)           0.548    23.775    cv32e40p_core_ip/core_i/id_stage_i/register_file_i/alu_operand_a_ex_o_reg[1]_i_11_n_0
    SLICE_X118Y146       LUT6 (Prop_lut6_I1_O)        0.124    23.899 f  cv32e40p_core_ip/core_i/id_stage_i/register_file_i/alu_operand_a_ex_o[1]_i_6/O
                         net (fo=3, routed)           0.902    24.800    cv32e40p_core_ip/core_i/if_stage_i/regfile_data_ra_id[1]
    SLICE_X128Y137       LUT6 (Prop_lut6_I3_O)        0.043    24.843 r  cv32e40p_core_ip/core_i/if_stage_i/alu_operand_c_ex_o[3]_i_10/O
                         net (fo=1, routed)           0.000    24.843    cv32e40p_core_ip/core_i/if_stage_i/alu_operand_c_ex_o[3]_i_10_n_0
    SLICE_X128Y137       CARRY4 (Prop_carry4_S[1]_CO[3])
                                                      0.267    25.110 r  cv32e40p_core_ip/core_i/if_stage_i/alu_operand_c_ex_o_reg[3]_i_3/CO[3]
                         net (fo=1, routed)           0.000    25.110    cv32e40p_core_ip/core_i/if_stage_i/alu_operand_c_ex_o_reg[3]_i_3_n_0
    SLICE_X128Y138       CARRY4 (Prop_carry4_CI_O[1])
                                                      0.166    25.276 r  cv32e40p_core_ip/core_i/if_stage_i/alu_operand_c_ex_o_reg[7]_i_2/O[1]
                         net (fo=3, routed)           0.564    25.840    cv32e40p_core_ip/core_i/id_stage_i/controller_i/jump_target_id[4]
    SLICE_X130Y130       LUT6 (Prop_lut6_I3_O)        0.123    25.963 r  cv32e40p_core_ip/core_i/id_stage_i/controller_i/cpu_addr_q[5]_i_4/O
                         net (fo=1, routed)           0.184    26.148    cv32e40p_core_ip/core_i/id_stage_i/controller_i/cpu_addr_q[5]_i_4_n_0
    SLICE_X131Y129       LUT6 (Prop_lut6_I0_O)        0.043    26.191 r  cv32e40p_core_ip/core_i/id_stage_i/controller_i/cpu_addr_q[5]_i_2/O
                         net (fo=4, routed)           1.236    27.427    cv32e40p_core_ip/core_i/if_stage_i/prefetch_buffer_i/instruction_obi_i/gen_no_trans_stable.obi_addr_q_reg[5]_0
    SLICE_X103Y104       LUT6 (Prop_lut6_I2_O)        0.043    27.470 r  cv32e40p_core_ip/core_i/if_stage_i/prefetch_buffer_i/instruction_obi_i/tags_reg_0_63_0_2_i_5__0/O
                         net (fo=1361, routed)        2.036    29.506    icache/way0/lines_reg_384_511_47_47/DPRA2
    SLICE_X78Y71         RAMD64E (Prop_ramd64e_RADR2_O)
                                                      0.043    29.549 r  icache/way0/lines_reg_384_511_47_47/DP.HIGH/O
                         net (fo=1, routed)           0.000    29.549    icache/way0/lines_reg_384_511_47_47/DPO1
    SLICE_X78Y71         MUXF7 (Prop_muxf7_I1_O)      0.103    29.652 r  icache/way0/lines_reg_384_511_47_47/F7.DP/O
                         net (fo=1, routed)           0.549    30.200    icache/way0/lines_reg_384_511_47_47_n_0
    SLICE_X79Y70         LUT6 (Prop_lut6_I0_O)        0.123    30.323 r  icache/way0/rline_o[47]_i_2__0/O
                         net (fo=1, routed)           0.685    31.009    icache/way0/rline_o[47]_i_2__0_n_0
    SLICE_X84Y86         LUT6 (Prop_lut6_I5_O)        0.043    31.052 r  icache/way0/rline_o[47]_i_1__2/O
                         net (fo=1, routed)           0.000    31.052    icache/way0/rline_o[47]_i_1__2_n_0
    SLICE_X84Y86         FDRE                                         r  icache/way0/rline_o_reg[47]/D
  -------------------------------------------------------------------    -------------------

                         (clock clk_out1_clk_wiz_0_1 rise edge)
                                                      0.000     0.000 r  
    H9                                                0.000     0.000 r  clk_p (IN)
                         net (fo=0)                   0.000     0.000    dutclk/inst/clk_in1_p
    H9                   IBUFDS (Prop_ibufds_I_O)     0.778     0.778 r  dutclk/inst/clkin1_ibufgds/O
                         net (fo=1, routed)           0.986     1.764    dutclk/inst/clk_in1_clk_wiz_0
    MMCME2_ADV_X1Y5      MMCME2_ADV (Prop_mmcme2_adv_CLKIN1_CLKOUT0)
                                                     -6.516    -4.752 r  dutclk/inst/mmcm_adv_inst/CLKOUT0
                         net (fo=1, routed)           1.788    -2.964    dutclk/inst/clk_out1_clk_wiz_0
    BUFGCTRL_X0Y16       BUFG (Prop_bufg_I_O)         0.083    -2.881 r  dutclk/inst/clkout1_buf/O
                         net (fo=11462, routed)       1.270    -1.611    icache/way0/clk_i
    SLICE_X84Y86         FDRE                                         r  icache/way0/rline_o_reg[47]/C

Slack:                    inf
  Source:                 rst_ni
                            (input port)
  Destination:            icache/way0/rline_o_reg[24]/D
                            (rising edge-triggered cell FDRE clocked by clk_out1_clk_wiz_0_1  {rise@0.000ns fall@8.333ns period=16.667ns})
  Path Group:             (none)
  Path Type:              Setup (Max at Slow Process Corner)
  Data Path Delay:        31.045ns  (logic 3.067ns (9.881%)  route 27.977ns (90.119%))
  Logic Levels:           16  (CARRY4=2 IBUF=1 LDCE=1 LUT1=1 LUT6=8 MUXF7=2 RAMD64E=1)
  Clock Path Skew:        -1.597ns (DCD - SCD + CPR)
    Destination Clock Delay (DCD):    -1.597ns
    Source Clock Delay      (SCD):    0.000ns
    Clock Pessimism Removal (CPR):    0.000ns
  Clock Uncertainty:      0.424ns  ((TSJ^2 + DJ^2)^1/2) / 2 + PE
    Total System Jitter     (TSJ):    0.050ns
    Discrete Jitter          (DJ):    0.255ns
    Phase Error              (PE):    0.294ns

    Location             Delay type                Incr(ns)  Path(ns)    Netlist Resource(s)
  -------------------------------------------------------------------    -------------------
    AJ13                                              0.000     0.000 f  rst_ni (IN)
                         net (fo=0)                   0.000     0.000    rst_ni
    AJ13                 IBUF (Prop_ibuf_I_O)         1.338     1.338 f  rst_ni_IBUF_inst/O
                         net (fo=166, routed)         5.594     6.932    cv32e40p_core_ip/core_i/id_stage_i/register_file_i/rst_ni_IBUF
    SLICE_X62Y190        LUT1 (Prop_lut1_I0_O)        0.043     6.975 r  cv32e40p_core_ip/core_i/id_stage_i/register_file_i/cpu_addr_q[31]_i_3/O
                         net (fo=6561, routed)       15.002    21.977    cv32e40p_core_ip/core_i/id_stage_i/register_file_i/rst_ni
    SLICE_X114Y148       LDCE (SetClr_ldce_CLR_Q)     0.469    22.446 f  cv32e40p_core_ip/core_i/id_stage_i/register_file_i/mem_reg[18][1]/Q
                         net (fo=2, routed)           0.631    23.077    cv32e40p_core_ip/core_i/id_stage_i/register_file_i/mem_reg_n_0_[18][1]
    SLICE_X116Y148       LUT6 (Prop_lut6_I1_O)        0.043    23.120 f  cv32e40p_core_ip/core_i/id_stage_i/register_file_i/alu_operand_a_ex_o[1]_i_20/O
                         net (fo=1, routed)           0.000    23.120    cv32e40p_core_ip/core_i/id_stage_i/register_file_i/alu_operand_a_ex_o[1]_i_20_n_0
    SLICE_X116Y148       MUXF7 (Prop_muxf7_I0_O)      0.107    23.227 f  cv32e40p_core_ip/core_i/id_stage_i/register_file_i/alu_operand_a_ex_o_reg[1]_i_11/O
                         net (fo=1, routed)           0.548    23.775    cv32e40p_core_ip/core_i/id_stage_i/register_file_i/alu_operand_a_ex_o_reg[1]_i_11_n_0
    SLICE_X118Y146       LUT6 (Prop_lut6_I1_O)        0.124    23.899 f  cv32e40p_core_ip/core_i/id_stage_i/register_file_i/alu_operand_a_ex_o[1]_i_6/O
                         net (fo=3, routed)           0.902    24.800    cv32e40p_core_ip/core_i/if_stage_i/regfile_data_ra_id[1]
    SLICE_X128Y137       LUT6 (Prop_lut6_I3_O)        0.043    24.843 r  cv32e40p_core_ip/core_i/if_stage_i/alu_operand_c_ex_o[3]_i_10/O
                         net (fo=1, routed)           0.000    24.843    cv32e40p_core_ip/core_i/if_stage_i/alu_operand_c_ex_o[3]_i_10_n_0
    SLICE_X128Y137       CARRY4 (Prop_carry4_S[1]_CO[3])
                                                      0.267    25.110 r  cv32e40p_core_ip/core_i/if_stage_i/alu_operand_c_ex_o_reg[3]_i_3/CO[3]
                         net (fo=1, routed)           0.000    25.110    cv32e40p_core_ip/core_i/if_stage_i/alu_operand_c_ex_o_reg[3]_i_3_n_0
    SLICE_X128Y138       CARRY4 (Prop_carry4_CI_O[0])
                                                      0.111    25.221 r  cv32e40p_core_ip/core_i/if_stage_i/alu_operand_c_ex_o_reg[7]_i_2/O[0]
                         net (fo=3, routed)           0.716    25.937    cv32e40p_core_ip/core_i/id_stage_i/controller_i/jump_target_id[3]
    SLICE_X129Y128       LUT6 (Prop_lut6_I3_O)        0.124    26.061 r  cv32e40p_core_ip/core_i/id_stage_i/controller_i/cpu_addr_q[4]_i_4/O
                         net (fo=1, routed)           0.240    26.301    cv32e40p_core_ip/core_i/id_stage_i/controller_i/cpu_addr_q[4]_i_4_n_0
    SLICE_X130Y127       LUT6 (Prop_lut6_I0_O)        0.043    26.344 r  cv32e40p_core_ip/core_i/id_stage_i/controller_i/cpu_addr_q[4]_i_2/O
                         net (fo=4, routed)           1.160    27.504    cv32e40p_core_ip/core_i/if_stage_i/prefetch_buffer_i/instruction_obi_i/gen_no_trans_stable.obi_addr_q_reg[4]_0
    SLICE_X103Y104       LUT6 (Prop_lut6_I2_O)        0.043    27.547 r  cv32e40p_core_ip/core_i/if_stage_i/prefetch_buffer_i/instruction_obi_i/tags_reg_0_63_0_2_i_6__0/O
                         net (fo=1361, routed)        1.864    29.411    icache/way0/lines_reg_384_511_24_24/DPRA1
    SLICE_X94Y56         RAMD64E (Prop_ramd64e_RADR1_O)
                                                      0.043    29.454 r  icache/way0/lines_reg_384_511_24_24/DP.HIGH/O
                         net (fo=1, routed)           0.000    29.454    icache/way0/lines_reg_384_511_24_24/DPO1
    SLICE_X94Y56         MUXF7 (Prop_muxf7_I1_O)      0.103    29.557 r  icache/way0/lines_reg_384_511_24_24/F7.DP/O
                         net (fo=1, routed)           0.851    30.408    icache/way0/lines_reg_384_511_24_24_n_0
    SLICE_X97Y74         LUT6 (Prop_lut6_I0_O)        0.123    30.531 r  icache/way0/rline_o[24]_i_2__0/O
                         net (fo=1, routed)           0.470    31.002    icache/way0/rline_o[24]_i_2__0_n_0
    SLICE_X97Y86         LUT6 (Prop_lut6_I5_O)        0.043    31.045 r  icache/way0/rline_o[24]_i_1__2/O
                         net (fo=1, routed)           0.000    31.045    icache/way0/rline_o[24]_i_1__2_n_0
    SLICE_X97Y86         FDRE                                         r  icache/way0/rline_o_reg[24]/D
  -------------------------------------------------------------------    -------------------

                         (clock clk_out1_clk_wiz_0_1 rise edge)
                                                      0.000     0.000 r  
    H9                                                0.000     0.000 r  clk_p (IN)
                         net (fo=0)                   0.000     0.000    dutclk/inst/clk_in1_p
    H9                   IBUFDS (Prop_ibufds_I_O)     0.778     0.778 r  dutclk/inst/clkin1_ibufgds/O
                         net (fo=1, routed)           0.986     1.764    dutclk/inst/clk_in1_clk_wiz_0
    MMCME2_ADV_X1Y5      MMCME2_ADV (Prop_mmcme2_adv_CLKIN1_CLKOUT0)
                                                     -6.516    -4.752 r  dutclk/inst/mmcm_adv_inst/CLKOUT0
                         net (fo=1, routed)           1.788    -2.964    dutclk/inst/clk_out1_clk_wiz_0
    BUFGCTRL_X0Y16       BUFG (Prop_bufg_I_O)         0.083    -2.881 r  dutclk/inst/clkout1_buf/O
                         net (fo=11462, routed)       1.284    -1.597    icache/way0/clk_i
    SLICE_X97Y86         FDRE                                         r  icache/way0/rline_o_reg[24]/C

Slack:                    inf
  Source:                 rst_ni
                            (input port)
  Destination:            icache/way1/rline_o_reg[17]/D
                            (rising edge-triggered cell FDRE clocked by clk_out1_clk_wiz_0_1  {rise@0.000ns fall@8.333ns period=16.667ns})
  Path Group:             (none)
  Path Type:              Setup (Max at Slow Process Corner)
  Data Path Delay:        31.004ns  (logic 3.370ns (10.871%)  route 27.633ns (89.129%))
  Logic Levels:           17  (CARRY4=3 IBUF=1 LDCE=1 LUT1=1 LUT3=1 LUT5=2 LUT6=5 MUXF7=3)
  Clock Path Skew:        -1.600ns (DCD - SCD + CPR)
    Destination Clock Delay (DCD):    -1.600ns
    Source Clock Delay      (SCD):    0.000ns
    Clock Pessimism Removal (CPR):    0.000ns
  Clock Uncertainty:      0.424ns  ((TSJ^2 + DJ^2)^1/2) / 2 + PE
    Total System Jitter     (TSJ):    0.050ns
    Discrete Jitter          (DJ):    0.255ns
    Phase Error              (PE):    0.294ns

    Location             Delay type                Incr(ns)  Path(ns)    Netlist Resource(s)
  -------------------------------------------------------------------    -------------------
    AJ13                                              0.000     0.000 f  rst_ni (IN)
                         net (fo=0)                   0.000     0.000    rst_ni
    AJ13                 IBUF (Prop_ibuf_I_O)         1.338     1.338 f  rst_ni_IBUF_inst/O
                         net (fo=166, routed)         5.594     6.932    cv32e40p_core_ip/core_i/id_stage_i/register_file_i/rst_ni_IBUF
    SLICE_X62Y190        LUT1 (Prop_lut1_I0_O)        0.043     6.975 r  cv32e40p_core_ip/core_i/id_stage_i/register_file_i/cpu_addr_q[31]_i_3/O
                         net (fo=6561, routed)       15.002    21.977    cv32e40p_core_ip/core_i/id_stage_i/register_file_i/rst_ni
    SLICE_X114Y148       LDCE (SetClr_ldce_CLR_Q)     0.469    22.446 f  cv32e40p_core_ip/core_i/id_stage_i/register_file_i/mem_reg[18][1]/Q
                         net (fo=2, routed)           0.631    23.077    cv32e40p_core_ip/core_i/id_stage_i/register_file_i/mem_reg_n_0_[18][1]
    SLICE_X116Y148       LUT6 (Prop_lut6_I1_O)        0.043    23.120 f  cv32e40p_core_ip/core_i/id_stage_i/register_file_i/alu_operand_a_ex_o[1]_i_20/O
                         net (fo=1, routed)           0.000    23.120    cv32e40p_core_ip/core_i/id_stage_i/register_file_i/alu_operand_a_ex_o[1]_i_20_n_0
    SLICE_X116Y148       MUXF7 (Prop_muxf7_I0_O)      0.107    23.227 f  cv32e40p_core_ip/core_i/id_stage_i/register_file_i/alu_operand_a_ex_o_reg[1]_i_11/O
                         net (fo=1, routed)           0.548    23.775    cv32e40p_core_ip/core_i/id_stage_i/register_file_i/alu_operand_a_ex_o_reg[1]_i_11_n_0
    SLICE_X118Y146       LUT6 (Prop_lut6_I1_O)        0.124    23.899 f  cv32e40p_core_ip/core_i/id_stage_i/register_file_i/alu_operand_a_ex_o[1]_i_6/O
                         net (fo=3, routed)           0.902    24.800    cv32e40p_core_ip/core_i/if_stage_i/regfile_data_ra_id[1]
    SLICE_X128Y137       LUT6 (Prop_lut6_I3_O)        0.043    24.843 r  cv32e40p_core_ip/core_i/if_stage_i/alu_operand_c_ex_o[3]_i_10/O
                         net (fo=1, routed)           0.000    24.843    cv32e40p_core_ip/core_i/if_stage_i/alu_operand_c_ex_o[3]_i_10_n_0
    SLICE_X128Y137       CARRY4 (Prop_carry4_S[1]_CO[3])
                                                      0.267    25.110 r  cv32e40p_core_ip/core_i/if_stage_i/alu_operand_c_ex_o_reg[3]_i_3/CO[3]
                         net (fo=1, routed)           0.000    25.110    cv32e40p_core_ip/core_i/if_stage_i/alu_operand_c_ex_o_reg[3]_i_3_n_0
    SLICE_X128Y138       CARRY4 (Prop_carry4_CI_CO[3])
                                                      0.053    25.163 r  cv32e40p_core_ip/core_i/if_stage_i/alu_operand_c_ex_o_reg[7]_i_2/CO[3]
                         net (fo=1, routed)           0.000    25.163    cv32e40p_core_ip/core_i/if_stage_i/alu_operand_c_ex_o_reg[7]_i_2_n_0
    SLICE_X128Y139       CARRY4 (Prop_carry4_CI_O[1])
                                                      0.166    25.329 r  cv32e40p_core_ip/core_i/if_stage_i/alu_operand_c_ex_o_reg[11]_i_2/O[1]
                         net (fo=3, routed)           0.710    26.040    cv32e40p_core_ip/core_i/id_stage_i/controller_i/jump_target_id[8]
    SLICE_X130Y128       LUT5 (Prop_lut5_I1_O)        0.123    26.163 r  cv32e40p_core_ip/core_i/id_stage_i/controller_i/cpu_addr_q[9]_i_4/O
                         net (fo=1, routed)           0.000    26.163    cv32e40p_core_ip/core_i/id_stage_i/controller_i/cpu_addr_q[9]_i_4_n_0
    SLICE_X130Y128       MUXF7 (Prop_muxf7_I0_O)      0.107    26.270 r  cv32e40p_core_ip/core_i/id_stage_i/controller_i/cpu_addr_q_reg[9]_i_2/O
                         net (fo=3, routed)           0.948    27.217    cv32e40p_core_ip/core_i/if_stage_i/prefetch_buffer_i/instruction_obi_i/gen_no_trans_stable.obi_addr_q_reg[9]_0
    SLICE_X120Y118       LUT5 (Prop_lut5_I2_O)        0.124    27.341 r  cv32e40p_core_ip/core_i/if_stage_i/prefetch_buffer_i/instruction_obi_i/cpu_addr_q[9]_i_1/O
                         net (fo=3, routed)           0.353    27.695    icache/way0/rline_o[63]_i_3[1]
    SLICE_X114Y118       LUT3 (Prop_lut3_I0_O)        0.043    27.738 r  icache/way0/lines_reg_0_127_0_0_i_3/O
                         net (fo=593, routed)         2.115    29.853    icache/way1/lines_reg_384_511_17_17/DPRA6
    SLICE_X66Y85         MUXF7 (Prop_muxf7_S_O)       0.154    30.007 r  icache/way1/lines_reg_384_511_17_17/F7.DP/O
                         net (fo=1, routed)           0.408    30.414    icache/way1/lines_reg_384_511_17_17_n_0
    SLICE_X71Y86         LUT6 (Prop_lut6_I0_O)        0.123    30.537 r  icache/way1/rline_o[17]_i_2/O
                         net (fo=1, routed)           0.423    30.961    icache/way1/rline_o[17]_i_2_n_0
    SLICE_X68Y90         LUT6 (Prop_lut6_I5_O)        0.043    31.004 r  icache/way1/rline_o[17]_i_1__1/O
                         net (fo=1, routed)           0.000    31.004    icache/way1/rline_o[17]_i_1__1_n_0
    SLICE_X68Y90         FDRE                                         r  icache/way1/rline_o_reg[17]/D
  -------------------------------------------------------------------    -------------------

                         (clock clk_out1_clk_wiz_0_1 rise edge)
                                                      0.000     0.000 r  
    H9                                                0.000     0.000 r  clk_p (IN)
                         net (fo=0)                   0.000     0.000    dutclk/inst/clk_in1_p
    H9                   IBUFDS (Prop_ibufds_I_O)     0.778     0.778 r  dutclk/inst/clkin1_ibufgds/O
                         net (fo=1, routed)           0.986     1.764    dutclk/inst/clk_in1_clk_wiz_0
    MMCME2_ADV_X1Y5      MMCME2_ADV (Prop_mmcme2_adv_CLKIN1_CLKOUT0)
                                                     -6.516    -4.752 r  dutclk/inst/mmcm_adv_inst/CLKOUT0
                         net (fo=1, routed)           1.788    -2.964    dutclk/inst/clk_out1_clk_wiz_0
    BUFGCTRL_X0Y16       BUFG (Prop_bufg_I_O)         0.083    -2.881 r  dutclk/inst/clkout1_buf/O
                         net (fo=11462, routed)       1.281    -1.600    icache/way1/clk_i
    SLICE_X68Y90         FDRE                                         r  icache/way1/rline_o_reg[17]/C





Min Delay Paths
--------------------------------------------------------------------------------------
Slack:                    inf
  Source:                 cv32e40p_core_ip/core_i/ex_stage_i/mult_i/__0/ACOUT[16]
                            (internal pin)
  Destination:            cv32e40p_core_ip/core_i/id_stage_i/register_file_i/wdata_b_q_reg[20]/D
                            (rising edge-triggered cell FDCE clocked by clk_out1_clk_wiz_0_1  {rise@0.000ns fall@8.333ns period=16.667ns})
  Path Group:             (none)
  Path Type:              Hold (Min at Fast Process Corner)
  Data Path Delay:        1.602ns  (logic 0.757ns (47.249%)  route 0.845ns (52.751%))
  Logic Levels:           7  (CARRY4=2 DSP48E1=1 LUT2=1 LUT5=1 LUT6=2)
  Clock Uncertainty:      0.424ns  ((TSJ^2 + DJ^2)^1/2) / 2 + PE
    Total System Jitter     (TSJ):    0.050ns
    Discrete Jitter          (DJ):    0.255ns
    Phase Error              (PE):    0.294ns

    Location             Delay type                Incr(ns)  Path(ns)    Netlist Resource(s)
  -------------------------------------------------------------------    -------------------
    DSP48_X5Y55          DSP48E1                      0.000     0.000 r  cv32e40p_core_ip/core_i/ex_stage_i/mult_i/__0/ACOUT[16]
                         net (fo=1, routed)           0.000     0.000    cv32e40p_core_ip/core_i/ex_stage_i/mult_i/__0_n_37
    DSP48_X5Y56          DSP48E1 (Prop_dsp48e1_ACIN[16]_P[1])
                                                      0.442     0.442 r  cv32e40p_core_ip/core_i/ex_stage_i/mult_i/__1/P[1]
                         net (fo=2, routed)           0.195     0.637    cv32e40p_core_ip/core_i/ex_stage_i/mult_i/__1_n_104
    SLICE_X139Y142       LUT2 (Prop_lut2_I0_O)        0.028     0.665 r  cv32e40p_core_ip/core_i/ex_stage_i/mult_i/i__carry_i_2/O
                         net (fo=1, routed)           0.000     0.665    cv32e40p_core_ip/core_i/ex_stage_i/mult_i/i__carry_i_2_n_0
    SLICE_X139Y142       CARRY4 (Prop_carry4_S[2]_O[3])
                                                      0.075     0.740 r  cv32e40p_core_ip/core_i/ex_stage_i/mult_i/_inferred__2/i__carry/O[3]
                         net (fo=3, routed)           0.170     0.910    cv32e40p_core_ip/core_i/id_stage_i/_inferred__7/i___0_carry__4[3]
    SLICE_X138Y143       LUT5 (Prop_lut5_I1_O)        0.068     0.978 r  cv32e40p_core_ip/core_i/id_stage_i/i___0_carry__4_i_8/O
                         net (fo=1, routed)           0.000     0.978    cv32e40p_core_ip/core_i/ex_stage_i/mult_i/wdata_b_q[20]_i_3_1[0]
    SLICE_X138Y143       CARRY4 (Prop_carry4_S[0]_O[0])
                                                      0.050     1.028 r  cv32e40p_core_ip/core_i/ex_stage_i/mult_i/_inferred__7/i___0_carry__4/O[0]
                         net (fo=1, routed)           0.160     1.188    cv32e40p_core_ip/core_i/ex_stage_i/mult_i/_inferred__7/i___0_carry__4_n_7
    SLICE_X137Y143       LUT6 (Prop_lut6_I5_O)        0.066     1.254 r  cv32e40p_core_ip/core_i/ex_stage_i/mult_i/wdata_b_q[20]_i_3/O
                         net (fo=1, routed)           0.108     1.362    cv32e40p_core_ip/core_i/id_stage_i/register_file_i/wdata_b_q_reg[20]_0
    SLICE_X134Y143       LUT6 (Prop_lut6_I3_O)        0.028     1.390 r  cv32e40p_core_ip/core_i/id_stage_i/register_file_i/wdata_b_q[20]_i_1/O
                         net (fo=5, routed)           0.212     1.602    cv32e40p_core_ip/core_i/id_stage_i/register_file_i/alu_en_ex_o_reg[20]
    SLICE_X134Y145       FDCE                                         r  cv32e40p_core_ip/core_i/id_stage_i/register_file_i/wdata_b_q_reg[20]/D
  -------------------------------------------------------------------    -------------------

                         (clock clk_out1_clk_wiz_0_1 rise edge)
                                                      0.000     0.000 r  
    H9                                                0.000     0.000 r  clk_p (IN)
                         net (fo=0)                   0.000     0.000    dutclk/inst/clk_in1_p
    H9                   IBUFDS (Prop_ibufds_I_O)     0.444     0.444 r  dutclk/inst/clkin1_ibufgds/O
                         net (fo=1, routed)           0.553     0.997    dutclk/inst/clk_in1_clk_wiz_0
    MMCME2_ADV_X1Y5      MMCME2_ADV (Prop_mmcme2_adv_CLKIN1_CLKOUT0)
                                                     -3.590    -2.593 r  dutclk/inst/mmcm_adv_inst/CLKOUT0
                         net (fo=1, routed)           1.044    -1.549    dutclk/inst/clk_out1_clk_wiz_0
    BUFGCTRL_X0Y16       BUFG (Prop_bufg_I_O)         0.030    -1.519 r  dutclk/inst/clkout1_buf/O
                         net (fo=11462, routed)       0.984    -0.536    cv32e40p_core_ip/core_i/sleep_unit_i/core_clock_gate_i/clk_gate_i/clk_out1
    SLICE_X91Y146        LUT3 (Prop_lut3_I0_O)        0.035    -0.501 r  cv32e40p_core_ip/core_i/sleep_unit_i/core_clock_gate_i/clk_gate_i/waddr_onehot_b_q[31]_i_3/O
                         net (fo=1, routed)           0.222    -0.278    cv32e40p_core_ip_n_91
    BUFGCTRL_X0Y1        BUFG (Prop_bufg_I_O)         0.030    -0.248 r  waddr_onehot_b_q_reg[31]_i_2/O
                         net (fo=95, routed)          0.774     0.526    cv32e40p_core_ip/core_i/id_stage_i/register_file_i/CLK
    SLICE_X134Y145       FDCE                                         r  cv32e40p_core_ip/core_i/id_stage_i/register_file_i/wdata_b_q_reg[20]/C

Slack:                    inf
  Source:                 cv32e40p_core_ip/core_i/ex_stage_i/mult_i/__0/ACOUT[16]
                            (internal pin)
  Destination:            cv32e40p_core_ip/core_i/id_stage_i/register_file_i/wdata_b_q_reg[22]/D
                            (rising edge-triggered cell FDCE clocked by clk_out1_clk_wiz_0_1  {rise@0.000ns fall@8.333ns period=16.667ns})
  Path Group:             (none)
  Path Type:              Hold (Min at Fast Process Corner)
  Data Path Delay:        1.697ns  (logic 0.731ns (43.067%)  route 0.966ns (56.933%))
  Logic Levels:           7  (CARRY4=2 DSP48E1=1 LUT2=1 LUT5=1 LUT6=2)
  Clock Uncertainty:      0.424ns  ((TSJ^2 + DJ^2)^1/2) / 2 + PE
    Total System Jitter     (TSJ):    0.050ns
    Discrete Jitter          (DJ):    0.255ns
    Phase Error              (PE):    0.294ns

    Location             Delay type                Incr(ns)  Path(ns)    Netlist Resource(s)
  -------------------------------------------------------------------    -------------------
    DSP48_X5Y55          DSP48E1                      0.000     0.000 r  cv32e40p_core_ip/core_i/ex_stage_i/mult_i/__0/ACOUT[16]
                         net (fo=1, routed)           0.000     0.000    cv32e40p_core_ip/core_i/ex_stage_i/mult_i/__0_n_37
    DSP48_X5Y56          DSP48E1 (Prop_dsp48e1_ACIN[16]_P[4])
                                                      0.442     0.442 r  cv32e40p_core_ip/core_i/ex_stage_i/mult_i/__1/P[4]
                         net (fo=2, routed)           0.196     0.638    cv32e40p_core_ip/core_i/ex_stage_i/mult_i/__1_n_101
    SLICE_X139Y143       LUT2 (Prop_lut2_I0_O)        0.028     0.666 r  cv32e40p_core_ip/core_i/ex_stage_i/mult_i/i__carry__0_i_3/O
                         net (fo=1, routed)           0.000     0.666    cv32e40p_core_ip/core_i/ex_stage_i/mult_i/i__carry__0_i_3_n_0
    SLICE_X139Y143       CARRY4 (Prop_carry4_S[1]_O[1])
                                                      0.049     0.715 r  cv32e40p_core_ip/core_i/ex_stage_i/mult_i/_inferred__2/i__carry__0/O[1]
                         net (fo=3, routed)           0.145     0.861    cv32e40p_core_ip/core_i/id_stage_i/_inferred__7/i___0_carry__5[1]
    SLICE_X138Y143       LUT5 (Prop_lut5_I1_O)        0.066     0.927 r  cv32e40p_core_ip/core_i/id_stage_i/i___0_carry__4_i_6/O
                         net (fo=1, routed)           0.000     0.927    cv32e40p_core_ip/core_i/ex_stage_i/mult_i/wdata_b_q[20]_i_3_1[2]
    SLICE_X138Y143       CARRY4 (Prop_carry4_S[2]_O[2])
                                                      0.047     0.974 r  cv32e40p_core_ip/core_i/ex_stage_i/mult_i/_inferred__7/i___0_carry__4/O[2]
                         net (fo=1, routed)           0.167     1.141    cv32e40p_core_ip/core_i/ex_stage_i/mult_i/_inferred__7/i___0_carry__4_n_5
    SLICE_X137Y141       LUT6 (Prop_lut6_I5_O)        0.071     1.212 r  cv32e40p_core_ip/core_i/ex_stage_i/mult_i/wdata_b_q[22]_i_3/O
                         net (fo=1, routed)           0.186     1.398    cv32e40p_core_ip/core_i/id_stage_i/register_file_i/wdata_b_q_reg[22]_0
    SLICE_X136Y141       LUT6 (Prop_lut6_I3_O)        0.028     1.426 r  cv32e40p_core_ip/core_i/id_stage_i/register_file_i/wdata_b_q[22]_i_1/O
                         net (fo=5, routed)           0.272     1.697    cv32e40p_core_ip/core_i/id_stage_i/register_file_i/alu_en_ex_o_reg[22]
    SLICE_X130Y145       FDCE                                         r  cv32e40p_core_ip/core_i/id_stage_i/register_file_i/wdata_b_q_reg[22]/D
  -------------------------------------------------------------------    -------------------

                         (clock clk_out1_clk_wiz_0_1 rise edge)
                                                      0.000     0.000 r  
    H9                                                0.000     0.000 r  clk_p (IN)
                         net (fo=0)                   0.000     0.000    dutclk/inst/clk_in1_p
    H9                   IBUFDS (Prop_ibufds_I_O)     0.444     0.444 r  dutclk/inst/clkin1_ibufgds/O
                         net (fo=1, routed)           0.553     0.997    dutclk/inst/clk_in1_clk_wiz_0
    MMCME2_ADV_X1Y5      MMCME2_ADV (Prop_mmcme2_adv_CLKIN1_CLKOUT0)
                                                     -3.590    -2.593 r  dutclk/inst/mmcm_adv_inst/CLKOUT0
                         net (fo=1, routed)           1.044    -1.549    dutclk/inst/clk_out1_clk_wiz_0
    BUFGCTRL_X0Y16       BUFG (Prop_bufg_I_O)         0.030    -1.519 r  dutclk/inst/clkout1_buf/O
                         net (fo=11462, routed)       0.984    -0.536    cv32e40p_core_ip/core_i/sleep_unit_i/core_clock_gate_i/clk_gate_i/clk_out1
    SLICE_X91Y146        LUT3 (Prop_lut3_I0_O)        0.035    -0.501 r  cv32e40p_core_ip/core_i/sleep_unit_i/core_clock_gate_i/clk_gate_i/waddr_onehot_b_q[31]_i_3/O
                         net (fo=1, routed)           0.222    -0.278    cv32e40p_core_ip_n_91
    BUFGCTRL_X0Y1        BUFG (Prop_bufg_I_O)         0.030    -0.248 r  waddr_onehot_b_q_reg[31]_i_2/O
                         net (fo=95, routed)          0.773     0.525    cv32e40p_core_ip/core_i/id_stage_i/register_file_i/CLK
    SLICE_X130Y145       FDCE                                         r  cv32e40p_core_ip/core_i/id_stage_i/register_file_i/wdata_b_q_reg[22]/C

Slack:                    inf
  Source:                 cv32e40p_core_ip/core_i/ex_stage_i/mult_i/__0/ACOUT[16]
                            (internal pin)
  Destination:            cv32e40p_core_ip/core_i/id_stage_i/register_file_i/wdata_b_q_reg[23]/D
                            (rising edge-triggered cell FDCE clocked by clk_out1_clk_wiz_0_1  {rise@0.000ns fall@8.333ns period=16.667ns})
  Path Group:             (none)
  Path Type:              Hold (Min at Fast Process Corner)
  Data Path Delay:        1.731ns  (logic 0.755ns (43.618%)  route 0.976ns (56.382%))
  Logic Levels:           7  (CARRY4=2 DSP48E1=1 LUT2=1 LUT5=1 LUT6=2)
  Clock Uncertainty:      0.424ns  ((TSJ^2 + DJ^2)^1/2) / 2 + PE
    Total System Jitter     (TSJ):    0.050ns
    Discrete Jitter          (DJ):    0.255ns
    Phase Error              (PE):    0.294ns

    Location             Delay type                Incr(ns)  Path(ns)    Netlist Resource(s)
  -------------------------------------------------------------------    -------------------
    DSP48_X5Y55          DSP48E1                      0.000     0.000 r  cv32e40p_core_ip/core_i/ex_stage_i/mult_i/__0/ACOUT[16]
                         net (fo=1, routed)           0.000     0.000    cv32e40p_core_ip/core_i/ex_stage_i/mult_i/__0_n_37
    DSP48_X5Y56          DSP48E1 (Prop_dsp48e1_ACIN[16]_P[5])
                                                      0.442     0.442 r  cv32e40p_core_ip/core_i/ex_stage_i/mult_i/__1/P[5]
                         net (fo=2, routed)           0.195     0.637    cv32e40p_core_ip/core_i/ex_stage_i/mult_i/__1_n_100
    SLICE_X139Y143       LUT2 (Prop_lut2_I0_O)        0.028     0.665 r  cv32e40p_core_ip/core_i/ex_stage_i/mult_i/i__carry__0_i_2/O
                         net (fo=1, routed)           0.000     0.665    cv32e40p_core_ip/core_i/ex_stage_i/mult_i/i__carry__0_i_2_n_0
    SLICE_X139Y143       CARRY4 (Prop_carry4_S[2]_O[3])
                                                      0.075     0.740 r  cv32e40p_core_ip/core_i/ex_stage_i/mult_i/_inferred__2/i__carry__0/O[3]
                         net (fo=3, routed)           0.127     0.867    cv32e40p_core_ip/core_i/id_stage_i/_inferred__7/i___0_carry__5[3]
    SLICE_X138Y143       LUT5 (Prop_lut5_I4_O)        0.068     0.935 r  cv32e40p_core_ip/core_i/id_stage_i/i___0_carry__4_i_5/O
                         net (fo=1, routed)           0.000     0.935    cv32e40p_core_ip/core_i/ex_stage_i/mult_i/wdata_b_q[20]_i_3_1[3]
    SLICE_X138Y143       CARRY4 (Prop_carry4_S[3]_O[3])
                                                      0.046     0.981 r  cv32e40p_core_ip/core_i/ex_stage_i/mult_i/_inferred__7/i___0_carry__4/O[3]
                         net (fo=1, routed)           0.141     1.122    cv32e40p_core_ip/core_i/ex_stage_i/mult_i/_inferred__7/i___0_carry__4_n_4
    SLICE_X137Y141       LUT6 (Prop_lut6_I5_O)        0.068     1.190 r  cv32e40p_core_ip/core_i/ex_stage_i/mult_i/wdata_b_q[23]_i_3/O
                         net (fo=1, routed)           0.231     1.422    cv32e40p_core_ip/core_i/id_stage_i/register_file_i/wdata_b_q_reg[23]_0
    SLICE_X134Y141       LUT6 (Prop_lut6_I3_O)        0.028     1.450 r  cv32e40p_core_ip/core_i/id_stage_i/register_file_i/wdata_b_q[23]_i_1/O
                         net (fo=5, routed)           0.281     1.731    cv32e40p_core_ip/core_i/id_stage_i/register_file_i/alu_en_ex_o_reg[23]
    SLICE_X126Y145       FDCE                                         r  cv32e40p_core_ip/core_i/id_stage_i/register_file_i/wdata_b_q_reg[23]/D
  -------------------------------------------------------------------    -------------------

                         (clock clk_out1_clk_wiz_0_1 rise edge)
                                                      0.000     0.000 r  
    H9                                                0.000     0.000 r  clk_p (IN)
                         net (fo=0)                   0.000     0.000    dutclk/inst/clk_in1_p
    H9                   IBUFDS (Prop_ibufds_I_O)     0.444     0.444 r  dutclk/inst/clkin1_ibufgds/O
                         net (fo=1, routed)           0.553     0.997    dutclk/inst/clk_in1_clk_wiz_0
    MMCME2_ADV_X1Y5      MMCME2_ADV (Prop_mmcme2_adv_CLKIN1_CLKOUT0)
                                                     -3.590    -2.593 r  dutclk/inst/mmcm_adv_inst/CLKOUT0
                         net (fo=1, routed)           1.044    -1.549    dutclk/inst/clk_out1_clk_wiz_0
    BUFGCTRL_X0Y16       BUFG (Prop_bufg_I_O)         0.030    -1.519 r  dutclk/inst/clkout1_buf/O
                         net (fo=11462, routed)       0.984    -0.536    cv32e40p_core_ip/core_i/sleep_unit_i/core_clock_gate_i/clk_gate_i/clk_out1
    SLICE_X91Y146        LUT3 (Prop_lut3_I0_O)        0.035    -0.501 r  cv32e40p_core_ip/core_i/sleep_unit_i/core_clock_gate_i/clk_gate_i/waddr_onehot_b_q[31]_i_3/O
                         net (fo=1, routed)           0.222    -0.278    cv32e40p_core_ip_n_91
    BUFGCTRL_X0Y1        BUFG (Prop_bufg_I_O)         0.030    -0.248 r  waddr_onehot_b_q_reg[31]_i_2/O
                         net (fo=95, routed)          0.772     0.524    cv32e40p_core_ip/core_i/id_stage_i/register_file_i/CLK
    SLICE_X126Y145       FDCE                                         r  cv32e40p_core_ip/core_i/id_stage_i/register_file_i/wdata_b_q_reg[23]/C

Slack:                    inf
  Source:                 cv32e40p_core_ip/core_i/ex_stage_i/mult_i/__0/ACOUT[16]
                            (internal pin)
  Destination:            cv32e40p_core_ip/core_i/id_stage_i/mult_operand_c_ex_o_reg[27]/D
                            (rising edge-triggered cell FDCE clocked by clk_out1_clk_wiz_0_1  {rise@0.000ns fall@8.333ns period=16.667ns})
  Path Group:             (none)
  Path Type:              Hold (Min at Fast Process Corner)
  Data Path Delay:        1.737ns  (logic 0.779ns (44.857%)  route 0.958ns (55.143%))
  Logic Levels:           7  (CARRY4=2 DSP48E1=1 LUT5=1 LUT6=3)
  Clock Uncertainty:      0.424ns  ((TSJ^2 + DJ^2)^1/2) / 2 + PE
    Total System Jitter     (TSJ):    0.050ns
    Discrete Jitter          (DJ):    0.255ns
    Phase Error              (PE):    0.294ns

    Location             Delay type                Incr(ns)  Path(ns)    Netlist Resource(s)
  -------------------------------------------------------------------    -------------------
    DSP48_X5Y55          DSP48E1                      0.000     0.000 r  cv32e40p_core_ip/core_i/ex_stage_i/mult_i/__0/ACOUT[16]
                         net (fo=1, routed)           0.000     0.000    cv32e40p_core_ip/core_i/ex_stage_i/mult_i/__0_n_37
    DSP48_X5Y56          DSP48E1 (Prop_dsp48e1_ACIN[16]_P[9])
                                                      0.442     0.442 r  cv32e40p_core_ip/core_i/ex_stage_i/mult_i/__1/P[9]
                         net (fo=2, routed)           0.203     0.645    cv32e40p_core_ip/core_i/ex_stage_i/mult_i/__1_n_96
    SLICE_X139Y144       CARRY4 (Prop_carry4_DI[2]_O[3])
                                                      0.099     0.744 r  cv32e40p_core_ip/core_i/ex_stage_i/mult_i/_inferred__2/i__carry__1/O[3]
                         net (fo=3, routed)           0.126     0.870    cv32e40p_core_ip/core_i/id_stage_i/_inferred__7/i___0_carry__5_0[3]
    SLICE_X138Y144       LUT5 (Prop_lut5_I4_O)        0.068     0.938 r  cv32e40p_core_ip/core_i/id_stage_i/i___0_carry__5_i_5/O
                         net (fo=1, routed)           0.000     0.938    cv32e40p_core_ip/core_i/ex_stage_i/mult_i/wdata_b_q[24]_i_3_1[3]
    SLICE_X138Y144       CARRY4 (Prop_carry4_S[3]_O[3])
                                                      0.046     0.984 r  cv32e40p_core_ip/core_i/ex_stage_i/mult_i/_inferred__7/i___0_carry__5/O[3]
                         net (fo=1, routed)           0.230     1.214    cv32e40p_core_ip/core_i/ex_stage_i/mult_i/_inferred__7/i___0_carry__5_n_4
    SLICE_X137Y144       LUT6 (Prop_lut6_I5_O)        0.068     1.282 r  cv32e40p_core_ip/core_i/ex_stage_i/mult_i/wdata_b_q[27]_i_3/O
                         net (fo=4, routed)           0.348     1.630    cv32e40p_core_ip/core_i/id_stage_i/wdata_b_q_reg[27]_0
    SLICE_X125Y144       LUT6 (Prop_lut6_I2_O)        0.028     1.658 r  cv32e40p_core_ip/core_i/id_stage_i/mult_operand_c_ex_o[27]_i_2/O
                         net (fo=1, routed)           0.051     1.709    cv32e40p_core_ip/core_i/if_stage_i/mult_operand_c_ex_o_reg[27]
    SLICE_X125Y144       LUT6 (Prop_lut6_I1_O)        0.028     1.737 r  cv32e40p_core_ip/core_i/if_stage_i/mult_operand_c_ex_o[27]_i_1/O
                         net (fo=1, routed)           0.000     1.737    cv32e40p_core_ip/core_i/id_stage_i/mult_operand_c_ex_o_reg[31]_2[11]
    SLICE_X125Y144       FDCE                                         r  cv32e40p_core_ip/core_i/id_stage_i/mult_operand_c_ex_o_reg[27]/D
  -------------------------------------------------------------------    -------------------

                         (clock clk_out1_clk_wiz_0_1 rise edge)
                                                      0.000     0.000 r  
    H9                                                0.000     0.000 r  clk_p (IN)
                         net (fo=0)                   0.000     0.000    dutclk/inst/clk_in1_p
    H9                   IBUFDS (Prop_ibufds_I_O)     0.444     0.444 r  dutclk/inst/clkin1_ibufgds/O
                         net (fo=1, routed)           0.553     0.997    dutclk/inst/clk_in1_clk_wiz_0
    MMCME2_ADV_X1Y5      MMCME2_ADV (Prop_mmcme2_adv_CLKIN1_CLKOUT0)
                                                     -3.590    -2.593 r  dutclk/inst/mmcm_adv_inst/CLKOUT0
                         net (fo=1, routed)           1.044    -1.549    dutclk/inst/clk_out1_clk_wiz_0
    BUFGCTRL_X0Y16       BUFG (Prop_bufg_I_O)         0.030    -1.519 r  dutclk/inst/clkout1_buf/O
                         net (fo=11462, routed)       0.987    -0.533    cv32e40p_core_ip/core_i/sleep_unit_i/core_clock_gate_i/clk_gate_i/clk_out1
    SLICE_X91Y146        LUT2 (Prop_lut2_I0_O)        0.035    -0.498 r  cv32e40p_core_ip/core_i/sleep_unit_i/core_clock_gate_i/clk_gate_i/cnt_q[1]_i_5__0/O
                         net (fo=1, routed)           0.221    -0.277    cv32e40p_core_ip_n_102
    BUFGCTRL_X0Y0        BUFG (Prop_bufg_I_O)         0.030    -0.247 r  cnt_q_reg[1]_i_2/O
                         net (fo=1121, routed)        0.772     0.525    cv32e40p_core_ip/core_i/id_stage_i/clk
    SLICE_X125Y144       FDCE                                         r  cv32e40p_core_ip/core_i/id_stage_i/mult_operand_c_ex_o_reg[27]/C

Slack:                    inf
  Source:                 cv32e40p_core_ip/core_i/ex_stage_i/mult_i/__0/ACOUT[16]
                            (internal pin)
  Destination:            cv32e40p_core_ip/core_i/id_stage_i/mult_operand_c_ex_o_reg[30]/D
                            (rising edge-triggered cell FDCE clocked by clk_out1_clk_wiz_0_1  {rise@0.000ns fall@8.333ns period=16.667ns})
  Path Group:             (none)
  Path Type:              Hold (Min at Fast Process Corner)
  Data Path Delay:        1.750ns  (logic 0.772ns (44.107%)  route 0.978ns (55.893%))
  Logic Levels:           7  (CARRY4=2 DSP48E1=1 LUT5=1 LUT6=3)
  Clock Uncertainty:      0.424ns  ((TSJ^2 + DJ^2)^1/2) / 2 + PE
    Total System Jitter     (TSJ):    0.050ns
    Discrete Jitter          (DJ):    0.255ns
    Phase Error              (PE):    0.294ns

    Location             Delay type                Incr(ns)  Path(ns)    Netlist Resource(s)
  -------------------------------------------------------------------    -------------------
    DSP48_X5Y55          DSP48E1                      0.000     0.000 r  cv32e40p_core_ip/core_i/ex_stage_i/mult_i/__0/ACOUT[16]
                         net (fo=1, routed)           0.000     0.000    cv32e40p_core_ip/core_i/ex_stage_i/mult_i/__0_n_37
    DSP48_X5Y56          DSP48E1 (Prop_dsp48e1_ACIN[16]_P[11])
                                                      0.442     0.442 r  cv32e40p_core_ip/core_i/ex_stage_i/mult_i/__1/P[11]
                         net (fo=2, routed)           0.206     0.648    cv32e40p_core_ip/core_i/ex_stage_i/mult_i/__1_n_94
    SLICE_X139Y145       CARRY4 (Prop_carry4_DI[0]_O[1])
                                                      0.090     0.738 r  cv32e40p_core_ip/core_i/ex_stage_i/mult_i/_inferred__2/i__carry__2/O[1]
                         net (fo=3, routed)           0.145     0.883    cv32e40p_core_ip/core_i/id_stage_i/register_file_i/_inferred__7/i___0_carry__6_2[1]
    SLICE_X138Y145       LUT5 (Prop_lut5_I1_O)        0.066     0.949 r  cv32e40p_core_ip/core_i/id_stage_i/register_file_i/i___0_carry__6_i_5/O
                         net (fo=1, routed)           0.000     0.949    cv32e40p_core_ip/core_i/ex_stage_i/mult_i/wdata_b_q[28]_i_3_1[2]
    SLICE_X138Y145       CARRY4 (Prop_carry4_S[2]_O[2])
                                                      0.047     0.996 r  cv32e40p_core_ip/core_i/ex_stage_i/mult_i/_inferred__7/i___0_carry__6/O[2]
                         net (fo=1, routed)           0.098     1.094    cv32e40p_core_ip/core_i/ex_stage_i/mult_i/_inferred__7/i___0_carry__6_n_5
    SLICE_X137Y145       LUT6 (Prop_lut6_I5_O)        0.071     1.165 r  cv32e40p_core_ip/core_i/ex_stage_i/mult_i/wdata_b_q[30]_i_3/O
                         net (fo=4, routed)           0.286     1.451    cv32e40p_core_ip/core_i/id_stage_i/register_file_i/wdata_b_q_reg[30]_1
    SLICE_X124Y145       LUT6 (Prop_lut6_I3_O)        0.028     1.479 f  cv32e40p_core_ip/core_i/id_stage_i/register_file_i/alu_operand_a_ex_o[30]_i_2/O
                         net (fo=5, routed)           0.244     1.722    cv32e40p_core_ip/core_i/if_stage_i/mult_operand_b_ex_o_reg[30]_0
    SLICE_X125Y144       LUT6 (Prop_lut6_I0_O)        0.028     1.750 r  cv32e40p_core_ip/core_i/if_stage_i/mult_operand_c_ex_o[30]_i_1/O
                         net (fo=1, routed)           0.000     1.750    cv32e40p_core_ip/core_i/id_stage_i/mult_operand_c_ex_o_reg[31]_2[12]
    SLICE_X125Y144       FDCE                                         r  cv32e40p_core_ip/core_i/id_stage_i/mult_operand_c_ex_o_reg[30]/D
  -------------------------------------------------------------------    -------------------

                         (clock clk_out1_clk_wiz_0_1 rise edge)
                                                      0.000     0.000 r  
    H9                                                0.000     0.000 r  clk_p (IN)
                         net (fo=0)                   0.000     0.000    dutclk/inst/clk_in1_p
    H9                   IBUFDS (Prop_ibufds_I_O)     0.444     0.444 r  dutclk/inst/clkin1_ibufgds/O
                         net (fo=1, routed)           0.553     0.997    dutclk/inst/clk_in1_clk_wiz_0
    MMCME2_ADV_X1Y5      MMCME2_ADV (Prop_mmcme2_adv_CLKIN1_CLKOUT0)
                                                     -3.590    -2.593 r  dutclk/inst/mmcm_adv_inst/CLKOUT0
                         net (fo=1, routed)           1.044    -1.549    dutclk/inst/clk_out1_clk_wiz_0
    BUFGCTRL_X0Y16       BUFG (Prop_bufg_I_O)         0.030    -1.519 r  dutclk/inst/clkout1_buf/O
                         net (fo=11462, routed)       0.987    -0.533    cv32e40p_core_ip/core_i/sleep_unit_i/core_clock_gate_i/clk_gate_i/clk_out1
    SLICE_X91Y146        LUT2 (Prop_lut2_I0_O)        0.035    -0.498 r  cv32e40p_core_ip/core_i/sleep_unit_i/core_clock_gate_i/clk_gate_i/cnt_q[1]_i_5__0/O
                         net (fo=1, routed)           0.221    -0.277    cv32e40p_core_ip_n_102
    BUFGCTRL_X0Y0        BUFG (Prop_bufg_I_O)         0.030    -0.247 r  cnt_q_reg[1]_i_2/O
                         net (fo=1121, routed)        0.772     0.525    cv32e40p_core_ip/core_i/id_stage_i/clk
    SLICE_X125Y144       FDCE                                         r  cv32e40p_core_ip/core_i/id_stage_i/mult_operand_c_ex_o_reg[30]/C

Slack:                    inf
  Source:                 cv32e40p_core_ip/core_i/ex_stage_i/mult_i/__0/ACOUT[16]
                            (internal pin)
  Destination:            cv32e40p_core_ip/core_i/id_stage_i/register_file_i/wdata_b_q_reg[21]/D
                            (rising edge-triggered cell FDCE clocked by clk_out1_clk_wiz_0_1  {rise@0.000ns fall@8.333ns period=16.667ns})
  Path Group:             (none)
  Path Type:              Hold (Min at Fast Process Corner)
  Data Path Delay:        1.760ns  (logic 0.728ns (41.362%)  route 1.032ns (58.638%))
  Logic Levels:           7  (CARRY4=2 DSP48E1=1 LUT2=1 LUT5=1 LUT6=2)
  Clock Uncertainty:      0.424ns  ((TSJ^2 + DJ^2)^1/2) / 2 + PE
    Total System Jitter     (TSJ):    0.050ns
    Discrete Jitter          (DJ):    0.255ns
    Phase Error              (PE):    0.294ns

    Location             Delay type                Incr(ns)  Path(ns)    Netlist Resource(s)
  -------------------------------------------------------------------    -------------------
    DSP48_X5Y55          DSP48E1                      0.000     0.000 r  cv32e40p_core_ip/core_i/ex_stage_i/mult_i/__0/ACOUT[16]
                         net (fo=1, routed)           0.000     0.000    cv32e40p_core_ip/core_i/ex_stage_i/mult_i/__0_n_37
    DSP48_X5Y56          DSP48E1 (Prop_dsp48e1_ACIN[16]_P[4])
                                                      0.442     0.442 r  cv32e40p_core_ip/core_i/ex_stage_i/mult_i/__1/P[4]
                         net (fo=2, routed)           0.196     0.638    cv32e40p_core_ip/core_i/ex_stage_i/mult_i/__1_n_101
    SLICE_X139Y143       LUT2 (Prop_lut2_I0_O)        0.028     0.666 r  cv32e40p_core_ip/core_i/ex_stage_i/mult_i/i__carry__0_i_3/O
                         net (fo=1, routed)           0.000     0.666    cv32e40p_core_ip/core_i/ex_stage_i/mult_i/i__carry__0_i_3_n_0
    SLICE_X139Y143       CARRY4 (Prop_carry4_S[1]_O[1])
                                                      0.049     0.715 r  cv32e40p_core_ip/core_i/ex_stage_i/mult_i/_inferred__2/i__carry__0/O[1]
                         net (fo=3, routed)           0.188     0.903    cv32e40p_core_ip/core_i/id_stage_i/_inferred__7/i___0_carry__5[1]
    SLICE_X138Y143       LUT5 (Prop_lut5_I4_O)        0.066     0.969 r  cv32e40p_core_ip/core_i/id_stage_i/i___0_carry__4_i_7/O
                         net (fo=1, routed)           0.000     0.969    cv32e40p_core_ip/core_i/ex_stage_i/mult_i/wdata_b_q[20]_i_3_1[1]
    SLICE_X138Y143       CARRY4 (Prop_carry4_S[1]_O[1])
                                                      0.047     1.016 r  cv32e40p_core_ip/core_i/ex_stage_i/mult_i/_inferred__7/i___0_carry__4/O[1]
                         net (fo=1, routed)           0.162     1.177    cv32e40p_core_ip/core_i/ex_stage_i/mult_i/_inferred__7/i___0_carry__4_n_6
    SLICE_X137Y143       LUT6 (Prop_lut6_I5_O)        0.068     1.245 r  cv32e40p_core_ip/core_i/ex_stage_i/mult_i/wdata_b_q[21]_i_3/O
                         net (fo=1, routed)           0.270     1.516    cv32e40p_core_ip/core_i/id_stage_i/register_file_i/wdata_b_q_reg[21]_0
    SLICE_X134Y142       LUT6 (Prop_lut6_I3_O)        0.028     1.544 r  cv32e40p_core_ip/core_i/id_stage_i/register_file_i/wdata_b_q[21]_i_1/O
                         net (fo=5, routed)           0.216     1.760    cv32e40p_core_ip/core_i/id_stage_i/register_file_i/alu_en_ex_o_reg[21]
    SLICE_X128Y143       FDCE                                         r  cv32e40p_core_ip/core_i/id_stage_i/register_file_i/wdata_b_q_reg[21]/D
  -------------------------------------------------------------------    -------------------

                         (clock clk_out1_clk_wiz_0_1 rise edge)
                                                      0.000     0.000 r  
    H9                                                0.000     0.000 r  clk_p (IN)
                         net (fo=0)                   0.000     0.000    dutclk/inst/clk_in1_p
    H9                   IBUFDS (Prop_ibufds_I_O)     0.444     0.444 r  dutclk/inst/clkin1_ibufgds/O
                         net (fo=1, routed)           0.553     0.997    dutclk/inst/clk_in1_clk_wiz_0
    MMCME2_ADV_X1Y5      MMCME2_ADV (Prop_mmcme2_adv_CLKIN1_CLKOUT0)
                                                     -3.590    -2.593 r  dutclk/inst/mmcm_adv_inst/CLKOUT0
                         net (fo=1, routed)           1.044    -1.549    dutclk/inst/clk_out1_clk_wiz_0
    BUFGCTRL_X0Y16       BUFG (Prop_bufg_I_O)         0.030    -1.519 r  dutclk/inst/clkout1_buf/O
                         net (fo=11462, routed)       0.984    -0.536    cv32e40p_core_ip/core_i/sleep_unit_i/core_clock_gate_i/clk_gate_i/clk_out1
    SLICE_X91Y146        LUT3 (Prop_lut3_I0_O)        0.035    -0.501 r  cv32e40p_core_ip/core_i/sleep_unit_i/core_clock_gate_i/clk_gate_i/waddr_onehot_b_q[31]_i_3/O
                         net (fo=1, routed)           0.222    -0.278    cv32e40p_core_ip_n_91
    BUFGCTRL_X0Y1        BUFG (Prop_bufg_I_O)         0.030    -0.248 r  waddr_onehot_b_q_reg[31]_i_2/O
                         net (fo=95, routed)          0.773     0.525    cv32e40p_core_ip/core_i/id_stage_i/register_file_i/CLK
    SLICE_X128Y143       FDCE                                         r  cv32e40p_core_ip/core_i/id_stage_i/register_file_i/wdata_b_q_reg[21]/C

Slack:                    inf
  Source:                 cv32e40p_core_ip/core_i/ex_stage_i/mult_i/__0/ACOUT[16]
                            (internal pin)
  Destination:            cv32e40p_core_ip/core_i/id_stage_i/mult_operand_a_ex_o_reg[30]/D
                            (rising edge-triggered cell FDCE clocked by clk_out1_clk_wiz_0_1  {rise@0.000ns fall@8.333ns period=16.667ns})
  Path Group:             (none)
  Path Type:              Hold (Min at Fast Process Corner)
  Data Path Delay:        1.763ns  (logic 0.822ns (46.614%)  route 0.941ns (53.386%))
  Logic Levels:           8  (CARRY4=2 DSP48E1=1 LUT5=1 LUT6=3 MUXF7=1)
  Clock Uncertainty:      0.424ns  ((TSJ^2 + DJ^2)^1/2) / 2 + PE
    Total System Jitter     (TSJ):    0.050ns
    Discrete Jitter          (DJ):    0.255ns
    Phase Error              (PE):    0.294ns

    Location             Delay type                Incr(ns)  Path(ns)    Netlist Resource(s)
  -------------------------------------------------------------------    -------------------
    DSP48_X5Y55          DSP48E1                      0.000     0.000 r  cv32e40p_core_ip/core_i/ex_stage_i/mult_i/__0/ACOUT[16]
                         net (fo=1, routed)           0.000     0.000    cv32e40p_core_ip/core_i/ex_stage_i/mult_i/__0_n_37
    DSP48_X5Y56          DSP48E1 (Prop_dsp48e1_ACIN[16]_P[11])
                                                      0.442     0.442 r  cv32e40p_core_ip/core_i/ex_stage_i/mult_i/__1/P[11]
                         net (fo=2, routed)           0.206     0.648    cv32e40p_core_ip/core_i/ex_stage_i/mult_i/__1_n_94
    SLICE_X139Y145       CARRY4 (Prop_carry4_DI[0]_O[1])
                                                      0.090     0.738 r  cv32e40p_core_ip/core_i/ex_stage_i/mult_i/_inferred__2/i__carry__2/O[1]
                         net (fo=3, routed)           0.145     0.883    cv32e40p_core_ip/core_i/id_stage_i/register_file_i/_inferred__7/i___0_carry__6_2[1]
    SLICE_X138Y145       LUT5 (Prop_lut5_I1_O)        0.066     0.949 r  cv32e40p_core_ip/core_i/id_stage_i/register_file_i/i___0_carry__6_i_5/O
                         net (fo=1, routed)           0.000     0.949    cv32e40p_core_ip/core_i/ex_stage_i/mult_i/wdata_b_q[28]_i_3_1[2]
    SLICE_X138Y145       CARRY4 (Prop_carry4_S[2]_O[2])
                                                      0.047     0.996 r  cv32e40p_core_ip/core_i/ex_stage_i/mult_i/_inferred__7/i___0_carry__6/O[2]
                         net (fo=1, routed)           0.098     1.094    cv32e40p_core_ip/core_i/ex_stage_i/mult_i/_inferred__7/i___0_carry__6_n_5
    SLICE_X137Y145       LUT6 (Prop_lut6_I5_O)        0.071     1.165 r  cv32e40p_core_ip/core_i/ex_stage_i/mult_i/wdata_b_q[30]_i_3/O
                         net (fo=4, routed)           0.332     1.497    cv32e40p_core_ip/core_i/id_stage_i/register_file_i/wdata_b_q_reg[30]_1
    SLICE_X124Y145       LUT6 (Prop_lut6_I3_O)        0.028     1.525 r  cv32e40p_core_ip/core_i/id_stage_i/register_file_i/wdata_b_q[30]_i_1/O
                         net (fo=4, routed)           0.161     1.685    cv32e40p_core_ip/core_i/if_stage_i/regfile_alu_wdata_fw[23]
    SLICE_X124Y143       LUT6 (Prop_lut6_I1_O)        0.028     1.713 r  cv32e40p_core_ip/core_i/if_stage_i/mult_operand_a_ex_o[30]_i_2/O
                         net (fo=1, routed)           0.000     1.713    cv32e40p_core_ip/core_i/if_stage_i/mult_operand_a_ex_o[30]_i_2_n_0
    SLICE_X124Y143       MUXF7 (Prop_muxf7_I0_O)      0.050     1.763 r  cv32e40p_core_ip/core_i/if_stage_i/mult_operand_a_ex_o_reg[30]_i_1/O
                         net (fo=1, routed)           0.000     1.763    cv32e40p_core_ip/core_i/id_stage_i/mult_operand_a_ex_o_reg[31]_2[27]
    SLICE_X124Y143       FDCE                                         r  cv32e40p_core_ip/core_i/id_stage_i/mult_operand_a_ex_o_reg[30]/D
  -------------------------------------------------------------------    -------------------

                         (clock clk_out1_clk_wiz_0_1 rise edge)
                                                      0.000     0.000 r  
    H9                                                0.000     0.000 r  clk_p (IN)
                         net (fo=0)                   0.000     0.000    dutclk/inst/clk_in1_p
    H9                   IBUFDS (Prop_ibufds_I_O)     0.444     0.444 r  dutclk/inst/clkin1_ibufgds/O
                         net (fo=1, routed)           0.553     0.997    dutclk/inst/clk_in1_clk_wiz_0
    MMCME2_ADV_X1Y5      MMCME2_ADV (Prop_mmcme2_adv_CLKIN1_CLKOUT0)
                                                     -3.590    -2.593 r  dutclk/inst/mmcm_adv_inst/CLKOUT0
                         net (fo=1, routed)           1.044    -1.549    dutclk/inst/clk_out1_clk_wiz_0
    BUFGCTRL_X0Y16       BUFG (Prop_bufg_I_O)         0.030    -1.519 r  dutclk/inst/clkout1_buf/O
                         net (fo=11462, routed)       0.987    -0.533    cv32e40p_core_ip/core_i/sleep_unit_i/core_clock_gate_i/clk_gate_i/clk_out1
    SLICE_X91Y146        LUT2 (Prop_lut2_I0_O)        0.035    -0.498 r  cv32e40p_core_ip/core_i/sleep_unit_i/core_clock_gate_i/clk_gate_i/cnt_q[1]_i_5__0/O
                         net (fo=1, routed)           0.221    -0.277    cv32e40p_core_ip_n_102
    BUFGCTRL_X0Y0        BUFG (Prop_bufg_I_O)         0.030    -0.247 r  cnt_q_reg[1]_i_2/O
                         net (fo=1121, routed)        0.772     0.525    cv32e40p_core_ip/core_i/id_stage_i/clk
    SLICE_X124Y143       FDCE                                         r  cv32e40p_core_ip/core_i/id_stage_i/mult_operand_a_ex_o_reg[30]/C

Slack:                    inf
  Source:                 cv32e40p_core_ip/core_i/ex_stage_i/mult_i/__0/ACOUT[16]
                            (internal pin)
  Destination:            cv32e40p_core_ip/core_i/id_stage_i/mult_operand_b_ex_o_reg[30]/D
                            (rising edge-triggered cell FDCE clocked by clk_out1_clk_wiz_0_1  {rise@0.000ns fall@8.333ns period=16.667ns})
  Path Group:             (none)
  Path Type:              Hold (Min at Fast Process Corner)
  Data Path Delay:        1.766ns  (logic 0.772ns (43.710%)  route 0.994ns (56.290%))
  Logic Levels:           7  (CARRY4=2 DSP48E1=1 LUT5=2 LUT6=2)
  Clock Uncertainty:      0.424ns  ((TSJ^2 + DJ^2)^1/2) / 2 + PE
    Total System Jitter     (TSJ):    0.050ns
    Discrete Jitter          (DJ):    0.255ns
    Phase Error              (PE):    0.294ns

    Location             Delay type                Incr(ns)  Path(ns)    Netlist Resource(s)
  -------------------------------------------------------------------    -------------------
    DSP48_X5Y55          DSP48E1                      0.000     0.000 r  cv32e40p_core_ip/core_i/ex_stage_i/mult_i/__0/ACOUT[16]
                         net (fo=1, routed)           0.000     0.000    cv32e40p_core_ip/core_i/ex_stage_i/mult_i/__0_n_37
    DSP48_X5Y56          DSP48E1 (Prop_dsp48e1_ACIN[16]_P[11])
                                                      0.442     0.442 r  cv32e40p_core_ip/core_i/ex_stage_i/mult_i/__1/P[11]
                         net (fo=2, routed)           0.206     0.648    cv32e40p_core_ip/core_i/ex_stage_i/mult_i/__1_n_94
    SLICE_X139Y145       CARRY4 (Prop_carry4_DI[0]_O[1])
                                                      0.090     0.738 r  cv32e40p_core_ip/core_i/ex_stage_i/mult_i/_inferred__2/i__carry__2/O[1]
                         net (fo=3, routed)           0.145     0.883    cv32e40p_core_ip/core_i/id_stage_i/register_file_i/_inferred__7/i___0_carry__6_2[1]
    SLICE_X138Y145       LUT5 (Prop_lut5_I1_O)        0.066     0.949 r  cv32e40p_core_ip/core_i/id_stage_i/register_file_i/i___0_carry__6_i_5/O
                         net (fo=1, routed)           0.000     0.949    cv32e40p_core_ip/core_i/ex_stage_i/mult_i/wdata_b_q[28]_i_3_1[2]
    SLICE_X138Y145       CARRY4 (Prop_carry4_S[2]_O[2])
                                                      0.047     0.996 r  cv32e40p_core_ip/core_i/ex_stage_i/mult_i/_inferred__7/i___0_carry__6/O[2]
                         net (fo=1, routed)           0.098     1.094    cv32e40p_core_ip/core_i/ex_stage_i/mult_i/_inferred__7/i___0_carry__6_n_5
    SLICE_X137Y145       LUT6 (Prop_lut6_I5_O)        0.071     1.165 r  cv32e40p_core_ip/core_i/ex_stage_i/mult_i/wdata_b_q[30]_i_3/O
                         net (fo=4, routed)           0.286     1.451    cv32e40p_core_ip/core_i/id_stage_i/register_file_i/wdata_b_q_reg[30]_1
    SLICE_X124Y145       LUT6 (Prop_lut6_I3_O)        0.028     1.479 f  cv32e40p_core_ip/core_i/id_stage_i/register_file_i/alu_operand_a_ex_o[30]_i_2/O
                         net (fo=5, routed)           0.259     1.738    cv32e40p_core_ip/core_i/if_stage_i/mult_operand_b_ex_o_reg[30]_0
    SLICE_X124Y143       LUT5 (Prop_lut5_I4_O)        0.028     1.766 r  cv32e40p_core_ip/core_i/if_stage_i/mult_operand_b_ex_o[30]_i_1/O
                         net (fo=1, routed)           0.000     1.766    cv32e40p_core_ip/core_i/id_stage_i/mult_operand_b_ex_o_reg[31]_2[28]
    SLICE_X124Y143       FDCE                                         r  cv32e40p_core_ip/core_i/id_stage_i/mult_operand_b_ex_o_reg[30]/D
  -------------------------------------------------------------------    -------------------

                         (clock clk_out1_clk_wiz_0_1 rise edge)
                                                      0.000     0.000 r  
    H9                                                0.000     0.000 r  clk_p (IN)
                         net (fo=0)                   0.000     0.000    dutclk/inst/clk_in1_p
    H9                   IBUFDS (Prop_ibufds_I_O)     0.444     0.444 r  dutclk/inst/clkin1_ibufgds/O
                         net (fo=1, routed)           0.553     0.997    dutclk/inst/clk_in1_clk_wiz_0
    MMCME2_ADV_X1Y5      MMCME2_ADV (Prop_mmcme2_adv_CLKIN1_CLKOUT0)
                                                     -3.590    -2.593 r  dutclk/inst/mmcm_adv_inst/CLKOUT0
                         net (fo=1, routed)           1.044    -1.549    dutclk/inst/clk_out1_clk_wiz_0
    BUFGCTRL_X0Y16       BUFG (Prop_bufg_I_O)         0.030    -1.519 r  dutclk/inst/clkout1_buf/O
                         net (fo=11462, routed)       0.987    -0.533    cv32e40p_core_ip/core_i/sleep_unit_i/core_clock_gate_i/clk_gate_i/clk_out1
    SLICE_X91Y146        LUT2 (Prop_lut2_I0_O)        0.035    -0.498 r  cv32e40p_core_ip/core_i/sleep_unit_i/core_clock_gate_i/clk_gate_i/cnt_q[1]_i_5__0/O
                         net (fo=1, routed)           0.221    -0.277    cv32e40p_core_ip_n_102
    BUFGCTRL_X0Y0        BUFG (Prop_bufg_I_O)         0.030    -0.247 r  cnt_q_reg[1]_i_2/O
                         net (fo=1121, routed)        0.772     0.525    cv32e40p_core_ip/core_i/id_stage_i/clk
    SLICE_X124Y143       FDCE                                         r  cv32e40p_core_ip/core_i/id_stage_i/mult_operand_b_ex_o_reg[30]/C

Slack:                    inf
  Source:                 cv32e40p_core_ip/core_i/ex_stage_i/mult_i/__0/ACOUT[16]
                            (internal pin)
  Destination:            cv32e40p_core_ip/core_i/id_stage_i/alu_operand_c_ex_o_reg[30]/D
                            (rising edge-triggered cell FDCE clocked by clk_out1_clk_wiz_0_1  {rise@0.000ns fall@8.333ns period=16.667ns})
  Path Group:             (none)
  Path Type:              Hold (Min at Fast Process Corner)
  Data Path Delay:        1.768ns  (logic 0.772ns (43.663%)  route 0.996ns (56.337%))
  Logic Levels:           7  (CARRY4=2 DSP48E1=1 LUT5=1 LUT6=3)
  Clock Uncertainty:      0.424ns  ((TSJ^2 + DJ^2)^1/2) / 2 + PE
    Total System Jitter     (TSJ):    0.050ns
    Discrete Jitter          (DJ):    0.255ns
    Phase Error              (PE):    0.294ns

    Location             Delay type                Incr(ns)  Path(ns)    Netlist Resource(s)
  -------------------------------------------------------------------    -------------------
    DSP48_X5Y55          DSP48E1                      0.000     0.000 r  cv32e40p_core_ip/core_i/ex_stage_i/mult_i/__0/ACOUT[16]
                         net (fo=1, routed)           0.000     0.000    cv32e40p_core_ip/core_i/ex_stage_i/mult_i/__0_n_37
    DSP48_X5Y56          DSP48E1 (Prop_dsp48e1_ACIN[16]_P[11])
                                                      0.442     0.442 r  cv32e40p_core_ip/core_i/ex_stage_i/mult_i/__1/P[11]
                         net (fo=2, routed)           0.206     0.648    cv32e40p_core_ip/core_i/ex_stage_i/mult_i/__1_n_94
    SLICE_X139Y145       CARRY4 (Prop_carry4_DI[0]_O[1])
                                                      0.090     0.738 r  cv32e40p_core_ip/core_i/ex_stage_i/mult_i/_inferred__2/i__carry__2/O[1]
                         net (fo=3, routed)           0.145     0.883    cv32e40p_core_ip/core_i/id_stage_i/register_file_i/_inferred__7/i___0_carry__6_2[1]
    SLICE_X138Y145       LUT5 (Prop_lut5_I1_O)        0.066     0.949 r  cv32e40p_core_ip/core_i/id_stage_i/register_file_i/i___0_carry__6_i_5/O
                         net (fo=1, routed)           0.000     0.949    cv32e40p_core_ip/core_i/ex_stage_i/mult_i/wdata_b_q[28]_i_3_1[2]
    SLICE_X138Y145       CARRY4 (Prop_carry4_S[2]_O[2])
                                                      0.047     0.996 r  cv32e40p_core_ip/core_i/ex_stage_i/mult_i/_inferred__7/i___0_carry__6/O[2]
                         net (fo=1, routed)           0.098     1.094    cv32e40p_core_ip/core_i/ex_stage_i/mult_i/_inferred__7/i___0_carry__6_n_5
    SLICE_X137Y145       LUT6 (Prop_lut6_I5_O)        0.071     1.165 r  cv32e40p_core_ip/core_i/ex_stage_i/mult_i/wdata_b_q[30]_i_3/O
                         net (fo=4, routed)           0.332     1.497    cv32e40p_core_ip/core_i/id_stage_i/register_file_i/wdata_b_q_reg[30]_1
    SLICE_X124Y145       LUT6 (Prop_lut6_I3_O)        0.028     1.525 r  cv32e40p_core_ip/core_i/id_stage_i/register_file_i/wdata_b_q[30]_i_1/O
                         net (fo=4, routed)           0.215     1.740    cv32e40p_core_ip/core_i/if_stage_i/regfile_alu_wdata_fw[23]
    SLICE_X124Y144       LUT6 (Prop_lut6_I3_O)        0.028     1.768 r  cv32e40p_core_ip/core_i/if_stage_i/alu_operand_c_ex_o[30]_i_1/O
                         net (fo=1, routed)           0.000     1.768    cv32e40p_core_ip/core_i/id_stage_i/alu_operand_c_ex_o_reg[31]_0[30]
    SLICE_X124Y144       FDCE                                         r  cv32e40p_core_ip/core_i/id_stage_i/alu_operand_c_ex_o_reg[30]/D
  -------------------------------------------------------------------    -------------------

                         (clock clk_out1_clk_wiz_0_1 rise edge)
                                                      0.000     0.000 r  
    H9                                                0.000     0.000 r  clk_p (IN)
                         net (fo=0)                   0.000     0.000    dutclk/inst/clk_in1_p
    H9                   IBUFDS (Prop_ibufds_I_O)     0.444     0.444 r  dutclk/inst/clkin1_ibufgds/O
                         net (fo=1, routed)           0.553     0.997    dutclk/inst/clk_in1_clk_wiz_0
    MMCME2_ADV_X1Y5      MMCME2_ADV (Prop_mmcme2_adv_CLKIN1_CLKOUT0)
                                                     -3.590    -2.593 r  dutclk/inst/mmcm_adv_inst/CLKOUT0
                         net (fo=1, routed)           1.044    -1.549    dutclk/inst/clk_out1_clk_wiz_0
    BUFGCTRL_X0Y16       BUFG (Prop_bufg_I_O)         0.030    -1.519 r  dutclk/inst/clkout1_buf/O
                         net (fo=11462, routed)       0.987    -0.533    cv32e40p_core_ip/core_i/sleep_unit_i/core_clock_gate_i/clk_gate_i/clk_out1
    SLICE_X91Y146        LUT2 (Prop_lut2_I0_O)        0.035    -0.498 r  cv32e40p_core_ip/core_i/sleep_unit_i/core_clock_gate_i/clk_gate_i/cnt_q[1]_i_5__0/O
                         net (fo=1, routed)           0.221    -0.277    cv32e40p_core_ip_n_102
    BUFGCTRL_X0Y0        BUFG (Prop_bufg_I_O)         0.030    -0.247 r  cnt_q_reg[1]_i_2/O
                         net (fo=1121, routed)        0.772     0.525    cv32e40p_core_ip/core_i/id_stage_i/clk
    SLICE_X124Y144       FDCE                                         r  cv32e40p_core_ip/core_i/id_stage_i/alu_operand_c_ex_o_reg[30]/C

Slack:                    inf
  Source:                 cv32e40p_core_ip/core_i/ex_stage_i/mult_i/__0/ACOUT[16]
                            (internal pin)
  Destination:            cv32e40p_core_ip/core_i/id_stage_i/mult_operand_c_ex_o_reg[19]/D
                            (rising edge-triggered cell FDCE clocked by clk_out1_clk_wiz_0_1  {rise@0.000ns fall@8.333ns period=16.667ns})
  Path Group:             (none)
  Path Type:              Hold (Min at Fast Process Corner)
  Data Path Delay:        1.775ns  (logic 0.758ns (42.710%)  route 1.017ns (57.290%))
  Logic Levels:           8  (CARRY4=2 DSP48E1=1 LUT2=1 LUT5=1 LUT6=3)
  Clock Uncertainty:      0.424ns  ((TSJ^2 + DJ^2)^1/2) / 2 + PE
    Total System Jitter     (TSJ):    0.050ns
    Discrete Jitter          (DJ):    0.255ns
    Phase Error              (PE):    0.294ns

    Location             Delay type                Incr(ns)  Path(ns)    Netlist Resource(s)
  -------------------------------------------------------------------    -------------------
    DSP48_X5Y55          DSP48E1                      0.000     0.000 r  cv32e40p_core_ip/core_i/ex_stage_i/mult_i/__0/ACOUT[16]
                         net (fo=1, routed)           0.000     0.000    cv32e40p_core_ip/core_i/ex_stage_i/mult_i/__0_n_37
    DSP48_X5Y56          DSP48E1 (Prop_dsp48e1_ACIN[16]_P[1])
                                                      0.442     0.442 r  cv32e40p_core_ip/core_i/ex_stage_i/mult_i/__1/P[1]
                         net (fo=2, routed)           0.195     0.637    cv32e40p_core_ip/core_i/ex_stage_i/mult_i/__1_n_104
    SLICE_X139Y142       LUT2 (Prop_lut2_I0_O)        0.028     0.665 r  cv32e40p_core_ip/core_i/ex_stage_i/mult_i/i__carry_i_2/O
                         net (fo=1, routed)           0.000     0.665    cv32e40p_core_ip/core_i/ex_stage_i/mult_i/i__carry_i_2_n_0
    SLICE_X139Y142       CARRY4 (Prop_carry4_S[2]_O[2])
                                                      0.051     0.716 r  cv32e40p_core_ip/core_i/ex_stage_i/mult_i/_inferred__2/i__carry/O[2]
                         net (fo=3, routed)           0.237     0.953    cv32e40p_core_ip/core_i/id_stage_i/_inferred__7/i___0_carry__4[2]
    SLICE_X138Y142       LUT5 (Prop_lut5_I1_O)        0.067     1.020 r  cv32e40p_core_ip/core_i/id_stage_i/i___0_carry__3_i_5/O
                         net (fo=1, routed)           0.000     1.020    cv32e40p_core_ip/core_i/ex_stage_i/mult_i/alu_operand_a_ex_o[16]_i_7_1[3]
    SLICE_X138Y142       CARRY4 (Prop_carry4_S[3]_O[3])
                                                      0.046     1.066 r  cv32e40p_core_ip/core_i/ex_stage_i/mult_i/_inferred__7/i___0_carry__3/O[3]
                         net (fo=1, routed)           0.163     1.229    cv32e40p_core_ip/core_i/ex_stage_i/mult_i/_inferred__7/i___0_carry__3_n_4
    SLICE_X137Y142       LUT6 (Prop_lut6_I5_O)        0.068     1.297 r  cv32e40p_core_ip/core_i/ex_stage_i/mult_i/wdata_b_q[19]_i_3/O
                         net (fo=3, routed)           0.312     1.609    cv32e40p_core_ip/core_i/id_stage_i/register_file_i/wdata_b_q_reg[19]_1
    SLICE_X135Y141       LUT6 (Prop_lut6_I3_O)        0.028     1.637 r  cv32e40p_core_ip/core_i/id_stage_i/register_file_i/wdata_b_q[19]_i_1/O
                         net (fo=3, routed)           0.109     1.747    cv32e40p_core_ip/core_i/id_stage_i/register_file_i/alu_en_ex_o_reg[19]
    SLICE_X135Y143       LUT6 (Prop_lut6_I1_O)        0.028     1.775 r  cv32e40p_core_ip/core_i/id_stage_i/register_file_i/mult_operand_c_ex_o[19]_i_1/O
                         net (fo=1, routed)           0.000     1.775    cv32e40p_core_ip/core_i/id_stage_i/register_file_i_n_496
    SLICE_X135Y143       FDCE                                         r  cv32e40p_core_ip/core_i/id_stage_i/mult_operand_c_ex_o_reg[19]/D
  -------------------------------------------------------------------    -------------------

                         (clock clk_out1_clk_wiz_0_1 rise edge)
                                                      0.000     0.000 r  
    H9                                                0.000     0.000 r  clk_p (IN)
                         net (fo=0)                   0.000     0.000    dutclk/inst/clk_in1_p
    H9                   IBUFDS (Prop_ibufds_I_O)     0.444     0.444 r  dutclk/inst/clkin1_ibufgds/O
                         net (fo=1, routed)           0.553     0.997    dutclk/inst/clk_in1_clk_wiz_0
    MMCME2_ADV_X1Y5      MMCME2_ADV (Prop_mmcme2_adv_CLKIN1_CLKOUT0)
                                                     -3.590    -2.593 r  dutclk/inst/mmcm_adv_inst/CLKOUT0
                         net (fo=1, routed)           1.044    -1.549    dutclk/inst/clk_out1_clk_wiz_0
    BUFGCTRL_X0Y16       BUFG (Prop_bufg_I_O)         0.030    -1.519 r  dutclk/inst/clkout1_buf/O
                         net (fo=11462, routed)       0.987    -0.533    cv32e40p_core_ip/core_i/sleep_unit_i/core_clock_gate_i/clk_gate_i/clk_out1
    SLICE_X91Y146        LUT2 (Prop_lut2_I0_O)        0.035    -0.498 r  cv32e40p_core_ip/core_i/sleep_unit_i/core_clock_gate_i/clk_gate_i/cnt_q[1]_i_5__0/O
                         net (fo=1, routed)           0.221    -0.277    cv32e40p_core_ip_n_102
    BUFGCTRL_X0Y0        BUFG (Prop_bufg_I_O)         0.030    -0.247 r  cnt_q_reg[1]_i_2/O
                         net (fo=1121, routed)        0.774     0.527    cv32e40p_core_ip/core_i/id_stage_i/clk
    SLICE_X135Y143       FDCE                                         r  cv32e40p_core_ip/core_i/id_stage_i/mult_operand_c_ex_o_reg[19]/C





