Copyright 1986-2022 Xilinx, Inc. All Rights Reserved.
-----------------------------------------------------------------------------------------------------------------------------------------------------------
| Tool Version : Vivado v.2022.2 (lin64) Build 3671981 Fri Oct 14 04:59:54 MDT 2022
| Date         : Fri Jan 10 23:16:30 2025
| Host         : karpuz running 64-bit Ubuntu 22.04.5 LTS
| Command      : report_methodology -file air_soc_methodology_drc_routed.rpt -pb air_soc_methodology_drc_routed.pb -rpx air_soc_methodology_drc_routed.rpx
| Design       : air_soc
| Device       : xc7z045ffg900-2
| Speed File   : -2
| Design State : Fully Routed
-----------------------------------------------------------------------------------------------------------------------------------------------------------

Report Methodology

Table of Contents
-----------------
1. REPORT SUMMARY
2. REPORT DETAILS

1. REPORT SUMMARY
-----------------
            Netlist: netlist
          Floorplan: design_1
      Design limits: <entire design considered>
             Max violations: <unlimited>
             Violations found: 1227
+-----------+------------------+-----------------------------------------------------------+------------+
| Rule      | Severity         | Description                                               | Violations |
+-----------+------------------+-----------------------------------------------------------+------------+
| TIMING-14 | Critical Warning | LUT on the clock tree                                     | 35         |
| DPIR-1    | Warning          | Asynchronous driver check                                 | 32         |
| LUTAR-1   | Warning          | LUT drives async reset alert                              | 3          |
| SYNTH-5   | Warning          | Mapped onto distributed RAM because of timing constraints | 1024       |
| SYNTH-10  | Warning          | Wide multiplier                                           | 3          |
| SYNTH-15  | Warning          | Byte wide write enable not inferred                       | 128        |
| XDCC-7    | Warning          | Scoped Clock constraint overwritten on the same source    | 1          |
| LATCH-1   | Advisory         | Existing latches in the design                            | 1          |
+-----------+------------------+-----------------------------------------------------------+------------+

2. REPORT DETAILS
-----------------
TIMING-14#1 Critical Warning
LUT on the clock tree  
The LUT cv32e40p_core_ip/core_i/id_stage_i/register_file_i/CG_WE_GLOBAL/clk_gate_i/mem_reg[10][31]_i_3 has been found on the clock tree. Run opt_design to optimize the clock trees, then re-run report_methodology. If LUT(s) are still present in the clock trees, modify the RTL or the synthesis options accordingly to move the clock gating logic to dedicated clock enable resources. Keep in mind that post-opt_design database cannot be used for pin-planning tasks
Related violations: <none>

TIMING-14#2 Critical Warning
LUT on the clock tree  
The LUT cv32e40p_core_ip/core_i/id_stage_i/register_file_i/CG_WE_GLOBAL/clk_gate_i/mem_reg[11][31]_i_3 has been found on the clock tree. Run opt_design to optimize the clock trees, then re-run report_methodology. If LUT(s) are still present in the clock trees, modify the RTL or the synthesis options accordingly to move the clock gating logic to dedicated clock enable resources. Keep in mind that post-opt_design database cannot be used for pin-planning tasks
Related violations: <none>

TIMING-14#3 Critical Warning
LUT on the clock tree  
The LUT cv32e40p_core_ip/core_i/id_stage_i/register_file_i/CG_WE_GLOBAL/clk_gate_i/mem_reg[12][31]_i_2 has been found on the clock tree. Run opt_design to optimize the clock trees, then re-run report_methodology. If LUT(s) are still present in the clock trees, modify the RTL or the synthesis options accordingly to move the clock gating logic to dedicated clock enable resources. Keep in mind that post-opt_design database cannot be used for pin-planning tasks
Related violations: <none>

TIMING-14#4 Critical Warning
LUT on the clock tree  
The LUT cv32e40p_core_ip/core_i/id_stage_i/register_file_i/CG_WE_GLOBAL/clk_gate_i/mem_reg[13][31]_i_2 has been found on the clock tree. Run opt_design to optimize the clock trees, then re-run report_methodology. If LUT(s) are still present in the clock trees, modify the RTL or the synthesis options accordingly to move the clock gating logic to dedicated clock enable resources. Keep in mind that post-opt_design database cannot be used for pin-planning tasks
Related violations: <none>

TIMING-14#5 Critical Warning
LUT on the clock tree  
The LUT cv32e40p_core_ip/core_i/id_stage_i/register_file_i/CG_WE_GLOBAL/clk_gate_i/mem_reg[14][31]_i_2 has been found on the clock tree. Run opt_design to optimize the clock trees, then re-run report_methodology. If LUT(s) are still present in the clock trees, modify the RTL or the synthesis options accordingly to move the clock gating logic to dedicated clock enable resources. Keep in mind that post-opt_design database cannot be used for pin-planning tasks
Related violations: <none>

TIMING-14#6 Critical Warning
LUT on the clock tree  
The LUT cv32e40p_core_ip/core_i/id_stage_i/register_file_i/CG_WE_GLOBAL/clk_gate_i/mem_reg[15][31]_i_2 has been found on the clock tree. Run opt_design to optimize the clock trees, then re-run report_methodology. If LUT(s) are still present in the clock trees, modify the RTL or the synthesis options accordingly to move the clock gating logic to dedicated clock enable resources. Keep in mind that post-opt_design database cannot be used for pin-planning tasks
Related violations: <none>

TIMING-14#7 Critical Warning
LUT on the clock tree  
The LUT cv32e40p_core_ip/core_i/id_stage_i/register_file_i/CG_WE_GLOBAL/clk_gate_i/mem_reg[16][31]_i_2 has been found on the clock tree. Run opt_design to optimize the clock trees, then re-run report_methodology. If LUT(s) are still present in the clock trees, modify the RTL or the synthesis options accordingly to move the clock gating logic to dedicated clock enable resources. Keep in mind that post-opt_design database cannot be used for pin-planning tasks
Related violations: <none>

TIMING-14#8 Critical Warning
LUT on the clock tree  
The LUT cv32e40p_core_ip/core_i/id_stage_i/register_file_i/CG_WE_GLOBAL/clk_gate_i/mem_reg[17][31]_i_2 has been found on the clock tree. Run opt_design to optimize the clock trees, then re-run report_methodology. If LUT(s) are still present in the clock trees, modify the RTL or the synthesis options accordingly to move the clock gating logic to dedicated clock enable resources. Keep in mind that post-opt_design database cannot be used for pin-planning tasks
Related violations: <none>

TIMING-14#9 Critical Warning
LUT on the clock tree  
The LUT cv32e40p_core_ip/core_i/id_stage_i/register_file_i/CG_WE_GLOBAL/clk_gate_i/mem_reg[18][31]_i_2 has been found on the clock tree. Run opt_design to optimize the clock trees, then re-run report_methodology. If LUT(s) are still present in the clock trees, modify the RTL or the synthesis options accordingly to move the clock gating logic to dedicated clock enable resources. Keep in mind that post-opt_design database cannot be used for pin-planning tasks
Related violations: <none>

TIMING-14#10 Critical Warning
LUT on the clock tree  
The LUT cv32e40p_core_ip/core_i/id_stage_i/register_file_i/CG_WE_GLOBAL/clk_gate_i/mem_reg[19][31]_i_2 has been found on the clock tree. Run opt_design to optimize the clock trees, then re-run report_methodology. If LUT(s) are still present in the clock trees, modify the RTL or the synthesis options accordingly to move the clock gating logic to dedicated clock enable resources. Keep in mind that post-opt_design database cannot be used for pin-planning tasks
Related violations: <none>

TIMING-14#11 Critical Warning
LUT on the clock tree  
The LUT cv32e40p_core_ip/core_i/id_stage_i/register_file_i/CG_WE_GLOBAL/clk_gate_i/mem_reg[1][31]_i_2 has been found on the clock tree. Run opt_design to optimize the clock trees, then re-run report_methodology. If LUT(s) are still present in the clock trees, modify the RTL or the synthesis options accordingly to move the clock gating logic to dedicated clock enable resources. Keep in mind that post-opt_design database cannot be used for pin-planning tasks
Related violations: <none>

TIMING-14#12 Critical Warning
LUT on the clock tree  
The LUT cv32e40p_core_ip/core_i/id_stage_i/register_file_i/CG_WE_GLOBAL/clk_gate_i/mem_reg[20][31]_i_2 has been found on the clock tree. Run opt_design to optimize the clock trees, then re-run report_methodology. If LUT(s) are still present in the clock trees, modify the RTL or the synthesis options accordingly to move the clock gating logic to dedicated clock enable resources. Keep in mind that post-opt_design database cannot be used for pin-planning tasks
Related violations: <none>

TIMING-14#13 Critical Warning
LUT on the clock tree  
The LUT cv32e40p_core_ip/core_i/id_stage_i/register_file_i/CG_WE_GLOBAL/clk_gate_i/mem_reg[21][31]_i_2 has been found on the clock tree. Run opt_design to optimize the clock trees, then re-run report_methodology. If LUT(s) are still present in the clock trees, modify the RTL or the synthesis options accordingly to move the clock gating logic to dedicated clock enable resources. Keep in mind that post-opt_design database cannot be used for pin-planning tasks
Related violations: <none>

TIMING-14#14 Critical Warning
LUT on the clock tree  
The LUT cv32e40p_core_ip/core_i/id_stage_i/register_file_i/CG_WE_GLOBAL/clk_gate_i/mem_reg[22][31]_i_2 has been found on the clock tree. Run opt_design to optimize the clock trees, then re-run report_methodology. If LUT(s) are still present in the clock trees, modify the RTL or the synthesis options accordingly to move the clock gating logic to dedicated clock enable resources. Keep in mind that post-opt_design database cannot be used for pin-planning tasks
Related violations: <none>

TIMING-14#15 Critical Warning
LUT on the clock tree  
The LUT cv32e40p_core_ip/core_i/id_stage_i/register_file_i/CG_WE_GLOBAL/clk_gate_i/mem_reg[23][31]_i_2 has been found on the clock tree. Run opt_design to optimize the clock trees, then re-run report_methodology. If LUT(s) are still present in the clock trees, modify the RTL or the synthesis options accordingly to move the clock gating logic to dedicated clock enable resources. Keep in mind that post-opt_design database cannot be used for pin-planning tasks
Related violations: <none>

TIMING-14#16 Critical Warning
LUT on the clock tree  
The LUT cv32e40p_core_ip/core_i/id_stage_i/register_file_i/CG_WE_GLOBAL/clk_gate_i/mem_reg[24][31]_i_2 has been found on the clock tree. Run opt_design to optimize the clock trees, then re-run report_methodology. If LUT(s) are still present in the clock trees, modify the RTL or the synthesis options accordingly to move the clock gating logic to dedicated clock enable resources. Keep in mind that post-opt_design database cannot be used for pin-planning tasks
Related violations: <none>

TIMING-14#17 Critical Warning
LUT on the clock tree  
The LUT cv32e40p_core_ip/core_i/id_stage_i/register_file_i/CG_WE_GLOBAL/clk_gate_i/mem_reg[25][31]_i_2 has been found on the clock tree. Run opt_design to optimize the clock trees, then re-run report_methodology. If LUT(s) are still present in the clock trees, modify the RTL or the synthesis options accordingly to move the clock gating logic to dedicated clock enable resources. Keep in mind that post-opt_design database cannot be used for pin-planning tasks
Related violations: <none>

TIMING-14#18 Critical Warning
LUT on the clock tree  
The LUT cv32e40p_core_ip/core_i/id_stage_i/register_file_i/CG_WE_GLOBAL/clk_gate_i/mem_reg[26][31]_i_2 has been found on the clock tree. Run opt_design to optimize the clock trees, then re-run report_methodology. If LUT(s) are still present in the clock trees, modify the RTL or the synthesis options accordingly to move the clock gating logic to dedicated clock enable resources. Keep in mind that post-opt_design database cannot be used for pin-planning tasks
Related violations: <none>

TIMING-14#19 Critical Warning
LUT on the clock tree  
The LUT cv32e40p_core_ip/core_i/id_stage_i/register_file_i/CG_WE_GLOBAL/clk_gate_i/mem_reg[27][31]_i_2 has been found on the clock tree. Run opt_design to optimize the clock trees, then re-run report_methodology. If LUT(s) are still present in the clock trees, modify the RTL or the synthesis options accordingly to move the clock gating logic to dedicated clock enable resources. Keep in mind that post-opt_design database cannot be used for pin-planning tasks
Related violations: <none>

TIMING-14#20 Critical Warning
LUT on the clock tree  
The LUT cv32e40p_core_ip/core_i/id_stage_i/register_file_i/CG_WE_GLOBAL/clk_gate_i/mem_reg[28][31]_i_2 has been found on the clock tree. Run opt_design to optimize the clock trees, then re-run report_methodology. If LUT(s) are still present in the clock trees, modify the RTL or the synthesis options accordingly to move the clock gating logic to dedicated clock enable resources. Keep in mind that post-opt_design database cannot be used for pin-planning tasks
Related violations: <none>

TIMING-14#21 Critical Warning
LUT on the clock tree  
The LUT cv32e40p_core_ip/core_i/id_stage_i/register_file_i/CG_WE_GLOBAL/clk_gate_i/mem_reg[29][31]_i_2 has been found on the clock tree. Run opt_design to optimize the clock trees, then re-run report_methodology. If LUT(s) are still present in the clock trees, modify the RTL or the synthesis options accordingly to move the clock gating logic to dedicated clock enable resources. Keep in mind that post-opt_design database cannot be used for pin-planning tasks
Related violations: <none>

TIMING-14#22 Critical Warning
LUT on the clock tree  
The LUT cv32e40p_core_ip/core_i/id_stage_i/register_file_i/CG_WE_GLOBAL/clk_gate_i/mem_reg[2][31]_i_3 has been found on the clock tree. Run opt_design to optimize the clock trees, then re-run report_methodology. If LUT(s) are still present in the clock trees, modify the RTL or the synthesis options accordingly to move the clock gating logic to dedicated clock enable resources. Keep in mind that post-opt_design database cannot be used for pin-planning tasks
Related violations: <none>

TIMING-14#23 Critical Warning
LUT on the clock tree  
The LUT cv32e40p_core_ip/core_i/id_stage_i/register_file_i/CG_WE_GLOBAL/clk_gate_i/mem_reg[30][31]_i_2 has been found on the clock tree. Run opt_design to optimize the clock trees, then re-run report_methodology. If LUT(s) are still present in the clock trees, modify the RTL or the synthesis options accordingly to move the clock gating logic to dedicated clock enable resources. Keep in mind that post-opt_design database cannot be used for pin-planning tasks
Related violations: <none>

TIMING-14#24 Critical Warning
LUT on the clock tree  
The LUT cv32e40p_core_ip/core_i/id_stage_i/register_file_i/CG_WE_GLOBAL/clk_gate_i/mem_reg[31][31]_i_2 has been found on the clock tree. Run opt_design to optimize the clock trees, then re-run report_methodology. If LUT(s) are still present in the clock trees, modify the RTL or the synthesis options accordingly to move the clock gating logic to dedicated clock enable resources. Keep in mind that post-opt_design database cannot be used for pin-planning tasks
Related violations: <none>

TIMING-14#25 Critical Warning
LUT on the clock tree  
The LUT cv32e40p_core_ip/core_i/id_stage_i/register_file_i/CG_WE_GLOBAL/clk_gate_i/mem_reg[3][31]_i_3 has been found on the clock tree. Run opt_design to optimize the clock trees, then re-run report_methodology. If LUT(s) are still present in the clock trees, modify the RTL or the synthesis options accordingly to move the clock gating logic to dedicated clock enable resources. Keep in mind that post-opt_design database cannot be used for pin-planning tasks
Related violations: <none>

TIMING-14#26 Critical Warning
LUT on the clock tree  
The LUT cv32e40p_core_ip/core_i/id_stage_i/register_file_i/CG_WE_GLOBAL/clk_gate_i/mem_reg[4][31]_i_3 has been found on the clock tree. Run opt_design to optimize the clock trees, then re-run report_methodology. If LUT(s) are still present in the clock trees, modify the RTL or the synthesis options accordingly to move the clock gating logic to dedicated clock enable resources. Keep in mind that post-opt_design database cannot be used for pin-planning tasks
Related violations: <none>

TIMING-14#27 Critical Warning
LUT on the clock tree  
The LUT cv32e40p_core_ip/core_i/id_stage_i/register_file_i/CG_WE_GLOBAL/clk_gate_i/mem_reg[5][31]_i_3 has been found on the clock tree. Run opt_design to optimize the clock trees, then re-run report_methodology. If LUT(s) are still present in the clock trees, modify the RTL or the synthesis options accordingly to move the clock gating logic to dedicated clock enable resources. Keep in mind that post-opt_design database cannot be used for pin-planning tasks
Related violations: <none>

TIMING-14#28 Critical Warning
LUT on the clock tree  
The LUT cv32e40p_core_ip/core_i/id_stage_i/register_file_i/CG_WE_GLOBAL/clk_gate_i/mem_reg[6][31]_i_3 has been found on the clock tree. Run opt_design to optimize the clock trees, then re-run report_methodology. If LUT(s) are still present in the clock trees, modify the RTL or the synthesis options accordingly to move the clock gating logic to dedicated clock enable resources. Keep in mind that post-opt_design database cannot be used for pin-planning tasks
Related violations: <none>

TIMING-14#29 Critical Warning
LUT on the clock tree  
The LUT cv32e40p_core_ip/core_i/id_stage_i/register_file_i/CG_WE_GLOBAL/clk_gate_i/mem_reg[7][31]_i_3 has been found on the clock tree. Run opt_design to optimize the clock trees, then re-run report_methodology. If LUT(s) are still present in the clock trees, modify the RTL or the synthesis options accordingly to move the clock gating logic to dedicated clock enable resources. Keep in mind that post-opt_design database cannot be used for pin-planning tasks
Related violations: <none>

TIMING-14#30 Critical Warning
LUT on the clock tree  
The LUT cv32e40p_core_ip/core_i/id_stage_i/register_file_i/CG_WE_GLOBAL/clk_gate_i/mem_reg[8][31]_i_3 has been found on the clock tree. Run opt_design to optimize the clock trees, then re-run report_methodology. If LUT(s) are still present in the clock trees, modify the RTL or the synthesis options accordingly to move the clock gating logic to dedicated clock enable resources. Keep in mind that post-opt_design database cannot be used for pin-planning tasks
Related violations: <none>

TIMING-14#31 Critical Warning
LUT on the clock tree  
The LUT cv32e40p_core_ip/core_i/id_stage_i/register_file_i/CG_WE_GLOBAL/clk_gate_i/mem_reg[9][31]_i_3 has been found on the clock tree. Run opt_design to optimize the clock trees, then re-run report_methodology. If LUT(s) are still present in the clock trees, modify the RTL or the synthesis options accordingly to move the clock gating logic to dedicated clock enable resources. Keep in mind that post-opt_design database cannot be used for pin-planning tasks
Related violations: <none>

TIMING-14#32 Critical Warning
LUT on the clock tree  
The LUT cv32e40p_core_ip/core_i/sleep_unit_i/core_clock_gate_i/clk_gate_i/clk_en_reg_i_2 has been found on the clock tree. Run opt_design to optimize the clock trees, then re-run report_methodology. If LUT(s) are still present in the clock trees, modify the RTL or the synthesis options accordingly to move the clock gating logic to dedicated clock enable resources. Keep in mind that post-opt_design database cannot be used for pin-planning tasks
Related violations: <none>

TIMING-14#33 Critical Warning
LUT on the clock tree  
The LUT cv32e40p_core_ip/core_i/sleep_unit_i/core_clock_gate_i/clk_gate_i/clk_en_reg_i_2__13 has been found on the clock tree. Run opt_design to optimize the clock trees, then re-run report_methodology. If LUT(s) are still present in the clock trees, modify the RTL or the synthesis options accordingly to move the clock gating logic to dedicated clock enable resources. Keep in mind that post-opt_design database cannot be used for pin-planning tasks
Related violations: <none>

TIMING-14#34 Critical Warning
LUT on the clock tree  
The LUT cv32e40p_core_ip/core_i/sleep_unit_i/core_clock_gate_i/clk_gate_i/cnt_q[1]_i_5__0 has been found on the clock tree. Run opt_design to optimize the clock trees, then re-run report_methodology. If LUT(s) are still present in the clock trees, modify the RTL or the synthesis options accordingly to move the clock gating logic to dedicated clock enable resources. Keep in mind that post-opt_design database cannot be used for pin-planning tasks
Related violations: <none>

TIMING-14#35 Critical Warning
LUT on the clock tree  
The LUT cv32e40p_core_ip/core_i/sleep_unit_i/core_clock_gate_i/clk_gate_i/waddr_onehot_b_q[31]_i_3 has been found on the clock tree. Run opt_design to optimize the clock trees, then re-run report_methodology. If LUT(s) are still present in the clock trees, modify the RTL or the synthesis options accordingly to move the clock gating logic to dedicated clock enable resources. Keep in mind that post-opt_design database cannot be used for pin-planning tasks
Related violations: <none>

DPIR-1#1 Warning
Asynchronous driver check  
DSP cv32e40p_core_ip/core_i/ex_stage_i/mult_i/short_mac input pin cv32e40p_core_ip/core_i/ex_stage_i/mult_i/short_mac/C[0] is connected to registers with an asynchronous reset. This is preventing the possibility of merging these registers in to the DSP Block since the DSP block registers only possess synchronous reset capability.  It is suggested to recode or change these registers to remove the reset or use a synchronous reset to get the best optimization for performance, power and area.
Related violations: <none>

DPIR-1#2 Warning
Asynchronous driver check  
DSP cv32e40p_core_ip/core_i/ex_stage_i/mult_i/short_mac input pin cv32e40p_core_ip/core_i/ex_stage_i/mult_i/short_mac/C[10] is connected to registers with an asynchronous reset. This is preventing the possibility of merging these registers in to the DSP Block since the DSP block registers only possess synchronous reset capability.  It is suggested to recode or change these registers to remove the reset or use a synchronous reset to get the best optimization for performance, power and area.
Related violations: <none>

DPIR-1#3 Warning
Asynchronous driver check  
DSP cv32e40p_core_ip/core_i/ex_stage_i/mult_i/short_mac input pin cv32e40p_core_ip/core_i/ex_stage_i/mult_i/short_mac/C[11] is connected to registers with an asynchronous reset. This is preventing the possibility of merging these registers in to the DSP Block since the DSP block registers only possess synchronous reset capability.  It is suggested to recode or change these registers to remove the reset or use a synchronous reset to get the best optimization for performance, power and area.
Related violations: <none>

DPIR-1#4 Warning
Asynchronous driver check  
DSP cv32e40p_core_ip/core_i/ex_stage_i/mult_i/short_mac input pin cv32e40p_core_ip/core_i/ex_stage_i/mult_i/short_mac/C[12] is connected to registers with an asynchronous reset. This is preventing the possibility of merging these registers in to the DSP Block since the DSP block registers only possess synchronous reset capability.  It is suggested to recode or change these registers to remove the reset or use a synchronous reset to get the best optimization for performance, power and area.
Related violations: <none>

DPIR-1#5 Warning
Asynchronous driver check  
DSP cv32e40p_core_ip/core_i/ex_stage_i/mult_i/short_mac input pin cv32e40p_core_ip/core_i/ex_stage_i/mult_i/short_mac/C[13] is connected to registers with an asynchronous reset. This is preventing the possibility of merging these registers in to the DSP Block since the DSP block registers only possess synchronous reset capability.  It is suggested to recode or change these registers to remove the reset or use a synchronous reset to get the best optimization for performance, power and area.
Related violations: <none>

DPIR-1#6 Warning
Asynchronous driver check  
DSP cv32e40p_core_ip/core_i/ex_stage_i/mult_i/short_mac input pin cv32e40p_core_ip/core_i/ex_stage_i/mult_i/short_mac/C[14] is connected to registers with an asynchronous reset. This is preventing the possibility of merging these registers in to the DSP Block since the DSP block registers only possess synchronous reset capability.  It is suggested to recode or change these registers to remove the reset or use a synchronous reset to get the best optimization for performance, power and area.
Related violations: <none>

DPIR-1#7 Warning
Asynchronous driver check  
DSP cv32e40p_core_ip/core_i/ex_stage_i/mult_i/short_mac input pin cv32e40p_core_ip/core_i/ex_stage_i/mult_i/short_mac/C[15] is connected to registers with an asynchronous reset. This is preventing the possibility of merging these registers in to the DSP Block since the DSP block registers only possess synchronous reset capability.  It is suggested to recode or change these registers to remove the reset or use a synchronous reset to get the best optimization for performance, power and area.
Related violations: <none>

DPIR-1#8 Warning
Asynchronous driver check  
DSP cv32e40p_core_ip/core_i/ex_stage_i/mult_i/short_mac input pin cv32e40p_core_ip/core_i/ex_stage_i/mult_i/short_mac/C[16] is connected to registers with an asynchronous reset. This is preventing the possibility of merging these registers in to the DSP Block since the DSP block registers only possess synchronous reset capability.  It is suggested to recode or change these registers to remove the reset or use a synchronous reset to get the best optimization for performance, power and area.
Related violations: <none>

DPIR-1#9 Warning
Asynchronous driver check  
DSP cv32e40p_core_ip/core_i/ex_stage_i/mult_i/short_mac input pin cv32e40p_core_ip/core_i/ex_stage_i/mult_i/short_mac/C[17] is connected to registers with an asynchronous reset. This is preventing the possibility of merging these registers in to the DSP Block since the DSP block registers only possess synchronous reset capability.  It is suggested to recode or change these registers to remove the reset or use a synchronous reset to get the best optimization for performance, power and area.
Related violations: <none>

DPIR-1#10 Warning
Asynchronous driver check  
DSP cv32e40p_core_ip/core_i/ex_stage_i/mult_i/short_mac input pin cv32e40p_core_ip/core_i/ex_stage_i/mult_i/short_mac/C[18] is connected to registers with an asynchronous reset. This is preventing the possibility of merging these registers in to the DSP Block since the DSP block registers only possess synchronous reset capability.  It is suggested to recode or change these registers to remove the reset or use a synchronous reset to get the best optimization for performance, power and area.
Related violations: <none>

DPIR-1#11 Warning
Asynchronous driver check  
DSP cv32e40p_core_ip/core_i/ex_stage_i/mult_i/short_mac input pin cv32e40p_core_ip/core_i/ex_stage_i/mult_i/short_mac/C[19] is connected to registers with an asynchronous reset. This is preventing the possibility of merging these registers in to the DSP Block since the DSP block registers only possess synchronous reset capability.  It is suggested to recode or change these registers to remove the reset or use a synchronous reset to get the best optimization for performance, power and area.
Related violations: <none>

DPIR-1#12 Warning
Asynchronous driver check  
DSP cv32e40p_core_ip/core_i/ex_stage_i/mult_i/short_mac input pin cv32e40p_core_ip/core_i/ex_stage_i/mult_i/short_mac/C[1] is connected to registers with an asynchronous reset. This is preventing the possibility of merging these registers in to the DSP Block since the DSP block registers only possess synchronous reset capability.  It is suggested to recode or change these registers to remove the reset or use a synchronous reset to get the best optimization for performance, power and area.
Related violations: <none>

DPIR-1#13 Warning
Asynchronous driver check  
DSP cv32e40p_core_ip/core_i/ex_stage_i/mult_i/short_mac input pin cv32e40p_core_ip/core_i/ex_stage_i/mult_i/short_mac/C[20] is connected to registers with an asynchronous reset. This is preventing the possibility of merging these registers in to the DSP Block since the DSP block registers only possess synchronous reset capability.  It is suggested to recode or change these registers to remove the reset or use a synchronous reset to get the best optimization for performance, power and area.
Related violations: <none>

DPIR-1#14 Warning
Asynchronous driver check  
DSP cv32e40p_core_ip/core_i/ex_stage_i/mult_i/short_mac input pin cv32e40p_core_ip/core_i/ex_stage_i/mult_i/short_mac/C[21] is connected to registers with an asynchronous reset. This is preventing the possibility of merging these registers in to the DSP Block since the DSP block registers only possess synchronous reset capability.  It is suggested to recode or change these registers to remove the reset or use a synchronous reset to get the best optimization for performance, power and area.
Related violations: <none>

DPIR-1#15 Warning
Asynchronous driver check  
DSP cv32e40p_core_ip/core_i/ex_stage_i/mult_i/short_mac input pin cv32e40p_core_ip/core_i/ex_stage_i/mult_i/short_mac/C[22] is connected to registers with an asynchronous reset. This is preventing the possibility of merging these registers in to the DSP Block since the DSP block registers only possess synchronous reset capability.  It is suggested to recode or change these registers to remove the reset or use a synchronous reset to get the best optimization for performance, power and area.
Related violations: <none>

DPIR-1#16 Warning
Asynchronous driver check  
DSP cv32e40p_core_ip/core_i/ex_stage_i/mult_i/short_mac input pin cv32e40p_core_ip/core_i/ex_stage_i/mult_i/short_mac/C[23] is connected to registers with an asynchronous reset. This is preventing the possibility of merging these registers in to the DSP Block since the DSP block registers only possess synchronous reset capability.  It is suggested to recode or change these registers to remove the reset or use a synchronous reset to get the best optimization for performance, power and area.
Related violations: <none>

DPIR-1#17 Warning
Asynchronous driver check  
DSP cv32e40p_core_ip/core_i/ex_stage_i/mult_i/short_mac input pin cv32e40p_core_ip/core_i/ex_stage_i/mult_i/short_mac/C[24] is connected to registers with an asynchronous reset. This is preventing the possibility of merging these registers in to the DSP Block since the DSP block registers only possess synchronous reset capability.  It is suggested to recode or change these registers to remove the reset or use a synchronous reset to get the best optimization for performance, power and area.
Related violations: <none>

DPIR-1#18 Warning
Asynchronous driver check  
DSP cv32e40p_core_ip/core_i/ex_stage_i/mult_i/short_mac input pin cv32e40p_core_ip/core_i/ex_stage_i/mult_i/short_mac/C[25] is connected to registers with an asynchronous reset. This is preventing the possibility of merging these registers in to the DSP Block since the DSP block registers only possess synchronous reset capability.  It is suggested to recode or change these registers to remove the reset or use a synchronous reset to get the best optimization for performance, power and area.
Related violations: <none>

DPIR-1#19 Warning
Asynchronous driver check  
DSP cv32e40p_core_ip/core_i/ex_stage_i/mult_i/short_mac input pin cv32e40p_core_ip/core_i/ex_stage_i/mult_i/short_mac/C[26] is connected to registers with an asynchronous reset. This is preventing the possibility of merging these registers in to the DSP Block since the DSP block registers only possess synchronous reset capability.  It is suggested to recode or change these registers to remove the reset or use a synchronous reset to get the best optimization for performance, power and area.
Related violations: <none>

DPIR-1#20 Warning
Asynchronous driver check  
DSP cv32e40p_core_ip/core_i/ex_stage_i/mult_i/short_mac input pin cv32e40p_core_ip/core_i/ex_stage_i/mult_i/short_mac/C[27] is connected to registers with an asynchronous reset. This is preventing the possibility of merging these registers in to the DSP Block since the DSP block registers only possess synchronous reset capability.  It is suggested to recode or change these registers to remove the reset or use a synchronous reset to get the best optimization for performance, power and area.
Related violations: <none>

DPIR-1#21 Warning
Asynchronous driver check  
DSP cv32e40p_core_ip/core_i/ex_stage_i/mult_i/short_mac input pin cv32e40p_core_ip/core_i/ex_stage_i/mult_i/short_mac/C[28] is connected to registers with an asynchronous reset. This is preventing the possibility of merging these registers in to the DSP Block since the DSP block registers only possess synchronous reset capability.  It is suggested to recode or change these registers to remove the reset or use a synchronous reset to get the best optimization for performance, power and area.
Related violations: <none>

DPIR-1#22 Warning
Asynchronous driver check  
DSP cv32e40p_core_ip/core_i/ex_stage_i/mult_i/short_mac input pin cv32e40p_core_ip/core_i/ex_stage_i/mult_i/short_mac/C[29] is connected to registers with an asynchronous reset. This is preventing the possibility of merging these registers in to the DSP Block since the DSP block registers only possess synchronous reset capability.  It is suggested to recode or change these registers to remove the reset or use a synchronous reset to get the best optimization for performance, power and area.
Related violations: <none>

DPIR-1#23 Warning
Asynchronous driver check  
DSP cv32e40p_core_ip/core_i/ex_stage_i/mult_i/short_mac input pin cv32e40p_core_ip/core_i/ex_stage_i/mult_i/short_mac/C[2] is connected to registers with an asynchronous reset. This is preventing the possibility of merging these registers in to the DSP Block since the DSP block registers only possess synchronous reset capability.  It is suggested to recode or change these registers to remove the reset or use a synchronous reset to get the best optimization for performance, power and area.
Related violations: <none>

DPIR-1#24 Warning
Asynchronous driver check  
DSP cv32e40p_core_ip/core_i/ex_stage_i/mult_i/short_mac input pin cv32e40p_core_ip/core_i/ex_stage_i/mult_i/short_mac/C[30] is connected to registers with an asynchronous reset. This is preventing the possibility of merging these registers in to the DSP Block since the DSP block registers only possess synchronous reset capability.  It is suggested to recode or change these registers to remove the reset or use a synchronous reset to get the best optimization for performance, power and area.
Related violations: <none>

DPIR-1#25 Warning
Asynchronous driver check  
DSP cv32e40p_core_ip/core_i/ex_stage_i/mult_i/short_mac input pin cv32e40p_core_ip/core_i/ex_stage_i/mult_i/short_mac/C[31] is connected to registers with an asynchronous reset. This is preventing the possibility of merging these registers in to the DSP Block since the DSP block registers only possess synchronous reset capability.  It is suggested to recode or change these registers to remove the reset or use a synchronous reset to get the best optimization for performance, power and area.
Related violations: <none>

DPIR-1#26 Warning
Asynchronous driver check  
DSP cv32e40p_core_ip/core_i/ex_stage_i/mult_i/short_mac input pin cv32e40p_core_ip/core_i/ex_stage_i/mult_i/short_mac/C[3] is connected to registers with an asynchronous reset. This is preventing the possibility of merging these registers in to the DSP Block since the DSP block registers only possess synchronous reset capability.  It is suggested to recode or change these registers to remove the reset or use a synchronous reset to get the best optimization for performance, power and area.
Related violations: <none>

DPIR-1#27 Warning
Asynchronous driver check  
DSP cv32e40p_core_ip/core_i/ex_stage_i/mult_i/short_mac input pin cv32e40p_core_ip/core_i/ex_stage_i/mult_i/short_mac/C[4] is connected to registers with an asynchronous reset. This is preventing the possibility of merging these registers in to the DSP Block since the DSP block registers only possess synchronous reset capability.  It is suggested to recode or change these registers to remove the reset or use a synchronous reset to get the best optimization for performance, power and area.
Related violations: <none>

DPIR-1#28 Warning
Asynchronous driver check  
DSP cv32e40p_core_ip/core_i/ex_stage_i/mult_i/short_mac input pin cv32e40p_core_ip/core_i/ex_stage_i/mult_i/short_mac/C[5] is connected to registers with an asynchronous reset. This is preventing the possibility of merging these registers in to the DSP Block since the DSP block registers only possess synchronous reset capability.  It is suggested to recode or change these registers to remove the reset or use a synchronous reset to get the best optimization for performance, power and area.
Related violations: <none>

DPIR-1#29 Warning
Asynchronous driver check  
DSP cv32e40p_core_ip/core_i/ex_stage_i/mult_i/short_mac input pin cv32e40p_core_ip/core_i/ex_stage_i/mult_i/short_mac/C[6] is connected to registers with an asynchronous reset. This is preventing the possibility of merging these registers in to the DSP Block since the DSP block registers only possess synchronous reset capability.  It is suggested to recode or change these registers to remove the reset or use a synchronous reset to get the best optimization for performance, power and area.
Related violations: <none>

DPIR-1#30 Warning
Asynchronous driver check  
DSP cv32e40p_core_ip/core_i/ex_stage_i/mult_i/short_mac input pin cv32e40p_core_ip/core_i/ex_stage_i/mult_i/short_mac/C[7] is connected to registers with an asynchronous reset. This is preventing the possibility of merging these registers in to the DSP Block since the DSP block registers only possess synchronous reset capability.  It is suggested to recode or change these registers to remove the reset or use a synchronous reset to get the best optimization for performance, power and area.
Related violations: <none>

DPIR-1#31 Warning
Asynchronous driver check  
DSP cv32e40p_core_ip/core_i/ex_stage_i/mult_i/short_mac input pin cv32e40p_core_ip/core_i/ex_stage_i/mult_i/short_mac/C[8] is connected to registers with an asynchronous reset. This is preventing the possibility of merging these registers in to the DSP Block since the DSP block registers only possess synchronous reset capability.  It is suggested to recode or change these registers to remove the reset or use a synchronous reset to get the best optimization for performance, power and area.
Related violations: <none>

DPIR-1#32 Warning
Asynchronous driver check  
DSP cv32e40p_core_ip/core_i/ex_stage_i/mult_i/short_mac input pin cv32e40p_core_ip/core_i/ex_stage_i/mult_i/short_mac/C[9] is connected to registers with an asynchronous reset. This is preventing the possibility of merging these registers in to the DSP Block since the DSP block registers only possess synchronous reset capability.  It is suggested to recode or change these registers to remove the reset or use a synchronous reset to get the best optimization for performance, power and area.
Related violations: <none>

LUTAR-1#1 Warning
LUT drives async reset alert  
LUT cell main_memory/cpu_addr_q[31]_i_9, with 2 or more inputs, drives asynchronous preset/clear pin(s) qspi/rdata_o_reg[31]/CLR, qspi/rdata_o_reg[3]/CLR, qspi/rdata_o_reg[4]/CLR,
qspi/rdata_o_reg[5]/CLR, qspi/rdata_o_reg[6]/CLR, qspi/rdata_o_reg[7]/CLR,
qspi/rdata_o_reg[8]/CLR, qspi/rdata_o_reg[9]/CLR, qspi/rvalid_o_reg/CLR,
qspi/wb_cyc_r_reg/CLR, req_count_reg[0]/CLR, req_count_reg[1]/CLR,
req_count_reg[2]/CLR, req_count_reg[3]/CLR, req_count_reg[4]/CLR
 (the first 15 of 5744 listed). The LUT may glitch and trigger an unexpected reset, even if it is a properly timed path.
Related violations: <none>

LUTAR-1#2 Warning
LUT drives async reset alert  
LUT cell main_memory/simpleuart/FSM_onehot_state_prog[5]_i_1, with 2 or more inputs, drives asynchronous preset/clear pin(s) uart/rdata_o_reg[27]/CLR, uart/rdata_o_reg[28]/CLR,
uart/rdata_o_reg[29]/CLR, uart/rdata_o_reg[2]/CLR,
uart/rdata_o_reg[30]/CLR, uart/rdata_o_reg[31]/CLR,
uart/rdata_o_reg[3]/CLR, uart/rvalid_o_reg/CLR, uart/wb_cyc_r_reg/CLR,
usb/rdata_o_reg[0]/CLR, usb/rdata_o_reg[1]/CLR, usb/rvalid_o_reg/CLR,
usb/usb_cdc_iface_dut/usb_cdc_inst/rstn_sq_reg[0]/CLR,
usb/usb_cdc_iface_dut/usb_cdc_inst/rstn_sq_reg[1]/CLR,
usb/wb_cyc_r_reg/CLR (the first 15 of 97 listed). The LUT may glitch and trigger an unexpected reset, even if it is a properly timed path.
Related violations: <none>

LUTAR-1#3 Warning
LUT drives async reset alert  
LUT cell usb/usb_cdc_iface_dut/usb_cdc_inst/u_sie/u_phy_rx/u_sync_data.in_last_q[3]_i_3, with 2 or more inputs, drives asynchronous preset/clear pin(s) usb/usb_cdc_iface_dut/usb_cdc_inst/u_bulk_endps[0].u_bulk_endp/u_in_fifo/u_sync_data.app_in_ready_q_reg/CLR,
usb/usb_cdc_iface_dut/usb_cdc_inst/u_bulk_endps[0].u_bulk_endp/u_in_fifo/u_sync_data.app_in_valid_q_reg/CLR,
usb/usb_cdc_iface_dut/usb_cdc_inst/u_bulk_endps[0].u_bulk_endp/u_in_fifo/u_sync_data.app_in_valid_qq_reg/CLR,
usb/usb_cdc_iface_dut/usb_cdc_inst/u_bulk_endps[0].u_bulk_endp/u_in_fifo/u_sync_data.in_last_q_reg[0]/CLR,
usb/usb_cdc_iface_dut/usb_cdc_inst/u_bulk_endps[0].u_bulk_endp/u_in_fifo/u_sync_data.in_last_q_reg[1]/CLR,
usb/usb_cdc_iface_dut/usb_cdc_inst/u_bulk_endps[0].u_bulk_endp/u_in_fifo/u_sync_data.in_last_q_reg[2]/CLR,
usb/usb_cdc_iface_dut/usb_cdc_inst/u_bulk_endps[0].u_bulk_endp/u_in_fifo/u_sync_data.in_last_q_reg[3]/CLR,
usb/usb_cdc_iface_dut/usb_cdc_inst/u_bulk_endps[0].u_bulk_endp/u_out_fifo/u_sync_data.app_out_valid_q_reg/CLR,
usb/usb_cdc_iface_dut/usb_cdc_inst/u_bulk_endps[0].u_bulk_endp/u_out_fifo/u_sync_data.out_first_q_reg[0]/CLR,
usb/usb_cdc_iface_dut/usb_cdc_inst/u_bulk_endps[0].u_bulk_endp/u_out_fifo/u_sync_data.out_first_q_reg[1]/CLR,
usb/usb_cdc_iface_dut/usb_cdc_inst/u_bulk_endps[0].u_bulk_endp/u_out_fifo/u_sync_data.out_first_q_reg[2]/CLR
usb/usb_cdc_iface_dut/usb_cdc_inst/u_bulk_endps[0].u_bulk_endp/u_out_fifo/u_sync_data.out_first_q_reg[3]/CLR. The LUT may glitch and trigger an unexpected reset, even if it is a properly timed path.
Related violations: <none>

SYNTH-5#1 Warning
Mapped onto distributed RAM because of timing constraints  
The instance dcache/way0/lines_reg_0_127_0_0 is implemented as distributed LUT RAM for the following reason: The timing constraints suggest that the chosen mapping will yield a better timing.
Related violations: <none>

SYNTH-5#2 Warning
Mapped onto distributed RAM because of timing constraints  
The instance dcache/way0/lines_reg_0_127_10_10 is implemented as distributed LUT RAM for the following reason: The timing constraints suggest that the chosen mapping will yield a better timing.
Related violations: <none>

SYNTH-5#3 Warning
Mapped onto distributed RAM because of timing constraints  
The instance dcache/way0/lines_reg_0_127_11_11 is implemented as distributed LUT RAM for the following reason: The timing constraints suggest that the chosen mapping will yield a better timing.
Related violations: <none>

SYNTH-5#4 Warning
Mapped onto distributed RAM because of timing constraints  
The instance dcache/way0/lines_reg_0_127_12_12 is implemented as distributed LUT RAM for the following reason: The timing constraints suggest that the chosen mapping will yield a better timing.
Related violations: <none>

SYNTH-5#5 Warning
Mapped onto distributed RAM because of timing constraints  
The instance dcache/way0/lines_reg_0_127_13_13 is implemented as distributed LUT RAM for the following reason: The timing constraints suggest that the chosen mapping will yield a better timing.
Related violations: <none>

SYNTH-5#6 Warning
Mapped onto distributed RAM because of timing constraints  
The instance dcache/way0/lines_reg_0_127_14_14 is implemented as distributed LUT RAM for the following reason: The timing constraints suggest that the chosen mapping will yield a better timing.
Related violations: <none>

SYNTH-5#7 Warning
Mapped onto distributed RAM because of timing constraints  
The instance dcache/way0/lines_reg_0_127_15_15 is implemented as distributed LUT RAM for the following reason: The timing constraints suggest that the chosen mapping will yield a better timing.
Related violations: <none>

SYNTH-5#8 Warning
Mapped onto distributed RAM because of timing constraints  
The instance dcache/way0/lines_reg_0_127_16_16 is implemented as distributed LUT RAM for the following reason: The timing constraints suggest that the chosen mapping will yield a better timing.
Related violations: <none>

SYNTH-5#9 Warning
Mapped onto distributed RAM because of timing constraints  
The instance dcache/way0/lines_reg_0_127_17_17 is implemented as distributed LUT RAM for the following reason: The timing constraints suggest that the chosen mapping will yield a better timing.
Related violations: <none>

SYNTH-5#10 Warning
Mapped onto distributed RAM because of timing constraints  
The instance dcache/way0/lines_reg_0_127_18_18 is implemented as distributed LUT RAM for the following reason: The timing constraints suggest that the chosen mapping will yield a better timing.
Related violations: <none>

SYNTH-5#11 Warning
Mapped onto distributed RAM because of timing constraints  
The instance dcache/way0/lines_reg_0_127_19_19 is implemented as distributed LUT RAM for the following reason: The timing constraints suggest that the chosen mapping will yield a better timing.
Related violations: <none>

SYNTH-5#12 Warning
Mapped onto distributed RAM because of timing constraints  
The instance dcache/way0/lines_reg_0_127_1_1 is implemented as distributed LUT RAM for the following reason: The timing constraints suggest that the chosen mapping will yield a better timing.
Related violations: <none>

SYNTH-5#13 Warning
Mapped onto distributed RAM because of timing constraints  
The instance dcache/way0/lines_reg_0_127_20_20 is implemented as distributed LUT RAM for the following reason: The timing constraints suggest that the chosen mapping will yield a better timing.
Related violations: <none>

SYNTH-5#14 Warning
Mapped onto distributed RAM because of timing constraints  
The instance dcache/way0/lines_reg_0_127_21_21 is implemented as distributed LUT RAM for the following reason: The timing constraints suggest that the chosen mapping will yield a better timing.
Related violations: <none>

SYNTH-5#15 Warning
Mapped onto distributed RAM because of timing constraints  
The instance dcache/way0/lines_reg_0_127_22_22 is implemented as distributed LUT RAM for the following reason: The timing constraints suggest that the chosen mapping will yield a better timing.
Related violations: <none>

SYNTH-5#16 Warning
Mapped onto distributed RAM because of timing constraints  
The instance dcache/way0/lines_reg_0_127_23_23 is implemented as distributed LUT RAM for the following reason: The timing constraints suggest that the chosen mapping will yield a better timing.
Related violations: <none>

SYNTH-5#17 Warning
Mapped onto distributed RAM because of timing constraints  
The instance dcache/way0/lines_reg_0_127_24_24 is implemented as distributed LUT RAM for the following reason: The timing constraints suggest that the chosen mapping will yield a better timing.
Related violations: <none>

SYNTH-5#18 Warning
Mapped onto distributed RAM because of timing constraints  
The instance dcache/way0/lines_reg_0_127_25_25 is implemented as distributed LUT RAM for the following reason: The timing constraints suggest that the chosen mapping will yield a better timing.
Related violations: <none>

SYNTH-5#19 Warning
Mapped onto distributed RAM because of timing constraints  
The instance dcache/way0/lines_reg_0_127_26_26 is implemented as distributed LUT RAM for the following reason: The timing constraints suggest that the chosen mapping will yield a better timing.
Related violations: <none>

SYNTH-5#20 Warning
Mapped onto distributed RAM because of timing constraints  
The instance dcache/way0/lines_reg_0_127_27_27 is implemented as distributed LUT RAM for the following reason: The timing constraints suggest that the chosen mapping will yield a better timing.
Related violations: <none>

SYNTH-5#21 Warning
Mapped onto distributed RAM because of timing constraints  
The instance dcache/way0/lines_reg_0_127_28_28 is implemented as distributed LUT RAM for the following reason: The timing constraints suggest that the chosen mapping will yield a better timing.
Related violations: <none>

SYNTH-5#22 Warning
Mapped onto distributed RAM because of timing constraints  
The instance dcache/way0/lines_reg_0_127_29_29 is implemented as distributed LUT RAM for the following reason: The timing constraints suggest that the chosen mapping will yield a better timing.
Related violations: <none>

SYNTH-5#23 Warning
Mapped onto distributed RAM because of timing constraints  
The instance dcache/way0/lines_reg_0_127_2_2 is implemented as distributed LUT RAM for the following reason: The timing constraints suggest that the chosen mapping will yield a better timing.
Related violations: <none>

SYNTH-5#24 Warning
Mapped onto distributed RAM because of timing constraints  
The instance dcache/way0/lines_reg_0_127_30_30 is implemented as distributed LUT RAM for the following reason: The timing constraints suggest that the chosen mapping will yield a better timing.
Related violations: <none>

SYNTH-5#25 Warning
Mapped onto distributed RAM because of timing constraints  
The instance dcache/way0/lines_reg_0_127_31_31 is implemented as distributed LUT RAM for the following reason: The timing constraints suggest that the chosen mapping will yield a better timing.
Related violations: <none>

SYNTH-5#26 Warning
Mapped onto distributed RAM because of timing constraints  
The instance dcache/way0/lines_reg_0_127_32_32 is implemented as distributed LUT RAM for the following reason: The timing constraints suggest that the chosen mapping will yield a better timing.
Related violations: <none>

SYNTH-5#27 Warning
Mapped onto distributed RAM because of timing constraints  
The instance dcache/way0/lines_reg_0_127_33_33 is implemented as distributed LUT RAM for the following reason: The timing constraints suggest that the chosen mapping will yield a better timing.
Related violations: <none>

SYNTH-5#28 Warning
Mapped onto distributed RAM because of timing constraints  
The instance dcache/way0/lines_reg_0_127_34_34 is implemented as distributed LUT RAM for the following reason: The timing constraints suggest that the chosen mapping will yield a better timing.
Related violations: <none>

SYNTH-5#29 Warning
Mapped onto distributed RAM because of timing constraints  
The instance dcache/way0/lines_reg_0_127_35_35 is implemented as distributed LUT RAM for the following reason: The timing constraints suggest that the chosen mapping will yield a better timing.
Related violations: <none>

SYNTH-5#30 Warning
Mapped onto distributed RAM because of timing constraints  
The instance dcache/way0/lines_reg_0_127_36_36 is implemented as distributed LUT RAM for the following reason: The timing constraints suggest that the chosen mapping will yield a better timing.
Related violations: <none>

SYNTH-5#31 Warning
Mapped onto distributed RAM because of timing constraints  
The instance dcache/way0/lines_reg_0_127_37_37 is implemented as distributed LUT RAM for the following reason: The timing constraints suggest that the chosen mapping will yield a better timing.
Related violations: <none>

SYNTH-5#32 Warning
Mapped onto distributed RAM because of timing constraints  
The instance dcache/way0/lines_reg_0_127_38_38 is implemented as distributed LUT RAM for the following reason: The timing constraints suggest that the chosen mapping will yield a better timing.
Related violations: <none>

SYNTH-5#33 Warning
Mapped onto distributed RAM because of timing constraints  
The instance dcache/way0/lines_reg_0_127_39_39 is implemented as distributed LUT RAM for the following reason: The timing constraints suggest that the chosen mapping will yield a better timing.
Related violations: <none>

SYNTH-5#34 Warning
Mapped onto distributed RAM because of timing constraints  
The instance dcache/way0/lines_reg_0_127_3_3 is implemented as distributed LUT RAM for the following reason: The timing constraints suggest that the chosen mapping will yield a better timing.
Related violations: <none>

SYNTH-5#35 Warning
Mapped onto distributed RAM because of timing constraints  
The instance dcache/way0/lines_reg_0_127_40_40 is implemented as distributed LUT RAM for the following reason: The timing constraints suggest that the chosen mapping will yield a better timing.
Related violations: <none>

SYNTH-5#36 Warning
Mapped onto distributed RAM because of timing constraints  
The instance dcache/way0/lines_reg_0_127_41_41 is implemented as distributed LUT RAM for the following reason: The timing constraints suggest that the chosen mapping will yield a better timing.
Related violations: <none>

SYNTH-5#37 Warning
Mapped onto distributed RAM because of timing constraints  
The instance dcache/way0/lines_reg_0_127_42_42 is implemented as distributed LUT RAM for the following reason: The timing constraints suggest that the chosen mapping will yield a better timing.
Related violations: <none>

SYNTH-5#38 Warning
Mapped onto distributed RAM because of timing constraints  
The instance dcache/way0/lines_reg_0_127_43_43 is implemented as distributed LUT RAM for the following reason: The timing constraints suggest that the chosen mapping will yield a better timing.
Related violations: <none>

SYNTH-5#39 Warning
Mapped onto distributed RAM because of timing constraints  
The instance dcache/way0/lines_reg_0_127_44_44 is implemented as distributed LUT RAM for the following reason: The timing constraints suggest that the chosen mapping will yield a better timing.
Related violations: <none>

SYNTH-5#40 Warning
Mapped onto distributed RAM because of timing constraints  
The instance dcache/way0/lines_reg_0_127_45_45 is implemented as distributed LUT RAM for the following reason: The timing constraints suggest that the chosen mapping will yield a better timing.
Related violations: <none>

SYNTH-5#41 Warning
Mapped onto distributed RAM because of timing constraints  
The instance dcache/way0/lines_reg_0_127_46_46 is implemented as distributed LUT RAM for the following reason: The timing constraints suggest that the chosen mapping will yield a better timing.
Related violations: <none>

SYNTH-5#42 Warning
Mapped onto distributed RAM because of timing constraints  
The instance dcache/way0/lines_reg_0_127_47_47 is implemented as distributed LUT RAM for the following reason: The timing constraints suggest that the chosen mapping will yield a better timing.
Related violations: <none>

SYNTH-5#43 Warning
Mapped onto distributed RAM because of timing constraints  
The instance dcache/way0/lines_reg_0_127_48_48 is implemented as distributed LUT RAM for the following reason: The timing constraints suggest that the chosen mapping will yield a better timing.
Related violations: <none>

SYNTH-5#44 Warning
Mapped onto distributed RAM because of timing constraints  
The instance dcache/way0/lines_reg_0_127_49_49 is implemented as distributed LUT RAM for the following reason: The timing constraints suggest that the chosen mapping will yield a better timing.
Related violations: <none>

SYNTH-5#45 Warning
Mapped onto distributed RAM because of timing constraints  
The instance dcache/way0/lines_reg_0_127_4_4 is implemented as distributed LUT RAM for the following reason: The timing constraints suggest that the chosen mapping will yield a better timing.
Related violations: <none>

SYNTH-5#46 Warning
Mapped onto distributed RAM because of timing constraints  
The instance dcache/way0/lines_reg_0_127_50_50 is implemented as distributed LUT RAM for the following reason: The timing constraints suggest that the chosen mapping will yield a better timing.
Related violations: <none>

SYNTH-5#47 Warning
Mapped onto distributed RAM because of timing constraints  
The instance dcache/way0/lines_reg_0_127_51_51 is implemented as distributed LUT RAM for the following reason: The timing constraints suggest that the chosen mapping will yield a better timing.
Related violations: <none>

SYNTH-5#48 Warning
Mapped onto distributed RAM because of timing constraints  
The instance dcache/way0/lines_reg_0_127_52_52 is implemented as distributed LUT RAM for the following reason: The timing constraints suggest that the chosen mapping will yield a better timing.
Related violations: <none>

SYNTH-5#49 Warning
Mapped onto distributed RAM because of timing constraints  
The instance dcache/way0/lines_reg_0_127_53_53 is implemented as distributed LUT RAM for the following reason: The timing constraints suggest that the chosen mapping will yield a better timing.
Related violations: <none>

SYNTH-5#50 Warning
Mapped onto distributed RAM because of timing constraints  
The instance dcache/way0/lines_reg_0_127_54_54 is implemented as distributed LUT RAM for the following reason: The timing constraints suggest that the chosen mapping will yield a better timing.
Related violations: <none>

SYNTH-5#51 Warning
Mapped onto distributed RAM because of timing constraints  
The instance dcache/way0/lines_reg_0_127_55_55 is implemented as distributed LUT RAM for the following reason: The timing constraints suggest that the chosen mapping will yield a better timing.
Related violations: <none>

SYNTH-5#52 Warning
Mapped onto distributed RAM because of timing constraints  
The instance dcache/way0/lines_reg_0_127_56_56 is implemented as distributed LUT RAM for the following reason: The timing constraints suggest that the chosen mapping will yield a better timing.
Related violations: <none>

SYNTH-5#53 Warning
Mapped onto distributed RAM because of timing constraints  
The instance dcache/way0/lines_reg_0_127_57_57 is implemented as distributed LUT RAM for the following reason: The timing constraints suggest that the chosen mapping will yield a better timing.
Related violations: <none>

SYNTH-5#54 Warning
Mapped onto distributed RAM because of timing constraints  
The instance dcache/way0/lines_reg_0_127_58_58 is implemented as distributed LUT RAM for the following reason: The timing constraints suggest that the chosen mapping will yield a better timing.
Related violations: <none>

SYNTH-5#55 Warning
Mapped onto distributed RAM because of timing constraints  
The instance dcache/way0/lines_reg_0_127_59_59 is implemented as distributed LUT RAM for the following reason: The timing constraints suggest that the chosen mapping will yield a better timing.
Related violations: <none>

SYNTH-5#56 Warning
Mapped onto distributed RAM because of timing constraints  
The instance dcache/way0/lines_reg_0_127_5_5 is implemented as distributed LUT RAM for the following reason: The timing constraints suggest that the chosen mapping will yield a better timing.
Related violations: <none>

SYNTH-5#57 Warning
Mapped onto distributed RAM because of timing constraints  
The instance dcache/way0/lines_reg_0_127_60_60 is implemented as distributed LUT RAM for the following reason: The timing constraints suggest that the chosen mapping will yield a better timing.
Related violations: <none>

SYNTH-5#58 Warning
Mapped onto distributed RAM because of timing constraints  
The instance dcache/way0/lines_reg_0_127_61_61 is implemented as distributed LUT RAM for the following reason: The timing constraints suggest that the chosen mapping will yield a better timing.
Related violations: <none>

SYNTH-5#59 Warning
Mapped onto distributed RAM because of timing constraints  
The instance dcache/way0/lines_reg_0_127_62_62 is implemented as distributed LUT RAM for the following reason: The timing constraints suggest that the chosen mapping will yield a better timing.
Related violations: <none>

SYNTH-5#60 Warning
Mapped onto distributed RAM because of timing constraints  
The instance dcache/way0/lines_reg_0_127_63_63 is implemented as distributed LUT RAM for the following reason: The timing constraints suggest that the chosen mapping will yield a better timing.
Related violations: <none>

SYNTH-5#61 Warning
Mapped onto distributed RAM because of timing constraints  
The instance dcache/way0/lines_reg_0_127_6_6 is implemented as distributed LUT RAM for the following reason: The timing constraints suggest that the chosen mapping will yield a better timing.
Related violations: <none>

SYNTH-5#62 Warning
Mapped onto distributed RAM because of timing constraints  
The instance dcache/way0/lines_reg_0_127_7_7 is implemented as distributed LUT RAM for the following reason: The timing constraints suggest that the chosen mapping will yield a better timing.
Related violations: <none>

SYNTH-5#63 Warning
Mapped onto distributed RAM because of timing constraints  
The instance dcache/way0/lines_reg_0_127_8_8 is implemented as distributed LUT RAM for the following reason: The timing constraints suggest that the chosen mapping will yield a better timing.
Related violations: <none>

SYNTH-5#64 Warning
Mapped onto distributed RAM because of timing constraints  
The instance dcache/way0/lines_reg_0_127_9_9 is implemented as distributed LUT RAM for the following reason: The timing constraints suggest that the chosen mapping will yield a better timing.
Related violations: <none>

SYNTH-5#65 Warning
Mapped onto distributed RAM because of timing constraints  
The instance dcache/way0/lines_reg_128_255_0_0 is implemented as distributed LUT RAM for the following reason: The timing constraints suggest that the chosen mapping will yield a better timing.
Related violations: <none>

SYNTH-5#66 Warning
Mapped onto distributed RAM because of timing constraints  
The instance dcache/way0/lines_reg_128_255_10_10 is implemented as distributed LUT RAM for the following reason: The timing constraints suggest that the chosen mapping will yield a better timing.
Related violations: <none>

SYNTH-5#67 Warning
Mapped onto distributed RAM because of timing constraints  
The instance dcache/way0/lines_reg_128_255_11_11 is implemented as distributed LUT RAM for the following reason: The timing constraints suggest that the chosen mapping will yield a better timing.
Related violations: <none>

SYNTH-5#68 Warning
Mapped onto distributed RAM because of timing constraints  
The instance dcache/way0/lines_reg_128_255_12_12 is implemented as distributed LUT RAM for the following reason: The timing constraints suggest that the chosen mapping will yield a better timing.
Related violations: <none>

SYNTH-5#69 Warning
Mapped onto distributed RAM because of timing constraints  
The instance dcache/way0/lines_reg_128_255_13_13 is implemented as distributed LUT RAM for the following reason: The timing constraints suggest that the chosen mapping will yield a better timing.
Related violations: <none>

SYNTH-5#70 Warning
Mapped onto distributed RAM because of timing constraints  
The instance dcache/way0/lines_reg_128_255_14_14 is implemented as distributed LUT RAM for the following reason: The timing constraints suggest that the chosen mapping will yield a better timing.
Related violations: <none>

SYNTH-5#71 Warning
Mapped onto distributed RAM because of timing constraints  
The instance dcache/way0/lines_reg_128_255_15_15 is implemented as distributed LUT RAM for the following reason: The timing constraints suggest that the chosen mapping will yield a better timing.
Related violations: <none>

SYNTH-5#72 Warning
Mapped onto distributed RAM because of timing constraints  
The instance dcache/way0/lines_reg_128_255_16_16 is implemented as distributed LUT RAM for the following reason: The timing constraints suggest that the chosen mapping will yield a better timing.
Related violations: <none>

SYNTH-5#73 Warning
Mapped onto distributed RAM because of timing constraints  
The instance dcache/way0/lines_reg_128_255_17_17 is implemented as distributed LUT RAM for the following reason: The timing constraints suggest that the chosen mapping will yield a better timing.
Related violations: <none>

SYNTH-5#74 Warning
Mapped onto distributed RAM because of timing constraints  
The instance dcache/way0/lines_reg_128_255_18_18 is implemented as distributed LUT RAM for the following reason: The timing constraints suggest that the chosen mapping will yield a better timing.
Related violations: <none>

SYNTH-5#75 Warning
Mapped onto distributed RAM because of timing constraints  
The instance dcache/way0/lines_reg_128_255_19_19 is implemented as distributed LUT RAM for the following reason: The timing constraints suggest that the chosen mapping will yield a better timing.
Related violations: <none>

SYNTH-5#76 Warning
Mapped onto distributed RAM because of timing constraints  
The instance dcache/way0/lines_reg_128_255_1_1 is implemented as distributed LUT RAM for the following reason: The timing constraints suggest that the chosen mapping will yield a better timing.
Related violations: <none>

SYNTH-5#77 Warning
Mapped onto distributed RAM because of timing constraints  
The instance dcache/way0/lines_reg_128_255_20_20 is implemented as distributed LUT RAM for the following reason: The timing constraints suggest that the chosen mapping will yield a better timing.
Related violations: <none>

SYNTH-5#78 Warning
Mapped onto distributed RAM because of timing constraints  
The instance dcache/way0/lines_reg_128_255_21_21 is implemented as distributed LUT RAM for the following reason: The timing constraints suggest that the chosen mapping will yield a better timing.
Related violations: <none>

SYNTH-5#79 Warning
Mapped onto distributed RAM because of timing constraints  
The instance dcache/way0/lines_reg_128_255_22_22 is implemented as distributed LUT RAM for the following reason: The timing constraints suggest that the chosen mapping will yield a better timing.
Related violations: <none>

SYNTH-5#80 Warning
Mapped onto distributed RAM because of timing constraints  
The instance dcache/way0/lines_reg_128_255_23_23 is implemented as distributed LUT RAM for the following reason: The timing constraints suggest that the chosen mapping will yield a better timing.
Related violations: <none>

SYNTH-5#81 Warning
Mapped onto distributed RAM because of timing constraints  
The instance dcache/way0/lines_reg_128_255_24_24 is implemented as distributed LUT RAM for the following reason: The timing constraints suggest that the chosen mapping will yield a better timing.
Related violations: <none>

SYNTH-5#82 Warning
Mapped onto distributed RAM because of timing constraints  
The instance dcache/way0/lines_reg_128_255_25_25 is implemented as distributed LUT RAM for the following reason: The timing constraints suggest that the chosen mapping will yield a better timing.
Related violations: <none>

SYNTH-5#83 Warning
Mapped onto distributed RAM because of timing constraints  
The instance dcache/way0/lines_reg_128_255_26_26 is implemented as distributed LUT RAM for the following reason: The timing constraints suggest that the chosen mapping will yield a better timing.
Related violations: <none>

SYNTH-5#84 Warning
Mapped onto distributed RAM because of timing constraints  
The instance dcache/way0/lines_reg_128_255_27_27 is implemented as distributed LUT RAM for the following reason: The timing constraints suggest that the chosen mapping will yield a better timing.
Related violations: <none>

SYNTH-5#85 Warning
Mapped onto distributed RAM because of timing constraints  
The instance dcache/way0/lines_reg_128_255_28_28 is implemented as distributed LUT RAM for the following reason: The timing constraints suggest that the chosen mapping will yield a better timing.
Related violations: <none>

SYNTH-5#86 Warning
Mapped onto distributed RAM because of timing constraints  
The instance dcache/way0/lines_reg_128_255_29_29 is implemented as distributed LUT RAM for the following reason: The timing constraints suggest that the chosen mapping will yield a better timing.
Related violations: <none>

SYNTH-5#87 Warning
Mapped onto distributed RAM because of timing constraints  
The instance dcache/way0/lines_reg_128_255_2_2 is implemented as distributed LUT RAM for the following reason: The timing constraints suggest that the chosen mapping will yield a better timing.
Related violations: <none>

SYNTH-5#88 Warning
Mapped onto distributed RAM because of timing constraints  
The instance dcache/way0/lines_reg_128_255_30_30 is implemented as distributed LUT RAM for the following reason: The timing constraints suggest that the chosen mapping will yield a better timing.
Related violations: <none>

SYNTH-5#89 Warning
Mapped onto distributed RAM because of timing constraints  
The instance dcache/way0/lines_reg_128_255_31_31 is implemented as distributed LUT RAM for the following reason: The timing constraints suggest that the chosen mapping will yield a better timing.
Related violations: <none>

SYNTH-5#90 Warning
Mapped onto distributed RAM because of timing constraints  
The instance dcache/way0/lines_reg_128_255_32_32 is implemented as distributed LUT RAM for the following reason: The timing constraints suggest that the chosen mapping will yield a better timing.
Related violations: <none>

SYNTH-5#91 Warning
Mapped onto distributed RAM because of timing constraints  
The instance dcache/way0/lines_reg_128_255_33_33 is implemented as distributed LUT RAM for the following reason: The timing constraints suggest that the chosen mapping will yield a better timing.
Related violations: <none>

SYNTH-5#92 Warning
Mapped onto distributed RAM because of timing constraints  
The instance dcache/way0/lines_reg_128_255_34_34 is implemented as distributed LUT RAM for the following reason: The timing constraints suggest that the chosen mapping will yield a better timing.
Related violations: <none>

SYNTH-5#93 Warning
Mapped onto distributed RAM because of timing constraints  
The instance dcache/way0/lines_reg_128_255_35_35 is implemented as distributed LUT RAM for the following reason: The timing constraints suggest that the chosen mapping will yield a better timing.
Related violations: <none>

SYNTH-5#94 Warning
Mapped onto distributed RAM because of timing constraints  
The instance dcache/way0/lines_reg_128_255_36_36 is implemented as distributed LUT RAM for the following reason: The timing constraints suggest that the chosen mapping will yield a better timing.
Related violations: <none>

SYNTH-5#95 Warning
Mapped onto distributed RAM because of timing constraints  
The instance dcache/way0/lines_reg_128_255_37_37 is implemented as distributed LUT RAM for the following reason: The timing constraints suggest that the chosen mapping will yield a better timing.
Related violations: <none>

SYNTH-5#96 Warning
Mapped onto distributed RAM because of timing constraints  
The instance dcache/way0/lines_reg_128_255_38_38 is implemented as distributed LUT RAM for the following reason: The timing constraints suggest that the chosen mapping will yield a better timing.
Related violations: <none>

SYNTH-5#97 Warning
Mapped onto distributed RAM because of timing constraints  
The instance dcache/way0/lines_reg_128_255_39_39 is implemented as distributed LUT RAM for the following reason: The timing constraints suggest that the chosen mapping will yield a better timing.
Related violations: <none>

SYNTH-5#98 Warning
Mapped onto distributed RAM because of timing constraints  
The instance dcache/way0/lines_reg_128_255_3_3 is implemented as distributed LUT RAM for the following reason: The timing constraints suggest that the chosen mapping will yield a better timing.
Related violations: <none>

SYNTH-5#99 Warning
Mapped onto distributed RAM because of timing constraints  
The instance dcache/way0/lines_reg_128_255_40_40 is implemented as distributed LUT RAM for the following reason: The timing constraints suggest that the chosen mapping will yield a better timing.
Related violations: <none>

SYNTH-5#100 Warning
Mapped onto distributed RAM because of timing constraints  
The instance dcache/way0/lines_reg_128_255_41_41 is implemented as distributed LUT RAM for the following reason: The timing constraints suggest that the chosen mapping will yield a better timing.
Related violations: <none>

SYNTH-5#101 Warning
Mapped onto distributed RAM because of timing constraints  
The instance dcache/way0/lines_reg_128_255_42_42 is implemented as distributed LUT RAM for the following reason: The timing constraints suggest that the chosen mapping will yield a better timing.
Related violations: <none>

SYNTH-5#102 Warning
Mapped onto distributed RAM because of timing constraints  
The instance dcache/way0/lines_reg_128_255_43_43 is implemented as distributed LUT RAM for the following reason: The timing constraints suggest that the chosen mapping will yield a better timing.
Related violations: <none>

SYNTH-5#103 Warning
Mapped onto distributed RAM because of timing constraints  
The instance dcache/way0/lines_reg_128_255_44_44 is implemented as distributed LUT RAM for the following reason: The timing constraints suggest that the chosen mapping will yield a better timing.
Related violations: <none>

SYNTH-5#104 Warning
Mapped onto distributed RAM because of timing constraints  
The instance dcache/way0/lines_reg_128_255_45_45 is implemented as distributed LUT RAM for the following reason: The timing constraints suggest that the chosen mapping will yield a better timing.
Related violations: <none>

SYNTH-5#105 Warning
Mapped onto distributed RAM because of timing constraints  
The instance dcache/way0/lines_reg_128_255_46_46 is implemented as distributed LUT RAM for the following reason: The timing constraints suggest that the chosen mapping will yield a better timing.
Related violations: <none>

SYNTH-5#106 Warning
Mapped onto distributed RAM because of timing constraints  
The instance dcache/way0/lines_reg_128_255_47_47 is implemented as distributed LUT RAM for the following reason: The timing constraints suggest that the chosen mapping will yield a better timing.
Related violations: <none>

SYNTH-5#107 Warning
Mapped onto distributed RAM because of timing constraints  
The instance dcache/way0/lines_reg_128_255_48_48 is implemented as distributed LUT RAM for the following reason: The timing constraints suggest that the chosen mapping will yield a better timing.
Related violations: <none>

SYNTH-5#108 Warning
Mapped onto distributed RAM because of timing constraints  
The instance dcache/way0/lines_reg_128_255_49_49 is implemented as distributed LUT RAM for the following reason: The timing constraints suggest that the chosen mapping will yield a better timing.
Related violations: <none>

SYNTH-5#109 Warning
Mapped onto distributed RAM because of timing constraints  
The instance dcache/way0/lines_reg_128_255_4_4 is implemented as distributed LUT RAM for the following reason: The timing constraints suggest that the chosen mapping will yield a better timing.
Related violations: <none>

SYNTH-5#110 Warning
Mapped onto distributed RAM because of timing constraints  
The instance dcache/way0/lines_reg_128_255_50_50 is implemented as distributed LUT RAM for the following reason: The timing constraints suggest that the chosen mapping will yield a better timing.
Related violations: <none>

SYNTH-5#111 Warning
Mapped onto distributed RAM because of timing constraints  
The instance dcache/way0/lines_reg_128_255_51_51 is implemented as distributed LUT RAM for the following reason: The timing constraints suggest that the chosen mapping will yield a better timing.
Related violations: <none>

SYNTH-5#112 Warning
Mapped onto distributed RAM because of timing constraints  
The instance dcache/way0/lines_reg_128_255_52_52 is implemented as distributed LUT RAM for the following reason: The timing constraints suggest that the chosen mapping will yield a better timing.
Related violations: <none>

SYNTH-5#113 Warning
Mapped onto distributed RAM because of timing constraints  
The instance dcache/way0/lines_reg_128_255_53_53 is implemented as distributed LUT RAM for the following reason: The timing constraints suggest that the chosen mapping will yield a better timing.
Related violations: <none>

SYNTH-5#114 Warning
Mapped onto distributed RAM because of timing constraints  
The instance dcache/way0/lines_reg_128_255_54_54 is implemented as distributed LUT RAM for the following reason: The timing constraints suggest that the chosen mapping will yield a better timing.
Related violations: <none>

SYNTH-5#115 Warning
Mapped onto distributed RAM because of timing constraints  
The instance dcache/way0/lines_reg_128_255_55_55 is implemented as distributed LUT RAM for the following reason: The timing constraints suggest that the chosen mapping will yield a better timing.
Related violations: <none>

SYNTH-5#116 Warning
Mapped onto distributed RAM because of timing constraints  
The instance dcache/way0/lines_reg_128_255_56_56 is implemented as distributed LUT RAM for the following reason: The timing constraints suggest that the chosen mapping will yield a better timing.
Related violations: <none>

SYNTH-5#117 Warning
Mapped onto distributed RAM because of timing constraints  
The instance dcache/way0/lines_reg_128_255_57_57 is implemented as distributed LUT RAM for the following reason: The timing constraints suggest that the chosen mapping will yield a better timing.
Related violations: <none>

SYNTH-5#118 Warning
Mapped onto distributed RAM because of timing constraints  
The instance dcache/way0/lines_reg_128_255_58_58 is implemented as distributed LUT RAM for the following reason: The timing constraints suggest that the chosen mapping will yield a better timing.
Related violations: <none>

SYNTH-5#119 Warning
Mapped onto distributed RAM because of timing constraints  
The instance dcache/way0/lines_reg_128_255_59_59 is implemented as distributed LUT RAM for the following reason: The timing constraints suggest that the chosen mapping will yield a better timing.
Related violations: <none>

SYNTH-5#120 Warning
Mapped onto distributed RAM because of timing constraints  
The instance dcache/way0/lines_reg_128_255_5_5 is implemented as distributed LUT RAM for the following reason: The timing constraints suggest that the chosen mapping will yield a better timing.
Related violations: <none>

SYNTH-5#121 Warning
Mapped onto distributed RAM because of timing constraints  
The instance dcache/way0/lines_reg_128_255_60_60 is implemented as distributed LUT RAM for the following reason: The timing constraints suggest that the chosen mapping will yield a better timing.
Related violations: <none>

SYNTH-5#122 Warning
Mapped onto distributed RAM because of timing constraints  
The instance dcache/way0/lines_reg_128_255_61_61 is implemented as distributed LUT RAM for the following reason: The timing constraints suggest that the chosen mapping will yield a better timing.
Related violations: <none>

SYNTH-5#123 Warning
Mapped onto distributed RAM because of timing constraints  
The instance dcache/way0/lines_reg_128_255_62_62 is implemented as distributed LUT RAM for the following reason: The timing constraints suggest that the chosen mapping will yield a better timing.
Related violations: <none>

SYNTH-5#124 Warning
Mapped onto distributed RAM because of timing constraints  
The instance dcache/way0/lines_reg_128_255_63_63 is implemented as distributed LUT RAM for the following reason: The timing constraints suggest that the chosen mapping will yield a better timing.
Related violations: <none>

SYNTH-5#125 Warning
Mapped onto distributed RAM because of timing constraints  
The instance dcache/way0/lines_reg_128_255_6_6 is implemented as distributed LUT RAM for the following reason: The timing constraints suggest that the chosen mapping will yield a better timing.
Related violations: <none>

SYNTH-5#126 Warning
Mapped onto distributed RAM because of timing constraints  
The instance dcache/way0/lines_reg_128_255_7_7 is implemented as distributed LUT RAM for the following reason: The timing constraints suggest that the chosen mapping will yield a better timing.
Related violations: <none>

SYNTH-5#127 Warning
Mapped onto distributed RAM because of timing constraints  
The instance dcache/way0/lines_reg_128_255_8_8 is implemented as distributed LUT RAM for the following reason: The timing constraints suggest that the chosen mapping will yield a better timing.
Related violations: <none>

SYNTH-5#128 Warning
Mapped onto distributed RAM because of timing constraints  
The instance dcache/way0/lines_reg_128_255_9_9 is implemented as distributed LUT RAM for the following reason: The timing constraints suggest that the chosen mapping will yield a better timing.
Related violations: <none>

SYNTH-5#129 Warning
Mapped onto distributed RAM because of timing constraints  
The instance dcache/way0/lines_reg_256_383_0_0 is implemented as distributed LUT RAM for the following reason: The timing constraints suggest that the chosen mapping will yield a better timing.
Related violations: <none>

SYNTH-5#130 Warning
Mapped onto distributed RAM because of timing constraints  
The instance dcache/way0/lines_reg_256_383_10_10 is implemented as distributed LUT RAM for the following reason: The timing constraints suggest that the chosen mapping will yield a better timing.
Related violations: <none>

SYNTH-5#131 Warning
Mapped onto distributed RAM because of timing constraints  
The instance dcache/way0/lines_reg_256_383_11_11 is implemented as distributed LUT RAM for the following reason: The timing constraints suggest that the chosen mapping will yield a better timing.
Related violations: <none>

SYNTH-5#132 Warning
Mapped onto distributed RAM because of timing constraints  
The instance dcache/way0/lines_reg_256_383_12_12 is implemented as distributed LUT RAM for the following reason: The timing constraints suggest that the chosen mapping will yield a better timing.
Related violations: <none>

SYNTH-5#133 Warning
Mapped onto distributed RAM because of timing constraints  
The instance dcache/way0/lines_reg_256_383_13_13 is implemented as distributed LUT RAM for the following reason: The timing constraints suggest that the chosen mapping will yield a better timing.
Related violations: <none>

SYNTH-5#134 Warning
Mapped onto distributed RAM because of timing constraints  
The instance dcache/way0/lines_reg_256_383_14_14 is implemented as distributed LUT RAM for the following reason: The timing constraints suggest that the chosen mapping will yield a better timing.
Related violations: <none>

SYNTH-5#135 Warning
Mapped onto distributed RAM because of timing constraints  
The instance dcache/way0/lines_reg_256_383_15_15 is implemented as distributed LUT RAM for the following reason: The timing constraints suggest that the chosen mapping will yield a better timing.
Related violations: <none>

SYNTH-5#136 Warning
Mapped onto distributed RAM because of timing constraints  
The instance dcache/way0/lines_reg_256_383_16_16 is implemented as distributed LUT RAM for the following reason: The timing constraints suggest that the chosen mapping will yield a better timing.
Related violations: <none>

SYNTH-5#137 Warning
Mapped onto distributed RAM because of timing constraints  
The instance dcache/way0/lines_reg_256_383_17_17 is implemented as distributed LUT RAM for the following reason: The timing constraints suggest that the chosen mapping will yield a better timing.
Related violations: <none>

SYNTH-5#138 Warning
Mapped onto distributed RAM because of timing constraints  
The instance dcache/way0/lines_reg_256_383_18_18 is implemented as distributed LUT RAM for the following reason: The timing constraints suggest that the chosen mapping will yield a better timing.
Related violations: <none>

SYNTH-5#139 Warning
Mapped onto distributed RAM because of timing constraints  
The instance dcache/way0/lines_reg_256_383_19_19 is implemented as distributed LUT RAM for the following reason: The timing constraints suggest that the chosen mapping will yield a better timing.
Related violations: <none>

SYNTH-5#140 Warning
Mapped onto distributed RAM because of timing constraints  
The instance dcache/way0/lines_reg_256_383_1_1 is implemented as distributed LUT RAM for the following reason: The timing constraints suggest that the chosen mapping will yield a better timing.
Related violations: <none>

SYNTH-5#141 Warning
Mapped onto distributed RAM because of timing constraints  
The instance dcache/way0/lines_reg_256_383_20_20 is implemented as distributed LUT RAM for the following reason: The timing constraints suggest that the chosen mapping will yield a better timing.
Related violations: <none>

SYNTH-5#142 Warning
Mapped onto distributed RAM because of timing constraints  
The instance dcache/way0/lines_reg_256_383_21_21 is implemented as distributed LUT RAM for the following reason: The timing constraints suggest that the chosen mapping will yield a better timing.
Related violations: <none>

SYNTH-5#143 Warning
Mapped onto distributed RAM because of timing constraints  
The instance dcache/way0/lines_reg_256_383_22_22 is implemented as distributed LUT RAM for the following reason: The timing constraints suggest that the chosen mapping will yield a better timing.
Related violations: <none>

SYNTH-5#144 Warning
Mapped onto distributed RAM because of timing constraints  
The instance dcache/way0/lines_reg_256_383_23_23 is implemented as distributed LUT RAM for the following reason: The timing constraints suggest that the chosen mapping will yield a better timing.
Related violations: <none>

SYNTH-5#145 Warning
Mapped onto distributed RAM because of timing constraints  
The instance dcache/way0/lines_reg_256_383_24_24 is implemented as distributed LUT RAM for the following reason: The timing constraints suggest that the chosen mapping will yield a better timing.
Related violations: <none>

SYNTH-5#146 Warning
Mapped onto distributed RAM because of timing constraints  
The instance dcache/way0/lines_reg_256_383_25_25 is implemented as distributed LUT RAM for the following reason: The timing constraints suggest that the chosen mapping will yield a better timing.
Related violations: <none>

SYNTH-5#147 Warning
Mapped onto distributed RAM because of timing constraints  
The instance dcache/way0/lines_reg_256_383_26_26 is implemented as distributed LUT RAM for the following reason: The timing constraints suggest that the chosen mapping will yield a better timing.
Related violations: <none>

SYNTH-5#148 Warning
Mapped onto distributed RAM because of timing constraints  
The instance dcache/way0/lines_reg_256_383_27_27 is implemented as distributed LUT RAM for the following reason: The timing constraints suggest that the chosen mapping will yield a better timing.
Related violations: <none>

SYNTH-5#149 Warning
Mapped onto distributed RAM because of timing constraints  
The instance dcache/way0/lines_reg_256_383_28_28 is implemented as distributed LUT RAM for the following reason: The timing constraints suggest that the chosen mapping will yield a better timing.
Related violations: <none>

SYNTH-5#150 Warning
Mapped onto distributed RAM because of timing constraints  
The instance dcache/way0/lines_reg_256_383_29_29 is implemented as distributed LUT RAM for the following reason: The timing constraints suggest that the chosen mapping will yield a better timing.
Related violations: <none>

SYNTH-5#151 Warning
Mapped onto distributed RAM because of timing constraints  
The instance dcache/way0/lines_reg_256_383_2_2 is implemented as distributed LUT RAM for the following reason: The timing constraints suggest that the chosen mapping will yield a better timing.
Related violations: <none>

SYNTH-5#152 Warning
Mapped onto distributed RAM because of timing constraints  
The instance dcache/way0/lines_reg_256_383_30_30 is implemented as distributed LUT RAM for the following reason: The timing constraints suggest that the chosen mapping will yield a better timing.
Related violations: <none>

SYNTH-5#153 Warning
Mapped onto distributed RAM because of timing constraints  
The instance dcache/way0/lines_reg_256_383_31_31 is implemented as distributed LUT RAM for the following reason: The timing constraints suggest that the chosen mapping will yield a better timing.
Related violations: <none>

SYNTH-5#154 Warning
Mapped onto distributed RAM because of timing constraints  
The instance dcache/way0/lines_reg_256_383_32_32 is implemented as distributed LUT RAM for the following reason: The timing constraints suggest that the chosen mapping will yield a better timing.
Related violations: <none>

SYNTH-5#155 Warning
Mapped onto distributed RAM because of timing constraints  
The instance dcache/way0/lines_reg_256_383_33_33 is implemented as distributed LUT RAM for the following reason: The timing constraints suggest that the chosen mapping will yield a better timing.
Related violations: <none>

SYNTH-5#156 Warning
Mapped onto distributed RAM because of timing constraints  
The instance dcache/way0/lines_reg_256_383_34_34 is implemented as distributed LUT RAM for the following reason: The timing constraints suggest that the chosen mapping will yield a better timing.
Related violations: <none>

SYNTH-5#157 Warning
Mapped onto distributed RAM because of timing constraints  
The instance dcache/way0/lines_reg_256_383_35_35 is implemented as distributed LUT RAM for the following reason: The timing constraints suggest that the chosen mapping will yield a better timing.
Related violations: <none>

SYNTH-5#158 Warning
Mapped onto distributed RAM because of timing constraints  
The instance dcache/way0/lines_reg_256_383_36_36 is implemented as distributed LUT RAM for the following reason: The timing constraints suggest that the chosen mapping will yield a better timing.
Related violations: <none>

SYNTH-5#159 Warning
Mapped onto distributed RAM because of timing constraints  
The instance dcache/way0/lines_reg_256_383_37_37 is implemented as distributed LUT RAM for the following reason: The timing constraints suggest that the chosen mapping will yield a better timing.
Related violations: <none>

SYNTH-5#160 Warning
Mapped onto distributed RAM because of timing constraints  
The instance dcache/way0/lines_reg_256_383_38_38 is implemented as distributed LUT RAM for the following reason: The timing constraints suggest that the chosen mapping will yield a better timing.
Related violations: <none>

SYNTH-5#161 Warning
Mapped onto distributed RAM because of timing constraints  
The instance dcache/way0/lines_reg_256_383_39_39 is implemented as distributed LUT RAM for the following reason: The timing constraints suggest that the chosen mapping will yield a better timing.
Related violations: <none>

SYNTH-5#162 Warning
Mapped onto distributed RAM because of timing constraints  
The instance dcache/way0/lines_reg_256_383_3_3 is implemented as distributed LUT RAM for the following reason: The timing constraints suggest that the chosen mapping will yield a better timing.
Related violations: <none>

SYNTH-5#163 Warning
Mapped onto distributed RAM because of timing constraints  
The instance dcache/way0/lines_reg_256_383_40_40 is implemented as distributed LUT RAM for the following reason: The timing constraints suggest that the chosen mapping will yield a better timing.
Related violations: <none>

SYNTH-5#164 Warning
Mapped onto distributed RAM because of timing constraints  
The instance dcache/way0/lines_reg_256_383_41_41 is implemented as distributed LUT RAM for the following reason: The timing constraints suggest that the chosen mapping will yield a better timing.
Related violations: <none>

SYNTH-5#165 Warning
Mapped onto distributed RAM because of timing constraints  
The instance dcache/way0/lines_reg_256_383_42_42 is implemented as distributed LUT RAM for the following reason: The timing constraints suggest that the chosen mapping will yield a better timing.
Related violations: <none>

SYNTH-5#166 Warning
Mapped onto distributed RAM because of timing constraints  
The instance dcache/way0/lines_reg_256_383_43_43 is implemented as distributed LUT RAM for the following reason: The timing constraints suggest that the chosen mapping will yield a better timing.
Related violations: <none>

SYNTH-5#167 Warning
Mapped onto distributed RAM because of timing constraints  
The instance dcache/way0/lines_reg_256_383_44_44 is implemented as distributed LUT RAM for the following reason: The timing constraints suggest that the chosen mapping will yield a better timing.
Related violations: <none>

SYNTH-5#168 Warning
Mapped onto distributed RAM because of timing constraints  
The instance dcache/way0/lines_reg_256_383_45_45 is implemented as distributed LUT RAM for the following reason: The timing constraints suggest that the chosen mapping will yield a better timing.
Related violations: <none>

SYNTH-5#169 Warning
Mapped onto distributed RAM because of timing constraints  
The instance dcache/way0/lines_reg_256_383_46_46 is implemented as distributed LUT RAM for the following reason: The timing constraints suggest that the chosen mapping will yield a better timing.
Related violations: <none>

SYNTH-5#170 Warning
Mapped onto distributed RAM because of timing constraints  
The instance dcache/way0/lines_reg_256_383_47_47 is implemented as distributed LUT RAM for the following reason: The timing constraints suggest that the chosen mapping will yield a better timing.
Related violations: <none>

SYNTH-5#171 Warning
Mapped onto distributed RAM because of timing constraints  
The instance dcache/way0/lines_reg_256_383_48_48 is implemented as distributed LUT RAM for the following reason: The timing constraints suggest that the chosen mapping will yield a better timing.
Related violations: <none>

SYNTH-5#172 Warning
Mapped onto distributed RAM because of timing constraints  
The instance dcache/way0/lines_reg_256_383_49_49 is implemented as distributed LUT RAM for the following reason: The timing constraints suggest that the chosen mapping will yield a better timing.
Related violations: <none>

SYNTH-5#173 Warning
Mapped onto distributed RAM because of timing constraints  
The instance dcache/way0/lines_reg_256_383_4_4 is implemented as distributed LUT RAM for the following reason: The timing constraints suggest that the chosen mapping will yield a better timing.
Related violations: <none>

SYNTH-5#174 Warning
Mapped onto distributed RAM because of timing constraints  
The instance dcache/way0/lines_reg_256_383_50_50 is implemented as distributed LUT RAM for the following reason: The timing constraints suggest that the chosen mapping will yield a better timing.
Related violations: <none>

SYNTH-5#175 Warning
Mapped onto distributed RAM because of timing constraints  
The instance dcache/way0/lines_reg_256_383_51_51 is implemented as distributed LUT RAM for the following reason: The timing constraints suggest that the chosen mapping will yield a better timing.
Related violations: <none>

SYNTH-5#176 Warning
Mapped onto distributed RAM because of timing constraints  
The instance dcache/way0/lines_reg_256_383_52_52 is implemented as distributed LUT RAM for the following reason: The timing constraints suggest that the chosen mapping will yield a better timing.
Related violations: <none>

SYNTH-5#177 Warning
Mapped onto distributed RAM because of timing constraints  
The instance dcache/way0/lines_reg_256_383_53_53 is implemented as distributed LUT RAM for the following reason: The timing constraints suggest that the chosen mapping will yield a better timing.
Related violations: <none>

SYNTH-5#178 Warning
Mapped onto distributed RAM because of timing constraints  
The instance dcache/way0/lines_reg_256_383_54_54 is implemented as distributed LUT RAM for the following reason: The timing constraints suggest that the chosen mapping will yield a better timing.
Related violations: <none>

SYNTH-5#179 Warning
Mapped onto distributed RAM because of timing constraints  
The instance dcache/way0/lines_reg_256_383_55_55 is implemented as distributed LUT RAM for the following reason: The timing constraints suggest that the chosen mapping will yield a better timing.
Related violations: <none>

SYNTH-5#180 Warning
Mapped onto distributed RAM because of timing constraints  
The instance dcache/way0/lines_reg_256_383_56_56 is implemented as distributed LUT RAM for the following reason: The timing constraints suggest that the chosen mapping will yield a better timing.
Related violations: <none>

SYNTH-5#181 Warning
Mapped onto distributed RAM because of timing constraints  
The instance dcache/way0/lines_reg_256_383_57_57 is implemented as distributed LUT RAM for the following reason: The timing constraints suggest that the chosen mapping will yield a better timing.
Related violations: <none>

SYNTH-5#182 Warning
Mapped onto distributed RAM because of timing constraints  
The instance dcache/way0/lines_reg_256_383_58_58 is implemented as distributed LUT RAM for the following reason: The timing constraints suggest that the chosen mapping will yield a better timing.
Related violations: <none>

SYNTH-5#183 Warning
Mapped onto distributed RAM because of timing constraints  
The instance dcache/way0/lines_reg_256_383_59_59 is implemented as distributed LUT RAM for the following reason: The timing constraints suggest that the chosen mapping will yield a better timing.
Related violations: <none>

SYNTH-5#184 Warning
Mapped onto distributed RAM because of timing constraints  
The instance dcache/way0/lines_reg_256_383_5_5 is implemented as distributed LUT RAM for the following reason: The timing constraints suggest that the chosen mapping will yield a better timing.
Related violations: <none>

SYNTH-5#185 Warning
Mapped onto distributed RAM because of timing constraints  
The instance dcache/way0/lines_reg_256_383_60_60 is implemented as distributed LUT RAM for the following reason: The timing constraints suggest that the chosen mapping will yield a better timing.
Related violations: <none>

SYNTH-5#186 Warning
Mapped onto distributed RAM because of timing constraints  
The instance dcache/way0/lines_reg_256_383_61_61 is implemented as distributed LUT RAM for the following reason: The timing constraints suggest that the chosen mapping will yield a better timing.
Related violations: <none>

SYNTH-5#187 Warning
Mapped onto distributed RAM because of timing constraints  
The instance dcache/way0/lines_reg_256_383_62_62 is implemented as distributed LUT RAM for the following reason: The timing constraints suggest that the chosen mapping will yield a better timing.
Related violations: <none>

SYNTH-5#188 Warning
Mapped onto distributed RAM because of timing constraints  
The instance dcache/way0/lines_reg_256_383_63_63 is implemented as distributed LUT RAM for the following reason: The timing constraints suggest that the chosen mapping will yield a better timing.
Related violations: <none>

SYNTH-5#189 Warning
Mapped onto distributed RAM because of timing constraints  
The instance dcache/way0/lines_reg_256_383_6_6 is implemented as distributed LUT RAM for the following reason: The timing constraints suggest that the chosen mapping will yield a better timing.
Related violations: <none>

SYNTH-5#190 Warning
Mapped onto distributed RAM because of timing constraints  
The instance dcache/way0/lines_reg_256_383_7_7 is implemented as distributed LUT RAM for the following reason: The timing constraints suggest that the chosen mapping will yield a better timing.
Related violations: <none>

SYNTH-5#191 Warning
Mapped onto distributed RAM because of timing constraints  
The instance dcache/way0/lines_reg_256_383_8_8 is implemented as distributed LUT RAM for the following reason: The timing constraints suggest that the chosen mapping will yield a better timing.
Related violations: <none>

SYNTH-5#192 Warning
Mapped onto distributed RAM because of timing constraints  
The instance dcache/way0/lines_reg_256_383_9_9 is implemented as distributed LUT RAM for the following reason: The timing constraints suggest that the chosen mapping will yield a better timing.
Related violations: <none>

SYNTH-5#193 Warning
Mapped onto distributed RAM because of timing constraints  
The instance dcache/way0/lines_reg_384_511_0_0 is implemented as distributed LUT RAM for the following reason: The timing constraints suggest that the chosen mapping will yield a better timing.
Related violations: <none>

SYNTH-5#194 Warning
Mapped onto distributed RAM because of timing constraints  
The instance dcache/way0/lines_reg_384_511_10_10 is implemented as distributed LUT RAM for the following reason: The timing constraints suggest that the chosen mapping will yield a better timing.
Related violations: <none>

SYNTH-5#195 Warning
Mapped onto distributed RAM because of timing constraints  
The instance dcache/way0/lines_reg_384_511_11_11 is implemented as distributed LUT RAM for the following reason: The timing constraints suggest that the chosen mapping will yield a better timing.
Related violations: <none>

SYNTH-5#196 Warning
Mapped onto distributed RAM because of timing constraints  
The instance dcache/way0/lines_reg_384_511_12_12 is implemented as distributed LUT RAM for the following reason: The timing constraints suggest that the chosen mapping will yield a better timing.
Related violations: <none>

SYNTH-5#197 Warning
Mapped onto distributed RAM because of timing constraints  
The instance dcache/way0/lines_reg_384_511_13_13 is implemented as distributed LUT RAM for the following reason: The timing constraints suggest that the chosen mapping will yield a better timing.
Related violations: <none>

SYNTH-5#198 Warning
Mapped onto distributed RAM because of timing constraints  
The instance dcache/way0/lines_reg_384_511_14_14 is implemented as distributed LUT RAM for the following reason: The timing constraints suggest that the chosen mapping will yield a better timing.
Related violations: <none>

SYNTH-5#199 Warning
Mapped onto distributed RAM because of timing constraints  
The instance dcache/way0/lines_reg_384_511_15_15 is implemented as distributed LUT RAM for the following reason: The timing constraints suggest that the chosen mapping will yield a better timing.
Related violations: <none>

SYNTH-5#200 Warning
Mapped onto distributed RAM because of timing constraints  
The instance dcache/way0/lines_reg_384_511_16_16 is implemented as distributed LUT RAM for the following reason: The timing constraints suggest that the chosen mapping will yield a better timing.
Related violations: <none>

SYNTH-5#201 Warning
Mapped onto distributed RAM because of timing constraints  
The instance dcache/way0/lines_reg_384_511_17_17 is implemented as distributed LUT RAM for the following reason: The timing constraints suggest that the chosen mapping will yield a better timing.
Related violations: <none>

SYNTH-5#202 Warning
Mapped onto distributed RAM because of timing constraints  
The instance dcache/way0/lines_reg_384_511_18_18 is implemented as distributed LUT RAM for the following reason: The timing constraints suggest that the chosen mapping will yield a better timing.
Related violations: <none>

SYNTH-5#203 Warning
Mapped onto distributed RAM because of timing constraints  
The instance dcache/way0/lines_reg_384_511_19_19 is implemented as distributed LUT RAM for the following reason: The timing constraints suggest that the chosen mapping will yield a better timing.
Related violations: <none>

SYNTH-5#204 Warning
Mapped onto distributed RAM because of timing constraints  
The instance dcache/way0/lines_reg_384_511_1_1 is implemented as distributed LUT RAM for the following reason: The timing constraints suggest that the chosen mapping will yield a better timing.
Related violations: <none>

SYNTH-5#205 Warning
Mapped onto distributed RAM because of timing constraints  
The instance dcache/way0/lines_reg_384_511_20_20 is implemented as distributed LUT RAM for the following reason: The timing constraints suggest that the chosen mapping will yield a better timing.
Related violations: <none>

SYNTH-5#206 Warning
Mapped onto distributed RAM because of timing constraints  
The instance dcache/way0/lines_reg_384_511_21_21 is implemented as distributed LUT RAM for the following reason: The timing constraints suggest that the chosen mapping will yield a better timing.
Related violations: <none>

SYNTH-5#207 Warning
Mapped onto distributed RAM because of timing constraints  
The instance dcache/way0/lines_reg_384_511_22_22 is implemented as distributed LUT RAM for the following reason: The timing constraints suggest that the chosen mapping will yield a better timing.
Related violations: <none>

SYNTH-5#208 Warning
Mapped onto distributed RAM because of timing constraints  
The instance dcache/way0/lines_reg_384_511_23_23 is implemented as distributed LUT RAM for the following reason: The timing constraints suggest that the chosen mapping will yield a better timing.
Related violations: <none>

SYNTH-5#209 Warning
Mapped onto distributed RAM because of timing constraints  
The instance dcache/way0/lines_reg_384_511_24_24 is implemented as distributed LUT RAM for the following reason: The timing constraints suggest that the chosen mapping will yield a better timing.
Related violations: <none>

SYNTH-5#210 Warning
Mapped onto distributed RAM because of timing constraints  
The instance dcache/way0/lines_reg_384_511_25_25 is implemented as distributed LUT RAM for the following reason: The timing constraints suggest that the chosen mapping will yield a better timing.
Related violations: <none>

SYNTH-5#211 Warning
Mapped onto distributed RAM because of timing constraints  
The instance dcache/way0/lines_reg_384_511_26_26 is implemented as distributed LUT RAM for the following reason: The timing constraints suggest that the chosen mapping will yield a better timing.
Related violations: <none>

SYNTH-5#212 Warning
Mapped onto distributed RAM because of timing constraints  
The instance dcache/way0/lines_reg_384_511_27_27 is implemented as distributed LUT RAM for the following reason: The timing constraints suggest that the chosen mapping will yield a better timing.
Related violations: <none>

SYNTH-5#213 Warning
Mapped onto distributed RAM because of timing constraints  
The instance dcache/way0/lines_reg_384_511_28_28 is implemented as distributed LUT RAM for the following reason: The timing constraints suggest that the chosen mapping will yield a better timing.
Related violations: <none>

SYNTH-5#214 Warning
Mapped onto distributed RAM because of timing constraints  
The instance dcache/way0/lines_reg_384_511_29_29 is implemented as distributed LUT RAM for the following reason: The timing constraints suggest that the chosen mapping will yield a better timing.
Related violations: <none>

SYNTH-5#215 Warning
Mapped onto distributed RAM because of timing constraints  
The instance dcache/way0/lines_reg_384_511_2_2 is implemented as distributed LUT RAM for the following reason: The timing constraints suggest that the chosen mapping will yield a better timing.
Related violations: <none>

SYNTH-5#216 Warning
Mapped onto distributed RAM because of timing constraints  
The instance dcache/way0/lines_reg_384_511_30_30 is implemented as distributed LUT RAM for the following reason: The timing constraints suggest that the chosen mapping will yield a better timing.
Related violations: <none>

SYNTH-5#217 Warning
Mapped onto distributed RAM because of timing constraints  
The instance dcache/way0/lines_reg_384_511_31_31 is implemented as distributed LUT RAM for the following reason: The timing constraints suggest that the chosen mapping will yield a better timing.
Related violations: <none>

SYNTH-5#218 Warning
Mapped onto distributed RAM because of timing constraints  
The instance dcache/way0/lines_reg_384_511_32_32 is implemented as distributed LUT RAM for the following reason: The timing constraints suggest that the chosen mapping will yield a better timing.
Related violations: <none>

SYNTH-5#219 Warning
Mapped onto distributed RAM because of timing constraints  
The instance dcache/way0/lines_reg_384_511_33_33 is implemented as distributed LUT RAM for the following reason: The timing constraints suggest that the chosen mapping will yield a better timing.
Related violations: <none>

SYNTH-5#220 Warning
Mapped onto distributed RAM because of timing constraints  
The instance dcache/way0/lines_reg_384_511_34_34 is implemented as distributed LUT RAM for the following reason: The timing constraints suggest that the chosen mapping will yield a better timing.
Related violations: <none>

SYNTH-5#221 Warning
Mapped onto distributed RAM because of timing constraints  
The instance dcache/way0/lines_reg_384_511_35_35 is implemented as distributed LUT RAM for the following reason: The timing constraints suggest that the chosen mapping will yield a better timing.
Related violations: <none>

SYNTH-5#222 Warning
Mapped onto distributed RAM because of timing constraints  
The instance dcache/way0/lines_reg_384_511_36_36 is implemented as distributed LUT RAM for the following reason: The timing constraints suggest that the chosen mapping will yield a better timing.
Related violations: <none>

SYNTH-5#223 Warning
Mapped onto distributed RAM because of timing constraints  
The instance dcache/way0/lines_reg_384_511_37_37 is implemented as distributed LUT RAM for the following reason: The timing constraints suggest that the chosen mapping will yield a better timing.
Related violations: <none>

SYNTH-5#224 Warning
Mapped onto distributed RAM because of timing constraints  
The instance dcache/way0/lines_reg_384_511_38_38 is implemented as distributed LUT RAM for the following reason: The timing constraints suggest that the chosen mapping will yield a better timing.
Related violations: <none>

SYNTH-5#225 Warning
Mapped onto distributed RAM because of timing constraints  
The instance dcache/way0/lines_reg_384_511_39_39 is implemented as distributed LUT RAM for the following reason: The timing constraints suggest that the chosen mapping will yield a better timing.
Related violations: <none>

SYNTH-5#226 Warning
Mapped onto distributed RAM because of timing constraints  
The instance dcache/way0/lines_reg_384_511_3_3 is implemented as distributed LUT RAM for the following reason: The timing constraints suggest that the chosen mapping will yield a better timing.
Related violations: <none>

SYNTH-5#227 Warning
Mapped onto distributed RAM because of timing constraints  
The instance dcache/way0/lines_reg_384_511_40_40 is implemented as distributed LUT RAM for the following reason: The timing constraints suggest that the chosen mapping will yield a better timing.
Related violations: <none>

SYNTH-5#228 Warning
Mapped onto distributed RAM because of timing constraints  
The instance dcache/way0/lines_reg_384_511_41_41 is implemented as distributed LUT RAM for the following reason: The timing constraints suggest that the chosen mapping will yield a better timing.
Related violations: <none>

SYNTH-5#229 Warning
Mapped onto distributed RAM because of timing constraints  
The instance dcache/way0/lines_reg_384_511_42_42 is implemented as distributed LUT RAM for the following reason: The timing constraints suggest that the chosen mapping will yield a better timing.
Related violations: <none>

SYNTH-5#230 Warning
Mapped onto distributed RAM because of timing constraints  
The instance dcache/way0/lines_reg_384_511_43_43 is implemented as distributed LUT RAM for the following reason: The timing constraints suggest that the chosen mapping will yield a better timing.
Related violations: <none>

SYNTH-5#231 Warning
Mapped onto distributed RAM because of timing constraints  
The instance dcache/way0/lines_reg_384_511_44_44 is implemented as distributed LUT RAM for the following reason: The timing constraints suggest that the chosen mapping will yield a better timing.
Related violations: <none>

SYNTH-5#232 Warning
Mapped onto distributed RAM because of timing constraints  
The instance dcache/way0/lines_reg_384_511_45_45 is implemented as distributed LUT RAM for the following reason: The timing constraints suggest that the chosen mapping will yield a better timing.
Related violations: <none>

SYNTH-5#233 Warning
Mapped onto distributed RAM because of timing constraints  
The instance dcache/way0/lines_reg_384_511_46_46 is implemented as distributed LUT RAM for the following reason: The timing constraints suggest that the chosen mapping will yield a better timing.
Related violations: <none>

SYNTH-5#234 Warning
Mapped onto distributed RAM because of timing constraints  
The instance dcache/way0/lines_reg_384_511_47_47 is implemented as distributed LUT RAM for the following reason: The timing constraints suggest that the chosen mapping will yield a better timing.
Related violations: <none>

SYNTH-5#235 Warning
Mapped onto distributed RAM because of timing constraints  
The instance dcache/way0/lines_reg_384_511_48_48 is implemented as distributed LUT RAM for the following reason: The timing constraints suggest that the chosen mapping will yield a better timing.
Related violations: <none>

SYNTH-5#236 Warning
Mapped onto distributed RAM because of timing constraints  
The instance dcache/way0/lines_reg_384_511_49_49 is implemented as distributed LUT RAM for the following reason: The timing constraints suggest that the chosen mapping will yield a better timing.
Related violations: <none>

SYNTH-5#237 Warning
Mapped onto distributed RAM because of timing constraints  
The instance dcache/way0/lines_reg_384_511_4_4 is implemented as distributed LUT RAM for the following reason: The timing constraints suggest that the chosen mapping will yield a better timing.
Related violations: <none>

SYNTH-5#238 Warning
Mapped onto distributed RAM because of timing constraints  
The instance dcache/way0/lines_reg_384_511_50_50 is implemented as distributed LUT RAM for the following reason: The timing constraints suggest that the chosen mapping will yield a better timing.
Related violations: <none>

SYNTH-5#239 Warning
Mapped onto distributed RAM because of timing constraints  
The instance dcache/way0/lines_reg_384_511_51_51 is implemented as distributed LUT RAM for the following reason: The timing constraints suggest that the chosen mapping will yield a better timing.
Related violations: <none>

SYNTH-5#240 Warning
Mapped onto distributed RAM because of timing constraints  
The instance dcache/way0/lines_reg_384_511_52_52 is implemented as distributed LUT RAM for the following reason: The timing constraints suggest that the chosen mapping will yield a better timing.
Related violations: <none>

SYNTH-5#241 Warning
Mapped onto distributed RAM because of timing constraints  
The instance dcache/way0/lines_reg_384_511_53_53 is implemented as distributed LUT RAM for the following reason: The timing constraints suggest that the chosen mapping will yield a better timing.
Related violations: <none>

SYNTH-5#242 Warning
Mapped onto distributed RAM because of timing constraints  
The instance dcache/way0/lines_reg_384_511_54_54 is implemented as distributed LUT RAM for the following reason: The timing constraints suggest that the chosen mapping will yield a better timing.
Related violations: <none>

SYNTH-5#243 Warning
Mapped onto distributed RAM because of timing constraints  
The instance dcache/way0/lines_reg_384_511_55_55 is implemented as distributed LUT RAM for the following reason: The timing constraints suggest that the chosen mapping will yield a better timing.
Related violations: <none>

SYNTH-5#244 Warning
Mapped onto distributed RAM because of timing constraints  
The instance dcache/way0/lines_reg_384_511_56_56 is implemented as distributed LUT RAM for the following reason: The timing constraints suggest that the chosen mapping will yield a better timing.
Related violations: <none>

SYNTH-5#245 Warning
Mapped onto distributed RAM because of timing constraints  
The instance dcache/way0/lines_reg_384_511_57_57 is implemented as distributed LUT RAM for the following reason: The timing constraints suggest that the chosen mapping will yield a better timing.
Related violations: <none>

SYNTH-5#246 Warning
Mapped onto distributed RAM because of timing constraints  
The instance dcache/way0/lines_reg_384_511_58_58 is implemented as distributed LUT RAM for the following reason: The timing constraints suggest that the chosen mapping will yield a better timing.
Related violations: <none>

SYNTH-5#247 Warning
Mapped onto distributed RAM because of timing constraints  
The instance dcache/way0/lines_reg_384_511_59_59 is implemented as distributed LUT RAM for the following reason: The timing constraints suggest that the chosen mapping will yield a better timing.
Related violations: <none>

SYNTH-5#248 Warning
Mapped onto distributed RAM because of timing constraints  
The instance dcache/way0/lines_reg_384_511_5_5 is implemented as distributed LUT RAM for the following reason: The timing constraints suggest that the chosen mapping will yield a better timing.
Related violations: <none>

SYNTH-5#249 Warning
Mapped onto distributed RAM because of timing constraints  
The instance dcache/way0/lines_reg_384_511_60_60 is implemented as distributed LUT RAM for the following reason: The timing constraints suggest that the chosen mapping will yield a better timing.
Related violations: <none>

SYNTH-5#250 Warning
Mapped onto distributed RAM because of timing constraints  
The instance dcache/way0/lines_reg_384_511_61_61 is implemented as distributed LUT RAM for the following reason: The timing constraints suggest that the chosen mapping will yield a better timing.
Related violations: <none>

SYNTH-5#251 Warning
Mapped onto distributed RAM because of timing constraints  
The instance dcache/way0/lines_reg_384_511_62_62 is implemented as distributed LUT RAM for the following reason: The timing constraints suggest that the chosen mapping will yield a better timing.
Related violations: <none>

SYNTH-5#252 Warning
Mapped onto distributed RAM because of timing constraints  
The instance dcache/way0/lines_reg_384_511_63_63 is implemented as distributed LUT RAM for the following reason: The timing constraints suggest that the chosen mapping will yield a better timing.
Related violations: <none>

SYNTH-5#253 Warning
Mapped onto distributed RAM because of timing constraints  
The instance dcache/way0/lines_reg_384_511_6_6 is implemented as distributed LUT RAM for the following reason: The timing constraints suggest that the chosen mapping will yield a better timing.
Related violations: <none>

SYNTH-5#254 Warning
Mapped onto distributed RAM because of timing constraints  
The instance dcache/way0/lines_reg_384_511_7_7 is implemented as distributed LUT RAM for the following reason: The timing constraints suggest that the chosen mapping will yield a better timing.
Related violations: <none>

SYNTH-5#255 Warning
Mapped onto distributed RAM because of timing constraints  
The instance dcache/way0/lines_reg_384_511_8_8 is implemented as distributed LUT RAM for the following reason: The timing constraints suggest that the chosen mapping will yield a better timing.
Related violations: <none>

SYNTH-5#256 Warning
Mapped onto distributed RAM because of timing constraints  
The instance dcache/way0/lines_reg_384_511_9_9 is implemented as distributed LUT RAM for the following reason: The timing constraints suggest that the chosen mapping will yield a better timing.
Related violations: <none>

SYNTH-5#257 Warning
Mapped onto distributed RAM because of timing constraints  
The instance dcache/way1/lines_reg_0_127_0_0 is implemented as distributed LUT RAM for the following reason: The timing constraints suggest that the chosen mapping will yield a better timing.
Related violations: <none>

SYNTH-5#258 Warning
Mapped onto distributed RAM because of timing constraints  
The instance dcache/way1/lines_reg_0_127_10_10 is implemented as distributed LUT RAM for the following reason: The timing constraints suggest that the chosen mapping will yield a better timing.
Related violations: <none>

SYNTH-5#259 Warning
Mapped onto distributed RAM because of timing constraints  
The instance dcache/way1/lines_reg_0_127_11_11 is implemented as distributed LUT RAM for the following reason: The timing constraints suggest that the chosen mapping will yield a better timing.
Related violations: <none>

SYNTH-5#260 Warning
Mapped onto distributed RAM because of timing constraints  
The instance dcache/way1/lines_reg_0_127_12_12 is implemented as distributed LUT RAM for the following reason: The timing constraints suggest that the chosen mapping will yield a better timing.
Related violations: <none>

SYNTH-5#261 Warning
Mapped onto distributed RAM because of timing constraints  
The instance dcache/way1/lines_reg_0_127_13_13 is implemented as distributed LUT RAM for the following reason: The timing constraints suggest that the chosen mapping will yield a better timing.
Related violations: <none>

SYNTH-5#262 Warning
Mapped onto distributed RAM because of timing constraints  
The instance dcache/way1/lines_reg_0_127_14_14 is implemented as distributed LUT RAM for the following reason: The timing constraints suggest that the chosen mapping will yield a better timing.
Related violations: <none>

SYNTH-5#263 Warning
Mapped onto distributed RAM because of timing constraints  
The instance dcache/way1/lines_reg_0_127_15_15 is implemented as distributed LUT RAM for the following reason: The timing constraints suggest that the chosen mapping will yield a better timing.
Related violations: <none>

SYNTH-5#264 Warning
Mapped onto distributed RAM because of timing constraints  
The instance dcache/way1/lines_reg_0_127_16_16 is implemented as distributed LUT RAM for the following reason: The timing constraints suggest that the chosen mapping will yield a better timing.
Related violations: <none>

SYNTH-5#265 Warning
Mapped onto distributed RAM because of timing constraints  
The instance dcache/way1/lines_reg_0_127_17_17 is implemented as distributed LUT RAM for the following reason: The timing constraints suggest that the chosen mapping will yield a better timing.
Related violations: <none>

SYNTH-5#266 Warning
Mapped onto distributed RAM because of timing constraints  
The instance dcache/way1/lines_reg_0_127_18_18 is implemented as distributed LUT RAM for the following reason: The timing constraints suggest that the chosen mapping will yield a better timing.
Related violations: <none>

SYNTH-5#267 Warning
Mapped onto distributed RAM because of timing constraints  
The instance dcache/way1/lines_reg_0_127_19_19 is implemented as distributed LUT RAM for the following reason: The timing constraints suggest that the chosen mapping will yield a better timing.
Related violations: <none>

SYNTH-5#268 Warning
Mapped onto distributed RAM because of timing constraints  
The instance dcache/way1/lines_reg_0_127_1_1 is implemented as distributed LUT RAM for the following reason: The timing constraints suggest that the chosen mapping will yield a better timing.
Related violations: <none>

SYNTH-5#269 Warning
Mapped onto distributed RAM because of timing constraints  
The instance dcache/way1/lines_reg_0_127_20_20 is implemented as distributed LUT RAM for the following reason: The timing constraints suggest that the chosen mapping will yield a better timing.
Related violations: <none>

SYNTH-5#270 Warning
Mapped onto distributed RAM because of timing constraints  
The instance dcache/way1/lines_reg_0_127_21_21 is implemented as distributed LUT RAM for the following reason: The timing constraints suggest that the chosen mapping will yield a better timing.
Related violations: <none>

SYNTH-5#271 Warning
Mapped onto distributed RAM because of timing constraints  
The instance dcache/way1/lines_reg_0_127_22_22 is implemented as distributed LUT RAM for the following reason: The timing constraints suggest that the chosen mapping will yield a better timing.
Related violations: <none>

SYNTH-5#272 Warning
Mapped onto distributed RAM because of timing constraints  
The instance dcache/way1/lines_reg_0_127_23_23 is implemented as distributed LUT RAM for the following reason: The timing constraints suggest that the chosen mapping will yield a better timing.
Related violations: <none>

SYNTH-5#273 Warning
Mapped onto distributed RAM because of timing constraints  
The instance dcache/way1/lines_reg_0_127_24_24 is implemented as distributed LUT RAM for the following reason: The timing constraints suggest that the chosen mapping will yield a better timing.
Related violations: <none>

SYNTH-5#274 Warning
Mapped onto distributed RAM because of timing constraints  
The instance dcache/way1/lines_reg_0_127_25_25 is implemented as distributed LUT RAM for the following reason: The timing constraints suggest that the chosen mapping will yield a better timing.
Related violations: <none>

SYNTH-5#275 Warning
Mapped onto distributed RAM because of timing constraints  
The instance dcache/way1/lines_reg_0_127_26_26 is implemented as distributed LUT RAM for the following reason: The timing constraints suggest that the chosen mapping will yield a better timing.
Related violations: <none>

SYNTH-5#276 Warning
Mapped onto distributed RAM because of timing constraints  
The instance dcache/way1/lines_reg_0_127_27_27 is implemented as distributed LUT RAM for the following reason: The timing constraints suggest that the chosen mapping will yield a better timing.
Related violations: <none>

SYNTH-5#277 Warning
Mapped onto distributed RAM because of timing constraints  
The instance dcache/way1/lines_reg_0_127_28_28 is implemented as distributed LUT RAM for the following reason: The timing constraints suggest that the chosen mapping will yield a better timing.
Related violations: <none>

SYNTH-5#278 Warning
Mapped onto distributed RAM because of timing constraints  
The instance dcache/way1/lines_reg_0_127_29_29 is implemented as distributed LUT RAM for the following reason: The timing constraints suggest that the chosen mapping will yield a better timing.
Related violations: <none>

SYNTH-5#279 Warning
Mapped onto distributed RAM because of timing constraints  
The instance dcache/way1/lines_reg_0_127_2_2 is implemented as distributed LUT RAM for the following reason: The timing constraints suggest that the chosen mapping will yield a better timing.
Related violations: <none>

SYNTH-5#280 Warning
Mapped onto distributed RAM because of timing constraints  
The instance dcache/way1/lines_reg_0_127_30_30 is implemented as distributed LUT RAM for the following reason: The timing constraints suggest that the chosen mapping will yield a better timing.
Related violations: <none>

SYNTH-5#281 Warning
Mapped onto distributed RAM because of timing constraints  
The instance dcache/way1/lines_reg_0_127_31_31 is implemented as distributed LUT RAM for the following reason: The timing constraints suggest that the chosen mapping will yield a better timing.
Related violations: <none>

SYNTH-5#282 Warning
Mapped onto distributed RAM because of timing constraints  
The instance dcache/way1/lines_reg_0_127_32_32 is implemented as distributed LUT RAM for the following reason: The timing constraints suggest that the chosen mapping will yield a better timing.
Related violations: <none>

SYNTH-5#283 Warning
Mapped onto distributed RAM because of timing constraints  
The instance dcache/way1/lines_reg_0_127_33_33 is implemented as distributed LUT RAM for the following reason: The timing constraints suggest that the chosen mapping will yield a better timing.
Related violations: <none>

SYNTH-5#284 Warning
Mapped onto distributed RAM because of timing constraints  
The instance dcache/way1/lines_reg_0_127_34_34 is implemented as distributed LUT RAM for the following reason: The timing constraints suggest that the chosen mapping will yield a better timing.
Related violations: <none>

SYNTH-5#285 Warning
Mapped onto distributed RAM because of timing constraints  
The instance dcache/way1/lines_reg_0_127_35_35 is implemented as distributed LUT RAM for the following reason: The timing constraints suggest that the chosen mapping will yield a better timing.
Related violations: <none>

SYNTH-5#286 Warning
Mapped onto distributed RAM because of timing constraints  
The instance dcache/way1/lines_reg_0_127_36_36 is implemented as distributed LUT RAM for the following reason: The timing constraints suggest that the chosen mapping will yield a better timing.
Related violations: <none>

SYNTH-5#287 Warning
Mapped onto distributed RAM because of timing constraints  
The instance dcache/way1/lines_reg_0_127_37_37 is implemented as distributed LUT RAM for the following reason: The timing constraints suggest that the chosen mapping will yield a better timing.
Related violations: <none>

SYNTH-5#288 Warning
Mapped onto distributed RAM because of timing constraints  
The instance dcache/way1/lines_reg_0_127_38_38 is implemented as distributed LUT RAM for the following reason: The timing constraints suggest that the chosen mapping will yield a better timing.
Related violations: <none>

SYNTH-5#289 Warning
Mapped onto distributed RAM because of timing constraints  
The instance dcache/way1/lines_reg_0_127_39_39 is implemented as distributed LUT RAM for the following reason: The timing constraints suggest that the chosen mapping will yield a better timing.
Related violations: <none>

SYNTH-5#290 Warning
Mapped onto distributed RAM because of timing constraints  
The instance dcache/way1/lines_reg_0_127_3_3 is implemented as distributed LUT RAM for the following reason: The timing constraints suggest that the chosen mapping will yield a better timing.
Related violations: <none>

SYNTH-5#291 Warning
Mapped onto distributed RAM because of timing constraints  
The instance dcache/way1/lines_reg_0_127_40_40 is implemented as distributed LUT RAM for the following reason: The timing constraints suggest that the chosen mapping will yield a better timing.
Related violations: <none>

SYNTH-5#292 Warning
Mapped onto distributed RAM because of timing constraints  
The instance dcache/way1/lines_reg_0_127_41_41 is implemented as distributed LUT RAM for the following reason: The timing constraints suggest that the chosen mapping will yield a better timing.
Related violations: <none>

SYNTH-5#293 Warning
Mapped onto distributed RAM because of timing constraints  
The instance dcache/way1/lines_reg_0_127_42_42 is implemented as distributed LUT RAM for the following reason: The timing constraints suggest that the chosen mapping will yield a better timing.
Related violations: <none>

SYNTH-5#294 Warning
Mapped onto distributed RAM because of timing constraints  
The instance dcache/way1/lines_reg_0_127_43_43 is implemented as distributed LUT RAM for the following reason: The timing constraints suggest that the chosen mapping will yield a better timing.
Related violations: <none>

SYNTH-5#295 Warning
Mapped onto distributed RAM because of timing constraints  
The instance dcache/way1/lines_reg_0_127_44_44 is implemented as distributed LUT RAM for the following reason: The timing constraints suggest that the chosen mapping will yield a better timing.
Related violations: <none>

SYNTH-5#296 Warning
Mapped onto distributed RAM because of timing constraints  
The instance dcache/way1/lines_reg_0_127_45_45 is implemented as distributed LUT RAM for the following reason: The timing constraints suggest that the chosen mapping will yield a better timing.
Related violations: <none>

SYNTH-5#297 Warning
Mapped onto distributed RAM because of timing constraints  
The instance dcache/way1/lines_reg_0_127_46_46 is implemented as distributed LUT RAM for the following reason: The timing constraints suggest that the chosen mapping will yield a better timing.
Related violations: <none>

SYNTH-5#298 Warning
Mapped onto distributed RAM because of timing constraints  
The instance dcache/way1/lines_reg_0_127_47_47 is implemented as distributed LUT RAM for the following reason: The timing constraints suggest that the chosen mapping will yield a better timing.
Related violations: <none>

SYNTH-5#299 Warning
Mapped onto distributed RAM because of timing constraints  
The instance dcache/way1/lines_reg_0_127_48_48 is implemented as distributed LUT RAM for the following reason: The timing constraints suggest that the chosen mapping will yield a better timing.
Related violations: <none>

SYNTH-5#300 Warning
Mapped onto distributed RAM because of timing constraints  
The instance dcache/way1/lines_reg_0_127_49_49 is implemented as distributed LUT RAM for the following reason: The timing constraints suggest that the chosen mapping will yield a better timing.
Related violations: <none>

SYNTH-5#301 Warning
Mapped onto distributed RAM because of timing constraints  
The instance dcache/way1/lines_reg_0_127_4_4 is implemented as distributed LUT RAM for the following reason: The timing constraints suggest that the chosen mapping will yield a better timing.
Related violations: <none>

SYNTH-5#302 Warning
Mapped onto distributed RAM because of timing constraints  
The instance dcache/way1/lines_reg_0_127_50_50 is implemented as distributed LUT RAM for the following reason: The timing constraints suggest that the chosen mapping will yield a better timing.
Related violations: <none>

SYNTH-5#303 Warning
Mapped onto distributed RAM because of timing constraints  
The instance dcache/way1/lines_reg_0_127_51_51 is implemented as distributed LUT RAM for the following reason: The timing constraints suggest that the chosen mapping will yield a better timing.
Related violations: <none>

SYNTH-5#304 Warning
Mapped onto distributed RAM because of timing constraints  
The instance dcache/way1/lines_reg_0_127_52_52 is implemented as distributed LUT RAM for the following reason: The timing constraints suggest that the chosen mapping will yield a better timing.
Related violations: <none>

SYNTH-5#305 Warning
Mapped onto distributed RAM because of timing constraints  
The instance dcache/way1/lines_reg_0_127_53_53 is implemented as distributed LUT RAM for the following reason: The timing constraints suggest that the chosen mapping will yield a better timing.
Related violations: <none>

SYNTH-5#306 Warning
Mapped onto distributed RAM because of timing constraints  
The instance dcache/way1/lines_reg_0_127_54_54 is implemented as distributed LUT RAM for the following reason: The timing constraints suggest that the chosen mapping will yield a better timing.
Related violations: <none>

SYNTH-5#307 Warning
Mapped onto distributed RAM because of timing constraints  
The instance dcache/way1/lines_reg_0_127_55_55 is implemented as distributed LUT RAM for the following reason: The timing constraints suggest that the chosen mapping will yield a better timing.
Related violations: <none>

SYNTH-5#308 Warning
Mapped onto distributed RAM because of timing constraints  
The instance dcache/way1/lines_reg_0_127_56_56 is implemented as distributed LUT RAM for the following reason: The timing constraints suggest that the chosen mapping will yield a better timing.
Related violations: <none>

SYNTH-5#309 Warning
Mapped onto distributed RAM because of timing constraints  
The instance dcache/way1/lines_reg_0_127_57_57 is implemented as distributed LUT RAM for the following reason: The timing constraints suggest that the chosen mapping will yield a better timing.
Related violations: <none>

SYNTH-5#310 Warning
Mapped onto distributed RAM because of timing constraints  
The instance dcache/way1/lines_reg_0_127_58_58 is implemented as distributed LUT RAM for the following reason: The timing constraints suggest that the chosen mapping will yield a better timing.
Related violations: <none>

SYNTH-5#311 Warning
Mapped onto distributed RAM because of timing constraints  
The instance dcache/way1/lines_reg_0_127_59_59 is implemented as distributed LUT RAM for the following reason: The timing constraints suggest that the chosen mapping will yield a better timing.
Related violations: <none>

SYNTH-5#312 Warning
Mapped onto distributed RAM because of timing constraints  
The instance dcache/way1/lines_reg_0_127_5_5 is implemented as distributed LUT RAM for the following reason: The timing constraints suggest that the chosen mapping will yield a better timing.
Related violations: <none>

SYNTH-5#313 Warning
Mapped onto distributed RAM because of timing constraints  
The instance dcache/way1/lines_reg_0_127_60_60 is implemented as distributed LUT RAM for the following reason: The timing constraints suggest that the chosen mapping will yield a better timing.
Related violations: <none>

SYNTH-5#314 Warning
Mapped onto distributed RAM because of timing constraints  
The instance dcache/way1/lines_reg_0_127_61_61 is implemented as distributed LUT RAM for the following reason: The timing constraints suggest that the chosen mapping will yield a better timing.
Related violations: <none>

SYNTH-5#315 Warning
Mapped onto distributed RAM because of timing constraints  
The instance dcache/way1/lines_reg_0_127_62_62 is implemented as distributed LUT RAM for the following reason: The timing constraints suggest that the chosen mapping will yield a better timing.
Related violations: <none>

SYNTH-5#316 Warning
Mapped onto distributed RAM because of timing constraints  
The instance dcache/way1/lines_reg_0_127_63_63 is implemented as distributed LUT RAM for the following reason: The timing constraints suggest that the chosen mapping will yield a better timing.
Related violations: <none>

SYNTH-5#317 Warning
Mapped onto distributed RAM because of timing constraints  
The instance dcache/way1/lines_reg_0_127_6_6 is implemented as distributed LUT RAM for the following reason: The timing constraints suggest that the chosen mapping will yield a better timing.
Related violations: <none>

SYNTH-5#318 Warning
Mapped onto distributed RAM because of timing constraints  
The instance dcache/way1/lines_reg_0_127_7_7 is implemented as distributed LUT RAM for the following reason: The timing constraints suggest that the chosen mapping will yield a better timing.
Related violations: <none>

SYNTH-5#319 Warning
Mapped onto distributed RAM because of timing constraints  
The instance dcache/way1/lines_reg_0_127_8_8 is implemented as distributed LUT RAM for the following reason: The timing constraints suggest that the chosen mapping will yield a better timing.
Related violations: <none>

SYNTH-5#320 Warning
Mapped onto distributed RAM because of timing constraints  
The instance dcache/way1/lines_reg_0_127_9_9 is implemented as distributed LUT RAM for the following reason: The timing constraints suggest that the chosen mapping will yield a better timing.
Related violations: <none>

SYNTH-5#321 Warning
Mapped onto distributed RAM because of timing constraints  
The instance dcache/way1/lines_reg_128_255_0_0 is implemented as distributed LUT RAM for the following reason: The timing constraints suggest that the chosen mapping will yield a better timing.
Related violations: <none>

SYNTH-5#322 Warning
Mapped onto distributed RAM because of timing constraints  
The instance dcache/way1/lines_reg_128_255_10_10 is implemented as distributed LUT RAM for the following reason: The timing constraints suggest that the chosen mapping will yield a better timing.
Related violations: <none>

SYNTH-5#323 Warning
Mapped onto distributed RAM because of timing constraints  
The instance dcache/way1/lines_reg_128_255_11_11 is implemented as distributed LUT RAM for the following reason: The timing constraints suggest that the chosen mapping will yield a better timing.
Related violations: <none>

SYNTH-5#324 Warning
Mapped onto distributed RAM because of timing constraints  
The instance dcache/way1/lines_reg_128_255_12_12 is implemented as distributed LUT RAM for the following reason: The timing constraints suggest that the chosen mapping will yield a better timing.
Related violations: <none>

SYNTH-5#325 Warning
Mapped onto distributed RAM because of timing constraints  
The instance dcache/way1/lines_reg_128_255_13_13 is implemented as distributed LUT RAM for the following reason: The timing constraints suggest that the chosen mapping will yield a better timing.
Related violations: <none>

SYNTH-5#326 Warning
Mapped onto distributed RAM because of timing constraints  
The instance dcache/way1/lines_reg_128_255_14_14 is implemented as distributed LUT RAM for the following reason: The timing constraints suggest that the chosen mapping will yield a better timing.
Related violations: <none>

SYNTH-5#327 Warning
Mapped onto distributed RAM because of timing constraints  
The instance dcache/way1/lines_reg_128_255_15_15 is implemented as distributed LUT RAM for the following reason: The timing constraints suggest that the chosen mapping will yield a better timing.
Related violations: <none>

SYNTH-5#328 Warning
Mapped onto distributed RAM because of timing constraints  
The instance dcache/way1/lines_reg_128_255_16_16 is implemented as distributed LUT RAM for the following reason: The timing constraints suggest that the chosen mapping will yield a better timing.
Related violations: <none>

SYNTH-5#329 Warning
Mapped onto distributed RAM because of timing constraints  
The instance dcache/way1/lines_reg_128_255_17_17 is implemented as distributed LUT RAM for the following reason: The timing constraints suggest that the chosen mapping will yield a better timing.
Related violations: <none>

SYNTH-5#330 Warning
Mapped onto distributed RAM because of timing constraints  
The instance dcache/way1/lines_reg_128_255_18_18 is implemented as distributed LUT RAM for the following reason: The timing constraints suggest that the chosen mapping will yield a better timing.
Related violations: <none>

SYNTH-5#331 Warning
Mapped onto distributed RAM because of timing constraints  
The instance dcache/way1/lines_reg_128_255_19_19 is implemented as distributed LUT RAM for the following reason: The timing constraints suggest that the chosen mapping will yield a better timing.
Related violations: <none>

SYNTH-5#332 Warning
Mapped onto distributed RAM because of timing constraints  
The instance dcache/way1/lines_reg_128_255_1_1 is implemented as distributed LUT RAM for the following reason: The timing constraints suggest that the chosen mapping will yield a better timing.
Related violations: <none>

SYNTH-5#333 Warning
Mapped onto distributed RAM because of timing constraints  
The instance dcache/way1/lines_reg_128_255_20_20 is implemented as distributed LUT RAM for the following reason: The timing constraints suggest that the chosen mapping will yield a better timing.
Related violations: <none>

SYNTH-5#334 Warning
Mapped onto distributed RAM because of timing constraints  
The instance dcache/way1/lines_reg_128_255_21_21 is implemented as distributed LUT RAM for the following reason: The timing constraints suggest that the chosen mapping will yield a better timing.
Related violations: <none>

SYNTH-5#335 Warning
Mapped onto distributed RAM because of timing constraints  
The instance dcache/way1/lines_reg_128_255_22_22 is implemented as distributed LUT RAM for the following reason: The timing constraints suggest that the chosen mapping will yield a better timing.
Related violations: <none>

SYNTH-5#336 Warning
Mapped onto distributed RAM because of timing constraints  
The instance dcache/way1/lines_reg_128_255_23_23 is implemented as distributed LUT RAM for the following reason: The timing constraints suggest that the chosen mapping will yield a better timing.
Related violations: <none>

SYNTH-5#337 Warning
Mapped onto distributed RAM because of timing constraints  
The instance dcache/way1/lines_reg_128_255_24_24 is implemented as distributed LUT RAM for the following reason: The timing constraints suggest that the chosen mapping will yield a better timing.
Related violations: <none>

SYNTH-5#338 Warning
Mapped onto distributed RAM because of timing constraints  
The instance dcache/way1/lines_reg_128_255_25_25 is implemented as distributed LUT RAM for the following reason: The timing constraints suggest that the chosen mapping will yield a better timing.
Related violations: <none>

SYNTH-5#339 Warning
Mapped onto distributed RAM because of timing constraints  
The instance dcache/way1/lines_reg_128_255_26_26 is implemented as distributed LUT RAM for the following reason: The timing constraints suggest that the chosen mapping will yield a better timing.
Related violations: <none>

SYNTH-5#340 Warning
Mapped onto distributed RAM because of timing constraints  
The instance dcache/way1/lines_reg_128_255_27_27 is implemented as distributed LUT RAM for the following reason: The timing constraints suggest that the chosen mapping will yield a better timing.
Related violations: <none>

SYNTH-5#341 Warning
Mapped onto distributed RAM because of timing constraints  
The instance dcache/way1/lines_reg_128_255_28_28 is implemented as distributed LUT RAM for the following reason: The timing constraints suggest that the chosen mapping will yield a better timing.
Related violations: <none>

SYNTH-5#342 Warning
Mapped onto distributed RAM because of timing constraints  
The instance dcache/way1/lines_reg_128_255_29_29 is implemented as distributed LUT RAM for the following reason: The timing constraints suggest that the chosen mapping will yield a better timing.
Related violations: <none>

SYNTH-5#343 Warning
Mapped onto distributed RAM because of timing constraints  
The instance dcache/way1/lines_reg_128_255_2_2 is implemented as distributed LUT RAM for the following reason: The timing constraints suggest that the chosen mapping will yield a better timing.
Related violations: <none>

SYNTH-5#344 Warning
Mapped onto distributed RAM because of timing constraints  
The instance dcache/way1/lines_reg_128_255_30_30 is implemented as distributed LUT RAM for the following reason: The timing constraints suggest that the chosen mapping will yield a better timing.
Related violations: <none>

SYNTH-5#345 Warning
Mapped onto distributed RAM because of timing constraints  
The instance dcache/way1/lines_reg_128_255_31_31 is implemented as distributed LUT RAM for the following reason: The timing constraints suggest that the chosen mapping will yield a better timing.
Related violations: <none>

SYNTH-5#346 Warning
Mapped onto distributed RAM because of timing constraints  
The instance dcache/way1/lines_reg_128_255_32_32 is implemented as distributed LUT RAM for the following reason: The timing constraints suggest that the chosen mapping will yield a better timing.
Related violations: <none>

SYNTH-5#347 Warning
Mapped onto distributed RAM because of timing constraints  
The instance dcache/way1/lines_reg_128_255_33_33 is implemented as distributed LUT RAM for the following reason: The timing constraints suggest that the chosen mapping will yield a better timing.
Related violations: <none>

SYNTH-5#348 Warning
Mapped onto distributed RAM because of timing constraints  
The instance dcache/way1/lines_reg_128_255_34_34 is implemented as distributed LUT RAM for the following reason: The timing constraints suggest that the chosen mapping will yield a better timing.
Related violations: <none>

SYNTH-5#349 Warning
Mapped onto distributed RAM because of timing constraints  
The instance dcache/way1/lines_reg_128_255_35_35 is implemented as distributed LUT RAM for the following reason: The timing constraints suggest that the chosen mapping will yield a better timing.
Related violations: <none>

SYNTH-5#350 Warning
Mapped onto distributed RAM because of timing constraints  
The instance dcache/way1/lines_reg_128_255_36_36 is implemented as distributed LUT RAM for the following reason: The timing constraints suggest that the chosen mapping will yield a better timing.
Related violations: <none>

SYNTH-5#351 Warning
Mapped onto distributed RAM because of timing constraints  
The instance dcache/way1/lines_reg_128_255_37_37 is implemented as distributed LUT RAM for the following reason: The timing constraints suggest that the chosen mapping will yield a better timing.
Related violations: <none>

SYNTH-5#352 Warning
Mapped onto distributed RAM because of timing constraints  
The instance dcache/way1/lines_reg_128_255_38_38 is implemented as distributed LUT RAM for the following reason: The timing constraints suggest that the chosen mapping will yield a better timing.
Related violations: <none>

SYNTH-5#353 Warning
Mapped onto distributed RAM because of timing constraints  
The instance dcache/way1/lines_reg_128_255_39_39 is implemented as distributed LUT RAM for the following reason: The timing constraints suggest that the chosen mapping will yield a better timing.
Related violations: <none>

SYNTH-5#354 Warning
Mapped onto distributed RAM because of timing constraints  
The instance dcache/way1/lines_reg_128_255_3_3 is implemented as distributed LUT RAM for the following reason: The timing constraints suggest that the chosen mapping will yield a better timing.
Related violations: <none>

SYNTH-5#355 Warning
Mapped onto distributed RAM because of timing constraints  
The instance dcache/way1/lines_reg_128_255_40_40 is implemented as distributed LUT RAM for the following reason: The timing constraints suggest that the chosen mapping will yield a better timing.
Related violations: <none>

SYNTH-5#356 Warning
Mapped onto distributed RAM because of timing constraints  
The instance dcache/way1/lines_reg_128_255_41_41 is implemented as distributed LUT RAM for the following reason: The timing constraints suggest that the chosen mapping will yield a better timing.
Related violations: <none>

SYNTH-5#357 Warning
Mapped onto distributed RAM because of timing constraints  
The instance dcache/way1/lines_reg_128_255_42_42 is implemented as distributed LUT RAM for the following reason: The timing constraints suggest that the chosen mapping will yield a better timing.
Related violations: <none>

SYNTH-5#358 Warning
Mapped onto distributed RAM because of timing constraints  
The instance dcache/way1/lines_reg_128_255_43_43 is implemented as distributed LUT RAM for the following reason: The timing constraints suggest that the chosen mapping will yield a better timing.
Related violations: <none>

SYNTH-5#359 Warning
Mapped onto distributed RAM because of timing constraints  
The instance dcache/way1/lines_reg_128_255_44_44 is implemented as distributed LUT RAM for the following reason: The timing constraints suggest that the chosen mapping will yield a better timing.
Related violations: <none>

SYNTH-5#360 Warning
Mapped onto distributed RAM because of timing constraints  
The instance dcache/way1/lines_reg_128_255_45_45 is implemented as distributed LUT RAM for the following reason: The timing constraints suggest that the chosen mapping will yield a better timing.
Related violations: <none>

SYNTH-5#361 Warning
Mapped onto distributed RAM because of timing constraints  
The instance dcache/way1/lines_reg_128_255_46_46 is implemented as distributed LUT RAM for the following reason: The timing constraints suggest that the chosen mapping will yield a better timing.
Related violations: <none>

SYNTH-5#362 Warning
Mapped onto distributed RAM because of timing constraints  
The instance dcache/way1/lines_reg_128_255_47_47 is implemented as distributed LUT RAM for the following reason: The timing constraints suggest that the chosen mapping will yield a better timing.
Related violations: <none>

SYNTH-5#363 Warning
Mapped onto distributed RAM because of timing constraints  
The instance dcache/way1/lines_reg_128_255_48_48 is implemented as distributed LUT RAM for the following reason: The timing constraints suggest that the chosen mapping will yield a better timing.
Related violations: <none>

SYNTH-5#364 Warning
Mapped onto distributed RAM because of timing constraints  
The instance dcache/way1/lines_reg_128_255_49_49 is implemented as distributed LUT RAM for the following reason: The timing constraints suggest that the chosen mapping will yield a better timing.
Related violations: <none>

SYNTH-5#365 Warning
Mapped onto distributed RAM because of timing constraints  
The instance dcache/way1/lines_reg_128_255_4_4 is implemented as distributed LUT RAM for the following reason: The timing constraints suggest that the chosen mapping will yield a better timing.
Related violations: <none>

SYNTH-5#366 Warning
Mapped onto distributed RAM because of timing constraints  
The instance dcache/way1/lines_reg_128_255_50_50 is implemented as distributed LUT RAM for the following reason: The timing constraints suggest that the chosen mapping will yield a better timing.
Related violations: <none>

SYNTH-5#367 Warning
Mapped onto distributed RAM because of timing constraints  
The instance dcache/way1/lines_reg_128_255_51_51 is implemented as distributed LUT RAM for the following reason: The timing constraints suggest that the chosen mapping will yield a better timing.
Related violations: <none>

SYNTH-5#368 Warning
Mapped onto distributed RAM because of timing constraints  
The instance dcache/way1/lines_reg_128_255_52_52 is implemented as distributed LUT RAM for the following reason: The timing constraints suggest that the chosen mapping will yield a better timing.
Related violations: <none>

SYNTH-5#369 Warning
Mapped onto distributed RAM because of timing constraints  
The instance dcache/way1/lines_reg_128_255_53_53 is implemented as distributed LUT RAM for the following reason: The timing constraints suggest that the chosen mapping will yield a better timing.
Related violations: <none>

SYNTH-5#370 Warning
Mapped onto distributed RAM because of timing constraints  
The instance dcache/way1/lines_reg_128_255_54_54 is implemented as distributed LUT RAM for the following reason: The timing constraints suggest that the chosen mapping will yield a better timing.
Related violations: <none>

SYNTH-5#371 Warning
Mapped onto distributed RAM because of timing constraints  
The instance dcache/way1/lines_reg_128_255_55_55 is implemented as distributed LUT RAM for the following reason: The timing constraints suggest that the chosen mapping will yield a better timing.
Related violations: <none>

SYNTH-5#372 Warning
Mapped onto distributed RAM because of timing constraints  
The instance dcache/way1/lines_reg_128_255_56_56 is implemented as distributed LUT RAM for the following reason: The timing constraints suggest that the chosen mapping will yield a better timing.
Related violations: <none>

SYNTH-5#373 Warning
Mapped onto distributed RAM because of timing constraints  
The instance dcache/way1/lines_reg_128_255_57_57 is implemented as distributed LUT RAM for the following reason: The timing constraints suggest that the chosen mapping will yield a better timing.
Related violations: <none>

SYNTH-5#374 Warning
Mapped onto distributed RAM because of timing constraints  
The instance dcache/way1/lines_reg_128_255_58_58 is implemented as distributed LUT RAM for the following reason: The timing constraints suggest that the chosen mapping will yield a better timing.
Related violations: <none>

SYNTH-5#375 Warning
Mapped onto distributed RAM because of timing constraints  
The instance dcache/way1/lines_reg_128_255_59_59 is implemented as distributed LUT RAM for the following reason: The timing constraints suggest that the chosen mapping will yield a better timing.
Related violations: <none>

SYNTH-5#376 Warning
Mapped onto distributed RAM because of timing constraints  
The instance dcache/way1/lines_reg_128_255_5_5 is implemented as distributed LUT RAM for the following reason: The timing constraints suggest that the chosen mapping will yield a better timing.
Related violations: <none>

SYNTH-5#377 Warning
Mapped onto distributed RAM because of timing constraints  
The instance dcache/way1/lines_reg_128_255_60_60 is implemented as distributed LUT RAM for the following reason: The timing constraints suggest that the chosen mapping will yield a better timing.
Related violations: <none>

SYNTH-5#378 Warning
Mapped onto distributed RAM because of timing constraints  
The instance dcache/way1/lines_reg_128_255_61_61 is implemented as distributed LUT RAM for the following reason: The timing constraints suggest that the chosen mapping will yield a better timing.
Related violations: <none>

SYNTH-5#379 Warning
Mapped onto distributed RAM because of timing constraints  
The instance dcache/way1/lines_reg_128_255_62_62 is implemented as distributed LUT RAM for the following reason: The timing constraints suggest that the chosen mapping will yield a better timing.
Related violations: <none>

SYNTH-5#380 Warning
Mapped onto distributed RAM because of timing constraints  
The instance dcache/way1/lines_reg_128_255_63_63 is implemented as distributed LUT RAM for the following reason: The timing constraints suggest that the chosen mapping will yield a better timing.
Related violations: <none>

SYNTH-5#381 Warning
Mapped onto distributed RAM because of timing constraints  
The instance dcache/way1/lines_reg_128_255_6_6 is implemented as distributed LUT RAM for the following reason: The timing constraints suggest that the chosen mapping will yield a better timing.
Related violations: <none>

SYNTH-5#382 Warning
Mapped onto distributed RAM because of timing constraints  
The instance dcache/way1/lines_reg_128_255_7_7 is implemented as distributed LUT RAM for the following reason: The timing constraints suggest that the chosen mapping will yield a better timing.
Related violations: <none>

SYNTH-5#383 Warning
Mapped onto distributed RAM because of timing constraints  
The instance dcache/way1/lines_reg_128_255_8_8 is implemented as distributed LUT RAM for the following reason: The timing constraints suggest that the chosen mapping will yield a better timing.
Related violations: <none>

SYNTH-5#384 Warning
Mapped onto distributed RAM because of timing constraints  
The instance dcache/way1/lines_reg_128_255_9_9 is implemented as distributed LUT RAM for the following reason: The timing constraints suggest that the chosen mapping will yield a better timing.
Related violations: <none>

SYNTH-5#385 Warning
Mapped onto distributed RAM because of timing constraints  
The instance dcache/way1/lines_reg_256_383_0_0 is implemented as distributed LUT RAM for the following reason: The timing constraints suggest that the chosen mapping will yield a better timing.
Related violations: <none>

SYNTH-5#386 Warning
Mapped onto distributed RAM because of timing constraints  
The instance dcache/way1/lines_reg_256_383_10_10 is implemented as distributed LUT RAM for the following reason: The timing constraints suggest that the chosen mapping will yield a better timing.
Related violations: <none>

SYNTH-5#387 Warning
Mapped onto distributed RAM because of timing constraints  
The instance dcache/way1/lines_reg_256_383_11_11 is implemented as distributed LUT RAM for the following reason: The timing constraints suggest that the chosen mapping will yield a better timing.
Related violations: <none>

SYNTH-5#388 Warning
Mapped onto distributed RAM because of timing constraints  
The instance dcache/way1/lines_reg_256_383_12_12 is implemented as distributed LUT RAM for the following reason: The timing constraints suggest that the chosen mapping will yield a better timing.
Related violations: <none>

SYNTH-5#389 Warning
Mapped onto distributed RAM because of timing constraints  
The instance dcache/way1/lines_reg_256_383_13_13 is implemented as distributed LUT RAM for the following reason: The timing constraints suggest that the chosen mapping will yield a better timing.
Related violations: <none>

SYNTH-5#390 Warning
Mapped onto distributed RAM because of timing constraints  
The instance dcache/way1/lines_reg_256_383_14_14 is implemented as distributed LUT RAM for the following reason: The timing constraints suggest that the chosen mapping will yield a better timing.
Related violations: <none>

SYNTH-5#391 Warning
Mapped onto distributed RAM because of timing constraints  
The instance dcache/way1/lines_reg_256_383_15_15 is implemented as distributed LUT RAM for the following reason: The timing constraints suggest that the chosen mapping will yield a better timing.
Related violations: <none>

SYNTH-5#392 Warning
Mapped onto distributed RAM because of timing constraints  
The instance dcache/way1/lines_reg_256_383_16_16 is implemented as distributed LUT RAM for the following reason: The timing constraints suggest that the chosen mapping will yield a better timing.
Related violations: <none>

SYNTH-5#393 Warning
Mapped onto distributed RAM because of timing constraints  
The instance dcache/way1/lines_reg_256_383_17_17 is implemented as distributed LUT RAM for the following reason: The timing constraints suggest that the chosen mapping will yield a better timing.
Related violations: <none>

SYNTH-5#394 Warning
Mapped onto distributed RAM because of timing constraints  
The instance dcache/way1/lines_reg_256_383_18_18 is implemented as distributed LUT RAM for the following reason: The timing constraints suggest that the chosen mapping will yield a better timing.
Related violations: <none>

SYNTH-5#395 Warning
Mapped onto distributed RAM because of timing constraints  
The instance dcache/way1/lines_reg_256_383_19_19 is implemented as distributed LUT RAM for the following reason: The timing constraints suggest that the chosen mapping will yield a better timing.
Related violations: <none>

SYNTH-5#396 Warning
Mapped onto distributed RAM because of timing constraints  
The instance dcache/way1/lines_reg_256_383_1_1 is implemented as distributed LUT RAM for the following reason: The timing constraints suggest that the chosen mapping will yield a better timing.
Related violations: <none>

SYNTH-5#397 Warning
Mapped onto distributed RAM because of timing constraints  
The instance dcache/way1/lines_reg_256_383_20_20 is implemented as distributed LUT RAM for the following reason: The timing constraints suggest that the chosen mapping will yield a better timing.
Related violations: <none>

SYNTH-5#398 Warning
Mapped onto distributed RAM because of timing constraints  
The instance dcache/way1/lines_reg_256_383_21_21 is implemented as distributed LUT RAM for the following reason: The timing constraints suggest that the chosen mapping will yield a better timing.
Related violations: <none>

SYNTH-5#399 Warning
Mapped onto distributed RAM because of timing constraints  
The instance dcache/way1/lines_reg_256_383_22_22 is implemented as distributed LUT RAM for the following reason: The timing constraints suggest that the chosen mapping will yield a better timing.
Related violations: <none>

SYNTH-5#400 Warning
Mapped onto distributed RAM because of timing constraints  
The instance dcache/way1/lines_reg_256_383_23_23 is implemented as distributed LUT RAM for the following reason: The timing constraints suggest that the chosen mapping will yield a better timing.
Related violations: <none>

SYNTH-5#401 Warning
Mapped onto distributed RAM because of timing constraints  
The instance dcache/way1/lines_reg_256_383_24_24 is implemented as distributed LUT RAM for the following reason: The timing constraints suggest that the chosen mapping will yield a better timing.
Related violations: <none>

SYNTH-5#402 Warning
Mapped onto distributed RAM because of timing constraints  
The instance dcache/way1/lines_reg_256_383_25_25 is implemented as distributed LUT RAM for the following reason: The timing constraints suggest that the chosen mapping will yield a better timing.
Related violations: <none>

SYNTH-5#403 Warning
Mapped onto distributed RAM because of timing constraints  
The instance dcache/way1/lines_reg_256_383_26_26 is implemented as distributed LUT RAM for the following reason: The timing constraints suggest that the chosen mapping will yield a better timing.
Related violations: <none>

SYNTH-5#404 Warning
Mapped onto distributed RAM because of timing constraints  
The instance dcache/way1/lines_reg_256_383_27_27 is implemented as distributed LUT RAM for the following reason: The timing constraints suggest that the chosen mapping will yield a better timing.
Related violations: <none>

SYNTH-5#405 Warning
Mapped onto distributed RAM because of timing constraints  
The instance dcache/way1/lines_reg_256_383_28_28 is implemented as distributed LUT RAM for the following reason: The timing constraints suggest that the chosen mapping will yield a better timing.
Related violations: <none>

SYNTH-5#406 Warning
Mapped onto distributed RAM because of timing constraints  
The instance dcache/way1/lines_reg_256_383_29_29 is implemented as distributed LUT RAM for the following reason: The timing constraints suggest that the chosen mapping will yield a better timing.
Related violations: <none>

SYNTH-5#407 Warning
Mapped onto distributed RAM because of timing constraints  
The instance dcache/way1/lines_reg_256_383_2_2 is implemented as distributed LUT RAM for the following reason: The timing constraints suggest that the chosen mapping will yield a better timing.
Related violations: <none>

SYNTH-5#408 Warning
Mapped onto distributed RAM because of timing constraints  
The instance dcache/way1/lines_reg_256_383_30_30 is implemented as distributed LUT RAM for the following reason: The timing constraints suggest that the chosen mapping will yield a better timing.
Related violations: <none>

SYNTH-5#409 Warning
Mapped onto distributed RAM because of timing constraints  
The instance dcache/way1/lines_reg_256_383_31_31 is implemented as distributed LUT RAM for the following reason: The timing constraints suggest that the chosen mapping will yield a better timing.
Related violations: <none>

SYNTH-5#410 Warning
Mapped onto distributed RAM because of timing constraints  
The instance dcache/way1/lines_reg_256_383_32_32 is implemented as distributed LUT RAM for the following reason: The timing constraints suggest that the chosen mapping will yield a better timing.
Related violations: <none>

SYNTH-5#411 Warning
Mapped onto distributed RAM because of timing constraints  
The instance dcache/way1/lines_reg_256_383_33_33 is implemented as distributed LUT RAM for the following reason: The timing constraints suggest that the chosen mapping will yield a better timing.
Related violations: <none>

SYNTH-5#412 Warning
Mapped onto distributed RAM because of timing constraints  
The instance dcache/way1/lines_reg_256_383_34_34 is implemented as distributed LUT RAM for the following reason: The timing constraints suggest that the chosen mapping will yield a better timing.
Related violations: <none>

SYNTH-5#413 Warning
Mapped onto distributed RAM because of timing constraints  
The instance dcache/way1/lines_reg_256_383_35_35 is implemented as distributed LUT RAM for the following reason: The timing constraints suggest that the chosen mapping will yield a better timing.
Related violations: <none>

SYNTH-5#414 Warning
Mapped onto distributed RAM because of timing constraints  
The instance dcache/way1/lines_reg_256_383_36_36 is implemented as distributed LUT RAM for the following reason: The timing constraints suggest that the chosen mapping will yield a better timing.
Related violations: <none>

SYNTH-5#415 Warning
Mapped onto distributed RAM because of timing constraints  
The instance dcache/way1/lines_reg_256_383_37_37 is implemented as distributed LUT RAM for the following reason: The timing constraints suggest that the chosen mapping will yield a better timing.
Related violations: <none>

SYNTH-5#416 Warning
Mapped onto distributed RAM because of timing constraints  
The instance dcache/way1/lines_reg_256_383_38_38 is implemented as distributed LUT RAM for the following reason: The timing constraints suggest that the chosen mapping will yield a better timing.
Related violations: <none>

SYNTH-5#417 Warning
Mapped onto distributed RAM because of timing constraints  
The instance dcache/way1/lines_reg_256_383_39_39 is implemented as distributed LUT RAM for the following reason: The timing constraints suggest that the chosen mapping will yield a better timing.
Related violations: <none>

SYNTH-5#418 Warning
Mapped onto distributed RAM because of timing constraints  
The instance dcache/way1/lines_reg_256_383_3_3 is implemented as distributed LUT RAM for the following reason: The timing constraints suggest that the chosen mapping will yield a better timing.
Related violations: <none>

SYNTH-5#419 Warning
Mapped onto distributed RAM because of timing constraints  
The instance dcache/way1/lines_reg_256_383_40_40 is implemented as distributed LUT RAM for the following reason: The timing constraints suggest that the chosen mapping will yield a better timing.
Related violations: <none>

SYNTH-5#420 Warning
Mapped onto distributed RAM because of timing constraints  
The instance dcache/way1/lines_reg_256_383_41_41 is implemented as distributed LUT RAM for the following reason: The timing constraints suggest that the chosen mapping will yield a better timing.
Related violations: <none>

SYNTH-5#421 Warning
Mapped onto distributed RAM because of timing constraints  
The instance dcache/way1/lines_reg_256_383_42_42 is implemented as distributed LUT RAM for the following reason: The timing constraints suggest that the chosen mapping will yield a better timing.
Related violations: <none>

SYNTH-5#422 Warning
Mapped onto distributed RAM because of timing constraints  
The instance dcache/way1/lines_reg_256_383_43_43 is implemented as distributed LUT RAM for the following reason: The timing constraints suggest that the chosen mapping will yield a better timing.
Related violations: <none>

SYNTH-5#423 Warning
Mapped onto distributed RAM because of timing constraints  
The instance dcache/way1/lines_reg_256_383_44_44 is implemented as distributed LUT RAM for the following reason: The timing constraints suggest that the chosen mapping will yield a better timing.
Related violations: <none>

SYNTH-5#424 Warning
Mapped onto distributed RAM because of timing constraints  
The instance dcache/way1/lines_reg_256_383_45_45 is implemented as distributed LUT RAM for the following reason: The timing constraints suggest that the chosen mapping will yield a better timing.
Related violations: <none>

SYNTH-5#425 Warning
Mapped onto distributed RAM because of timing constraints  
The instance dcache/way1/lines_reg_256_383_46_46 is implemented as distributed LUT RAM for the following reason: The timing constraints suggest that the chosen mapping will yield a better timing.
Related violations: <none>

SYNTH-5#426 Warning
Mapped onto distributed RAM because of timing constraints  
The instance dcache/way1/lines_reg_256_383_47_47 is implemented as distributed LUT RAM for the following reason: The timing constraints suggest that the chosen mapping will yield a better timing.
Related violations: <none>

SYNTH-5#427 Warning
Mapped onto distributed RAM because of timing constraints  
The instance dcache/way1/lines_reg_256_383_48_48 is implemented as distributed LUT RAM for the following reason: The timing constraints suggest that the chosen mapping will yield a better timing.
Related violations: <none>

SYNTH-5#428 Warning
Mapped onto distributed RAM because of timing constraints  
The instance dcache/way1/lines_reg_256_383_49_49 is implemented as distributed LUT RAM for the following reason: The timing constraints suggest that the chosen mapping will yield a better timing.
Related violations: <none>

SYNTH-5#429 Warning
Mapped onto distributed RAM because of timing constraints  
The instance dcache/way1/lines_reg_256_383_4_4 is implemented as distributed LUT RAM for the following reason: The timing constraints suggest that the chosen mapping will yield a better timing.
Related violations: <none>

SYNTH-5#430 Warning
Mapped onto distributed RAM because of timing constraints  
The instance dcache/way1/lines_reg_256_383_50_50 is implemented as distributed LUT RAM for the following reason: The timing constraints suggest that the chosen mapping will yield a better timing.
Related violations: <none>

SYNTH-5#431 Warning
Mapped onto distributed RAM because of timing constraints  
The instance dcache/way1/lines_reg_256_383_51_51 is implemented as distributed LUT RAM for the following reason: The timing constraints suggest that the chosen mapping will yield a better timing.
Related violations: <none>

SYNTH-5#432 Warning
Mapped onto distributed RAM because of timing constraints  
The instance dcache/way1/lines_reg_256_383_52_52 is implemented as distributed LUT RAM for the following reason: The timing constraints suggest that the chosen mapping will yield a better timing.
Related violations: <none>

SYNTH-5#433 Warning
Mapped onto distributed RAM because of timing constraints  
The instance dcache/way1/lines_reg_256_383_53_53 is implemented as distributed LUT RAM for the following reason: The timing constraints suggest that the chosen mapping will yield a better timing.
Related violations: <none>

SYNTH-5#434 Warning
Mapped onto distributed RAM because of timing constraints  
The instance dcache/way1/lines_reg_256_383_54_54 is implemented as distributed LUT RAM for the following reason: The timing constraints suggest that the chosen mapping will yield a better timing.
Related violations: <none>

SYNTH-5#435 Warning
Mapped onto distributed RAM because of timing constraints  
The instance dcache/way1/lines_reg_256_383_55_55 is implemented as distributed LUT RAM for the following reason: The timing constraints suggest that the chosen mapping will yield a better timing.
Related violations: <none>

SYNTH-5#436 Warning
Mapped onto distributed RAM because of timing constraints  
The instance dcache/way1/lines_reg_256_383_56_56 is implemented as distributed LUT RAM for the following reason: The timing constraints suggest that the chosen mapping will yield a better timing.
Related violations: <none>

SYNTH-5#437 Warning
Mapped onto distributed RAM because of timing constraints  
The instance dcache/way1/lines_reg_256_383_57_57 is implemented as distributed LUT RAM for the following reason: The timing constraints suggest that the chosen mapping will yield a better timing.
Related violations: <none>

SYNTH-5#438 Warning
Mapped onto distributed RAM because of timing constraints  
The instance dcache/way1/lines_reg_256_383_58_58 is implemented as distributed LUT RAM for the following reason: The timing constraints suggest that the chosen mapping will yield a better timing.
Related violations: <none>

SYNTH-5#439 Warning
Mapped onto distributed RAM because of timing constraints  
The instance dcache/way1/lines_reg_256_383_59_59 is implemented as distributed LUT RAM for the following reason: The timing constraints suggest that the chosen mapping will yield a better timing.
Related violations: <none>

SYNTH-5#440 Warning
Mapped onto distributed RAM because of timing constraints  
The instance dcache/way1/lines_reg_256_383_5_5 is implemented as distributed LUT RAM for the following reason: The timing constraints suggest that the chosen mapping will yield a better timing.
Related violations: <none>

SYNTH-5#441 Warning
Mapped onto distributed RAM because of timing constraints  
The instance dcache/way1/lines_reg_256_383_60_60 is implemented as distributed LUT RAM for the following reason: The timing constraints suggest that the chosen mapping will yield a better timing.
Related violations: <none>

SYNTH-5#442 Warning
Mapped onto distributed RAM because of timing constraints  
The instance dcache/way1/lines_reg_256_383_61_61 is implemented as distributed LUT RAM for the following reason: The timing constraints suggest that the chosen mapping will yield a better timing.
Related violations: <none>

SYNTH-5#443 Warning
Mapped onto distributed RAM because of timing constraints  
The instance dcache/way1/lines_reg_256_383_62_62 is implemented as distributed LUT RAM for the following reason: The timing constraints suggest that the chosen mapping will yield a better timing.
Related violations: <none>

SYNTH-5#444 Warning
Mapped onto distributed RAM because of timing constraints  
The instance dcache/way1/lines_reg_256_383_63_63 is implemented as distributed LUT RAM for the following reason: The timing constraints suggest that the chosen mapping will yield a better timing.
Related violations: <none>

SYNTH-5#445 Warning
Mapped onto distributed RAM because of timing constraints  
The instance dcache/way1/lines_reg_256_383_6_6 is implemented as distributed LUT RAM for the following reason: The timing constraints suggest that the chosen mapping will yield a better timing.
Related violations: <none>

SYNTH-5#446 Warning
Mapped onto distributed RAM because of timing constraints  
The instance dcache/way1/lines_reg_256_383_7_7 is implemented as distributed LUT RAM for the following reason: The timing constraints suggest that the chosen mapping will yield a better timing.
Related violations: <none>

SYNTH-5#447 Warning
Mapped onto distributed RAM because of timing constraints  
The instance dcache/way1/lines_reg_256_383_8_8 is implemented as distributed LUT RAM for the following reason: The timing constraints suggest that the chosen mapping will yield a better timing.
Related violations: <none>

SYNTH-5#448 Warning
Mapped onto distributed RAM because of timing constraints  
The instance dcache/way1/lines_reg_256_383_9_9 is implemented as distributed LUT RAM for the following reason: The timing constraints suggest that the chosen mapping will yield a better timing.
Related violations: <none>

SYNTH-5#449 Warning
Mapped onto distributed RAM because of timing constraints  
The instance dcache/way1/lines_reg_384_511_0_0 is implemented as distributed LUT RAM for the following reason: The timing constraints suggest that the chosen mapping will yield a better timing.
Related violations: <none>

SYNTH-5#450 Warning
Mapped onto distributed RAM because of timing constraints  
The instance dcache/way1/lines_reg_384_511_10_10 is implemented as distributed LUT RAM for the following reason: The timing constraints suggest that the chosen mapping will yield a better timing.
Related violations: <none>

SYNTH-5#451 Warning
Mapped onto distributed RAM because of timing constraints  
The instance dcache/way1/lines_reg_384_511_11_11 is implemented as distributed LUT RAM for the following reason: The timing constraints suggest that the chosen mapping will yield a better timing.
Related violations: <none>

SYNTH-5#452 Warning
Mapped onto distributed RAM because of timing constraints  
The instance dcache/way1/lines_reg_384_511_12_12 is implemented as distributed LUT RAM for the following reason: The timing constraints suggest that the chosen mapping will yield a better timing.
Related violations: <none>

SYNTH-5#453 Warning
Mapped onto distributed RAM because of timing constraints  
The instance dcache/way1/lines_reg_384_511_13_13 is implemented as distributed LUT RAM for the following reason: The timing constraints suggest that the chosen mapping will yield a better timing.
Related violations: <none>

SYNTH-5#454 Warning
Mapped onto distributed RAM because of timing constraints  
The instance dcache/way1/lines_reg_384_511_14_14 is implemented as distributed LUT RAM for the following reason: The timing constraints suggest that the chosen mapping will yield a better timing.
Related violations: <none>

SYNTH-5#455 Warning
Mapped onto distributed RAM because of timing constraints  
The instance dcache/way1/lines_reg_384_511_15_15 is implemented as distributed LUT RAM for the following reason: The timing constraints suggest that the chosen mapping will yield a better timing.
Related violations: <none>

SYNTH-5#456 Warning
Mapped onto distributed RAM because of timing constraints  
The instance dcache/way1/lines_reg_384_511_16_16 is implemented as distributed LUT RAM for the following reason: The timing constraints suggest that the chosen mapping will yield a better timing.
Related violations: <none>

SYNTH-5#457 Warning
Mapped onto distributed RAM because of timing constraints  
The instance dcache/way1/lines_reg_384_511_17_17 is implemented as distributed LUT RAM for the following reason: The timing constraints suggest that the chosen mapping will yield a better timing.
Related violations: <none>

SYNTH-5#458 Warning
Mapped onto distributed RAM because of timing constraints  
The instance dcache/way1/lines_reg_384_511_18_18 is implemented as distributed LUT RAM for the following reason: The timing constraints suggest that the chosen mapping will yield a better timing.
Related violations: <none>

SYNTH-5#459 Warning
Mapped onto distributed RAM because of timing constraints  
The instance dcache/way1/lines_reg_384_511_19_19 is implemented as distributed LUT RAM for the following reason: The timing constraints suggest that the chosen mapping will yield a better timing.
Related violations: <none>

SYNTH-5#460 Warning
Mapped onto distributed RAM because of timing constraints  
The instance dcache/way1/lines_reg_384_511_1_1 is implemented as distributed LUT RAM for the following reason: The timing constraints suggest that the chosen mapping will yield a better timing.
Related violations: <none>

SYNTH-5#461 Warning
Mapped onto distributed RAM because of timing constraints  
The instance dcache/way1/lines_reg_384_511_20_20 is implemented as distributed LUT RAM for the following reason: The timing constraints suggest that the chosen mapping will yield a better timing.
Related violations: <none>

SYNTH-5#462 Warning
Mapped onto distributed RAM because of timing constraints  
The instance dcache/way1/lines_reg_384_511_21_21 is implemented as distributed LUT RAM for the following reason: The timing constraints suggest that the chosen mapping will yield a better timing.
Related violations: <none>

SYNTH-5#463 Warning
Mapped onto distributed RAM because of timing constraints  
The instance dcache/way1/lines_reg_384_511_22_22 is implemented as distributed LUT RAM for the following reason: The timing constraints suggest that the chosen mapping will yield a better timing.
Related violations: <none>

SYNTH-5#464 Warning
Mapped onto distributed RAM because of timing constraints  
The instance dcache/way1/lines_reg_384_511_23_23 is implemented as distributed LUT RAM for the following reason: The timing constraints suggest that the chosen mapping will yield a better timing.
Related violations: <none>

SYNTH-5#465 Warning
Mapped onto distributed RAM because of timing constraints  
The instance dcache/way1/lines_reg_384_511_24_24 is implemented as distributed LUT RAM for the following reason: The timing constraints suggest that the chosen mapping will yield a better timing.
Related violations: <none>

SYNTH-5#466 Warning
Mapped onto distributed RAM because of timing constraints  
The instance dcache/way1/lines_reg_384_511_25_25 is implemented as distributed LUT RAM for the following reason: The timing constraints suggest that the chosen mapping will yield a better timing.
Related violations: <none>

SYNTH-5#467 Warning
Mapped onto distributed RAM because of timing constraints  
The instance dcache/way1/lines_reg_384_511_26_26 is implemented as distributed LUT RAM for the following reason: The timing constraints suggest that the chosen mapping will yield a better timing.
Related violations: <none>

SYNTH-5#468 Warning
Mapped onto distributed RAM because of timing constraints  
The instance dcache/way1/lines_reg_384_511_27_27 is implemented as distributed LUT RAM for the following reason: The timing constraints suggest that the chosen mapping will yield a better timing.
Related violations: <none>

SYNTH-5#469 Warning
Mapped onto distributed RAM because of timing constraints  
The instance dcache/way1/lines_reg_384_511_28_28 is implemented as distributed LUT RAM for the following reason: The timing constraints suggest that the chosen mapping will yield a better timing.
Related violations: <none>

SYNTH-5#470 Warning
Mapped onto distributed RAM because of timing constraints  
The instance dcache/way1/lines_reg_384_511_29_29 is implemented as distributed LUT RAM for the following reason: The timing constraints suggest that the chosen mapping will yield a better timing.
Related violations: <none>

SYNTH-5#471 Warning
Mapped onto distributed RAM because of timing constraints  
The instance dcache/way1/lines_reg_384_511_2_2 is implemented as distributed LUT RAM for the following reason: The timing constraints suggest that the chosen mapping will yield a better timing.
Related violations: <none>

SYNTH-5#472 Warning
Mapped onto distributed RAM because of timing constraints  
The instance dcache/way1/lines_reg_384_511_30_30 is implemented as distributed LUT RAM for the following reason: The timing constraints suggest that the chosen mapping will yield a better timing.
Related violations: <none>

SYNTH-5#473 Warning
Mapped onto distributed RAM because of timing constraints  
The instance dcache/way1/lines_reg_384_511_31_31 is implemented as distributed LUT RAM for the following reason: The timing constraints suggest that the chosen mapping will yield a better timing.
Related violations: <none>

SYNTH-5#474 Warning
Mapped onto distributed RAM because of timing constraints  
The instance dcache/way1/lines_reg_384_511_32_32 is implemented as distributed LUT RAM for the following reason: The timing constraints suggest that the chosen mapping will yield a better timing.
Related violations: <none>

SYNTH-5#475 Warning
Mapped onto distributed RAM because of timing constraints  
The instance dcache/way1/lines_reg_384_511_33_33 is implemented as distributed LUT RAM for the following reason: The timing constraints suggest that the chosen mapping will yield a better timing.
Related violations: <none>

SYNTH-5#476 Warning
Mapped onto distributed RAM because of timing constraints  
The instance dcache/way1/lines_reg_384_511_34_34 is implemented as distributed LUT RAM for the following reason: The timing constraints suggest that the chosen mapping will yield a better timing.
Related violations: <none>

SYNTH-5#477 Warning
Mapped onto distributed RAM because of timing constraints  
The instance dcache/way1/lines_reg_384_511_35_35 is implemented as distributed LUT RAM for the following reason: The timing constraints suggest that the chosen mapping will yield a better timing.
Related violations: <none>

SYNTH-5#478 Warning
Mapped onto distributed RAM because of timing constraints  
The instance dcache/way1/lines_reg_384_511_36_36 is implemented as distributed LUT RAM for the following reason: The timing constraints suggest that the chosen mapping will yield a better timing.
Related violations: <none>

SYNTH-5#479 Warning
Mapped onto distributed RAM because of timing constraints  
The instance dcache/way1/lines_reg_384_511_37_37 is implemented as distributed LUT RAM for the following reason: The timing constraints suggest that the chosen mapping will yield a better timing.
Related violations: <none>

SYNTH-5#480 Warning
Mapped onto distributed RAM because of timing constraints  
The instance dcache/way1/lines_reg_384_511_38_38 is implemented as distributed LUT RAM for the following reason: The timing constraints suggest that the chosen mapping will yield a better timing.
Related violations: <none>

SYNTH-5#481 Warning
Mapped onto distributed RAM because of timing constraints  
The instance dcache/way1/lines_reg_384_511_39_39 is implemented as distributed LUT RAM for the following reason: The timing constraints suggest that the chosen mapping will yield a better timing.
Related violations: <none>

SYNTH-5#482 Warning
Mapped onto distributed RAM because of timing constraints  
The instance dcache/way1/lines_reg_384_511_3_3 is implemented as distributed LUT RAM for the following reason: The timing constraints suggest that the chosen mapping will yield a better timing.
Related violations: <none>

SYNTH-5#483 Warning
Mapped onto distributed RAM because of timing constraints  
The instance dcache/way1/lines_reg_384_511_40_40 is implemented as distributed LUT RAM for the following reason: The timing constraints suggest that the chosen mapping will yield a better timing.
Related violations: <none>

SYNTH-5#484 Warning
Mapped onto distributed RAM because of timing constraints  
The instance dcache/way1/lines_reg_384_511_41_41 is implemented as distributed LUT RAM for the following reason: The timing constraints suggest that the chosen mapping will yield a better timing.
Related violations: <none>

SYNTH-5#485 Warning
Mapped onto distributed RAM because of timing constraints  
The instance dcache/way1/lines_reg_384_511_42_42 is implemented as distributed LUT RAM for the following reason: The timing constraints suggest that the chosen mapping will yield a better timing.
Related violations: <none>

SYNTH-5#486 Warning
Mapped onto distributed RAM because of timing constraints  
The instance dcache/way1/lines_reg_384_511_43_43 is implemented as distributed LUT RAM for the following reason: The timing constraints suggest that the chosen mapping will yield a better timing.
Related violations: <none>

SYNTH-5#487 Warning
Mapped onto distributed RAM because of timing constraints  
The instance dcache/way1/lines_reg_384_511_44_44 is implemented as distributed LUT RAM for the following reason: The timing constraints suggest that the chosen mapping will yield a better timing.
Related violations: <none>

SYNTH-5#488 Warning
Mapped onto distributed RAM because of timing constraints  
The instance dcache/way1/lines_reg_384_511_45_45 is implemented as distributed LUT RAM for the following reason: The timing constraints suggest that the chosen mapping will yield a better timing.
Related violations: <none>

SYNTH-5#489 Warning
Mapped onto distributed RAM because of timing constraints  
The instance dcache/way1/lines_reg_384_511_46_46 is implemented as distributed LUT RAM for the following reason: The timing constraints suggest that the chosen mapping will yield a better timing.
Related violations: <none>

SYNTH-5#490 Warning
Mapped onto distributed RAM because of timing constraints  
The instance dcache/way1/lines_reg_384_511_47_47 is implemented as distributed LUT RAM for the following reason: The timing constraints suggest that the chosen mapping will yield a better timing.
Related violations: <none>

SYNTH-5#491 Warning
Mapped onto distributed RAM because of timing constraints  
The instance dcache/way1/lines_reg_384_511_48_48 is implemented as distributed LUT RAM for the following reason: The timing constraints suggest that the chosen mapping will yield a better timing.
Related violations: <none>

SYNTH-5#492 Warning
Mapped onto distributed RAM because of timing constraints  
The instance dcache/way1/lines_reg_384_511_49_49 is implemented as distributed LUT RAM for the following reason: The timing constraints suggest that the chosen mapping will yield a better timing.
Related violations: <none>

SYNTH-5#493 Warning
Mapped onto distributed RAM because of timing constraints  
The instance dcache/way1/lines_reg_384_511_4_4 is implemented as distributed LUT RAM for the following reason: The timing constraints suggest that the chosen mapping will yield a better timing.
Related violations: <none>

SYNTH-5#494 Warning
Mapped onto distributed RAM because of timing constraints  
The instance dcache/way1/lines_reg_384_511_50_50 is implemented as distributed LUT RAM for the following reason: The timing constraints suggest that the chosen mapping will yield a better timing.
Related violations: <none>

SYNTH-5#495 Warning
Mapped onto distributed RAM because of timing constraints  
The instance dcache/way1/lines_reg_384_511_51_51 is implemented as distributed LUT RAM for the following reason: The timing constraints suggest that the chosen mapping will yield a better timing.
Related violations: <none>

SYNTH-5#496 Warning
Mapped onto distributed RAM because of timing constraints  
The instance dcache/way1/lines_reg_384_511_52_52 is implemented as distributed LUT RAM for the following reason: The timing constraints suggest that the chosen mapping will yield a better timing.
Related violations: <none>

SYNTH-5#497 Warning
Mapped onto distributed RAM because of timing constraints  
The instance dcache/way1/lines_reg_384_511_53_53 is implemented as distributed LUT RAM for the following reason: The timing constraints suggest that the chosen mapping will yield a better timing.
Related violations: <none>

SYNTH-5#498 Warning
Mapped onto distributed RAM because of timing constraints  
The instance dcache/way1/lines_reg_384_511_54_54 is implemented as distributed LUT RAM for the following reason: The timing constraints suggest that the chosen mapping will yield a better timing.
Related violations: <none>

SYNTH-5#499 Warning
Mapped onto distributed RAM because of timing constraints  
The instance dcache/way1/lines_reg_384_511_55_55 is implemented as distributed LUT RAM for the following reason: The timing constraints suggest that the chosen mapping will yield a better timing.
Related violations: <none>

SYNTH-5#500 Warning
Mapped onto distributed RAM because of timing constraints  
The instance dcache/way1/lines_reg_384_511_56_56 is implemented as distributed LUT RAM for the following reason: The timing constraints suggest that the chosen mapping will yield a better timing.
Related violations: <none>

SYNTH-5#501 Warning
Mapped onto distributed RAM because of timing constraints  
The instance dcache/way1/lines_reg_384_511_57_57 is implemented as distributed LUT RAM for the following reason: The timing constraints suggest that the chosen mapping will yield a better timing.
Related violations: <none>

SYNTH-5#502 Warning
Mapped onto distributed RAM because of timing constraints  
The instance dcache/way1/lines_reg_384_511_58_58 is implemented as distributed LUT RAM for the following reason: The timing constraints suggest that the chosen mapping will yield a better timing.
Related violations: <none>

SYNTH-5#503 Warning
Mapped onto distributed RAM because of timing constraints  
The instance dcache/way1/lines_reg_384_511_59_59 is implemented as distributed LUT RAM for the following reason: The timing constraints suggest that the chosen mapping will yield a better timing.
Related violations: <none>

SYNTH-5#504 Warning
Mapped onto distributed RAM because of timing constraints  
The instance dcache/way1/lines_reg_384_511_5_5 is implemented as distributed LUT RAM for the following reason: The timing constraints suggest that the chosen mapping will yield a better timing.
Related violations: <none>

SYNTH-5#505 Warning
Mapped onto distributed RAM because of timing constraints  
The instance dcache/way1/lines_reg_384_511_60_60 is implemented as distributed LUT RAM for the following reason: The timing constraints suggest that the chosen mapping will yield a better timing.
Related violations: <none>

SYNTH-5#506 Warning
Mapped onto distributed RAM because of timing constraints  
The instance dcache/way1/lines_reg_384_511_61_61 is implemented as distributed LUT RAM for the following reason: The timing constraints suggest that the chosen mapping will yield a better timing.
Related violations: <none>

SYNTH-5#507 Warning
Mapped onto distributed RAM because of timing constraints  
The instance dcache/way1/lines_reg_384_511_62_62 is implemented as distributed LUT RAM for the following reason: The timing constraints suggest that the chosen mapping will yield a better timing.
Related violations: <none>

SYNTH-5#508 Warning
Mapped onto distributed RAM because of timing constraints  
The instance dcache/way1/lines_reg_384_511_63_63 is implemented as distributed LUT RAM for the following reason: The timing constraints suggest that the chosen mapping will yield a better timing.
Related violations: <none>

SYNTH-5#509 Warning
Mapped onto distributed RAM because of timing constraints  
The instance dcache/way1/lines_reg_384_511_6_6 is implemented as distributed LUT RAM for the following reason: The timing constraints suggest that the chosen mapping will yield a better timing.
Related violations: <none>

SYNTH-5#510 Warning
Mapped onto distributed RAM because of timing constraints  
The instance dcache/way1/lines_reg_384_511_7_7 is implemented as distributed LUT RAM for the following reason: The timing constraints suggest that the chosen mapping will yield a better timing.
Related violations: <none>

SYNTH-5#511 Warning
Mapped onto distributed RAM because of timing constraints  
The instance dcache/way1/lines_reg_384_511_8_8 is implemented as distributed LUT RAM for the following reason: The timing constraints suggest that the chosen mapping will yield a better timing.
Related violations: <none>

SYNTH-5#512 Warning
Mapped onto distributed RAM because of timing constraints  
The instance dcache/way1/lines_reg_384_511_9_9 is implemented as distributed LUT RAM for the following reason: The timing constraints suggest that the chosen mapping will yield a better timing.
Related violations: <none>

SYNTH-5#513 Warning
Mapped onto distributed RAM because of timing constraints  
The instance icache/way0/lines_reg_0_127_0_0 is implemented as distributed LUT RAM for the following reason: The timing constraints suggest that the chosen mapping will yield a better timing.
Related violations: <none>

SYNTH-5#514 Warning
Mapped onto distributed RAM because of timing constraints  
The instance icache/way0/lines_reg_0_127_10_10 is implemented as distributed LUT RAM for the following reason: The timing constraints suggest that the chosen mapping will yield a better timing.
Related violations: <none>

SYNTH-5#515 Warning
Mapped onto distributed RAM because of timing constraints  
The instance icache/way0/lines_reg_0_127_11_11 is implemented as distributed LUT RAM for the following reason: The timing constraints suggest that the chosen mapping will yield a better timing.
Related violations: <none>

SYNTH-5#516 Warning
Mapped onto distributed RAM because of timing constraints  
The instance icache/way0/lines_reg_0_127_12_12 is implemented as distributed LUT RAM for the following reason: The timing constraints suggest that the chosen mapping will yield a better timing.
Related violations: <none>

SYNTH-5#517 Warning
Mapped onto distributed RAM because of timing constraints  
The instance icache/way0/lines_reg_0_127_13_13 is implemented as distributed LUT RAM for the following reason: The timing constraints suggest that the chosen mapping will yield a better timing.
Related violations: <none>

SYNTH-5#518 Warning
Mapped onto distributed RAM because of timing constraints  
The instance icache/way0/lines_reg_0_127_14_14 is implemented as distributed LUT RAM for the following reason: The timing constraints suggest that the chosen mapping will yield a better timing.
Related violations: <none>

SYNTH-5#519 Warning
Mapped onto distributed RAM because of timing constraints  
The instance icache/way0/lines_reg_0_127_15_15 is implemented as distributed LUT RAM for the following reason: The timing constraints suggest that the chosen mapping will yield a better timing.
Related violations: <none>

SYNTH-5#520 Warning
Mapped onto distributed RAM because of timing constraints  
The instance icache/way0/lines_reg_0_127_16_16 is implemented as distributed LUT RAM for the following reason: The timing constraints suggest that the chosen mapping will yield a better timing.
Related violations: <none>

SYNTH-5#521 Warning
Mapped onto distributed RAM because of timing constraints  
The instance icache/way0/lines_reg_0_127_17_17 is implemented as distributed LUT RAM for the following reason: The timing constraints suggest that the chosen mapping will yield a better timing.
Related violations: <none>

SYNTH-5#522 Warning
Mapped onto distributed RAM because of timing constraints  
The instance icache/way0/lines_reg_0_127_18_18 is implemented as distributed LUT RAM for the following reason: The timing constraints suggest that the chosen mapping will yield a better timing.
Related violations: <none>

SYNTH-5#523 Warning
Mapped onto distributed RAM because of timing constraints  
The instance icache/way0/lines_reg_0_127_19_19 is implemented as distributed LUT RAM for the following reason: The timing constraints suggest that the chosen mapping will yield a better timing.
Related violations: <none>

SYNTH-5#524 Warning
Mapped onto distributed RAM because of timing constraints  
The instance icache/way0/lines_reg_0_127_1_1 is implemented as distributed LUT RAM for the following reason: The timing constraints suggest that the chosen mapping will yield a better timing.
Related violations: <none>

SYNTH-5#525 Warning
Mapped onto distributed RAM because of timing constraints  
The instance icache/way0/lines_reg_0_127_20_20 is implemented as distributed LUT RAM for the following reason: The timing constraints suggest that the chosen mapping will yield a better timing.
Related violations: <none>

SYNTH-5#526 Warning
Mapped onto distributed RAM because of timing constraints  
The instance icache/way0/lines_reg_0_127_21_21 is implemented as distributed LUT RAM for the following reason: The timing constraints suggest that the chosen mapping will yield a better timing.
Related violations: <none>

SYNTH-5#527 Warning
Mapped onto distributed RAM because of timing constraints  
The instance icache/way0/lines_reg_0_127_22_22 is implemented as distributed LUT RAM for the following reason: The timing constraints suggest that the chosen mapping will yield a better timing.
Related violations: <none>

SYNTH-5#528 Warning
Mapped onto distributed RAM because of timing constraints  
The instance icache/way0/lines_reg_0_127_23_23 is implemented as distributed LUT RAM for the following reason: The timing constraints suggest that the chosen mapping will yield a better timing.
Related violations: <none>

SYNTH-5#529 Warning
Mapped onto distributed RAM because of timing constraints  
The instance icache/way0/lines_reg_0_127_24_24 is implemented as distributed LUT RAM for the following reason: The timing constraints suggest that the chosen mapping will yield a better timing.
Related violations: <none>

SYNTH-5#530 Warning
Mapped onto distributed RAM because of timing constraints  
The instance icache/way0/lines_reg_0_127_25_25 is implemented as distributed LUT RAM for the following reason: The timing constraints suggest that the chosen mapping will yield a better timing.
Related violations: <none>

SYNTH-5#531 Warning
Mapped onto distributed RAM because of timing constraints  
The instance icache/way0/lines_reg_0_127_26_26 is implemented as distributed LUT RAM for the following reason: The timing constraints suggest that the chosen mapping will yield a better timing.
Related violations: <none>

SYNTH-5#532 Warning
Mapped onto distributed RAM because of timing constraints  
The instance icache/way0/lines_reg_0_127_27_27 is implemented as distributed LUT RAM for the following reason: The timing constraints suggest that the chosen mapping will yield a better timing.
Related violations: <none>

SYNTH-5#533 Warning
Mapped onto distributed RAM because of timing constraints  
The instance icache/way0/lines_reg_0_127_28_28 is implemented as distributed LUT RAM for the following reason: The timing constraints suggest that the chosen mapping will yield a better timing.
Related violations: <none>

SYNTH-5#534 Warning
Mapped onto distributed RAM because of timing constraints  
The instance icache/way0/lines_reg_0_127_29_29 is implemented as distributed LUT RAM for the following reason: The timing constraints suggest that the chosen mapping will yield a better timing.
Related violations: <none>

SYNTH-5#535 Warning
Mapped onto distributed RAM because of timing constraints  
The instance icache/way0/lines_reg_0_127_2_2 is implemented as distributed LUT RAM for the following reason: The timing constraints suggest that the chosen mapping will yield a better timing.
Related violations: <none>

SYNTH-5#536 Warning
Mapped onto distributed RAM because of timing constraints  
The instance icache/way0/lines_reg_0_127_30_30 is implemented as distributed LUT RAM for the following reason: The timing constraints suggest that the chosen mapping will yield a better timing.
Related violations: <none>

SYNTH-5#537 Warning
Mapped onto distributed RAM because of timing constraints  
The instance icache/way0/lines_reg_0_127_31_31 is implemented as distributed LUT RAM for the following reason: The timing constraints suggest that the chosen mapping will yield a better timing.
Related violations: <none>

SYNTH-5#538 Warning
Mapped onto distributed RAM because of timing constraints  
The instance icache/way0/lines_reg_0_127_32_32 is implemented as distributed LUT RAM for the following reason: The timing constraints suggest that the chosen mapping will yield a better timing.
Related violations: <none>

SYNTH-5#539 Warning
Mapped onto distributed RAM because of timing constraints  
The instance icache/way0/lines_reg_0_127_33_33 is implemented as distributed LUT RAM for the following reason: The timing constraints suggest that the chosen mapping will yield a better timing.
Related violations: <none>

SYNTH-5#540 Warning
Mapped onto distributed RAM because of timing constraints  
The instance icache/way0/lines_reg_0_127_34_34 is implemented as distributed LUT RAM for the following reason: The timing constraints suggest that the chosen mapping will yield a better timing.
Related violations: <none>

SYNTH-5#541 Warning
Mapped onto distributed RAM because of timing constraints  
The instance icache/way0/lines_reg_0_127_35_35 is implemented as distributed LUT RAM for the following reason: The timing constraints suggest that the chosen mapping will yield a better timing.
Related violations: <none>

SYNTH-5#542 Warning
Mapped onto distributed RAM because of timing constraints  
The instance icache/way0/lines_reg_0_127_36_36 is implemented as distributed LUT RAM for the following reason: The timing constraints suggest that the chosen mapping will yield a better timing.
Related violations: <none>

SYNTH-5#543 Warning
Mapped onto distributed RAM because of timing constraints  
The instance icache/way0/lines_reg_0_127_37_37 is implemented as distributed LUT RAM for the following reason: The timing constraints suggest that the chosen mapping will yield a better timing.
Related violations: <none>

SYNTH-5#544 Warning
Mapped onto distributed RAM because of timing constraints  
The instance icache/way0/lines_reg_0_127_38_38 is implemented as distributed LUT RAM for the following reason: The timing constraints suggest that the chosen mapping will yield a better timing.
Related violations: <none>

SYNTH-5#545 Warning
Mapped onto distributed RAM because of timing constraints  
The instance icache/way0/lines_reg_0_127_39_39 is implemented as distributed LUT RAM for the following reason: The timing constraints suggest that the chosen mapping will yield a better timing.
Related violations: <none>

SYNTH-5#546 Warning
Mapped onto distributed RAM because of timing constraints  
The instance icache/way0/lines_reg_0_127_3_3 is implemented as distributed LUT RAM for the following reason: The timing constraints suggest that the chosen mapping will yield a better timing.
Related violations: <none>

SYNTH-5#547 Warning
Mapped onto distributed RAM because of timing constraints  
The instance icache/way0/lines_reg_0_127_40_40 is implemented as distributed LUT RAM for the following reason: The timing constraints suggest that the chosen mapping will yield a better timing.
Related violations: <none>

SYNTH-5#548 Warning
Mapped onto distributed RAM because of timing constraints  
The instance icache/way0/lines_reg_0_127_41_41 is implemented as distributed LUT RAM for the following reason: The timing constraints suggest that the chosen mapping will yield a better timing.
Related violations: <none>

SYNTH-5#549 Warning
Mapped onto distributed RAM because of timing constraints  
The instance icache/way0/lines_reg_0_127_42_42 is implemented as distributed LUT RAM for the following reason: The timing constraints suggest that the chosen mapping will yield a better timing.
Related violations: <none>

SYNTH-5#550 Warning
Mapped onto distributed RAM because of timing constraints  
The instance icache/way0/lines_reg_0_127_43_43 is implemented as distributed LUT RAM for the following reason: The timing constraints suggest that the chosen mapping will yield a better timing.
Related violations: <none>

SYNTH-5#551 Warning
Mapped onto distributed RAM because of timing constraints  
The instance icache/way0/lines_reg_0_127_44_44 is implemented as distributed LUT RAM for the following reason: The timing constraints suggest that the chosen mapping will yield a better timing.
Related violations: <none>

SYNTH-5#552 Warning
Mapped onto distributed RAM because of timing constraints  
The instance icache/way0/lines_reg_0_127_45_45 is implemented as distributed LUT RAM for the following reason: The timing constraints suggest that the chosen mapping will yield a better timing.
Related violations: <none>

SYNTH-5#553 Warning
Mapped onto distributed RAM because of timing constraints  
The instance icache/way0/lines_reg_0_127_46_46 is implemented as distributed LUT RAM for the following reason: The timing constraints suggest that the chosen mapping will yield a better timing.
Related violations: <none>

SYNTH-5#554 Warning
Mapped onto distributed RAM because of timing constraints  
The instance icache/way0/lines_reg_0_127_47_47 is implemented as distributed LUT RAM for the following reason: The timing constraints suggest that the chosen mapping will yield a better timing.
Related violations: <none>

SYNTH-5#555 Warning
Mapped onto distributed RAM because of timing constraints  
The instance icache/way0/lines_reg_0_127_48_48 is implemented as distributed LUT RAM for the following reason: The timing constraints suggest that the chosen mapping will yield a better timing.
Related violations: <none>

SYNTH-5#556 Warning
Mapped onto distributed RAM because of timing constraints  
The instance icache/way0/lines_reg_0_127_49_49 is implemented as distributed LUT RAM for the following reason: The timing constraints suggest that the chosen mapping will yield a better timing.
Related violations: <none>

SYNTH-5#557 Warning
Mapped onto distributed RAM because of timing constraints  
The instance icache/way0/lines_reg_0_127_4_4 is implemented as distributed LUT RAM for the following reason: The timing constraints suggest that the chosen mapping will yield a better timing.
Related violations: <none>

SYNTH-5#558 Warning
Mapped onto distributed RAM because of timing constraints  
The instance icache/way0/lines_reg_0_127_50_50 is implemented as distributed LUT RAM for the following reason: The timing constraints suggest that the chosen mapping will yield a better timing.
Related violations: <none>

SYNTH-5#559 Warning
Mapped onto distributed RAM because of timing constraints  
The instance icache/way0/lines_reg_0_127_51_51 is implemented as distributed LUT RAM for the following reason: The timing constraints suggest that the chosen mapping will yield a better timing.
Related violations: <none>

SYNTH-5#560 Warning
Mapped onto distributed RAM because of timing constraints  
The instance icache/way0/lines_reg_0_127_52_52 is implemented as distributed LUT RAM for the following reason: The timing constraints suggest that the chosen mapping will yield a better timing.
Related violations: <none>

SYNTH-5#561 Warning
Mapped onto distributed RAM because of timing constraints  
The instance icache/way0/lines_reg_0_127_53_53 is implemented as distributed LUT RAM for the following reason: The timing constraints suggest that the chosen mapping will yield a better timing.
Related violations: <none>

SYNTH-5#562 Warning
Mapped onto distributed RAM because of timing constraints  
The instance icache/way0/lines_reg_0_127_54_54 is implemented as distributed LUT RAM for the following reason: The timing constraints suggest that the chosen mapping will yield a better timing.
Related violations: <none>

SYNTH-5#563 Warning
Mapped onto distributed RAM because of timing constraints  
The instance icache/way0/lines_reg_0_127_55_55 is implemented as distributed LUT RAM for the following reason: The timing constraints suggest that the chosen mapping will yield a better timing.
Related violations: <none>

SYNTH-5#564 Warning
Mapped onto distributed RAM because of timing constraints  
The instance icache/way0/lines_reg_0_127_56_56 is implemented as distributed LUT RAM for the following reason: The timing constraints suggest that the chosen mapping will yield a better timing.
Related violations: <none>

SYNTH-5#565 Warning
Mapped onto distributed RAM because of timing constraints  
The instance icache/way0/lines_reg_0_127_57_57 is implemented as distributed LUT RAM for the following reason: The timing constraints suggest that the chosen mapping will yield a better timing.
Related violations: <none>

SYNTH-5#566 Warning
Mapped onto distributed RAM because of timing constraints  
The instance icache/way0/lines_reg_0_127_58_58 is implemented as distributed LUT RAM for the following reason: The timing constraints suggest that the chosen mapping will yield a better timing.
Related violations: <none>

SYNTH-5#567 Warning
Mapped onto distributed RAM because of timing constraints  
The instance icache/way0/lines_reg_0_127_59_59 is implemented as distributed LUT RAM for the following reason: The timing constraints suggest that the chosen mapping will yield a better timing.
Related violations: <none>

SYNTH-5#568 Warning
Mapped onto distributed RAM because of timing constraints  
The instance icache/way0/lines_reg_0_127_5_5 is implemented as distributed LUT RAM for the following reason: The timing constraints suggest that the chosen mapping will yield a better timing.
Related violations: <none>

SYNTH-5#569 Warning
Mapped onto distributed RAM because of timing constraints  
The instance icache/way0/lines_reg_0_127_60_60 is implemented as distributed LUT RAM for the following reason: The timing constraints suggest that the chosen mapping will yield a better timing.
Related violations: <none>

SYNTH-5#570 Warning
Mapped onto distributed RAM because of timing constraints  
The instance icache/way0/lines_reg_0_127_61_61 is implemented as distributed LUT RAM for the following reason: The timing constraints suggest that the chosen mapping will yield a better timing.
Related violations: <none>

SYNTH-5#571 Warning
Mapped onto distributed RAM because of timing constraints  
The instance icache/way0/lines_reg_0_127_62_62 is implemented as distributed LUT RAM for the following reason: The timing constraints suggest that the chosen mapping will yield a better timing.
Related violations: <none>

SYNTH-5#572 Warning
Mapped onto distributed RAM because of timing constraints  
The instance icache/way0/lines_reg_0_127_63_63 is implemented as distributed LUT RAM for the following reason: The timing constraints suggest that the chosen mapping will yield a better timing.
Related violations: <none>

SYNTH-5#573 Warning
Mapped onto distributed RAM because of timing constraints  
The instance icache/way0/lines_reg_0_127_6_6 is implemented as distributed LUT RAM for the following reason: The timing constraints suggest that the chosen mapping will yield a better timing.
Related violations: <none>

SYNTH-5#574 Warning
Mapped onto distributed RAM because of timing constraints  
The instance icache/way0/lines_reg_0_127_7_7 is implemented as distributed LUT RAM for the following reason: The timing constraints suggest that the chosen mapping will yield a better timing.
Related violations: <none>

SYNTH-5#575 Warning
Mapped onto distributed RAM because of timing constraints  
The instance icache/way0/lines_reg_0_127_8_8 is implemented as distributed LUT RAM for the following reason: The timing constraints suggest that the chosen mapping will yield a better timing.
Related violations: <none>

SYNTH-5#576 Warning
Mapped onto distributed RAM because of timing constraints  
The instance icache/way0/lines_reg_0_127_9_9 is implemented as distributed LUT RAM for the following reason: The timing constraints suggest that the chosen mapping will yield a better timing.
Related violations: <none>

SYNTH-5#577 Warning
Mapped onto distributed RAM because of timing constraints  
The instance icache/way0/lines_reg_128_255_0_0 is implemented as distributed LUT RAM for the following reason: The timing constraints suggest that the chosen mapping will yield a better timing.
Related violations: <none>

SYNTH-5#578 Warning
Mapped onto distributed RAM because of timing constraints  
The instance icache/way0/lines_reg_128_255_10_10 is implemented as distributed LUT RAM for the following reason: The timing constraints suggest that the chosen mapping will yield a better timing.
Related violations: <none>

SYNTH-5#579 Warning
Mapped onto distributed RAM because of timing constraints  
The instance icache/way0/lines_reg_128_255_11_11 is implemented as distributed LUT RAM for the following reason: The timing constraints suggest that the chosen mapping will yield a better timing.
Related violations: <none>

SYNTH-5#580 Warning
Mapped onto distributed RAM because of timing constraints  
The instance icache/way0/lines_reg_128_255_12_12 is implemented as distributed LUT RAM for the following reason: The timing constraints suggest that the chosen mapping will yield a better timing.
Related violations: <none>

SYNTH-5#581 Warning
Mapped onto distributed RAM because of timing constraints  
The instance icache/way0/lines_reg_128_255_13_13 is implemented as distributed LUT RAM for the following reason: The timing constraints suggest that the chosen mapping will yield a better timing.
Related violations: <none>

SYNTH-5#582 Warning
Mapped onto distributed RAM because of timing constraints  
The instance icache/way0/lines_reg_128_255_14_14 is implemented as distributed LUT RAM for the following reason: The timing constraints suggest that the chosen mapping will yield a better timing.
Related violations: <none>

SYNTH-5#583 Warning
Mapped onto distributed RAM because of timing constraints  
The instance icache/way0/lines_reg_128_255_15_15 is implemented as distributed LUT RAM for the following reason: The timing constraints suggest that the chosen mapping will yield a better timing.
Related violations: <none>

SYNTH-5#584 Warning
Mapped onto distributed RAM because of timing constraints  
The instance icache/way0/lines_reg_128_255_16_16 is implemented as distributed LUT RAM for the following reason: The timing constraints suggest that the chosen mapping will yield a better timing.
Related violations: <none>

SYNTH-5#585 Warning
Mapped onto distributed RAM because of timing constraints  
The instance icache/way0/lines_reg_128_255_17_17 is implemented as distributed LUT RAM for the following reason: The timing constraints suggest that the chosen mapping will yield a better timing.
Related violations: <none>

SYNTH-5#586 Warning
Mapped onto distributed RAM because of timing constraints  
The instance icache/way0/lines_reg_128_255_18_18 is implemented as distributed LUT RAM for the following reason: The timing constraints suggest that the chosen mapping will yield a better timing.
Related violations: <none>

SYNTH-5#587 Warning
Mapped onto distributed RAM because of timing constraints  
The instance icache/way0/lines_reg_128_255_19_19 is implemented as distributed LUT RAM for the following reason: The timing constraints suggest that the chosen mapping will yield a better timing.
Related violations: <none>

SYNTH-5#588 Warning
Mapped onto distributed RAM because of timing constraints  
The instance icache/way0/lines_reg_128_255_1_1 is implemented as distributed LUT RAM for the following reason: The timing constraints suggest that the chosen mapping will yield a better timing.
Related violations: <none>

SYNTH-5#589 Warning
Mapped onto distributed RAM because of timing constraints  
The instance icache/way0/lines_reg_128_255_20_20 is implemented as distributed LUT RAM for the following reason: The timing constraints suggest that the chosen mapping will yield a better timing.
Related violations: <none>

SYNTH-5#590 Warning
Mapped onto distributed RAM because of timing constraints  
The instance icache/way0/lines_reg_128_255_21_21 is implemented as distributed LUT RAM for the following reason: The timing constraints suggest that the chosen mapping will yield a better timing.
Related violations: <none>

SYNTH-5#591 Warning
Mapped onto distributed RAM because of timing constraints  
The instance icache/way0/lines_reg_128_255_22_22 is implemented as distributed LUT RAM for the following reason: The timing constraints suggest that the chosen mapping will yield a better timing.
Related violations: <none>

SYNTH-5#592 Warning
Mapped onto distributed RAM because of timing constraints  
The instance icache/way0/lines_reg_128_255_23_23 is implemented as distributed LUT RAM for the following reason: The timing constraints suggest that the chosen mapping will yield a better timing.
Related violations: <none>

SYNTH-5#593 Warning
Mapped onto distributed RAM because of timing constraints  
The instance icache/way0/lines_reg_128_255_24_24 is implemented as distributed LUT RAM for the following reason: The timing constraints suggest that the chosen mapping will yield a better timing.
Related violations: <none>

SYNTH-5#594 Warning
Mapped onto distributed RAM because of timing constraints  
The instance icache/way0/lines_reg_128_255_25_25 is implemented as distributed LUT RAM for the following reason: The timing constraints suggest that the chosen mapping will yield a better timing.
Related violations: <none>

SYNTH-5#595 Warning
Mapped onto distributed RAM because of timing constraints  
The instance icache/way0/lines_reg_128_255_26_26 is implemented as distributed LUT RAM for the following reason: The timing constraints suggest that the chosen mapping will yield a better timing.
Related violations: <none>

SYNTH-5#596 Warning
Mapped onto distributed RAM because of timing constraints  
The instance icache/way0/lines_reg_128_255_27_27 is implemented as distributed LUT RAM for the following reason: The timing constraints suggest that the chosen mapping will yield a better timing.
Related violations: <none>

SYNTH-5#597 Warning
Mapped onto distributed RAM because of timing constraints  
The instance icache/way0/lines_reg_128_255_28_28 is implemented as distributed LUT RAM for the following reason: The timing constraints suggest that the chosen mapping will yield a better timing.
Related violations: <none>

SYNTH-5#598 Warning
Mapped onto distributed RAM because of timing constraints  
The instance icache/way0/lines_reg_128_255_29_29 is implemented as distributed LUT RAM for the following reason: The timing constraints suggest that the chosen mapping will yield a better timing.
Related violations: <none>

SYNTH-5#599 Warning
Mapped onto distributed RAM because of timing constraints  
The instance icache/way0/lines_reg_128_255_2_2 is implemented as distributed LUT RAM for the following reason: The timing constraints suggest that the chosen mapping will yield a better timing.
Related violations: <none>

SYNTH-5#600 Warning
Mapped onto distributed RAM because of timing constraints  
The instance icache/way0/lines_reg_128_255_30_30 is implemented as distributed LUT RAM for the following reason: The timing constraints suggest that the chosen mapping will yield a better timing.
Related violations: <none>

SYNTH-5#601 Warning
Mapped onto distributed RAM because of timing constraints  
The instance icache/way0/lines_reg_128_255_31_31 is implemented as distributed LUT RAM for the following reason: The timing constraints suggest that the chosen mapping will yield a better timing.
Related violations: <none>

SYNTH-5#602 Warning
Mapped onto distributed RAM because of timing constraints  
The instance icache/way0/lines_reg_128_255_32_32 is implemented as distributed LUT RAM for the following reason: The timing constraints suggest that the chosen mapping will yield a better timing.
Related violations: <none>

SYNTH-5#603 Warning
Mapped onto distributed RAM because of timing constraints  
The instance icache/way0/lines_reg_128_255_33_33 is implemented as distributed LUT RAM for the following reason: The timing constraints suggest that the chosen mapping will yield a better timing.
Related violations: <none>

SYNTH-5#604 Warning
Mapped onto distributed RAM because of timing constraints  
The instance icache/way0/lines_reg_128_255_34_34 is implemented as distributed LUT RAM for the following reason: The timing constraints suggest that the chosen mapping will yield a better timing.
Related violations: <none>

SYNTH-5#605 Warning
Mapped onto distributed RAM because of timing constraints  
The instance icache/way0/lines_reg_128_255_35_35 is implemented as distributed LUT RAM for the following reason: The timing constraints suggest that the chosen mapping will yield a better timing.
Related violations: <none>

SYNTH-5#606 Warning
Mapped onto distributed RAM because of timing constraints  
The instance icache/way0/lines_reg_128_255_36_36 is implemented as distributed LUT RAM for the following reason: The timing constraints suggest that the chosen mapping will yield a better timing.
Related violations: <none>

SYNTH-5#607 Warning
Mapped onto distributed RAM because of timing constraints  
The instance icache/way0/lines_reg_128_255_37_37 is implemented as distributed LUT RAM for the following reason: The timing constraints suggest that the chosen mapping will yield a better timing.
Related violations: <none>

SYNTH-5#608 Warning
Mapped onto distributed RAM because of timing constraints  
The instance icache/way0/lines_reg_128_255_38_38 is implemented as distributed LUT RAM for the following reason: The timing constraints suggest that the chosen mapping will yield a better timing.
Related violations: <none>

SYNTH-5#609 Warning
Mapped onto distributed RAM because of timing constraints  
The instance icache/way0/lines_reg_128_255_39_39 is implemented as distributed LUT RAM for the following reason: The timing constraints suggest that the chosen mapping will yield a better timing.
Related violations: <none>

SYNTH-5#610 Warning
Mapped onto distributed RAM because of timing constraints  
The instance icache/way0/lines_reg_128_255_3_3 is implemented as distributed LUT RAM for the following reason: The timing constraints suggest that the chosen mapping will yield a better timing.
Related violations: <none>

SYNTH-5#611 Warning
Mapped onto distributed RAM because of timing constraints  
The instance icache/way0/lines_reg_128_255_40_40 is implemented as distributed LUT RAM for the following reason: The timing constraints suggest that the chosen mapping will yield a better timing.
Related violations: <none>

SYNTH-5#612 Warning
Mapped onto distributed RAM because of timing constraints  
The instance icache/way0/lines_reg_128_255_41_41 is implemented as distributed LUT RAM for the following reason: The timing constraints suggest that the chosen mapping will yield a better timing.
Related violations: <none>

SYNTH-5#613 Warning
Mapped onto distributed RAM because of timing constraints  
The instance icache/way0/lines_reg_128_255_42_42 is implemented as distributed LUT RAM for the following reason: The timing constraints suggest that the chosen mapping will yield a better timing.
Related violations: <none>

SYNTH-5#614 Warning
Mapped onto distributed RAM because of timing constraints  
The instance icache/way0/lines_reg_128_255_43_43 is implemented as distributed LUT RAM for the following reason: The timing constraints suggest that the chosen mapping will yield a better timing.
Related violations: <none>

SYNTH-5#615 Warning
Mapped onto distributed RAM because of timing constraints  
The instance icache/way0/lines_reg_128_255_44_44 is implemented as distributed LUT RAM for the following reason: The timing constraints suggest that the chosen mapping will yield a better timing.
Related violations: <none>

SYNTH-5#616 Warning
Mapped onto distributed RAM because of timing constraints  
The instance icache/way0/lines_reg_128_255_45_45 is implemented as distributed LUT RAM for the following reason: The timing constraints suggest that the chosen mapping will yield a better timing.
Related violations: <none>

SYNTH-5#617 Warning
Mapped onto distributed RAM because of timing constraints  
The instance icache/way0/lines_reg_128_255_46_46 is implemented as distributed LUT RAM for the following reason: The timing constraints suggest that the chosen mapping will yield a better timing.
Related violations: <none>

SYNTH-5#618 Warning
Mapped onto distributed RAM because of timing constraints  
The instance icache/way0/lines_reg_128_255_47_47 is implemented as distributed LUT RAM for the following reason: The timing constraints suggest that the chosen mapping will yield a better timing.
Related violations: <none>

SYNTH-5#619 Warning
Mapped onto distributed RAM because of timing constraints  
The instance icache/way0/lines_reg_128_255_48_48 is implemented as distributed LUT RAM for the following reason: The timing constraints suggest that the chosen mapping will yield a better timing.
Related violations: <none>

SYNTH-5#620 Warning
Mapped onto distributed RAM because of timing constraints  
The instance icache/way0/lines_reg_128_255_49_49 is implemented as distributed LUT RAM for the following reason: The timing constraints suggest that the chosen mapping will yield a better timing.
Related violations: <none>

SYNTH-5#621 Warning
Mapped onto distributed RAM because of timing constraints  
The instance icache/way0/lines_reg_128_255_4_4 is implemented as distributed LUT RAM for the following reason: The timing constraints suggest that the chosen mapping will yield a better timing.
Related violations: <none>

SYNTH-5#622 Warning
Mapped onto distributed RAM because of timing constraints  
The instance icache/way0/lines_reg_128_255_50_50 is implemented as distributed LUT RAM for the following reason: The timing constraints suggest that the chosen mapping will yield a better timing.
Related violations: <none>

SYNTH-5#623 Warning
Mapped onto distributed RAM because of timing constraints  
The instance icache/way0/lines_reg_128_255_51_51 is implemented as distributed LUT RAM for the following reason: The timing constraints suggest that the chosen mapping will yield a better timing.
Related violations: <none>

SYNTH-5#624 Warning
Mapped onto distributed RAM because of timing constraints  
The instance icache/way0/lines_reg_128_255_52_52 is implemented as distributed LUT RAM for the following reason: The timing constraints suggest that the chosen mapping will yield a better timing.
Related violations: <none>

SYNTH-5#625 Warning
Mapped onto distributed RAM because of timing constraints  
The instance icache/way0/lines_reg_128_255_53_53 is implemented as distributed LUT RAM for the following reason: The timing constraints suggest that the chosen mapping will yield a better timing.
Related violations: <none>

SYNTH-5#626 Warning
Mapped onto distributed RAM because of timing constraints  
The instance icache/way0/lines_reg_128_255_54_54 is implemented as distributed LUT RAM for the following reason: The timing constraints suggest that the chosen mapping will yield a better timing.
Related violations: <none>

SYNTH-5#627 Warning
Mapped onto distributed RAM because of timing constraints  
The instance icache/way0/lines_reg_128_255_55_55 is implemented as distributed LUT RAM for the following reason: The timing constraints suggest that the chosen mapping will yield a better timing.
Related violations: <none>

SYNTH-5#628 Warning
Mapped onto distributed RAM because of timing constraints  
The instance icache/way0/lines_reg_128_255_56_56 is implemented as distributed LUT RAM for the following reason: The timing constraints suggest that the chosen mapping will yield a better timing.
Related violations: <none>

SYNTH-5#629 Warning
Mapped onto distributed RAM because of timing constraints  
The instance icache/way0/lines_reg_128_255_57_57 is implemented as distributed LUT RAM for the following reason: The timing constraints suggest that the chosen mapping will yield a better timing.
Related violations: <none>

SYNTH-5#630 Warning
Mapped onto distributed RAM because of timing constraints  
The instance icache/way0/lines_reg_128_255_58_58 is implemented as distributed LUT RAM for the following reason: The timing constraints suggest that the chosen mapping will yield a better timing.
Related violations: <none>

SYNTH-5#631 Warning
Mapped onto distributed RAM because of timing constraints  
The instance icache/way0/lines_reg_128_255_59_59 is implemented as distributed LUT RAM for the following reason: The timing constraints suggest that the chosen mapping will yield a better timing.
Related violations: <none>

SYNTH-5#632 Warning
Mapped onto distributed RAM because of timing constraints  
The instance icache/way0/lines_reg_128_255_5_5 is implemented as distributed LUT RAM for the following reason: The timing constraints suggest that the chosen mapping will yield a better timing.
Related violations: <none>

SYNTH-5#633 Warning
Mapped onto distributed RAM because of timing constraints  
The instance icache/way0/lines_reg_128_255_60_60 is implemented as distributed LUT RAM for the following reason: The timing constraints suggest that the chosen mapping will yield a better timing.
Related violations: <none>

SYNTH-5#634 Warning
Mapped onto distributed RAM because of timing constraints  
The instance icache/way0/lines_reg_128_255_61_61 is implemented as distributed LUT RAM for the following reason: The timing constraints suggest that the chosen mapping will yield a better timing.
Related violations: <none>

SYNTH-5#635 Warning
Mapped onto distributed RAM because of timing constraints  
The instance icache/way0/lines_reg_128_255_62_62 is implemented as distributed LUT RAM for the following reason: The timing constraints suggest that the chosen mapping will yield a better timing.
Related violations: <none>

SYNTH-5#636 Warning
Mapped onto distributed RAM because of timing constraints  
The instance icache/way0/lines_reg_128_255_63_63 is implemented as distributed LUT RAM for the following reason: The timing constraints suggest that the chosen mapping will yield a better timing.
Related violations: <none>

SYNTH-5#637 Warning
Mapped onto distributed RAM because of timing constraints  
The instance icache/way0/lines_reg_128_255_6_6 is implemented as distributed LUT RAM for the following reason: The timing constraints suggest that the chosen mapping will yield a better timing.
Related violations: <none>

SYNTH-5#638 Warning
Mapped onto distributed RAM because of timing constraints  
The instance icache/way0/lines_reg_128_255_7_7 is implemented as distributed LUT RAM for the following reason: The timing constraints suggest that the chosen mapping will yield a better timing.
Related violations: <none>

SYNTH-5#639 Warning
Mapped onto distributed RAM because of timing constraints  
The instance icache/way0/lines_reg_128_255_8_8 is implemented as distributed LUT RAM for the following reason: The timing constraints suggest that the chosen mapping will yield a better timing.
Related violations: <none>

SYNTH-5#640 Warning
Mapped onto distributed RAM because of timing constraints  
The instance icache/way0/lines_reg_128_255_9_9 is implemented as distributed LUT RAM for the following reason: The timing constraints suggest that the chosen mapping will yield a better timing.
Related violations: <none>

SYNTH-5#641 Warning
Mapped onto distributed RAM because of timing constraints  
The instance icache/way0/lines_reg_256_383_0_0 is implemented as distributed LUT RAM for the following reason: The timing constraints suggest that the chosen mapping will yield a better timing.
Related violations: <none>

SYNTH-5#642 Warning
Mapped onto distributed RAM because of timing constraints  
The instance icache/way0/lines_reg_256_383_10_10 is implemented as distributed LUT RAM for the following reason: The timing constraints suggest that the chosen mapping will yield a better timing.
Related violations: <none>

SYNTH-5#643 Warning
Mapped onto distributed RAM because of timing constraints  
The instance icache/way0/lines_reg_256_383_11_11 is implemented as distributed LUT RAM for the following reason: The timing constraints suggest that the chosen mapping will yield a better timing.
Related violations: <none>

SYNTH-5#644 Warning
Mapped onto distributed RAM because of timing constraints  
The instance icache/way0/lines_reg_256_383_12_12 is implemented as distributed LUT RAM for the following reason: The timing constraints suggest that the chosen mapping will yield a better timing.
Related violations: <none>

SYNTH-5#645 Warning
Mapped onto distributed RAM because of timing constraints  
The instance icache/way0/lines_reg_256_383_13_13 is implemented as distributed LUT RAM for the following reason: The timing constraints suggest that the chosen mapping will yield a better timing.
Related violations: <none>

SYNTH-5#646 Warning
Mapped onto distributed RAM because of timing constraints  
The instance icache/way0/lines_reg_256_383_14_14 is implemented as distributed LUT RAM for the following reason: The timing constraints suggest that the chosen mapping will yield a better timing.
Related violations: <none>

SYNTH-5#647 Warning
Mapped onto distributed RAM because of timing constraints  
The instance icache/way0/lines_reg_256_383_15_15 is implemented as distributed LUT RAM for the following reason: The timing constraints suggest that the chosen mapping will yield a better timing.
Related violations: <none>

SYNTH-5#648 Warning
Mapped onto distributed RAM because of timing constraints  
The instance icache/way0/lines_reg_256_383_16_16 is implemented as distributed LUT RAM for the following reason: The timing constraints suggest that the chosen mapping will yield a better timing.
Related violations: <none>

SYNTH-5#649 Warning
Mapped onto distributed RAM because of timing constraints  
The instance icache/way0/lines_reg_256_383_17_17 is implemented as distributed LUT RAM for the following reason: The timing constraints suggest that the chosen mapping will yield a better timing.
Related violations: <none>

SYNTH-5#650 Warning
Mapped onto distributed RAM because of timing constraints  
The instance icache/way0/lines_reg_256_383_18_18 is implemented as distributed LUT RAM for the following reason: The timing constraints suggest that the chosen mapping will yield a better timing.
Related violations: <none>

SYNTH-5#651 Warning
Mapped onto distributed RAM because of timing constraints  
The instance icache/way0/lines_reg_256_383_19_19 is implemented as distributed LUT RAM for the following reason: The timing constraints suggest that the chosen mapping will yield a better timing.
Related violations: <none>

SYNTH-5#652 Warning
Mapped onto distributed RAM because of timing constraints  
The instance icache/way0/lines_reg_256_383_1_1 is implemented as distributed LUT RAM for the following reason: The timing constraints suggest that the chosen mapping will yield a better timing.
Related violations: <none>

SYNTH-5#653 Warning
Mapped onto distributed RAM because of timing constraints  
The instance icache/way0/lines_reg_256_383_20_20 is implemented as distributed LUT RAM for the following reason: The timing constraints suggest that the chosen mapping will yield a better timing.
Related violations: <none>

SYNTH-5#654 Warning
Mapped onto distributed RAM because of timing constraints  
The instance icache/way0/lines_reg_256_383_21_21 is implemented as distributed LUT RAM for the following reason: The timing constraints suggest that the chosen mapping will yield a better timing.
Related violations: <none>

SYNTH-5#655 Warning
Mapped onto distributed RAM because of timing constraints  
The instance icache/way0/lines_reg_256_383_22_22 is implemented as distributed LUT RAM for the following reason: The timing constraints suggest that the chosen mapping will yield a better timing.
Related violations: <none>

SYNTH-5#656 Warning
Mapped onto distributed RAM because of timing constraints  
The instance icache/way0/lines_reg_256_383_23_23 is implemented as distributed LUT RAM for the following reason: The timing constraints suggest that the chosen mapping will yield a better timing.
Related violations: <none>

SYNTH-5#657 Warning
Mapped onto distributed RAM because of timing constraints  
The instance icache/way0/lines_reg_256_383_24_24 is implemented as distributed LUT RAM for the following reason: The timing constraints suggest that the chosen mapping will yield a better timing.
Related violations: <none>

SYNTH-5#658 Warning
Mapped onto distributed RAM because of timing constraints  
The instance icache/way0/lines_reg_256_383_25_25 is implemented as distributed LUT RAM for the following reason: The timing constraints suggest that the chosen mapping will yield a better timing.
Related violations: <none>

SYNTH-5#659 Warning
Mapped onto distributed RAM because of timing constraints  
The instance icache/way0/lines_reg_256_383_26_26 is implemented as distributed LUT RAM for the following reason: The timing constraints suggest that the chosen mapping will yield a better timing.
Related violations: <none>

SYNTH-5#660 Warning
Mapped onto distributed RAM because of timing constraints  
The instance icache/way0/lines_reg_256_383_27_27 is implemented as distributed LUT RAM for the following reason: The timing constraints suggest that the chosen mapping will yield a better timing.
Related violations: <none>

SYNTH-5#661 Warning
Mapped onto distributed RAM because of timing constraints  
The instance icache/way0/lines_reg_256_383_28_28 is implemented as distributed LUT RAM for the following reason: The timing constraints suggest that the chosen mapping will yield a better timing.
Related violations: <none>

SYNTH-5#662 Warning
Mapped onto distributed RAM because of timing constraints  
The instance icache/way0/lines_reg_256_383_29_29 is implemented as distributed LUT RAM for the following reason: The timing constraints suggest that the chosen mapping will yield a better timing.
Related violations: <none>

SYNTH-5#663 Warning
Mapped onto distributed RAM because of timing constraints  
The instance icache/way0/lines_reg_256_383_2_2 is implemented as distributed LUT RAM for the following reason: The timing constraints suggest that the chosen mapping will yield a better timing.
Related violations: <none>

SYNTH-5#664 Warning
Mapped onto distributed RAM because of timing constraints  
The instance icache/way0/lines_reg_256_383_30_30 is implemented as distributed LUT RAM for the following reason: The timing constraints suggest that the chosen mapping will yield a better timing.
Related violations: <none>

SYNTH-5#665 Warning
Mapped onto distributed RAM because of timing constraints  
The instance icache/way0/lines_reg_256_383_31_31 is implemented as distributed LUT RAM for the following reason: The timing constraints suggest that the chosen mapping will yield a better timing.
Related violations: <none>

SYNTH-5#666 Warning
Mapped onto distributed RAM because of timing constraints  
The instance icache/way0/lines_reg_256_383_32_32 is implemented as distributed LUT RAM for the following reason: The timing constraints suggest that the chosen mapping will yield a better timing.
Related violations: <none>

SYNTH-5#667 Warning
Mapped onto distributed RAM because of timing constraints  
The instance icache/way0/lines_reg_256_383_33_33 is implemented as distributed LUT RAM for the following reason: The timing constraints suggest that the chosen mapping will yield a better timing.
Related violations: <none>

SYNTH-5#668 Warning
Mapped onto distributed RAM because of timing constraints  
The instance icache/way0/lines_reg_256_383_34_34 is implemented as distributed LUT RAM for the following reason: The timing constraints suggest that the chosen mapping will yield a better timing.
Related violations: <none>

SYNTH-5#669 Warning
Mapped onto distributed RAM because of timing constraints  
The instance icache/way0/lines_reg_256_383_35_35 is implemented as distributed LUT RAM for the following reason: The timing constraints suggest that the chosen mapping will yield a better timing.
Related violations: <none>

SYNTH-5#670 Warning
Mapped onto distributed RAM because of timing constraints  
The instance icache/way0/lines_reg_256_383_36_36 is implemented as distributed LUT RAM for the following reason: The timing constraints suggest that the chosen mapping will yield a better timing.
Related violations: <none>

SYNTH-5#671 Warning
Mapped onto distributed RAM because of timing constraints  
The instance icache/way0/lines_reg_256_383_37_37 is implemented as distributed LUT RAM for the following reason: The timing constraints suggest that the chosen mapping will yield a better timing.
Related violations: <none>

SYNTH-5#672 Warning
Mapped onto distributed RAM because of timing constraints  
The instance icache/way0/lines_reg_256_383_38_38 is implemented as distributed LUT RAM for the following reason: The timing constraints suggest that the chosen mapping will yield a better timing.
Related violations: <none>

SYNTH-5#673 Warning
Mapped onto distributed RAM because of timing constraints  
The instance icache/way0/lines_reg_256_383_39_39 is implemented as distributed LUT RAM for the following reason: The timing constraints suggest that the chosen mapping will yield a better timing.
Related violations: <none>

SYNTH-5#674 Warning
Mapped onto distributed RAM because of timing constraints  
The instance icache/way0/lines_reg_256_383_3_3 is implemented as distributed LUT RAM for the following reason: The timing constraints suggest that the chosen mapping will yield a better timing.
Related violations: <none>

SYNTH-5#675 Warning
Mapped onto distributed RAM because of timing constraints  
The instance icache/way0/lines_reg_256_383_40_40 is implemented as distributed LUT RAM for the following reason: The timing constraints suggest that the chosen mapping will yield a better timing.
Related violations: <none>

SYNTH-5#676 Warning
Mapped onto distributed RAM because of timing constraints  
The instance icache/way0/lines_reg_256_383_41_41 is implemented as distributed LUT RAM for the following reason: The timing constraints suggest that the chosen mapping will yield a better timing.
Related violations: <none>

SYNTH-5#677 Warning
Mapped onto distributed RAM because of timing constraints  
The instance icache/way0/lines_reg_256_383_42_42 is implemented as distributed LUT RAM for the following reason: The timing constraints suggest that the chosen mapping will yield a better timing.
Related violations: <none>

SYNTH-5#678 Warning
Mapped onto distributed RAM because of timing constraints  
The instance icache/way0/lines_reg_256_383_43_43 is implemented as distributed LUT RAM for the following reason: The timing constraints suggest that the chosen mapping will yield a better timing.
Related violations: <none>

SYNTH-5#679 Warning
Mapped onto distributed RAM because of timing constraints  
The instance icache/way0/lines_reg_256_383_44_44 is implemented as distributed LUT RAM for the following reason: The timing constraints suggest that the chosen mapping will yield a better timing.
Related violations: <none>

SYNTH-5#680 Warning
Mapped onto distributed RAM because of timing constraints  
The instance icache/way0/lines_reg_256_383_45_45 is implemented as distributed LUT RAM for the following reason: The timing constraints suggest that the chosen mapping will yield a better timing.
Related violations: <none>

SYNTH-5#681 Warning
Mapped onto distributed RAM because of timing constraints  
The instance icache/way0/lines_reg_256_383_46_46 is implemented as distributed LUT RAM for the following reason: The timing constraints suggest that the chosen mapping will yield a better timing.
Related violations: <none>

SYNTH-5#682 Warning
Mapped onto distributed RAM because of timing constraints  
The instance icache/way0/lines_reg_256_383_47_47 is implemented as distributed LUT RAM for the following reason: The timing constraints suggest that the chosen mapping will yield a better timing.
Related violations: <none>

SYNTH-5#683 Warning
Mapped onto distributed RAM because of timing constraints  
The instance icache/way0/lines_reg_256_383_48_48 is implemented as distributed LUT RAM for the following reason: The timing constraints suggest that the chosen mapping will yield a better timing.
Related violations: <none>

SYNTH-5#684 Warning
Mapped onto distributed RAM because of timing constraints  
The instance icache/way0/lines_reg_256_383_49_49 is implemented as distributed LUT RAM for the following reason: The timing constraints suggest that the chosen mapping will yield a better timing.
Related violations: <none>

SYNTH-5#685 Warning
Mapped onto distributed RAM because of timing constraints  
The instance icache/way0/lines_reg_256_383_4_4 is implemented as distributed LUT RAM for the following reason: The timing constraints suggest that the chosen mapping will yield a better timing.
Related violations: <none>

SYNTH-5#686 Warning
Mapped onto distributed RAM because of timing constraints  
The instance icache/way0/lines_reg_256_383_50_50 is implemented as distributed LUT RAM for the following reason: The timing constraints suggest that the chosen mapping will yield a better timing.
Related violations: <none>

SYNTH-5#687 Warning
Mapped onto distributed RAM because of timing constraints  
The instance icache/way0/lines_reg_256_383_51_51 is implemented as distributed LUT RAM for the following reason: The timing constraints suggest that the chosen mapping will yield a better timing.
Related violations: <none>

SYNTH-5#688 Warning
Mapped onto distributed RAM because of timing constraints  
The instance icache/way0/lines_reg_256_383_52_52 is implemented as distributed LUT RAM for the following reason: The timing constraints suggest that the chosen mapping will yield a better timing.
Related violations: <none>

SYNTH-5#689 Warning
Mapped onto distributed RAM because of timing constraints  
The instance icache/way0/lines_reg_256_383_53_53 is implemented as distributed LUT RAM for the following reason: The timing constraints suggest that the chosen mapping will yield a better timing.
Related violations: <none>

SYNTH-5#690 Warning
Mapped onto distributed RAM because of timing constraints  
The instance icache/way0/lines_reg_256_383_54_54 is implemented as distributed LUT RAM for the following reason: The timing constraints suggest that the chosen mapping will yield a better timing.
Related violations: <none>

SYNTH-5#691 Warning
Mapped onto distributed RAM because of timing constraints  
The instance icache/way0/lines_reg_256_383_55_55 is implemented as distributed LUT RAM for the following reason: The timing constraints suggest that the chosen mapping will yield a better timing.
Related violations: <none>

SYNTH-5#692 Warning
Mapped onto distributed RAM because of timing constraints  
The instance icache/way0/lines_reg_256_383_56_56 is implemented as distributed LUT RAM for the following reason: The timing constraints suggest that the chosen mapping will yield a better timing.
Related violations: <none>

SYNTH-5#693 Warning
Mapped onto distributed RAM because of timing constraints  
The instance icache/way0/lines_reg_256_383_57_57 is implemented as distributed LUT RAM for the following reason: The timing constraints suggest that the chosen mapping will yield a better timing.
Related violations: <none>

SYNTH-5#694 Warning
Mapped onto distributed RAM because of timing constraints  
The instance icache/way0/lines_reg_256_383_58_58 is implemented as distributed LUT RAM for the following reason: The timing constraints suggest that the chosen mapping will yield a better timing.
Related violations: <none>

SYNTH-5#695 Warning
Mapped onto distributed RAM because of timing constraints  
The instance icache/way0/lines_reg_256_383_59_59 is implemented as distributed LUT RAM for the following reason: The timing constraints suggest that the chosen mapping will yield a better timing.
Related violations: <none>

SYNTH-5#696 Warning
Mapped onto distributed RAM because of timing constraints  
The instance icache/way0/lines_reg_256_383_5_5 is implemented as distributed LUT RAM for the following reason: The timing constraints suggest that the chosen mapping will yield a better timing.
Related violations: <none>

SYNTH-5#697 Warning
Mapped onto distributed RAM because of timing constraints  
The instance icache/way0/lines_reg_256_383_60_60 is implemented as distributed LUT RAM for the following reason: The timing constraints suggest that the chosen mapping will yield a better timing.
Related violations: <none>

SYNTH-5#698 Warning
Mapped onto distributed RAM because of timing constraints  
The instance icache/way0/lines_reg_256_383_61_61 is implemented as distributed LUT RAM for the following reason: The timing constraints suggest that the chosen mapping will yield a better timing.
Related violations: <none>

SYNTH-5#699 Warning
Mapped onto distributed RAM because of timing constraints  
The instance icache/way0/lines_reg_256_383_62_62 is implemented as distributed LUT RAM for the following reason: The timing constraints suggest that the chosen mapping will yield a better timing.
Related violations: <none>

SYNTH-5#700 Warning
Mapped onto distributed RAM because of timing constraints  
The instance icache/way0/lines_reg_256_383_63_63 is implemented as distributed LUT RAM for the following reason: The timing constraints suggest that the chosen mapping will yield a better timing.
Related violations: <none>

SYNTH-5#701 Warning
Mapped onto distributed RAM because of timing constraints  
The instance icache/way0/lines_reg_256_383_6_6 is implemented as distributed LUT RAM for the following reason: The timing constraints suggest that the chosen mapping will yield a better timing.
Related violations: <none>

SYNTH-5#702 Warning
Mapped onto distributed RAM because of timing constraints  
The instance icache/way0/lines_reg_256_383_7_7 is implemented as distributed LUT RAM for the following reason: The timing constraints suggest that the chosen mapping will yield a better timing.
Related violations: <none>

SYNTH-5#703 Warning
Mapped onto distributed RAM because of timing constraints  
The instance icache/way0/lines_reg_256_383_8_8 is implemented as distributed LUT RAM for the following reason: The timing constraints suggest that the chosen mapping will yield a better timing.
Related violations: <none>

SYNTH-5#704 Warning
Mapped onto distributed RAM because of timing constraints  
The instance icache/way0/lines_reg_256_383_9_9 is implemented as distributed LUT RAM for the following reason: The timing constraints suggest that the chosen mapping will yield a better timing.
Related violations: <none>

SYNTH-5#705 Warning
Mapped onto distributed RAM because of timing constraints  
The instance icache/way0/lines_reg_384_511_0_0 is implemented as distributed LUT RAM for the following reason: The timing constraints suggest that the chosen mapping will yield a better timing.
Related violations: <none>

SYNTH-5#706 Warning
Mapped onto distributed RAM because of timing constraints  
The instance icache/way0/lines_reg_384_511_10_10 is implemented as distributed LUT RAM for the following reason: The timing constraints suggest that the chosen mapping will yield a better timing.
Related violations: <none>

SYNTH-5#707 Warning
Mapped onto distributed RAM because of timing constraints  
The instance icache/way0/lines_reg_384_511_11_11 is implemented as distributed LUT RAM for the following reason: The timing constraints suggest that the chosen mapping will yield a better timing.
Related violations: <none>

SYNTH-5#708 Warning
Mapped onto distributed RAM because of timing constraints  
The instance icache/way0/lines_reg_384_511_12_12 is implemented as distributed LUT RAM for the following reason: The timing constraints suggest that the chosen mapping will yield a better timing.
Related violations: <none>

SYNTH-5#709 Warning
Mapped onto distributed RAM because of timing constraints  
The instance icache/way0/lines_reg_384_511_13_13 is implemented as distributed LUT RAM for the following reason: The timing constraints suggest that the chosen mapping will yield a better timing.
Related violations: <none>

SYNTH-5#710 Warning
Mapped onto distributed RAM because of timing constraints  
The instance icache/way0/lines_reg_384_511_14_14 is implemented as distributed LUT RAM for the following reason: The timing constraints suggest that the chosen mapping will yield a better timing.
Related violations: <none>

SYNTH-5#711 Warning
Mapped onto distributed RAM because of timing constraints  
The instance icache/way0/lines_reg_384_511_15_15 is implemented as distributed LUT RAM for the following reason: The timing constraints suggest that the chosen mapping will yield a better timing.
Related violations: <none>

SYNTH-5#712 Warning
Mapped onto distributed RAM because of timing constraints  
The instance icache/way0/lines_reg_384_511_16_16 is implemented as distributed LUT RAM for the following reason: The timing constraints suggest that the chosen mapping will yield a better timing.
Related violations: <none>

SYNTH-5#713 Warning
Mapped onto distributed RAM because of timing constraints  
The instance icache/way0/lines_reg_384_511_17_17 is implemented as distributed LUT RAM for the following reason: The timing constraints suggest that the chosen mapping will yield a better timing.
Related violations: <none>

SYNTH-5#714 Warning
Mapped onto distributed RAM because of timing constraints  
The instance icache/way0/lines_reg_384_511_18_18 is implemented as distributed LUT RAM for the following reason: The timing constraints suggest that the chosen mapping will yield a better timing.
Related violations: <none>

SYNTH-5#715 Warning
Mapped onto distributed RAM because of timing constraints  
The instance icache/way0/lines_reg_384_511_19_19 is implemented as distributed LUT RAM for the following reason: The timing constraints suggest that the chosen mapping will yield a better timing.
Related violations: <none>

SYNTH-5#716 Warning
Mapped onto distributed RAM because of timing constraints  
The instance icache/way0/lines_reg_384_511_1_1 is implemented as distributed LUT RAM for the following reason: The timing constraints suggest that the chosen mapping will yield a better timing.
Related violations: <none>

SYNTH-5#717 Warning
Mapped onto distributed RAM because of timing constraints  
The instance icache/way0/lines_reg_384_511_20_20 is implemented as distributed LUT RAM for the following reason: The timing constraints suggest that the chosen mapping will yield a better timing.
Related violations: <none>

SYNTH-5#718 Warning
Mapped onto distributed RAM because of timing constraints  
The instance icache/way0/lines_reg_384_511_21_21 is implemented as distributed LUT RAM for the following reason: The timing constraints suggest that the chosen mapping will yield a better timing.
Related violations: <none>

SYNTH-5#719 Warning
Mapped onto distributed RAM because of timing constraints  
The instance icache/way0/lines_reg_384_511_22_22 is implemented as distributed LUT RAM for the following reason: The timing constraints suggest that the chosen mapping will yield a better timing.
Related violations: <none>

SYNTH-5#720 Warning
Mapped onto distributed RAM because of timing constraints  
The instance icache/way0/lines_reg_384_511_23_23 is implemented as distributed LUT RAM for the following reason: The timing constraints suggest that the chosen mapping will yield a better timing.
Related violations: <none>

SYNTH-5#721 Warning
Mapped onto distributed RAM because of timing constraints  
The instance icache/way0/lines_reg_384_511_24_24 is implemented as distributed LUT RAM for the following reason: The timing constraints suggest that the chosen mapping will yield a better timing.
Related violations: <none>

SYNTH-5#722 Warning
Mapped onto distributed RAM because of timing constraints  
The instance icache/way0/lines_reg_384_511_25_25 is implemented as distributed LUT RAM for the following reason: The timing constraints suggest that the chosen mapping will yield a better timing.
Related violations: <none>

SYNTH-5#723 Warning
Mapped onto distributed RAM because of timing constraints  
The instance icache/way0/lines_reg_384_511_26_26 is implemented as distributed LUT RAM for the following reason: The timing constraints suggest that the chosen mapping will yield a better timing.
Related violations: <none>

SYNTH-5#724 Warning
Mapped onto distributed RAM because of timing constraints  
The instance icache/way0/lines_reg_384_511_27_27 is implemented as distributed LUT RAM for the following reason: The timing constraints suggest that the chosen mapping will yield a better timing.
Related violations: <none>

SYNTH-5#725 Warning
Mapped onto distributed RAM because of timing constraints  
The instance icache/way0/lines_reg_384_511_28_28 is implemented as distributed LUT RAM for the following reason: The timing constraints suggest that the chosen mapping will yield a better timing.
Related violations: <none>

SYNTH-5#726 Warning
Mapped onto distributed RAM because of timing constraints  
The instance icache/way0/lines_reg_384_511_29_29 is implemented as distributed LUT RAM for the following reason: The timing constraints suggest that the chosen mapping will yield a better timing.
Related violations: <none>

SYNTH-5#727 Warning
Mapped onto distributed RAM because of timing constraints  
The instance icache/way0/lines_reg_384_511_2_2 is implemented as distributed LUT RAM for the following reason: The timing constraints suggest that the chosen mapping will yield a better timing.
Related violations: <none>

SYNTH-5#728 Warning
Mapped onto distributed RAM because of timing constraints  
The instance icache/way0/lines_reg_384_511_30_30 is implemented as distributed LUT RAM for the following reason: The timing constraints suggest that the chosen mapping will yield a better timing.
Related violations: <none>

SYNTH-5#729 Warning
Mapped onto distributed RAM because of timing constraints  
The instance icache/way0/lines_reg_384_511_31_31 is implemented as distributed LUT RAM for the following reason: The timing constraints suggest that the chosen mapping will yield a better timing.
Related violations: <none>

SYNTH-5#730 Warning
Mapped onto distributed RAM because of timing constraints  
The instance icache/way0/lines_reg_384_511_32_32 is implemented as distributed LUT RAM for the following reason: The timing constraints suggest that the chosen mapping will yield a better timing.
Related violations: <none>

SYNTH-5#731 Warning
Mapped onto distributed RAM because of timing constraints  
The instance icache/way0/lines_reg_384_511_33_33 is implemented as distributed LUT RAM for the following reason: The timing constraints suggest that the chosen mapping will yield a better timing.
Related violations: <none>

SYNTH-5#732 Warning
Mapped onto distributed RAM because of timing constraints  
The instance icache/way0/lines_reg_384_511_34_34 is implemented as distributed LUT RAM for the following reason: The timing constraints suggest that the chosen mapping will yield a better timing.
Related violations: <none>

SYNTH-5#733 Warning
Mapped onto distributed RAM because of timing constraints  
The instance icache/way0/lines_reg_384_511_35_35 is implemented as distributed LUT RAM for the following reason: The timing constraints suggest that the chosen mapping will yield a better timing.
Related violations: <none>

SYNTH-5#734 Warning
Mapped onto distributed RAM because of timing constraints  
The instance icache/way0/lines_reg_384_511_36_36 is implemented as distributed LUT RAM for the following reason: The timing constraints suggest that the chosen mapping will yield a better timing.
Related violations: <none>

SYNTH-5#735 Warning
Mapped onto distributed RAM because of timing constraints  
The instance icache/way0/lines_reg_384_511_37_37 is implemented as distributed LUT RAM for the following reason: The timing constraints suggest that the chosen mapping will yield a better timing.
Related violations: <none>

SYNTH-5#736 Warning
Mapped onto distributed RAM because of timing constraints  
The instance icache/way0/lines_reg_384_511_38_38 is implemented as distributed LUT RAM for the following reason: The timing constraints suggest that the chosen mapping will yield a better timing.
Related violations: <none>

SYNTH-5#737 Warning
Mapped onto distributed RAM because of timing constraints  
The instance icache/way0/lines_reg_384_511_39_39 is implemented as distributed LUT RAM for the following reason: The timing constraints suggest that the chosen mapping will yield a better timing.
Related violations: <none>

SYNTH-5#738 Warning
Mapped onto distributed RAM because of timing constraints  
The instance icache/way0/lines_reg_384_511_3_3 is implemented as distributed LUT RAM for the following reason: The timing constraints suggest that the chosen mapping will yield a better timing.
Related violations: <none>

SYNTH-5#739 Warning
Mapped onto distributed RAM because of timing constraints  
The instance icache/way0/lines_reg_384_511_40_40 is implemented as distributed LUT RAM for the following reason: The timing constraints suggest that the chosen mapping will yield a better timing.
Related violations: <none>

SYNTH-5#740 Warning
Mapped onto distributed RAM because of timing constraints  
The instance icache/way0/lines_reg_384_511_41_41 is implemented as distributed LUT RAM for the following reason: The timing constraints suggest that the chosen mapping will yield a better timing.
Related violations: <none>

SYNTH-5#741 Warning
Mapped onto distributed RAM because of timing constraints  
The instance icache/way0/lines_reg_384_511_42_42 is implemented as distributed LUT RAM for the following reason: The timing constraints suggest that the chosen mapping will yield a better timing.
Related violations: <none>

SYNTH-5#742 Warning
Mapped onto distributed RAM because of timing constraints  
The instance icache/way0/lines_reg_384_511_43_43 is implemented as distributed LUT RAM for the following reason: The timing constraints suggest that the chosen mapping will yield a better timing.
Related violations: <none>

SYNTH-5#743 Warning
Mapped onto distributed RAM because of timing constraints  
The instance icache/way0/lines_reg_384_511_44_44 is implemented as distributed LUT RAM for the following reason: The timing constraints suggest that the chosen mapping will yield a better timing.
Related violations: <none>

SYNTH-5#744 Warning
Mapped onto distributed RAM because of timing constraints  
The instance icache/way0/lines_reg_384_511_45_45 is implemented as distributed LUT RAM for the following reason: The timing constraints suggest that the chosen mapping will yield a better timing.
Related violations: <none>

SYNTH-5#745 Warning
Mapped onto distributed RAM because of timing constraints  
The instance icache/way0/lines_reg_384_511_46_46 is implemented as distributed LUT RAM for the following reason: The timing constraints suggest that the chosen mapping will yield a better timing.
Related violations: <none>

SYNTH-5#746 Warning
Mapped onto distributed RAM because of timing constraints  
The instance icache/way0/lines_reg_384_511_47_47 is implemented as distributed LUT RAM for the following reason: The timing constraints suggest that the chosen mapping will yield a better timing.
Related violations: <none>

SYNTH-5#747 Warning
Mapped onto distributed RAM because of timing constraints  
The instance icache/way0/lines_reg_384_511_48_48 is implemented as distributed LUT RAM for the following reason: The timing constraints suggest that the chosen mapping will yield a better timing.
Related violations: <none>

SYNTH-5#748 Warning
Mapped onto distributed RAM because of timing constraints  
The instance icache/way0/lines_reg_384_511_49_49 is implemented as distributed LUT RAM for the following reason: The timing constraints suggest that the chosen mapping will yield a better timing.
Related violations: <none>

SYNTH-5#749 Warning
Mapped onto distributed RAM because of timing constraints  
The instance icache/way0/lines_reg_384_511_4_4 is implemented as distributed LUT RAM for the following reason: The timing constraints suggest that the chosen mapping will yield a better timing.
Related violations: <none>

SYNTH-5#750 Warning
Mapped onto distributed RAM because of timing constraints  
The instance icache/way0/lines_reg_384_511_50_50 is implemented as distributed LUT RAM for the following reason: The timing constraints suggest that the chosen mapping will yield a better timing.
Related violations: <none>

SYNTH-5#751 Warning
Mapped onto distributed RAM because of timing constraints  
The instance icache/way0/lines_reg_384_511_51_51 is implemented as distributed LUT RAM for the following reason: The timing constraints suggest that the chosen mapping will yield a better timing.
Related violations: <none>

SYNTH-5#752 Warning
Mapped onto distributed RAM because of timing constraints  
The instance icache/way0/lines_reg_384_511_52_52 is implemented as distributed LUT RAM for the following reason: The timing constraints suggest that the chosen mapping will yield a better timing.
Related violations: <none>

SYNTH-5#753 Warning
Mapped onto distributed RAM because of timing constraints  
The instance icache/way0/lines_reg_384_511_53_53 is implemented as distributed LUT RAM for the following reason: The timing constraints suggest that the chosen mapping will yield a better timing.
Related violations: <none>

SYNTH-5#754 Warning
Mapped onto distributed RAM because of timing constraints  
The instance icache/way0/lines_reg_384_511_54_54 is implemented as distributed LUT RAM for the following reason: The timing constraints suggest that the chosen mapping will yield a better timing.
Related violations: <none>

SYNTH-5#755 Warning
Mapped onto distributed RAM because of timing constraints  
The instance icache/way0/lines_reg_384_511_55_55 is implemented as distributed LUT RAM for the following reason: The timing constraints suggest that the chosen mapping will yield a better timing.
Related violations: <none>

SYNTH-5#756 Warning
Mapped onto distributed RAM because of timing constraints  
The instance icache/way0/lines_reg_384_511_56_56 is implemented as distributed LUT RAM for the following reason: The timing constraints suggest that the chosen mapping will yield a better timing.
Related violations: <none>

SYNTH-5#757 Warning
Mapped onto distributed RAM because of timing constraints  
The instance icache/way0/lines_reg_384_511_57_57 is implemented as distributed LUT RAM for the following reason: The timing constraints suggest that the chosen mapping will yield a better timing.
Related violations: <none>

SYNTH-5#758 Warning
Mapped onto distributed RAM because of timing constraints  
The instance icache/way0/lines_reg_384_511_58_58 is implemented as distributed LUT RAM for the following reason: The timing constraints suggest that the chosen mapping will yield a better timing.
Related violations: <none>

SYNTH-5#759 Warning
Mapped onto distributed RAM because of timing constraints  
The instance icache/way0/lines_reg_384_511_59_59 is implemented as distributed LUT RAM for the following reason: The timing constraints suggest that the chosen mapping will yield a better timing.
Related violations: <none>

SYNTH-5#760 Warning
Mapped onto distributed RAM because of timing constraints  
The instance icache/way0/lines_reg_384_511_5_5 is implemented as distributed LUT RAM for the following reason: The timing constraints suggest that the chosen mapping will yield a better timing.
Related violations: <none>

SYNTH-5#761 Warning
Mapped onto distributed RAM because of timing constraints  
The instance icache/way0/lines_reg_384_511_60_60 is implemented as distributed LUT RAM for the following reason: The timing constraints suggest that the chosen mapping will yield a better timing.
Related violations: <none>

SYNTH-5#762 Warning
Mapped onto distributed RAM because of timing constraints  
The instance icache/way0/lines_reg_384_511_61_61 is implemented as distributed LUT RAM for the following reason: The timing constraints suggest that the chosen mapping will yield a better timing.
Related violations: <none>

SYNTH-5#763 Warning
Mapped onto distributed RAM because of timing constraints  
The instance icache/way0/lines_reg_384_511_62_62 is implemented as distributed LUT RAM for the following reason: The timing constraints suggest that the chosen mapping will yield a better timing.
Related violations: <none>

SYNTH-5#764 Warning
Mapped onto distributed RAM because of timing constraints  
The instance icache/way0/lines_reg_384_511_63_63 is implemented as distributed LUT RAM for the following reason: The timing constraints suggest that the chosen mapping will yield a better timing.
Related violations: <none>

SYNTH-5#765 Warning
Mapped onto distributed RAM because of timing constraints  
The instance icache/way0/lines_reg_384_511_6_6 is implemented as distributed LUT RAM for the following reason: The timing constraints suggest that the chosen mapping will yield a better timing.
Related violations: <none>

SYNTH-5#766 Warning
Mapped onto distributed RAM because of timing constraints  
The instance icache/way0/lines_reg_384_511_7_7 is implemented as distributed LUT RAM for the following reason: The timing constraints suggest that the chosen mapping will yield a better timing.
Related violations: <none>

SYNTH-5#767 Warning
Mapped onto distributed RAM because of timing constraints  
The instance icache/way0/lines_reg_384_511_8_8 is implemented as distributed LUT RAM for the following reason: The timing constraints suggest that the chosen mapping will yield a better timing.
Related violations: <none>

SYNTH-5#768 Warning
Mapped onto distributed RAM because of timing constraints  
The instance icache/way0/lines_reg_384_511_9_9 is implemented as distributed LUT RAM for the following reason: The timing constraints suggest that the chosen mapping will yield a better timing.
Related violations: <none>

SYNTH-5#769 Warning
Mapped onto distributed RAM because of timing constraints  
The instance icache/way1/lines_reg_0_127_0_0 is implemented as distributed LUT RAM for the following reason: The timing constraints suggest that the chosen mapping will yield a better timing.
Related violations: <none>

SYNTH-5#770 Warning
Mapped onto distributed RAM because of timing constraints  
The instance icache/way1/lines_reg_0_127_10_10 is implemented as distributed LUT RAM for the following reason: The timing constraints suggest that the chosen mapping will yield a better timing.
Related violations: <none>

SYNTH-5#771 Warning
Mapped onto distributed RAM because of timing constraints  
The instance icache/way1/lines_reg_0_127_11_11 is implemented as distributed LUT RAM for the following reason: The timing constraints suggest that the chosen mapping will yield a better timing.
Related violations: <none>

SYNTH-5#772 Warning
Mapped onto distributed RAM because of timing constraints  
The instance icache/way1/lines_reg_0_127_12_12 is implemented as distributed LUT RAM for the following reason: The timing constraints suggest that the chosen mapping will yield a better timing.
Related violations: <none>

SYNTH-5#773 Warning
Mapped onto distributed RAM because of timing constraints  
The instance icache/way1/lines_reg_0_127_13_13 is implemented as distributed LUT RAM for the following reason: The timing constraints suggest that the chosen mapping will yield a better timing.
Related violations: <none>

SYNTH-5#774 Warning
Mapped onto distributed RAM because of timing constraints  
The instance icache/way1/lines_reg_0_127_14_14 is implemented as distributed LUT RAM for the following reason: The timing constraints suggest that the chosen mapping will yield a better timing.
Related violations: <none>

SYNTH-5#775 Warning
Mapped onto distributed RAM because of timing constraints  
The instance icache/way1/lines_reg_0_127_15_15 is implemented as distributed LUT RAM for the following reason: The timing constraints suggest that the chosen mapping will yield a better timing.
Related violations: <none>

SYNTH-5#776 Warning
Mapped onto distributed RAM because of timing constraints  
The instance icache/way1/lines_reg_0_127_16_16 is implemented as distributed LUT RAM for the following reason: The timing constraints suggest that the chosen mapping will yield a better timing.
Related violations: <none>

SYNTH-5#777 Warning
Mapped onto distributed RAM because of timing constraints  
The instance icache/way1/lines_reg_0_127_17_17 is implemented as distributed LUT RAM for the following reason: The timing constraints suggest that the chosen mapping will yield a better timing.
Related violations: <none>

SYNTH-5#778 Warning
Mapped onto distributed RAM because of timing constraints  
The instance icache/way1/lines_reg_0_127_18_18 is implemented as distributed LUT RAM for the following reason: The timing constraints suggest that the chosen mapping will yield a better timing.
Related violations: <none>

SYNTH-5#779 Warning
Mapped onto distributed RAM because of timing constraints  
The instance icache/way1/lines_reg_0_127_19_19 is implemented as distributed LUT RAM for the following reason: The timing constraints suggest that the chosen mapping will yield a better timing.
Related violations: <none>

SYNTH-5#780 Warning
Mapped onto distributed RAM because of timing constraints  
The instance icache/way1/lines_reg_0_127_1_1 is implemented as distributed LUT RAM for the following reason: The timing constraints suggest that the chosen mapping will yield a better timing.
Related violations: <none>

SYNTH-5#781 Warning
Mapped onto distributed RAM because of timing constraints  
The instance icache/way1/lines_reg_0_127_20_20 is implemented as distributed LUT RAM for the following reason: The timing constraints suggest that the chosen mapping will yield a better timing.
Related violations: <none>

SYNTH-5#782 Warning
Mapped onto distributed RAM because of timing constraints  
The instance icache/way1/lines_reg_0_127_21_21 is implemented as distributed LUT RAM for the following reason: The timing constraints suggest that the chosen mapping will yield a better timing.
Related violations: <none>

SYNTH-5#783 Warning
Mapped onto distributed RAM because of timing constraints  
The instance icache/way1/lines_reg_0_127_22_22 is implemented as distributed LUT RAM for the following reason: The timing constraints suggest that the chosen mapping will yield a better timing.
Related violations: <none>

SYNTH-5#784 Warning
Mapped onto distributed RAM because of timing constraints  
The instance icache/way1/lines_reg_0_127_23_23 is implemented as distributed LUT RAM for the following reason: The timing constraints suggest that the chosen mapping will yield a better timing.
Related violations: <none>

SYNTH-5#785 Warning
Mapped onto distributed RAM because of timing constraints  
The instance icache/way1/lines_reg_0_127_24_24 is implemented as distributed LUT RAM for the following reason: The timing constraints suggest that the chosen mapping will yield a better timing.
Related violations: <none>

SYNTH-5#786 Warning
Mapped onto distributed RAM because of timing constraints  
The instance icache/way1/lines_reg_0_127_25_25 is implemented as distributed LUT RAM for the following reason: The timing constraints suggest that the chosen mapping will yield a better timing.
Related violations: <none>

SYNTH-5#787 Warning
Mapped onto distributed RAM because of timing constraints  
The instance icache/way1/lines_reg_0_127_26_26 is implemented as distributed LUT RAM for the following reason: The timing constraints suggest that the chosen mapping will yield a better timing.
Related violations: <none>

SYNTH-5#788 Warning
Mapped onto distributed RAM because of timing constraints  
The instance icache/way1/lines_reg_0_127_27_27 is implemented as distributed LUT RAM for the following reason: The timing constraints suggest that the chosen mapping will yield a better timing.
Related violations: <none>

SYNTH-5#789 Warning
Mapped onto distributed RAM because of timing constraints  
The instance icache/way1/lines_reg_0_127_28_28 is implemented as distributed LUT RAM for the following reason: The timing constraints suggest that the chosen mapping will yield a better timing.
Related violations: <none>

SYNTH-5#790 Warning
Mapped onto distributed RAM because of timing constraints  
The instance icache/way1/lines_reg_0_127_29_29 is implemented as distributed LUT RAM for the following reason: The timing constraints suggest that the chosen mapping will yield a better timing.
Related violations: <none>

SYNTH-5#791 Warning
Mapped onto distributed RAM because of timing constraints  
The instance icache/way1/lines_reg_0_127_2_2 is implemented as distributed LUT RAM for the following reason: The timing constraints suggest that the chosen mapping will yield a better timing.
Related violations: <none>

SYNTH-5#792 Warning
Mapped onto distributed RAM because of timing constraints  
The instance icache/way1/lines_reg_0_127_30_30 is implemented as distributed LUT RAM for the following reason: The timing constraints suggest that the chosen mapping will yield a better timing.
Related violations: <none>

SYNTH-5#793 Warning
Mapped onto distributed RAM because of timing constraints  
The instance icache/way1/lines_reg_0_127_31_31 is implemented as distributed LUT RAM for the following reason: The timing constraints suggest that the chosen mapping will yield a better timing.
Related violations: <none>

SYNTH-5#794 Warning
Mapped onto distributed RAM because of timing constraints  
The instance icache/way1/lines_reg_0_127_32_32 is implemented as distributed LUT RAM for the following reason: The timing constraints suggest that the chosen mapping will yield a better timing.
Related violations: <none>

SYNTH-5#795 Warning
Mapped onto distributed RAM because of timing constraints  
The instance icache/way1/lines_reg_0_127_33_33 is implemented as distributed LUT RAM for the following reason: The timing constraints suggest that the chosen mapping will yield a better timing.
Related violations: <none>

SYNTH-5#796 Warning
Mapped onto distributed RAM because of timing constraints  
The instance icache/way1/lines_reg_0_127_34_34 is implemented as distributed LUT RAM for the following reason: The timing constraints suggest that the chosen mapping will yield a better timing.
Related violations: <none>

SYNTH-5#797 Warning
Mapped onto distributed RAM because of timing constraints  
The instance icache/way1/lines_reg_0_127_35_35 is implemented as distributed LUT RAM for the following reason: The timing constraints suggest that the chosen mapping will yield a better timing.
Related violations: <none>

SYNTH-5#798 Warning
Mapped onto distributed RAM because of timing constraints  
The instance icache/way1/lines_reg_0_127_36_36 is implemented as distributed LUT RAM for the following reason: The timing constraints suggest that the chosen mapping will yield a better timing.
Related violations: <none>

SYNTH-5#799 Warning
Mapped onto distributed RAM because of timing constraints  
The instance icache/way1/lines_reg_0_127_37_37 is implemented as distributed LUT RAM for the following reason: The timing constraints suggest that the chosen mapping will yield a better timing.
Related violations: <none>

SYNTH-5#800 Warning
Mapped onto distributed RAM because of timing constraints  
The instance icache/way1/lines_reg_0_127_38_38 is implemented as distributed LUT RAM for the following reason: The timing constraints suggest that the chosen mapping will yield a better timing.
Related violations: <none>

SYNTH-5#801 Warning
Mapped onto distributed RAM because of timing constraints  
The instance icache/way1/lines_reg_0_127_39_39 is implemented as distributed LUT RAM for the following reason: The timing constraints suggest that the chosen mapping will yield a better timing.
Related violations: <none>

SYNTH-5#802 Warning
Mapped onto distributed RAM because of timing constraints  
The instance icache/way1/lines_reg_0_127_3_3 is implemented as distributed LUT RAM for the following reason: The timing constraints suggest that the chosen mapping will yield a better timing.
Related violations: <none>

SYNTH-5#803 Warning
Mapped onto distributed RAM because of timing constraints  
The instance icache/way1/lines_reg_0_127_40_40 is implemented as distributed LUT RAM for the following reason: The timing constraints suggest that the chosen mapping will yield a better timing.
Related violations: <none>

SYNTH-5#804 Warning
Mapped onto distributed RAM because of timing constraints  
The instance icache/way1/lines_reg_0_127_41_41 is implemented as distributed LUT RAM for the following reason: The timing constraints suggest that the chosen mapping will yield a better timing.
Related violations: <none>

SYNTH-5#805 Warning
Mapped onto distributed RAM because of timing constraints  
The instance icache/way1/lines_reg_0_127_42_42 is implemented as distributed LUT RAM for the following reason: The timing constraints suggest that the chosen mapping will yield a better timing.
Related violations: <none>

SYNTH-5#806 Warning
Mapped onto distributed RAM because of timing constraints  
The instance icache/way1/lines_reg_0_127_43_43 is implemented as distributed LUT RAM for the following reason: The timing constraints suggest that the chosen mapping will yield a better timing.
Related violations: <none>

SYNTH-5#807 Warning
Mapped onto distributed RAM because of timing constraints  
The instance icache/way1/lines_reg_0_127_44_44 is implemented as distributed LUT RAM for the following reason: The timing constraints suggest that the chosen mapping will yield a better timing.
Related violations: <none>

SYNTH-5#808 Warning
Mapped onto distributed RAM because of timing constraints  
The instance icache/way1/lines_reg_0_127_45_45 is implemented as distributed LUT RAM for the following reason: The timing constraints suggest that the chosen mapping will yield a better timing.
Related violations: <none>

SYNTH-5#809 Warning
Mapped onto distributed RAM because of timing constraints  
The instance icache/way1/lines_reg_0_127_46_46 is implemented as distributed LUT RAM for the following reason: The timing constraints suggest that the chosen mapping will yield a better timing.
Related violations: <none>

SYNTH-5#810 Warning
Mapped onto distributed RAM because of timing constraints  
The instance icache/way1/lines_reg_0_127_47_47 is implemented as distributed LUT RAM for the following reason: The timing constraints suggest that the chosen mapping will yield a better timing.
Related violations: <none>

SYNTH-5#811 Warning
Mapped onto distributed RAM because of timing constraints  
The instance icache/way1/lines_reg_0_127_48_48 is implemented as distributed LUT RAM for the following reason: The timing constraints suggest that the chosen mapping will yield a better timing.
Related violations: <none>

SYNTH-5#812 Warning
Mapped onto distributed RAM because of timing constraints  
The instance icache/way1/lines_reg_0_127_49_49 is implemented as distributed LUT RAM for the following reason: The timing constraints suggest that the chosen mapping will yield a better timing.
Related violations: <none>

SYNTH-5#813 Warning
Mapped onto distributed RAM because of timing constraints  
The instance icache/way1/lines_reg_0_127_4_4 is implemented as distributed LUT RAM for the following reason: The timing constraints suggest that the chosen mapping will yield a better timing.
Related violations: <none>

SYNTH-5#814 Warning
Mapped onto distributed RAM because of timing constraints  
The instance icache/way1/lines_reg_0_127_50_50 is implemented as distributed LUT RAM for the following reason: The timing constraints suggest that the chosen mapping will yield a better timing.
Related violations: <none>

SYNTH-5#815 Warning
Mapped onto distributed RAM because of timing constraints  
The instance icache/way1/lines_reg_0_127_51_51 is implemented as distributed LUT RAM for the following reason: The timing constraints suggest that the chosen mapping will yield a better timing.
Related violations: <none>

SYNTH-5#816 Warning
Mapped onto distributed RAM because of timing constraints  
The instance icache/way1/lines_reg_0_127_52_52 is implemented as distributed LUT RAM for the following reason: The timing constraints suggest that the chosen mapping will yield a better timing.
Related violations: <none>

SYNTH-5#817 Warning
Mapped onto distributed RAM because of timing constraints  
The instance icache/way1/lines_reg_0_127_53_53 is implemented as distributed LUT RAM for the following reason: The timing constraints suggest that the chosen mapping will yield a better timing.
Related violations: <none>

SYNTH-5#818 Warning
Mapped onto distributed RAM because of timing constraints  
The instance icache/way1/lines_reg_0_127_54_54 is implemented as distributed LUT RAM for the following reason: The timing constraints suggest that the chosen mapping will yield a better timing.
Related violations: <none>

SYNTH-5#819 Warning
Mapped onto distributed RAM because of timing constraints  
The instance icache/way1/lines_reg_0_127_55_55 is implemented as distributed LUT RAM for the following reason: The timing constraints suggest that the chosen mapping will yield a better timing.
Related violations: <none>

SYNTH-5#820 Warning
Mapped onto distributed RAM because of timing constraints  
The instance icache/way1/lines_reg_0_127_56_56 is implemented as distributed LUT RAM for the following reason: The timing constraints suggest that the chosen mapping will yield a better timing.
Related violations: <none>

SYNTH-5#821 Warning
Mapped onto distributed RAM because of timing constraints  
The instance icache/way1/lines_reg_0_127_57_57 is implemented as distributed LUT RAM for the following reason: The timing constraints suggest that the chosen mapping will yield a better timing.
Related violations: <none>

SYNTH-5#822 Warning
Mapped onto distributed RAM because of timing constraints  
The instance icache/way1/lines_reg_0_127_58_58 is implemented as distributed LUT RAM for the following reason: The timing constraints suggest that the chosen mapping will yield a better timing.
Related violations: <none>

SYNTH-5#823 Warning
Mapped onto distributed RAM because of timing constraints  
The instance icache/way1/lines_reg_0_127_59_59 is implemented as distributed LUT RAM for the following reason: The timing constraints suggest that the chosen mapping will yield a better timing.
Related violations: <none>

SYNTH-5#824 Warning
Mapped onto distributed RAM because of timing constraints  
The instance icache/way1/lines_reg_0_127_5_5 is implemented as distributed LUT RAM for the following reason: The timing constraints suggest that the chosen mapping will yield a better timing.
Related violations: <none>

SYNTH-5#825 Warning
Mapped onto distributed RAM because of timing constraints  
The instance icache/way1/lines_reg_0_127_60_60 is implemented as distributed LUT RAM for the following reason: The timing constraints suggest that the chosen mapping will yield a better timing.
Related violations: <none>

SYNTH-5#826 Warning
Mapped onto distributed RAM because of timing constraints  
The instance icache/way1/lines_reg_0_127_61_61 is implemented as distributed LUT RAM for the following reason: The timing constraints suggest that the chosen mapping will yield a better timing.
Related violations: <none>

SYNTH-5#827 Warning
Mapped onto distributed RAM because of timing constraints  
The instance icache/way1/lines_reg_0_127_62_62 is implemented as distributed LUT RAM for the following reason: The timing constraints suggest that the chosen mapping will yield a better timing.
Related violations: <none>

SYNTH-5#828 Warning
Mapped onto distributed RAM because of timing constraints  
The instance icache/way1/lines_reg_0_127_63_63 is implemented as distributed LUT RAM for the following reason: The timing constraints suggest that the chosen mapping will yield a better timing.
Related violations: <none>

SYNTH-5#829 Warning
Mapped onto distributed RAM because of timing constraints  
The instance icache/way1/lines_reg_0_127_6_6 is implemented as distributed LUT RAM for the following reason: The timing constraints suggest that the chosen mapping will yield a better timing.
Related violations: <none>

SYNTH-5#830 Warning
Mapped onto distributed RAM because of timing constraints  
The instance icache/way1/lines_reg_0_127_7_7 is implemented as distributed LUT RAM for the following reason: The timing constraints suggest that the chosen mapping will yield a better timing.
Related violations: <none>

SYNTH-5#831 Warning
Mapped onto distributed RAM because of timing constraints  
The instance icache/way1/lines_reg_0_127_8_8 is implemented as distributed LUT RAM for the following reason: The timing constraints suggest that the chosen mapping will yield a better timing.
Related violations: <none>

SYNTH-5#832 Warning
Mapped onto distributed RAM because of timing constraints  
The instance icache/way1/lines_reg_0_127_9_9 is implemented as distributed LUT RAM for the following reason: The timing constraints suggest that the chosen mapping will yield a better timing.
Related violations: <none>

SYNTH-5#833 Warning
Mapped onto distributed RAM because of timing constraints  
The instance icache/way1/lines_reg_128_255_0_0 is implemented as distributed LUT RAM for the following reason: The timing constraints suggest that the chosen mapping will yield a better timing.
Related violations: <none>

SYNTH-5#834 Warning
Mapped onto distributed RAM because of timing constraints  
The instance icache/way1/lines_reg_128_255_10_10 is implemented as distributed LUT RAM for the following reason: The timing constraints suggest that the chosen mapping will yield a better timing.
Related violations: <none>

SYNTH-5#835 Warning
Mapped onto distributed RAM because of timing constraints  
The instance icache/way1/lines_reg_128_255_11_11 is implemented as distributed LUT RAM for the following reason: The timing constraints suggest that the chosen mapping will yield a better timing.
Related violations: <none>

SYNTH-5#836 Warning
Mapped onto distributed RAM because of timing constraints  
The instance icache/way1/lines_reg_128_255_12_12 is implemented as distributed LUT RAM for the following reason: The timing constraints suggest that the chosen mapping will yield a better timing.
Related violations: <none>

SYNTH-5#837 Warning
Mapped onto distributed RAM because of timing constraints  
The instance icache/way1/lines_reg_128_255_13_13 is implemented as distributed LUT RAM for the following reason: The timing constraints suggest that the chosen mapping will yield a better timing.
Related violations: <none>

SYNTH-5#838 Warning
Mapped onto distributed RAM because of timing constraints  
The instance icache/way1/lines_reg_128_255_14_14 is implemented as distributed LUT RAM for the following reason: The timing constraints suggest that the chosen mapping will yield a better timing.
Related violations: <none>

SYNTH-5#839 Warning
Mapped onto distributed RAM because of timing constraints  
The instance icache/way1/lines_reg_128_255_15_15 is implemented as distributed LUT RAM for the following reason: The timing constraints suggest that the chosen mapping will yield a better timing.
Related violations: <none>

SYNTH-5#840 Warning
Mapped onto distributed RAM because of timing constraints  
The instance icache/way1/lines_reg_128_255_16_16 is implemented as distributed LUT RAM for the following reason: The timing constraints suggest that the chosen mapping will yield a better timing.
Related violations: <none>

SYNTH-5#841 Warning
Mapped onto distributed RAM because of timing constraints  
The instance icache/way1/lines_reg_128_255_17_17 is implemented as distributed LUT RAM for the following reason: The timing constraints suggest that the chosen mapping will yield a better timing.
Related violations: <none>

SYNTH-5#842 Warning
Mapped onto distributed RAM because of timing constraints  
The instance icache/way1/lines_reg_128_255_18_18 is implemented as distributed LUT RAM for the following reason: The timing constraints suggest that the chosen mapping will yield a better timing.
Related violations: <none>

SYNTH-5#843 Warning
Mapped onto distributed RAM because of timing constraints  
The instance icache/way1/lines_reg_128_255_19_19 is implemented as distributed LUT RAM for the following reason: The timing constraints suggest that the chosen mapping will yield a better timing.
Related violations: <none>

SYNTH-5#844 Warning
Mapped onto distributed RAM because of timing constraints  
The instance icache/way1/lines_reg_128_255_1_1 is implemented as distributed LUT RAM for the following reason: The timing constraints suggest that the chosen mapping will yield a better timing.
Related violations: <none>

SYNTH-5#845 Warning
Mapped onto distributed RAM because of timing constraints  
The instance icache/way1/lines_reg_128_255_20_20 is implemented as distributed LUT RAM for the following reason: The timing constraints suggest that the chosen mapping will yield a better timing.
Related violations: <none>

SYNTH-5#846 Warning
Mapped onto distributed RAM because of timing constraints  
The instance icache/way1/lines_reg_128_255_21_21 is implemented as distributed LUT RAM for the following reason: The timing constraints suggest that the chosen mapping will yield a better timing.
Related violations: <none>

SYNTH-5#847 Warning
Mapped onto distributed RAM because of timing constraints  
The instance icache/way1/lines_reg_128_255_22_22 is implemented as distributed LUT RAM for the following reason: The timing constraints suggest that the chosen mapping will yield a better timing.
Related violations: <none>

SYNTH-5#848 Warning
Mapped onto distributed RAM because of timing constraints  
The instance icache/way1/lines_reg_128_255_23_23 is implemented as distributed LUT RAM for the following reason: The timing constraints suggest that the chosen mapping will yield a better timing.
Related violations: <none>

SYNTH-5#849 Warning
Mapped onto distributed RAM because of timing constraints  
The instance icache/way1/lines_reg_128_255_24_24 is implemented as distributed LUT RAM for the following reason: The timing constraints suggest that the chosen mapping will yield a better timing.
Related violations: <none>

SYNTH-5#850 Warning
Mapped onto distributed RAM because of timing constraints  
The instance icache/way1/lines_reg_128_255_25_25 is implemented as distributed LUT RAM for the following reason: The timing constraints suggest that the chosen mapping will yield a better timing.
Related violations: <none>

SYNTH-5#851 Warning
Mapped onto distributed RAM because of timing constraints  
The instance icache/way1/lines_reg_128_255_26_26 is implemented as distributed LUT RAM for the following reason: The timing constraints suggest that the chosen mapping will yield a better timing.
Related violations: <none>

SYNTH-5#852 Warning
Mapped onto distributed RAM because of timing constraints  
The instance icache/way1/lines_reg_128_255_27_27 is implemented as distributed LUT RAM for the following reason: The timing constraints suggest that the chosen mapping will yield a better timing.
Related violations: <none>

SYNTH-5#853 Warning
Mapped onto distributed RAM because of timing constraints  
The instance icache/way1/lines_reg_128_255_28_28 is implemented as distributed LUT RAM for the following reason: The timing constraints suggest that the chosen mapping will yield a better timing.
Related violations: <none>

SYNTH-5#854 Warning
Mapped onto distributed RAM because of timing constraints  
The instance icache/way1/lines_reg_128_255_29_29 is implemented as distributed LUT RAM for the following reason: The timing constraints suggest that the chosen mapping will yield a better timing.
Related violations: <none>

SYNTH-5#855 Warning
Mapped onto distributed RAM because of timing constraints  
The instance icache/way1/lines_reg_128_255_2_2 is implemented as distributed LUT RAM for the following reason: The timing constraints suggest that the chosen mapping will yield a better timing.
Related violations: <none>

SYNTH-5#856 Warning
Mapped onto distributed RAM because of timing constraints  
The instance icache/way1/lines_reg_128_255_30_30 is implemented as distributed LUT RAM for the following reason: The timing constraints suggest that the chosen mapping will yield a better timing.
Related violations: <none>

SYNTH-5#857 Warning
Mapped onto distributed RAM because of timing constraints  
The instance icache/way1/lines_reg_128_255_31_31 is implemented as distributed LUT RAM for the following reason: The timing constraints suggest that the chosen mapping will yield a better timing.
Related violations: <none>

SYNTH-5#858 Warning
Mapped onto distributed RAM because of timing constraints  
The instance icache/way1/lines_reg_128_255_32_32 is implemented as distributed LUT RAM for the following reason: The timing constraints suggest that the chosen mapping will yield a better timing.
Related violations: <none>

SYNTH-5#859 Warning
Mapped onto distributed RAM because of timing constraints  
The instance icache/way1/lines_reg_128_255_33_33 is implemented as distributed LUT RAM for the following reason: The timing constraints suggest that the chosen mapping will yield a better timing.
Related violations: <none>

SYNTH-5#860 Warning
Mapped onto distributed RAM because of timing constraints  
The instance icache/way1/lines_reg_128_255_34_34 is implemented as distributed LUT RAM for the following reason: The timing constraints suggest that the chosen mapping will yield a better timing.
Related violations: <none>

SYNTH-5#861 Warning
Mapped onto distributed RAM because of timing constraints  
The instance icache/way1/lines_reg_128_255_35_35 is implemented as distributed LUT RAM for the following reason: The timing constraints suggest that the chosen mapping will yield a better timing.
Related violations: <none>

SYNTH-5#862 Warning
Mapped onto distributed RAM because of timing constraints  
The instance icache/way1/lines_reg_128_255_36_36 is implemented as distributed LUT RAM for the following reason: The timing constraints suggest that the chosen mapping will yield a better timing.
Related violations: <none>

SYNTH-5#863 Warning
Mapped onto distributed RAM because of timing constraints  
The instance icache/way1/lines_reg_128_255_37_37 is implemented as distributed LUT RAM for the following reason: The timing constraints suggest that the chosen mapping will yield a better timing.
Related violations: <none>

SYNTH-5#864 Warning
Mapped onto distributed RAM because of timing constraints  
The instance icache/way1/lines_reg_128_255_38_38 is implemented as distributed LUT RAM for the following reason: The timing constraints suggest that the chosen mapping will yield a better timing.
Related violations: <none>

SYNTH-5#865 Warning
Mapped onto distributed RAM because of timing constraints  
The instance icache/way1/lines_reg_128_255_39_39 is implemented as distributed LUT RAM for the following reason: The timing constraints suggest that the chosen mapping will yield a better timing.
Related violations: <none>

SYNTH-5#866 Warning
Mapped onto distributed RAM because of timing constraints  
The instance icache/way1/lines_reg_128_255_3_3 is implemented as distributed LUT RAM for the following reason: The timing constraints suggest that the chosen mapping will yield a better timing.
Related violations: <none>

SYNTH-5#867 Warning
Mapped onto distributed RAM because of timing constraints  
The instance icache/way1/lines_reg_128_255_40_40 is implemented as distributed LUT RAM for the following reason: The timing constraints suggest that the chosen mapping will yield a better timing.
Related violations: <none>

SYNTH-5#868 Warning
Mapped onto distributed RAM because of timing constraints  
The instance icache/way1/lines_reg_128_255_41_41 is implemented as distributed LUT RAM for the following reason: The timing constraints suggest that the chosen mapping will yield a better timing.
Related violations: <none>

SYNTH-5#869 Warning
Mapped onto distributed RAM because of timing constraints  
The instance icache/way1/lines_reg_128_255_42_42 is implemented as distributed LUT RAM for the following reason: The timing constraints suggest that the chosen mapping will yield a better timing.
Related violations: <none>

SYNTH-5#870 Warning
Mapped onto distributed RAM because of timing constraints  
The instance icache/way1/lines_reg_128_255_43_43 is implemented as distributed LUT RAM for the following reason: The timing constraints suggest that the chosen mapping will yield a better timing.
Related violations: <none>

SYNTH-5#871 Warning
Mapped onto distributed RAM because of timing constraints  
The instance icache/way1/lines_reg_128_255_44_44 is implemented as distributed LUT RAM for the following reason: The timing constraints suggest that the chosen mapping will yield a better timing.
Related violations: <none>

SYNTH-5#872 Warning
Mapped onto distributed RAM because of timing constraints  
The instance icache/way1/lines_reg_128_255_45_45 is implemented as distributed LUT RAM for the following reason: The timing constraints suggest that the chosen mapping will yield a better timing.
Related violations: <none>

SYNTH-5#873 Warning
Mapped onto distributed RAM because of timing constraints  
The instance icache/way1/lines_reg_128_255_46_46 is implemented as distributed LUT RAM for the following reason: The timing constraints suggest that the chosen mapping will yield a better timing.
Related violations: <none>

SYNTH-5#874 Warning
Mapped onto distributed RAM because of timing constraints  
The instance icache/way1/lines_reg_128_255_47_47 is implemented as distributed LUT RAM for the following reason: The timing constraints suggest that the chosen mapping will yield a better timing.
Related violations: <none>

SYNTH-5#875 Warning
Mapped onto distributed RAM because of timing constraints  
The instance icache/way1/lines_reg_128_255_48_48 is implemented as distributed LUT RAM for the following reason: The timing constraints suggest that the chosen mapping will yield a better timing.
Related violations: <none>

SYNTH-5#876 Warning
Mapped onto distributed RAM because of timing constraints  
The instance icache/way1/lines_reg_128_255_49_49 is implemented as distributed LUT RAM for the following reason: The timing constraints suggest that the chosen mapping will yield a better timing.
Related violations: <none>

SYNTH-5#877 Warning
Mapped onto distributed RAM because of timing constraints  
The instance icache/way1/lines_reg_128_255_4_4 is implemented as distributed LUT RAM for the following reason: The timing constraints suggest that the chosen mapping will yield a better timing.
Related violations: <none>

SYNTH-5#878 Warning
Mapped onto distributed RAM because of timing constraints  
The instance icache/way1/lines_reg_128_255_50_50 is implemented as distributed LUT RAM for the following reason: The timing constraints suggest that the chosen mapping will yield a better timing.
Related violations: <none>

SYNTH-5#879 Warning
Mapped onto distributed RAM because of timing constraints  
The instance icache/way1/lines_reg_128_255_51_51 is implemented as distributed LUT RAM for the following reason: The timing constraints suggest that the chosen mapping will yield a better timing.
Related violations: <none>

SYNTH-5#880 Warning
Mapped onto distributed RAM because of timing constraints  
The instance icache/way1/lines_reg_128_255_52_52 is implemented as distributed LUT RAM for the following reason: The timing constraints suggest that the chosen mapping will yield a better timing.
Related violations: <none>

SYNTH-5#881 Warning
Mapped onto distributed RAM because of timing constraints  
The instance icache/way1/lines_reg_128_255_53_53 is implemented as distributed LUT RAM for the following reason: The timing constraints suggest that the chosen mapping will yield a better timing.
Related violations: <none>

SYNTH-5#882 Warning
Mapped onto distributed RAM because of timing constraints  
The instance icache/way1/lines_reg_128_255_54_54 is implemented as distributed LUT RAM for the following reason: The timing constraints suggest that the chosen mapping will yield a better timing.
Related violations: <none>

SYNTH-5#883 Warning
Mapped onto distributed RAM because of timing constraints  
The instance icache/way1/lines_reg_128_255_55_55 is implemented as distributed LUT RAM for the following reason: The timing constraints suggest that the chosen mapping will yield a better timing.
Related violations: <none>

SYNTH-5#884 Warning
Mapped onto distributed RAM because of timing constraints  
The instance icache/way1/lines_reg_128_255_56_56 is implemented as distributed LUT RAM for the following reason: The timing constraints suggest that the chosen mapping will yield a better timing.
Related violations: <none>

SYNTH-5#885 Warning
Mapped onto distributed RAM because of timing constraints  
The instance icache/way1/lines_reg_128_255_57_57 is implemented as distributed LUT RAM for the following reason: The timing constraints suggest that the chosen mapping will yield a better timing.
Related violations: <none>

SYNTH-5#886 Warning
Mapped onto distributed RAM because of timing constraints  
The instance icache/way1/lines_reg_128_255_58_58 is implemented as distributed LUT RAM for the following reason: The timing constraints suggest that the chosen mapping will yield a better timing.
Related violations: <none>

SYNTH-5#887 Warning
Mapped onto distributed RAM because of timing constraints  
The instance icache/way1/lines_reg_128_255_59_59 is implemented as distributed LUT RAM for the following reason: The timing constraints suggest that the chosen mapping will yield a better timing.
Related violations: <none>

SYNTH-5#888 Warning
Mapped onto distributed RAM because of timing constraints  
The instance icache/way1/lines_reg_128_255_5_5 is implemented as distributed LUT RAM for the following reason: The timing constraints suggest that the chosen mapping will yield a better timing.
Related violations: <none>

SYNTH-5#889 Warning
Mapped onto distributed RAM because of timing constraints  
The instance icache/way1/lines_reg_128_255_60_60 is implemented as distributed LUT RAM for the following reason: The timing constraints suggest that the chosen mapping will yield a better timing.
Related violations: <none>

SYNTH-5#890 Warning
Mapped onto distributed RAM because of timing constraints  
The instance icache/way1/lines_reg_128_255_61_61 is implemented as distributed LUT RAM for the following reason: The timing constraints suggest that the chosen mapping will yield a better timing.
Related violations: <none>

SYNTH-5#891 Warning
Mapped onto distributed RAM because of timing constraints  
The instance icache/way1/lines_reg_128_255_62_62 is implemented as distributed LUT RAM for the following reason: The timing constraints suggest that the chosen mapping will yield a better timing.
Related violations: <none>

SYNTH-5#892 Warning
Mapped onto distributed RAM because of timing constraints  
The instance icache/way1/lines_reg_128_255_63_63 is implemented as distributed LUT RAM for the following reason: The timing constraints suggest that the chosen mapping will yield a better timing.
Related violations: <none>

SYNTH-5#893 Warning
Mapped onto distributed RAM because of timing constraints  
The instance icache/way1/lines_reg_128_255_6_6 is implemented as distributed LUT RAM for the following reason: The timing constraints suggest that the chosen mapping will yield a better timing.
Related violations: <none>

SYNTH-5#894 Warning
Mapped onto distributed RAM because of timing constraints  
The instance icache/way1/lines_reg_128_255_7_7 is implemented as distributed LUT RAM for the following reason: The timing constraints suggest that the chosen mapping will yield a better timing.
Related violations: <none>

SYNTH-5#895 Warning
Mapped onto distributed RAM because of timing constraints  
The instance icache/way1/lines_reg_128_255_8_8 is implemented as distributed LUT RAM for the following reason: The timing constraints suggest that the chosen mapping will yield a better timing.
Related violations: <none>

SYNTH-5#896 Warning
Mapped onto distributed RAM because of timing constraints  
The instance icache/way1/lines_reg_128_255_9_9 is implemented as distributed LUT RAM for the following reason: The timing constraints suggest that the chosen mapping will yield a better timing.
Related violations: <none>

SYNTH-5#897 Warning
Mapped onto distributed RAM because of timing constraints  
The instance icache/way1/lines_reg_256_383_0_0 is implemented as distributed LUT RAM for the following reason: The timing constraints suggest that the chosen mapping will yield a better timing.
Related violations: <none>

SYNTH-5#898 Warning
Mapped onto distributed RAM because of timing constraints  
The instance icache/way1/lines_reg_256_383_10_10 is implemented as distributed LUT RAM for the following reason: The timing constraints suggest that the chosen mapping will yield a better timing.
Related violations: <none>

SYNTH-5#899 Warning
Mapped onto distributed RAM because of timing constraints  
The instance icache/way1/lines_reg_256_383_11_11 is implemented as distributed LUT RAM for the following reason: The timing constraints suggest that the chosen mapping will yield a better timing.
Related violations: <none>

SYNTH-5#900 Warning
Mapped onto distributed RAM because of timing constraints  
The instance icache/way1/lines_reg_256_383_12_12 is implemented as distributed LUT RAM for the following reason: The timing constraints suggest that the chosen mapping will yield a better timing.
Related violations: <none>

SYNTH-5#901 Warning
Mapped onto distributed RAM because of timing constraints  
The instance icache/way1/lines_reg_256_383_13_13 is implemented as distributed LUT RAM for the following reason: The timing constraints suggest that the chosen mapping will yield a better timing.
Related violations: <none>

SYNTH-5#902 Warning
Mapped onto distributed RAM because of timing constraints  
The instance icache/way1/lines_reg_256_383_14_14 is implemented as distributed LUT RAM for the following reason: The timing constraints suggest that the chosen mapping will yield a better timing.
Related violations: <none>

SYNTH-5#903 Warning
Mapped onto distributed RAM because of timing constraints  
The instance icache/way1/lines_reg_256_383_15_15 is implemented as distributed LUT RAM for the following reason: The timing constraints suggest that the chosen mapping will yield a better timing.
Related violations: <none>

SYNTH-5#904 Warning
Mapped onto distributed RAM because of timing constraints  
The instance icache/way1/lines_reg_256_383_16_16 is implemented as distributed LUT RAM for the following reason: The timing constraints suggest that the chosen mapping will yield a better timing.
Related violations: <none>

SYNTH-5#905 Warning
Mapped onto distributed RAM because of timing constraints  
The instance icache/way1/lines_reg_256_383_17_17 is implemented as distributed LUT RAM for the following reason: The timing constraints suggest that the chosen mapping will yield a better timing.
Related violations: <none>

SYNTH-5#906 Warning
Mapped onto distributed RAM because of timing constraints  
The instance icache/way1/lines_reg_256_383_18_18 is implemented as distributed LUT RAM for the following reason: The timing constraints suggest that the chosen mapping will yield a better timing.
Related violations: <none>

SYNTH-5#907 Warning
Mapped onto distributed RAM because of timing constraints  
The instance icache/way1/lines_reg_256_383_19_19 is implemented as distributed LUT RAM for the following reason: The timing constraints suggest that the chosen mapping will yield a better timing.
Related violations: <none>

SYNTH-5#908 Warning
Mapped onto distributed RAM because of timing constraints  
The instance icache/way1/lines_reg_256_383_1_1 is implemented as distributed LUT RAM for the following reason: The timing constraints suggest that the chosen mapping will yield a better timing.
Related violations: <none>

SYNTH-5#909 Warning
Mapped onto distributed RAM because of timing constraints  
The instance icache/way1/lines_reg_256_383_20_20 is implemented as distributed LUT RAM for the following reason: The timing constraints suggest that the chosen mapping will yield a better timing.
Related violations: <none>

SYNTH-5#910 Warning
Mapped onto distributed RAM because of timing constraints  
The instance icache/way1/lines_reg_256_383_21_21 is implemented as distributed LUT RAM for the following reason: The timing constraints suggest that the chosen mapping will yield a better timing.
Related violations: <none>

SYNTH-5#911 Warning
Mapped onto distributed RAM because of timing constraints  
The instance icache/way1/lines_reg_256_383_22_22 is implemented as distributed LUT RAM for the following reason: The timing constraints suggest that the chosen mapping will yield a better timing.
Related violations: <none>

SYNTH-5#912 Warning
Mapped onto distributed RAM because of timing constraints  
The instance icache/way1/lines_reg_256_383_23_23 is implemented as distributed LUT RAM for the following reason: The timing constraints suggest that the chosen mapping will yield a better timing.
Related violations: <none>

SYNTH-5#913 Warning
Mapped onto distributed RAM because of timing constraints  
The instance icache/way1/lines_reg_256_383_24_24 is implemented as distributed LUT RAM for the following reason: The timing constraints suggest that the chosen mapping will yield a better timing.
Related violations: <none>

SYNTH-5#914 Warning
Mapped onto distributed RAM because of timing constraints  
The instance icache/way1/lines_reg_256_383_25_25 is implemented as distributed LUT RAM for the following reason: The timing constraints suggest that the chosen mapping will yield a better timing.
Related violations: <none>

SYNTH-5#915 Warning
Mapped onto distributed RAM because of timing constraints  
The instance icache/way1/lines_reg_256_383_26_26 is implemented as distributed LUT RAM for the following reason: The timing constraints suggest that the chosen mapping will yield a better timing.
Related violations: <none>

SYNTH-5#916 Warning
Mapped onto distributed RAM because of timing constraints  
The instance icache/way1/lines_reg_256_383_27_27 is implemented as distributed LUT RAM for the following reason: The timing constraints suggest that the chosen mapping will yield a better timing.
Related violations: <none>

SYNTH-5#917 Warning
Mapped onto distributed RAM because of timing constraints  
The instance icache/way1/lines_reg_256_383_28_28 is implemented as distributed LUT RAM for the following reason: The timing constraints suggest that the chosen mapping will yield a better timing.
Related violations: <none>

SYNTH-5#918 Warning
Mapped onto distributed RAM because of timing constraints  
The instance icache/way1/lines_reg_256_383_29_29 is implemented as distributed LUT RAM for the following reason: The timing constraints suggest that the chosen mapping will yield a better timing.
Related violations: <none>

SYNTH-5#919 Warning
Mapped onto distributed RAM because of timing constraints  
The instance icache/way1/lines_reg_256_383_2_2 is implemented as distributed LUT RAM for the following reason: The timing constraints suggest that the chosen mapping will yield a better timing.
Related violations: <none>

SYNTH-5#920 Warning
Mapped onto distributed RAM because of timing constraints  
The instance icache/way1/lines_reg_256_383_30_30 is implemented as distributed LUT RAM for the following reason: The timing constraints suggest that the chosen mapping will yield a better timing.
Related violations: <none>

SYNTH-5#921 Warning
Mapped onto distributed RAM because of timing constraints  
The instance icache/way1/lines_reg_256_383_31_31 is implemented as distributed LUT RAM for the following reason: The timing constraints suggest that the chosen mapping will yield a better timing.
Related violations: <none>

SYNTH-5#922 Warning
Mapped onto distributed RAM because of timing constraints  
The instance icache/way1/lines_reg_256_383_32_32 is implemented as distributed LUT RAM for the following reason: The timing constraints suggest that the chosen mapping will yield a better timing.
Related violations: <none>

SYNTH-5#923 Warning
Mapped onto distributed RAM because of timing constraints  
The instance icache/way1/lines_reg_256_383_33_33 is implemented as distributed LUT RAM for the following reason: The timing constraints suggest that the chosen mapping will yield a better timing.
Related violations: <none>

SYNTH-5#924 Warning
Mapped onto distributed RAM because of timing constraints  
The instance icache/way1/lines_reg_256_383_34_34 is implemented as distributed LUT RAM for the following reason: The timing constraints suggest that the chosen mapping will yield a better timing.
Related violations: <none>

SYNTH-5#925 Warning
Mapped onto distributed RAM because of timing constraints  
The instance icache/way1/lines_reg_256_383_35_35 is implemented as distributed LUT RAM for the following reason: The timing constraints suggest that the chosen mapping will yield a better timing.
Related violations: <none>

SYNTH-5#926 Warning
Mapped onto distributed RAM because of timing constraints  
The instance icache/way1/lines_reg_256_383_36_36 is implemented as distributed LUT RAM for the following reason: The timing constraints suggest that the chosen mapping will yield a better timing.
Related violations: <none>

SYNTH-5#927 Warning
Mapped onto distributed RAM because of timing constraints  
The instance icache/way1/lines_reg_256_383_37_37 is implemented as distributed LUT RAM for the following reason: The timing constraints suggest that the chosen mapping will yield a better timing.
Related violations: <none>

SYNTH-5#928 Warning
Mapped onto distributed RAM because of timing constraints  
The instance icache/way1/lines_reg_256_383_38_38 is implemented as distributed LUT RAM for the following reason: The timing constraints suggest that the chosen mapping will yield a better timing.
Related violations: <none>

SYNTH-5#929 Warning
Mapped onto distributed RAM because of timing constraints  
The instance icache/way1/lines_reg_256_383_39_39 is implemented as distributed LUT RAM for the following reason: The timing constraints suggest that the chosen mapping will yield a better timing.
Related violations: <none>

SYNTH-5#930 Warning
Mapped onto distributed RAM because of timing constraints  
The instance icache/way1/lines_reg_256_383_3_3 is implemented as distributed LUT RAM for the following reason: The timing constraints suggest that the chosen mapping will yield a better timing.
Related violations: <none>

SYNTH-5#931 Warning
Mapped onto distributed RAM because of timing constraints  
The instance icache/way1/lines_reg_256_383_40_40 is implemented as distributed LUT RAM for the following reason: The timing constraints suggest that the chosen mapping will yield a better timing.
Related violations: <none>

SYNTH-5#932 Warning
Mapped onto distributed RAM because of timing constraints  
The instance icache/way1/lines_reg_256_383_41_41 is implemented as distributed LUT RAM for the following reason: The timing constraints suggest that the chosen mapping will yield a better timing.
Related violations: <none>

SYNTH-5#933 Warning
Mapped onto distributed RAM because of timing constraints  
The instance icache/way1/lines_reg_256_383_42_42 is implemented as distributed LUT RAM for the following reason: The timing constraints suggest that the chosen mapping will yield a better timing.
Related violations: <none>

SYNTH-5#934 Warning
Mapped onto distributed RAM because of timing constraints  
The instance icache/way1/lines_reg_256_383_43_43 is implemented as distributed LUT RAM for the following reason: The timing constraints suggest that the chosen mapping will yield a better timing.
Related violations: <none>

SYNTH-5#935 Warning
Mapped onto distributed RAM because of timing constraints  
The instance icache/way1/lines_reg_256_383_44_44 is implemented as distributed LUT RAM for the following reason: The timing constraints suggest that the chosen mapping will yield a better timing.
Related violations: <none>

SYNTH-5#936 Warning
Mapped onto distributed RAM because of timing constraints  
The instance icache/way1/lines_reg_256_383_45_45 is implemented as distributed LUT RAM for the following reason: The timing constraints suggest that the chosen mapping will yield a better timing.
Related violations: <none>

SYNTH-5#937 Warning
Mapped onto distributed RAM because of timing constraints  
The instance icache/way1/lines_reg_256_383_46_46 is implemented as distributed LUT RAM for the following reason: The timing constraints suggest that the chosen mapping will yield a better timing.
Related violations: <none>

SYNTH-5#938 Warning
Mapped onto distributed RAM because of timing constraints  
The instance icache/way1/lines_reg_256_383_47_47 is implemented as distributed LUT RAM for the following reason: The timing constraints suggest that the chosen mapping will yield a better timing.
Related violations: <none>

SYNTH-5#939 Warning
Mapped onto distributed RAM because of timing constraints  
The instance icache/way1/lines_reg_256_383_48_48 is implemented as distributed LUT RAM for the following reason: The timing constraints suggest that the chosen mapping will yield a better timing.
Related violations: <none>

SYNTH-5#940 Warning
Mapped onto distributed RAM because of timing constraints  
The instance icache/way1/lines_reg_256_383_49_49 is implemented as distributed LUT RAM for the following reason: The timing constraints suggest that the chosen mapping will yield a better timing.
Related violations: <none>

SYNTH-5#941 Warning
Mapped onto distributed RAM because of timing constraints  
The instance icache/way1/lines_reg_256_383_4_4 is implemented as distributed LUT RAM for the following reason: The timing constraints suggest that the chosen mapping will yield a better timing.
Related violations: <none>

SYNTH-5#942 Warning
Mapped onto distributed RAM because of timing constraints  
The instance icache/way1/lines_reg_256_383_50_50 is implemented as distributed LUT RAM for the following reason: The timing constraints suggest that the chosen mapping will yield a better timing.
Related violations: <none>

SYNTH-5#943 Warning
Mapped onto distributed RAM because of timing constraints  
The instance icache/way1/lines_reg_256_383_51_51 is implemented as distributed LUT RAM for the following reason: The timing constraints suggest that the chosen mapping will yield a better timing.
Related violations: <none>

SYNTH-5#944 Warning
Mapped onto distributed RAM because of timing constraints  
The instance icache/way1/lines_reg_256_383_52_52 is implemented as distributed LUT RAM for the following reason: The timing constraints suggest that the chosen mapping will yield a better timing.
Related violations: <none>

SYNTH-5#945 Warning
Mapped onto distributed RAM because of timing constraints  
The instance icache/way1/lines_reg_256_383_53_53 is implemented as distributed LUT RAM for the following reason: The timing constraints suggest that the chosen mapping will yield a better timing.
Related violations: <none>

SYNTH-5#946 Warning
Mapped onto distributed RAM because of timing constraints  
The instance icache/way1/lines_reg_256_383_54_54 is implemented as distributed LUT RAM for the following reason: The timing constraints suggest that the chosen mapping will yield a better timing.
Related violations: <none>

SYNTH-5#947 Warning
Mapped onto distributed RAM because of timing constraints  
The instance icache/way1/lines_reg_256_383_55_55 is implemented as distributed LUT RAM for the following reason: The timing constraints suggest that the chosen mapping will yield a better timing.
Related violations: <none>

SYNTH-5#948 Warning
Mapped onto distributed RAM because of timing constraints  
The instance icache/way1/lines_reg_256_383_56_56 is implemented as distributed LUT RAM for the following reason: The timing constraints suggest that the chosen mapping will yield a better timing.
Related violations: <none>

SYNTH-5#949 Warning
Mapped onto distributed RAM because of timing constraints  
The instance icache/way1/lines_reg_256_383_57_57 is implemented as distributed LUT RAM for the following reason: The timing constraints suggest that the chosen mapping will yield a better timing.
Related violations: <none>

SYNTH-5#950 Warning
Mapped onto distributed RAM because of timing constraints  
The instance icache/way1/lines_reg_256_383_58_58 is implemented as distributed LUT RAM for the following reason: The timing constraints suggest that the chosen mapping will yield a better timing.
Related violations: <none>

SYNTH-5#951 Warning
Mapped onto distributed RAM because of timing constraints  
The instance icache/way1/lines_reg_256_383_59_59 is implemented as distributed LUT RAM for the following reason: The timing constraints suggest that the chosen mapping will yield a better timing.
Related violations: <none>

SYNTH-5#952 Warning
Mapped onto distributed RAM because of timing constraints  
The instance icache/way1/lines_reg_256_383_5_5 is implemented as distributed LUT RAM for the following reason: The timing constraints suggest that the chosen mapping will yield a better timing.
Related violations: <none>

SYNTH-5#953 Warning
Mapped onto distributed RAM because of timing constraints  
The instance icache/way1/lines_reg_256_383_60_60 is implemented as distributed LUT RAM for the following reason: The timing constraints suggest that the chosen mapping will yield a better timing.
Related violations: <none>

SYNTH-5#954 Warning
Mapped onto distributed RAM because of timing constraints  
The instance icache/way1/lines_reg_256_383_61_61 is implemented as distributed LUT RAM for the following reason: The timing constraints suggest that the chosen mapping will yield a better timing.
Related violations: <none>

SYNTH-5#955 Warning
Mapped onto distributed RAM because of timing constraints  
The instance icache/way1/lines_reg_256_383_62_62 is implemented as distributed LUT RAM for the following reason: The timing constraints suggest that the chosen mapping will yield a better timing.
Related violations: <none>

SYNTH-5#956 Warning
Mapped onto distributed RAM because of timing constraints  
The instance icache/way1/lines_reg_256_383_63_63 is implemented as distributed LUT RAM for the following reason: The timing constraints suggest that the chosen mapping will yield a better timing.
Related violations: <none>

SYNTH-5#957 Warning
Mapped onto distributed RAM because of timing constraints  
The instance icache/way1/lines_reg_256_383_6_6 is implemented as distributed LUT RAM for the following reason: The timing constraints suggest that the chosen mapping will yield a better timing.
Related violations: <none>

SYNTH-5#958 Warning
Mapped onto distributed RAM because of timing constraints  
The instance icache/way1/lines_reg_256_383_7_7 is implemented as distributed LUT RAM for the following reason: The timing constraints suggest that the chosen mapping will yield a better timing.
Related violations: <none>

SYNTH-5#959 Warning
Mapped onto distributed RAM because of timing constraints  
The instance icache/way1/lines_reg_256_383_8_8 is implemented as distributed LUT RAM for the following reason: The timing constraints suggest that the chosen mapping will yield a better timing.
Related violations: <none>

SYNTH-5#960 Warning
Mapped onto distributed RAM because of timing constraints  
The instance icache/way1/lines_reg_256_383_9_9 is implemented as distributed LUT RAM for the following reason: The timing constraints suggest that the chosen mapping will yield a better timing.
Related violations: <none>

SYNTH-5#961 Warning
Mapped onto distributed RAM because of timing constraints  
The instance icache/way1/lines_reg_384_511_0_0 is implemented as distributed LUT RAM for the following reason: The timing constraints suggest that the chosen mapping will yield a better timing.
Related violations: <none>

SYNTH-5#962 Warning
Mapped onto distributed RAM because of timing constraints  
The instance icache/way1/lines_reg_384_511_10_10 is implemented as distributed LUT RAM for the following reason: The timing constraints suggest that the chosen mapping will yield a better timing.
Related violations: <none>

SYNTH-5#963 Warning
Mapped onto distributed RAM because of timing constraints  
The instance icache/way1/lines_reg_384_511_11_11 is implemented as distributed LUT RAM for the following reason: The timing constraints suggest that the chosen mapping will yield a better timing.
Related violations: <none>

SYNTH-5#964 Warning
Mapped onto distributed RAM because of timing constraints  
The instance icache/way1/lines_reg_384_511_12_12 is implemented as distributed LUT RAM for the following reason: The timing constraints suggest that the chosen mapping will yield a better timing.
Related violations: <none>

SYNTH-5#965 Warning
Mapped onto distributed RAM because of timing constraints  
The instance icache/way1/lines_reg_384_511_13_13 is implemented as distributed LUT RAM for the following reason: The timing constraints suggest that the chosen mapping will yield a better timing.
Related violations: <none>

SYNTH-5#966 Warning
Mapped onto distributed RAM because of timing constraints  
The instance icache/way1/lines_reg_384_511_14_14 is implemented as distributed LUT RAM for the following reason: The timing constraints suggest that the chosen mapping will yield a better timing.
Related violations: <none>

SYNTH-5#967 Warning
Mapped onto distributed RAM because of timing constraints  
The instance icache/way1/lines_reg_384_511_15_15 is implemented as distributed LUT RAM for the following reason: The timing constraints suggest that the chosen mapping will yield a better timing.
Related violations: <none>

SYNTH-5#968 Warning
Mapped onto distributed RAM because of timing constraints  
The instance icache/way1/lines_reg_384_511_16_16 is implemented as distributed LUT RAM for the following reason: The timing constraints suggest that the chosen mapping will yield a better timing.
Related violations: <none>

SYNTH-5#969 Warning
Mapped onto distributed RAM because of timing constraints  
The instance icache/way1/lines_reg_384_511_17_17 is implemented as distributed LUT RAM for the following reason: The timing constraints suggest that the chosen mapping will yield a better timing.
Related violations: <none>

SYNTH-5#970 Warning
Mapped onto distributed RAM because of timing constraints  
The instance icache/way1/lines_reg_384_511_18_18 is implemented as distributed LUT RAM for the following reason: The timing constraints suggest that the chosen mapping will yield a better timing.
Related violations: <none>

SYNTH-5#971 Warning
Mapped onto distributed RAM because of timing constraints  
The instance icache/way1/lines_reg_384_511_19_19 is implemented as distributed LUT RAM for the following reason: The timing constraints suggest that the chosen mapping will yield a better timing.
Related violations: <none>

SYNTH-5#972 Warning
Mapped onto distributed RAM because of timing constraints  
The instance icache/way1/lines_reg_384_511_1_1 is implemented as distributed LUT RAM for the following reason: The timing constraints suggest that the chosen mapping will yield a better timing.
Related violations: <none>

SYNTH-5#973 Warning
Mapped onto distributed RAM because of timing constraints  
The instance icache/way1/lines_reg_384_511_20_20 is implemented as distributed LUT RAM for the following reason: The timing constraints suggest that the chosen mapping will yield a better timing.
Related violations: <none>

SYNTH-5#974 Warning
Mapped onto distributed RAM because of timing constraints  
The instance icache/way1/lines_reg_384_511_21_21 is implemented as distributed LUT RAM for the following reason: The timing constraints suggest that the chosen mapping will yield a better timing.
Related violations: <none>

SYNTH-5#975 Warning
Mapped onto distributed RAM because of timing constraints  
The instance icache/way1/lines_reg_384_511_22_22 is implemented as distributed LUT RAM for the following reason: The timing constraints suggest that the chosen mapping will yield a better timing.
Related violations: <none>

SYNTH-5#976 Warning
Mapped onto distributed RAM because of timing constraints  
The instance icache/way1/lines_reg_384_511_23_23 is implemented as distributed LUT RAM for the following reason: The timing constraints suggest that the chosen mapping will yield a better timing.
Related violations: <none>

SYNTH-5#977 Warning
Mapped onto distributed RAM because of timing constraints  
The instance icache/way1/lines_reg_384_511_24_24 is implemented as distributed LUT RAM for the following reason: The timing constraints suggest that the chosen mapping will yield a better timing.
Related violations: <none>

SYNTH-5#978 Warning
Mapped onto distributed RAM because of timing constraints  
The instance icache/way1/lines_reg_384_511_25_25 is implemented as distributed LUT RAM for the following reason: The timing constraints suggest that the chosen mapping will yield a better timing.
Related violations: <none>

SYNTH-5#979 Warning
Mapped onto distributed RAM because of timing constraints  
The instance icache/way1/lines_reg_384_511_26_26 is implemented as distributed LUT RAM for the following reason: The timing constraints suggest that the chosen mapping will yield a better timing.
Related violations: <none>

SYNTH-5#980 Warning
Mapped onto distributed RAM because of timing constraints  
The instance icache/way1/lines_reg_384_511_27_27 is implemented as distributed LUT RAM for the following reason: The timing constraints suggest that the chosen mapping will yield a better timing.
Related violations: <none>

SYNTH-5#981 Warning
Mapped onto distributed RAM because of timing constraints  
The instance icache/way1/lines_reg_384_511_28_28 is implemented as distributed LUT RAM for the following reason: The timing constraints suggest that the chosen mapping will yield a better timing.
Related violations: <none>

SYNTH-5#982 Warning
Mapped onto distributed RAM because of timing constraints  
The instance icache/way1/lines_reg_384_511_29_29 is implemented as distributed LUT RAM for the following reason: The timing constraints suggest that the chosen mapping will yield a better timing.
Related violations: <none>

SYNTH-5#983 Warning
Mapped onto distributed RAM because of timing constraints  
The instance icache/way1/lines_reg_384_511_2_2 is implemented as distributed LUT RAM for the following reason: The timing constraints suggest that the chosen mapping will yield a better timing.
Related violations: <none>

SYNTH-5#984 Warning
Mapped onto distributed RAM because of timing constraints  
The instance icache/way1/lines_reg_384_511_30_30 is implemented as distributed LUT RAM for the following reason: The timing constraints suggest that the chosen mapping will yield a better timing.
Related violations: <none>

SYNTH-5#985 Warning
Mapped onto distributed RAM because of timing constraints  
The instance icache/way1/lines_reg_384_511_31_31 is implemented as distributed LUT RAM for the following reason: The timing constraints suggest that the chosen mapping will yield a better timing.
Related violations: <none>

SYNTH-5#986 Warning
Mapped onto distributed RAM because of timing constraints  
The instance icache/way1/lines_reg_384_511_32_32 is implemented as distributed LUT RAM for the following reason: The timing constraints suggest that the chosen mapping will yield a better timing.
Related violations: <none>

SYNTH-5#987 Warning
Mapped onto distributed RAM because of timing constraints  
The instance icache/way1/lines_reg_384_511_33_33 is implemented as distributed LUT RAM for the following reason: The timing constraints suggest that the chosen mapping will yield a better timing.
Related violations: <none>

SYNTH-5#988 Warning
Mapped onto distributed RAM because of timing constraints  
The instance icache/way1/lines_reg_384_511_34_34 is implemented as distributed LUT RAM for the following reason: The timing constraints suggest that the chosen mapping will yield a better timing.
Related violations: <none>

SYNTH-5#989 Warning
Mapped onto distributed RAM because of timing constraints  
The instance icache/way1/lines_reg_384_511_35_35 is implemented as distributed LUT RAM for the following reason: The timing constraints suggest that the chosen mapping will yield a better timing.
Related violations: <none>

SYNTH-5#990 Warning
Mapped onto distributed RAM because of timing constraints  
The instance icache/way1/lines_reg_384_511_36_36 is implemented as distributed LUT RAM for the following reason: The timing constraints suggest that the chosen mapping will yield a better timing.
Related violations: <none>

SYNTH-5#991 Warning
Mapped onto distributed RAM because of timing constraints  
The instance icache/way1/lines_reg_384_511_37_37 is implemented as distributed LUT RAM for the following reason: The timing constraints suggest that the chosen mapping will yield a better timing.
Related violations: <none>

SYNTH-5#992 Warning
Mapped onto distributed RAM because of timing constraints  
The instance icache/way1/lines_reg_384_511_38_38 is implemented as distributed LUT RAM for the following reason: The timing constraints suggest that the chosen mapping will yield a better timing.
Related violations: <none>

SYNTH-5#993 Warning
Mapped onto distributed RAM because of timing constraints  
The instance icache/way1/lines_reg_384_511_39_39 is implemented as distributed LUT RAM for the following reason: The timing constraints suggest that the chosen mapping will yield a better timing.
Related violations: <none>

SYNTH-5#994 Warning
Mapped onto distributed RAM because of timing constraints  
The instance icache/way1/lines_reg_384_511_3_3 is implemented as distributed LUT RAM for the following reason: The timing constraints suggest that the chosen mapping will yield a better timing.
Related violations: <none>

SYNTH-5#995 Warning
Mapped onto distributed RAM because of timing constraints  
The instance icache/way1/lines_reg_384_511_40_40 is implemented as distributed LUT RAM for the following reason: The timing constraints suggest that the chosen mapping will yield a better timing.
Related violations: <none>

SYNTH-5#996 Warning
Mapped onto distributed RAM because of timing constraints  
The instance icache/way1/lines_reg_384_511_41_41 is implemented as distributed LUT RAM for the following reason: The timing constraints suggest that the chosen mapping will yield a better timing.
Related violations: <none>

SYNTH-5#997 Warning
Mapped onto distributed RAM because of timing constraints  
The instance icache/way1/lines_reg_384_511_42_42 is implemented as distributed LUT RAM for the following reason: The timing constraints suggest that the chosen mapping will yield a better timing.
Related violations: <none>

SYNTH-5#998 Warning
Mapped onto distributed RAM because of timing constraints  
The instance icache/way1/lines_reg_384_511_43_43 is implemented as distributed LUT RAM for the following reason: The timing constraints suggest that the chosen mapping will yield a better timing.
Related violations: <none>

SYNTH-5#999 Warning
Mapped onto distributed RAM because of timing constraints  
The instance icache/way1/lines_reg_384_511_44_44 is implemented as distributed LUT RAM for the following reason: The timing constraints suggest that the chosen mapping will yield a better timing.
Related violations: <none>

SYNTH-5#1000 Warning
Mapped onto distributed RAM because of timing constraints  
The instance icache/way1/lines_reg_384_511_45_45 is implemented as distributed LUT RAM for the following reason: The timing constraints suggest that the chosen mapping will yield a better timing.
Related violations: <none>

SYNTH-5#1001 Warning
Mapped onto distributed RAM because of timing constraints  
The instance icache/way1/lines_reg_384_511_46_46 is implemented as distributed LUT RAM for the following reason: The timing constraints suggest that the chosen mapping will yield a better timing.
Related violations: <none>

SYNTH-5#1002 Warning
Mapped onto distributed RAM because of timing constraints  
The instance icache/way1/lines_reg_384_511_47_47 is implemented as distributed LUT RAM for the following reason: The timing constraints suggest that the chosen mapping will yield a better timing.
Related violations: <none>

SYNTH-5#1003 Warning
Mapped onto distributed RAM because of timing constraints  
The instance icache/way1/lines_reg_384_511_48_48 is implemented as distributed LUT RAM for the following reason: The timing constraints suggest that the chosen mapping will yield a better timing.
Related violations: <none>

SYNTH-5#1004 Warning
Mapped onto distributed RAM because of timing constraints  
The instance icache/way1/lines_reg_384_511_49_49 is implemented as distributed LUT RAM for the following reason: The timing constraints suggest that the chosen mapping will yield a better timing.
Related violations: <none>

SYNTH-5#1005 Warning
Mapped onto distributed RAM because of timing constraints  
The instance icache/way1/lines_reg_384_511_4_4 is implemented as distributed LUT RAM for the following reason: The timing constraints suggest that the chosen mapping will yield a better timing.
Related violations: <none>

SYNTH-5#1006 Warning
Mapped onto distributed RAM because of timing constraints  
The instance icache/way1/lines_reg_384_511_50_50 is implemented as distributed LUT RAM for the following reason: The timing constraints suggest that the chosen mapping will yield a better timing.
Related violations: <none>

SYNTH-5#1007 Warning
Mapped onto distributed RAM because of timing constraints  
The instance icache/way1/lines_reg_384_511_51_51 is implemented as distributed LUT RAM for the following reason: The timing constraints suggest that the chosen mapping will yield a better timing.
Related violations: <none>

SYNTH-5#1008 Warning
Mapped onto distributed RAM because of timing constraints  
The instance icache/way1/lines_reg_384_511_52_52 is implemented as distributed LUT RAM for the following reason: The timing constraints suggest that the chosen mapping will yield a better timing.
Related violations: <none>

SYNTH-5#1009 Warning
Mapped onto distributed RAM because of timing constraints  
The instance icache/way1/lines_reg_384_511_53_53 is implemented as distributed LUT RAM for the following reason: The timing constraints suggest that the chosen mapping will yield a better timing.
Related violations: <none>

SYNTH-5#1010 Warning
Mapped onto distributed RAM because of timing constraints  
The instance icache/way1/lines_reg_384_511_54_54 is implemented as distributed LUT RAM for the following reason: The timing constraints suggest that the chosen mapping will yield a better timing.
Related violations: <none>

SYNTH-5#1011 Warning
Mapped onto distributed RAM because of timing constraints  
The instance icache/way1/lines_reg_384_511_55_55 is implemented as distributed LUT RAM for the following reason: The timing constraints suggest that the chosen mapping will yield a better timing.
Related violations: <none>

SYNTH-5#1012 Warning
Mapped onto distributed RAM because of timing constraints  
The instance icache/way1/lines_reg_384_511_56_56 is implemented as distributed LUT RAM for the following reason: The timing constraints suggest that the chosen mapping will yield a better timing.
Related violations: <none>

SYNTH-5#1013 Warning
Mapped onto distributed RAM because of timing constraints  
The instance icache/way1/lines_reg_384_511_57_57 is implemented as distributed LUT RAM for the following reason: The timing constraints suggest that the chosen mapping will yield a better timing.
Related violations: <none>

SYNTH-5#1014 Warning
Mapped onto distributed RAM because of timing constraints  
The instance icache/way1/lines_reg_384_511_58_58 is implemented as distributed LUT RAM for the following reason: The timing constraints suggest that the chosen mapping will yield a better timing.
Related violations: <none>

SYNTH-5#1015 Warning
Mapped onto distributed RAM because of timing constraints  
The instance icache/way1/lines_reg_384_511_59_59 is implemented as distributed LUT RAM for the following reason: The timing constraints suggest that the chosen mapping will yield a better timing.
Related violations: <none>

SYNTH-5#1016 Warning
Mapped onto distributed RAM because of timing constraints  
The instance icache/way1/lines_reg_384_511_5_5 is implemented as distributed LUT RAM for the following reason: The timing constraints suggest that the chosen mapping will yield a better timing.
Related violations: <none>

SYNTH-5#1017 Warning
Mapped onto distributed RAM because of timing constraints  
The instance icache/way1/lines_reg_384_511_60_60 is implemented as distributed LUT RAM for the following reason: The timing constraints suggest that the chosen mapping will yield a better timing.
Related violations: <none>

SYNTH-5#1018 Warning
Mapped onto distributed RAM because of timing constraints  
The instance icache/way1/lines_reg_384_511_61_61 is implemented as distributed LUT RAM for the following reason: The timing constraints suggest that the chosen mapping will yield a better timing.
Related violations: <none>

SYNTH-5#1019 Warning
Mapped onto distributed RAM because of timing constraints  
The instance icache/way1/lines_reg_384_511_62_62 is implemented as distributed LUT RAM for the following reason: The timing constraints suggest that the chosen mapping will yield a better timing.
Related violations: <none>

SYNTH-5#1020 Warning
Mapped onto distributed RAM because of timing constraints  
The instance icache/way1/lines_reg_384_511_63_63 is implemented as distributed LUT RAM for the following reason: The timing constraints suggest that the chosen mapping will yield a better timing.
Related violations: <none>

SYNTH-5#1021 Warning
Mapped onto distributed RAM because of timing constraints  
The instance icache/way1/lines_reg_384_511_6_6 is implemented as distributed LUT RAM for the following reason: The timing constraints suggest that the chosen mapping will yield a better timing.
Related violations: <none>

SYNTH-5#1022 Warning
Mapped onto distributed RAM because of timing constraints  
The instance icache/way1/lines_reg_384_511_7_7 is implemented as distributed LUT RAM for the following reason: The timing constraints suggest that the chosen mapping will yield a better timing.
Related violations: <none>

SYNTH-5#1023 Warning
Mapped onto distributed RAM because of timing constraints  
The instance icache/way1/lines_reg_384_511_8_8 is implemented as distributed LUT RAM for the following reason: The timing constraints suggest that the chosen mapping will yield a better timing.
Related violations: <none>

SYNTH-5#1024 Warning
Mapped onto distributed RAM because of timing constraints  
The instance icache/way1/lines_reg_384_511_9_9 is implemented as distributed LUT RAM for the following reason: The timing constraints suggest that the chosen mapping will yield a better timing.
Related violations: <none>

SYNTH-10#1 Warning
Wide multiplier  
Detected multiplier at cv32e40p_core_ip/core_i/ex_stage_i/mult_i/ of size 15x18, it is decomposed from a wide multipler into 4 DSP blocks.
Related violations: <none>

SYNTH-10#2 Warning
Wide multiplier  
Detected multiplier at cv32e40p_core_ip/core_i/ex_stage_i/mult_i/__0 of size 18x18, it is decomposed from a wide multipler into 4 DSP blocks.
Related violations: <none>

SYNTH-10#3 Warning
Wide multiplier  
Detected multiplier at cv32e40p_core_ip/core_i/ex_stage_i/mult_i/__1 of size 18x15, it is decomposed from a wide multipler into 4 DSP blocks.
Related violations: <none>

SYNTH-15#1 Warning
Byte wide write enable not inferred  
Byte wide write enable (BWWE) is not inferred for Block RAM main_memory/ram_reg_0_0_0 because address width (17) is more than optimal threshold of 12. Implementing using BWWE will require more logic and timing would be suboptimal. Please use attribute ram_decomp = power if BWWE is desired..
Related violations: <none>

SYNTH-15#2 Warning
Byte wide write enable not inferred  
Byte wide write enable (BWWE) is not inferred for Block RAM main_memory/ram_reg_0_0_1 because address width (17) is more than optimal threshold of 12. Implementing using BWWE will require more logic and timing would be suboptimal. Please use attribute ram_decomp = power if BWWE is desired..
Related violations: <none>

SYNTH-15#3 Warning
Byte wide write enable not inferred  
Byte wide write enable (BWWE) is not inferred for Block RAM main_memory/ram_reg_0_0_2 because address width (17) is more than optimal threshold of 12. Implementing using BWWE will require more logic and timing would be suboptimal. Please use attribute ram_decomp = power if BWWE is desired..
Related violations: <none>

SYNTH-15#4 Warning
Byte wide write enable not inferred  
Byte wide write enable (BWWE) is not inferred for Block RAM main_memory/ram_reg_0_0_3 because address width (17) is more than optimal threshold of 12. Implementing using BWWE will require more logic and timing would be suboptimal. Please use attribute ram_decomp = power if BWWE is desired..
Related violations: <none>

SYNTH-15#5 Warning
Byte wide write enable not inferred  
Byte wide write enable (BWWE) is not inferred for Block RAM main_memory/ram_reg_0_0_4 because address width (17) is more than optimal threshold of 12. Implementing using BWWE will require more logic and timing would be suboptimal. Please use attribute ram_decomp = power if BWWE is desired..
Related violations: <none>

SYNTH-15#6 Warning
Byte wide write enable not inferred  
Byte wide write enable (BWWE) is not inferred for Block RAM main_memory/ram_reg_0_0_5 because address width (17) is more than optimal threshold of 12. Implementing using BWWE will require more logic and timing would be suboptimal. Please use attribute ram_decomp = power if BWWE is desired..
Related violations: <none>

SYNTH-15#7 Warning
Byte wide write enable not inferred  
Byte wide write enable (BWWE) is not inferred for Block RAM main_memory/ram_reg_0_0_6 because address width (17) is more than optimal threshold of 12. Implementing using BWWE will require more logic and timing would be suboptimal. Please use attribute ram_decomp = power if BWWE is desired..
Related violations: <none>

SYNTH-15#8 Warning
Byte wide write enable not inferred  
Byte wide write enable (BWWE) is not inferred for Block RAM main_memory/ram_reg_0_0_7 because address width (17) is more than optimal threshold of 12. Implementing using BWWE will require more logic and timing would be suboptimal. Please use attribute ram_decomp = power if BWWE is desired..
Related violations: <none>

SYNTH-15#9 Warning
Byte wide write enable not inferred  
Byte wide write enable (BWWE) is not inferred for Block RAM main_memory/ram_reg_0_1_0 because address width (17) is more than optimal threshold of 12. Implementing using BWWE will require more logic and timing would be suboptimal. Please use attribute ram_decomp = power if BWWE is desired..
Related violations: <none>

SYNTH-15#10 Warning
Byte wide write enable not inferred  
Byte wide write enable (BWWE) is not inferred for Block RAM main_memory/ram_reg_0_1_1 because address width (17) is more than optimal threshold of 12. Implementing using BWWE will require more logic and timing would be suboptimal. Please use attribute ram_decomp = power if BWWE is desired..
Related violations: <none>

SYNTH-15#11 Warning
Byte wide write enable not inferred  
Byte wide write enable (BWWE) is not inferred for Block RAM main_memory/ram_reg_0_1_2 because address width (17) is more than optimal threshold of 12. Implementing using BWWE will require more logic and timing would be suboptimal. Please use attribute ram_decomp = power if BWWE is desired..
Related violations: <none>

SYNTH-15#12 Warning
Byte wide write enable not inferred  
Byte wide write enable (BWWE) is not inferred for Block RAM main_memory/ram_reg_0_1_3 because address width (17) is more than optimal threshold of 12. Implementing using BWWE will require more logic and timing would be suboptimal. Please use attribute ram_decomp = power if BWWE is desired..
Related violations: <none>

SYNTH-15#13 Warning
Byte wide write enable not inferred  
Byte wide write enable (BWWE) is not inferred for Block RAM main_memory/ram_reg_0_1_4 because address width (17) is more than optimal threshold of 12. Implementing using BWWE will require more logic and timing would be suboptimal. Please use attribute ram_decomp = power if BWWE is desired..
Related violations: <none>

SYNTH-15#14 Warning
Byte wide write enable not inferred  
Byte wide write enable (BWWE) is not inferred for Block RAM main_memory/ram_reg_0_1_5 because address width (17) is more than optimal threshold of 12. Implementing using BWWE will require more logic and timing would be suboptimal. Please use attribute ram_decomp = power if BWWE is desired..
Related violations: <none>

SYNTH-15#15 Warning
Byte wide write enable not inferred  
Byte wide write enable (BWWE) is not inferred for Block RAM main_memory/ram_reg_0_1_6 because address width (17) is more than optimal threshold of 12. Implementing using BWWE will require more logic and timing would be suboptimal. Please use attribute ram_decomp = power if BWWE is desired..
Related violations: <none>

SYNTH-15#16 Warning
Byte wide write enable not inferred  
Byte wide write enable (BWWE) is not inferred for Block RAM main_memory/ram_reg_0_1_7 because address width (17) is more than optimal threshold of 12. Implementing using BWWE will require more logic and timing would be suboptimal. Please use attribute ram_decomp = power if BWWE is desired..
Related violations: <none>

SYNTH-15#17 Warning
Byte wide write enable not inferred  
Byte wide write enable (BWWE) is not inferred for Block RAM main_memory/ram_reg_0_2_0 because address width (17) is more than optimal threshold of 12. Implementing using BWWE will require more logic and timing would be suboptimal. Please use attribute ram_decomp = power if BWWE is desired..
Related violations: <none>

SYNTH-15#18 Warning
Byte wide write enable not inferred  
Byte wide write enable (BWWE) is not inferred for Block RAM main_memory/ram_reg_0_2_1 because address width (17) is more than optimal threshold of 12. Implementing using BWWE will require more logic and timing would be suboptimal. Please use attribute ram_decomp = power if BWWE is desired..
Related violations: <none>

SYNTH-15#19 Warning
Byte wide write enable not inferred  
Byte wide write enable (BWWE) is not inferred for Block RAM main_memory/ram_reg_0_2_2 because address width (17) is more than optimal threshold of 12. Implementing using BWWE will require more logic and timing would be suboptimal. Please use attribute ram_decomp = power if BWWE is desired..
Related violations: <none>

SYNTH-15#20 Warning
Byte wide write enable not inferred  
Byte wide write enable (BWWE) is not inferred for Block RAM main_memory/ram_reg_0_2_3 because address width (17) is more than optimal threshold of 12. Implementing using BWWE will require more logic and timing would be suboptimal. Please use attribute ram_decomp = power if BWWE is desired..
Related violations: <none>

SYNTH-15#21 Warning
Byte wide write enable not inferred  
Byte wide write enable (BWWE) is not inferred for Block RAM main_memory/ram_reg_0_2_4 because address width (17) is more than optimal threshold of 12. Implementing using BWWE will require more logic and timing would be suboptimal. Please use attribute ram_decomp = power if BWWE is desired..
Related violations: <none>

SYNTH-15#22 Warning
Byte wide write enable not inferred  
Byte wide write enable (BWWE) is not inferred for Block RAM main_memory/ram_reg_0_2_5 because address width (17) is more than optimal threshold of 12. Implementing using BWWE will require more logic and timing would be suboptimal. Please use attribute ram_decomp = power if BWWE is desired..
Related violations: <none>

SYNTH-15#23 Warning
Byte wide write enable not inferred  
Byte wide write enable (BWWE) is not inferred for Block RAM main_memory/ram_reg_0_2_6 because address width (17) is more than optimal threshold of 12. Implementing using BWWE will require more logic and timing would be suboptimal. Please use attribute ram_decomp = power if BWWE is desired..
Related violations: <none>

SYNTH-15#24 Warning
Byte wide write enable not inferred  
Byte wide write enable (BWWE) is not inferred for Block RAM main_memory/ram_reg_0_2_7 because address width (17) is more than optimal threshold of 12. Implementing using BWWE will require more logic and timing would be suboptimal. Please use attribute ram_decomp = power if BWWE is desired..
Related violations: <none>

SYNTH-15#25 Warning
Byte wide write enable not inferred  
Byte wide write enable (BWWE) is not inferred for Block RAM main_memory/ram_reg_0_3_0 because address width (17) is more than optimal threshold of 12. Implementing using BWWE will require more logic and timing would be suboptimal. Please use attribute ram_decomp = power if BWWE is desired..
Related violations: <none>

SYNTH-15#26 Warning
Byte wide write enable not inferred  
Byte wide write enable (BWWE) is not inferred for Block RAM main_memory/ram_reg_0_3_1 because address width (17) is more than optimal threshold of 12. Implementing using BWWE will require more logic and timing would be suboptimal. Please use attribute ram_decomp = power if BWWE is desired..
Related violations: <none>

SYNTH-15#27 Warning
Byte wide write enable not inferred  
Byte wide write enable (BWWE) is not inferred for Block RAM main_memory/ram_reg_0_3_2 because address width (17) is more than optimal threshold of 12. Implementing using BWWE will require more logic and timing would be suboptimal. Please use attribute ram_decomp = power if BWWE is desired..
Related violations: <none>

SYNTH-15#28 Warning
Byte wide write enable not inferred  
Byte wide write enable (BWWE) is not inferred for Block RAM main_memory/ram_reg_0_3_3 because address width (17) is more than optimal threshold of 12. Implementing using BWWE will require more logic and timing would be suboptimal. Please use attribute ram_decomp = power if BWWE is desired..
Related violations: <none>

SYNTH-15#29 Warning
Byte wide write enable not inferred  
Byte wide write enable (BWWE) is not inferred for Block RAM main_memory/ram_reg_0_3_4 because address width (17) is more than optimal threshold of 12. Implementing using BWWE will require more logic and timing would be suboptimal. Please use attribute ram_decomp = power if BWWE is desired..
Related violations: <none>

SYNTH-15#30 Warning
Byte wide write enable not inferred  
Byte wide write enable (BWWE) is not inferred for Block RAM main_memory/ram_reg_0_3_5 because address width (17) is more than optimal threshold of 12. Implementing using BWWE will require more logic and timing would be suboptimal. Please use attribute ram_decomp = power if BWWE is desired..
Related violations: <none>

SYNTH-15#31 Warning
Byte wide write enable not inferred  
Byte wide write enable (BWWE) is not inferred for Block RAM main_memory/ram_reg_0_3_6 because address width (17) is more than optimal threshold of 12. Implementing using BWWE will require more logic and timing would be suboptimal. Please use attribute ram_decomp = power if BWWE is desired..
Related violations: <none>

SYNTH-15#32 Warning
Byte wide write enable not inferred  
Byte wide write enable (BWWE) is not inferred for Block RAM main_memory/ram_reg_0_3_7 because address width (17) is more than optimal threshold of 12. Implementing using BWWE will require more logic and timing would be suboptimal. Please use attribute ram_decomp = power if BWWE is desired..
Related violations: <none>

SYNTH-15#33 Warning
Byte wide write enable not inferred  
Byte wide write enable (BWWE) is not inferred for Block RAM main_memory/ram_reg_1_0_0 because address width (17) is more than optimal threshold of 12. Implementing using BWWE will require more logic and timing would be suboptimal. Please use attribute ram_decomp = power if BWWE is desired..
Related violations: <none>

SYNTH-15#34 Warning
Byte wide write enable not inferred  
Byte wide write enable (BWWE) is not inferred for Block RAM main_memory/ram_reg_1_0_1 because address width (17) is more than optimal threshold of 12. Implementing using BWWE will require more logic and timing would be suboptimal. Please use attribute ram_decomp = power if BWWE is desired..
Related violations: <none>

SYNTH-15#35 Warning
Byte wide write enable not inferred  
Byte wide write enable (BWWE) is not inferred for Block RAM main_memory/ram_reg_1_0_2 because address width (17) is more than optimal threshold of 12. Implementing using BWWE will require more logic and timing would be suboptimal. Please use attribute ram_decomp = power if BWWE is desired..
Related violations: <none>

SYNTH-15#36 Warning
Byte wide write enable not inferred  
Byte wide write enable (BWWE) is not inferred for Block RAM main_memory/ram_reg_1_0_3 because address width (17) is more than optimal threshold of 12. Implementing using BWWE will require more logic and timing would be suboptimal. Please use attribute ram_decomp = power if BWWE is desired..
Related violations: <none>

SYNTH-15#37 Warning
Byte wide write enable not inferred  
Byte wide write enable (BWWE) is not inferred for Block RAM main_memory/ram_reg_1_0_4 because address width (17) is more than optimal threshold of 12. Implementing using BWWE will require more logic and timing would be suboptimal. Please use attribute ram_decomp = power if BWWE is desired..
Related violations: <none>

SYNTH-15#38 Warning
Byte wide write enable not inferred  
Byte wide write enable (BWWE) is not inferred for Block RAM main_memory/ram_reg_1_0_5 because address width (17) is more than optimal threshold of 12. Implementing using BWWE will require more logic and timing would be suboptimal. Please use attribute ram_decomp = power if BWWE is desired..
Related violations: <none>

SYNTH-15#39 Warning
Byte wide write enable not inferred  
Byte wide write enable (BWWE) is not inferred for Block RAM main_memory/ram_reg_1_0_6 because address width (17) is more than optimal threshold of 12. Implementing using BWWE will require more logic and timing would be suboptimal. Please use attribute ram_decomp = power if BWWE is desired..
Related violations: <none>

SYNTH-15#40 Warning
Byte wide write enable not inferred  
Byte wide write enable (BWWE) is not inferred for Block RAM main_memory/ram_reg_1_0_7 because address width (17) is more than optimal threshold of 12. Implementing using BWWE will require more logic and timing would be suboptimal. Please use attribute ram_decomp = power if BWWE is desired..
Related violations: <none>

SYNTH-15#41 Warning
Byte wide write enable not inferred  
Byte wide write enable (BWWE) is not inferred for Block RAM main_memory/ram_reg_1_1_0 because address width (17) is more than optimal threshold of 12. Implementing using BWWE will require more logic and timing would be suboptimal. Please use attribute ram_decomp = power if BWWE is desired..
Related violations: <none>

SYNTH-15#42 Warning
Byte wide write enable not inferred  
Byte wide write enable (BWWE) is not inferred for Block RAM main_memory/ram_reg_1_1_1 because address width (17) is more than optimal threshold of 12. Implementing using BWWE will require more logic and timing would be suboptimal. Please use attribute ram_decomp = power if BWWE is desired..
Related violations: <none>

SYNTH-15#43 Warning
Byte wide write enable not inferred  
Byte wide write enable (BWWE) is not inferred for Block RAM main_memory/ram_reg_1_1_2 because address width (17) is more than optimal threshold of 12. Implementing using BWWE will require more logic and timing would be suboptimal. Please use attribute ram_decomp = power if BWWE is desired..
Related violations: <none>

SYNTH-15#44 Warning
Byte wide write enable not inferred  
Byte wide write enable (BWWE) is not inferred for Block RAM main_memory/ram_reg_1_1_3 because address width (17) is more than optimal threshold of 12. Implementing using BWWE will require more logic and timing would be suboptimal. Please use attribute ram_decomp = power if BWWE is desired..
Related violations: <none>

SYNTH-15#45 Warning
Byte wide write enable not inferred  
Byte wide write enable (BWWE) is not inferred for Block RAM main_memory/ram_reg_1_1_4 because address width (17) is more than optimal threshold of 12. Implementing using BWWE will require more logic and timing would be suboptimal. Please use attribute ram_decomp = power if BWWE is desired..
Related violations: <none>

SYNTH-15#46 Warning
Byte wide write enable not inferred  
Byte wide write enable (BWWE) is not inferred for Block RAM main_memory/ram_reg_1_1_5 because address width (17) is more than optimal threshold of 12. Implementing using BWWE will require more logic and timing would be suboptimal. Please use attribute ram_decomp = power if BWWE is desired..
Related violations: <none>

SYNTH-15#47 Warning
Byte wide write enable not inferred  
Byte wide write enable (BWWE) is not inferred for Block RAM main_memory/ram_reg_1_1_6 because address width (17) is more than optimal threshold of 12. Implementing using BWWE will require more logic and timing would be suboptimal. Please use attribute ram_decomp = power if BWWE is desired..
Related violations: <none>

SYNTH-15#48 Warning
Byte wide write enable not inferred  
Byte wide write enable (BWWE) is not inferred for Block RAM main_memory/ram_reg_1_1_7 because address width (17) is more than optimal threshold of 12. Implementing using BWWE will require more logic and timing would be suboptimal. Please use attribute ram_decomp = power if BWWE is desired..
Related violations: <none>

SYNTH-15#49 Warning
Byte wide write enable not inferred  
Byte wide write enable (BWWE) is not inferred for Block RAM main_memory/ram_reg_1_2_0 because address width (17) is more than optimal threshold of 12. Implementing using BWWE will require more logic and timing would be suboptimal. Please use attribute ram_decomp = power if BWWE is desired..
Related violations: <none>

SYNTH-15#50 Warning
Byte wide write enable not inferred  
Byte wide write enable (BWWE) is not inferred for Block RAM main_memory/ram_reg_1_2_1 because address width (17) is more than optimal threshold of 12. Implementing using BWWE will require more logic and timing would be suboptimal. Please use attribute ram_decomp = power if BWWE is desired..
Related violations: <none>

SYNTH-15#51 Warning
Byte wide write enable not inferred  
Byte wide write enable (BWWE) is not inferred for Block RAM main_memory/ram_reg_1_2_2 because address width (17) is more than optimal threshold of 12. Implementing using BWWE will require more logic and timing would be suboptimal. Please use attribute ram_decomp = power if BWWE is desired..
Related violations: <none>

SYNTH-15#52 Warning
Byte wide write enable not inferred  
Byte wide write enable (BWWE) is not inferred for Block RAM main_memory/ram_reg_1_2_3 because address width (17) is more than optimal threshold of 12. Implementing using BWWE will require more logic and timing would be suboptimal. Please use attribute ram_decomp = power if BWWE is desired..
Related violations: <none>

SYNTH-15#53 Warning
Byte wide write enable not inferred  
Byte wide write enable (BWWE) is not inferred for Block RAM main_memory/ram_reg_1_2_4 because address width (17) is more than optimal threshold of 12. Implementing using BWWE will require more logic and timing would be suboptimal. Please use attribute ram_decomp = power if BWWE is desired..
Related violations: <none>

SYNTH-15#54 Warning
Byte wide write enable not inferred  
Byte wide write enable (BWWE) is not inferred for Block RAM main_memory/ram_reg_1_2_5 because address width (17) is more than optimal threshold of 12. Implementing using BWWE will require more logic and timing would be suboptimal. Please use attribute ram_decomp = power if BWWE is desired..
Related violations: <none>

SYNTH-15#55 Warning
Byte wide write enable not inferred  
Byte wide write enable (BWWE) is not inferred for Block RAM main_memory/ram_reg_1_2_6 because address width (17) is more than optimal threshold of 12. Implementing using BWWE will require more logic and timing would be suboptimal. Please use attribute ram_decomp = power if BWWE is desired..
Related violations: <none>

SYNTH-15#56 Warning
Byte wide write enable not inferred  
Byte wide write enable (BWWE) is not inferred for Block RAM main_memory/ram_reg_1_2_7 because address width (17) is more than optimal threshold of 12. Implementing using BWWE will require more logic and timing would be suboptimal. Please use attribute ram_decomp = power if BWWE is desired..
Related violations: <none>

SYNTH-15#57 Warning
Byte wide write enable not inferred  
Byte wide write enable (BWWE) is not inferred for Block RAM main_memory/ram_reg_1_3_0 because address width (17) is more than optimal threshold of 12. Implementing using BWWE will require more logic and timing would be suboptimal. Please use attribute ram_decomp = power if BWWE is desired..
Related violations: <none>

SYNTH-15#58 Warning
Byte wide write enable not inferred  
Byte wide write enable (BWWE) is not inferred for Block RAM main_memory/ram_reg_1_3_1 because address width (17) is more than optimal threshold of 12. Implementing using BWWE will require more logic and timing would be suboptimal. Please use attribute ram_decomp = power if BWWE is desired..
Related violations: <none>

SYNTH-15#59 Warning
Byte wide write enable not inferred  
Byte wide write enable (BWWE) is not inferred for Block RAM main_memory/ram_reg_1_3_2 because address width (17) is more than optimal threshold of 12. Implementing using BWWE will require more logic and timing would be suboptimal. Please use attribute ram_decomp = power if BWWE is desired..
Related violations: <none>

SYNTH-15#60 Warning
Byte wide write enable not inferred  
Byte wide write enable (BWWE) is not inferred for Block RAM main_memory/ram_reg_1_3_3 because address width (17) is more than optimal threshold of 12. Implementing using BWWE will require more logic and timing would be suboptimal. Please use attribute ram_decomp = power if BWWE is desired..
Related violations: <none>

SYNTH-15#61 Warning
Byte wide write enable not inferred  
Byte wide write enable (BWWE) is not inferred for Block RAM main_memory/ram_reg_1_3_4 because address width (17) is more than optimal threshold of 12. Implementing using BWWE will require more logic and timing would be suboptimal. Please use attribute ram_decomp = power if BWWE is desired..
Related violations: <none>

SYNTH-15#62 Warning
Byte wide write enable not inferred  
Byte wide write enable (BWWE) is not inferred for Block RAM main_memory/ram_reg_1_3_5 because address width (17) is more than optimal threshold of 12. Implementing using BWWE will require more logic and timing would be suboptimal. Please use attribute ram_decomp = power if BWWE is desired..
Related violations: <none>

SYNTH-15#63 Warning
Byte wide write enable not inferred  
Byte wide write enable (BWWE) is not inferred for Block RAM main_memory/ram_reg_1_3_6 because address width (17) is more than optimal threshold of 12. Implementing using BWWE will require more logic and timing would be suboptimal. Please use attribute ram_decomp = power if BWWE is desired..
Related violations: <none>

SYNTH-15#64 Warning
Byte wide write enable not inferred  
Byte wide write enable (BWWE) is not inferred for Block RAM main_memory/ram_reg_1_3_7 because address width (17) is more than optimal threshold of 12. Implementing using BWWE will require more logic and timing would be suboptimal. Please use attribute ram_decomp = power if BWWE is desired..
Related violations: <none>

SYNTH-15#65 Warning
Byte wide write enable not inferred  
Byte wide write enable (BWWE) is not inferred for Block RAM main_memory/ram_reg_2_0_0 because address width (17) is more than optimal threshold of 12. Implementing using BWWE will require more logic and timing would be suboptimal. Please use attribute ram_decomp = power if BWWE is desired..
Related violations: <none>

SYNTH-15#66 Warning
Byte wide write enable not inferred  
Byte wide write enable (BWWE) is not inferred for Block RAM main_memory/ram_reg_2_0_1 because address width (17) is more than optimal threshold of 12. Implementing using BWWE will require more logic and timing would be suboptimal. Please use attribute ram_decomp = power if BWWE is desired..
Related violations: <none>

SYNTH-15#67 Warning
Byte wide write enable not inferred  
Byte wide write enable (BWWE) is not inferred for Block RAM main_memory/ram_reg_2_0_2 because address width (17) is more than optimal threshold of 12. Implementing using BWWE will require more logic and timing would be suboptimal. Please use attribute ram_decomp = power if BWWE is desired..
Related violations: <none>

SYNTH-15#68 Warning
Byte wide write enable not inferred  
Byte wide write enable (BWWE) is not inferred for Block RAM main_memory/ram_reg_2_0_3 because address width (17) is more than optimal threshold of 12. Implementing using BWWE will require more logic and timing would be suboptimal. Please use attribute ram_decomp = power if BWWE is desired..
Related violations: <none>

SYNTH-15#69 Warning
Byte wide write enable not inferred  
Byte wide write enable (BWWE) is not inferred for Block RAM main_memory/ram_reg_2_0_4 because address width (17) is more than optimal threshold of 12. Implementing using BWWE will require more logic and timing would be suboptimal. Please use attribute ram_decomp = power if BWWE is desired..
Related violations: <none>

SYNTH-15#70 Warning
Byte wide write enable not inferred  
Byte wide write enable (BWWE) is not inferred for Block RAM main_memory/ram_reg_2_0_5 because address width (17) is more than optimal threshold of 12. Implementing using BWWE will require more logic and timing would be suboptimal. Please use attribute ram_decomp = power if BWWE is desired..
Related violations: <none>

SYNTH-15#71 Warning
Byte wide write enable not inferred  
Byte wide write enable (BWWE) is not inferred for Block RAM main_memory/ram_reg_2_0_6 because address width (17) is more than optimal threshold of 12. Implementing using BWWE will require more logic and timing would be suboptimal. Please use attribute ram_decomp = power if BWWE is desired..
Related violations: <none>

SYNTH-15#72 Warning
Byte wide write enable not inferred  
Byte wide write enable (BWWE) is not inferred for Block RAM main_memory/ram_reg_2_0_7 because address width (17) is more than optimal threshold of 12. Implementing using BWWE will require more logic and timing would be suboptimal. Please use attribute ram_decomp = power if BWWE is desired..
Related violations: <none>

SYNTH-15#73 Warning
Byte wide write enable not inferred  
Byte wide write enable (BWWE) is not inferred for Block RAM main_memory/ram_reg_2_1_0 because address width (17) is more than optimal threshold of 12. Implementing using BWWE will require more logic and timing would be suboptimal. Please use attribute ram_decomp = power if BWWE is desired..
Related violations: <none>

SYNTH-15#74 Warning
Byte wide write enable not inferred  
Byte wide write enable (BWWE) is not inferred for Block RAM main_memory/ram_reg_2_1_1 because address width (17) is more than optimal threshold of 12. Implementing using BWWE will require more logic and timing would be suboptimal. Please use attribute ram_decomp = power if BWWE is desired..
Related violations: <none>

SYNTH-15#75 Warning
Byte wide write enable not inferred  
Byte wide write enable (BWWE) is not inferred for Block RAM main_memory/ram_reg_2_1_2 because address width (17) is more than optimal threshold of 12. Implementing using BWWE will require more logic and timing would be suboptimal. Please use attribute ram_decomp = power if BWWE is desired..
Related violations: <none>

SYNTH-15#76 Warning
Byte wide write enable not inferred  
Byte wide write enable (BWWE) is not inferred for Block RAM main_memory/ram_reg_2_1_3 because address width (17) is more than optimal threshold of 12. Implementing using BWWE will require more logic and timing would be suboptimal. Please use attribute ram_decomp = power if BWWE is desired..
Related violations: <none>

SYNTH-15#77 Warning
Byte wide write enable not inferred  
Byte wide write enable (BWWE) is not inferred for Block RAM main_memory/ram_reg_2_1_4 because address width (17) is more than optimal threshold of 12. Implementing using BWWE will require more logic and timing would be suboptimal. Please use attribute ram_decomp = power if BWWE is desired..
Related violations: <none>

SYNTH-15#78 Warning
Byte wide write enable not inferred  
Byte wide write enable (BWWE) is not inferred for Block RAM main_memory/ram_reg_2_1_5 because address width (17) is more than optimal threshold of 12. Implementing using BWWE will require more logic and timing would be suboptimal. Please use attribute ram_decomp = power if BWWE is desired..
Related violations: <none>

SYNTH-15#79 Warning
Byte wide write enable not inferred  
Byte wide write enable (BWWE) is not inferred for Block RAM main_memory/ram_reg_2_1_6 because address width (17) is more than optimal threshold of 12. Implementing using BWWE will require more logic and timing would be suboptimal. Please use attribute ram_decomp = power if BWWE is desired..
Related violations: <none>

SYNTH-15#80 Warning
Byte wide write enable not inferred  
Byte wide write enable (BWWE) is not inferred for Block RAM main_memory/ram_reg_2_1_7 because address width (17) is more than optimal threshold of 12. Implementing using BWWE will require more logic and timing would be suboptimal. Please use attribute ram_decomp = power if BWWE is desired..
Related violations: <none>

SYNTH-15#81 Warning
Byte wide write enable not inferred  
Byte wide write enable (BWWE) is not inferred for Block RAM main_memory/ram_reg_2_2_0 because address width (17) is more than optimal threshold of 12. Implementing using BWWE will require more logic and timing would be suboptimal. Please use attribute ram_decomp = power if BWWE is desired..
Related violations: <none>

SYNTH-15#82 Warning
Byte wide write enable not inferred  
Byte wide write enable (BWWE) is not inferred for Block RAM main_memory/ram_reg_2_2_1 because address width (17) is more than optimal threshold of 12. Implementing using BWWE will require more logic and timing would be suboptimal. Please use attribute ram_decomp = power if BWWE is desired..
Related violations: <none>

SYNTH-15#83 Warning
Byte wide write enable not inferred  
Byte wide write enable (BWWE) is not inferred for Block RAM main_memory/ram_reg_2_2_2 because address width (17) is more than optimal threshold of 12. Implementing using BWWE will require more logic and timing would be suboptimal. Please use attribute ram_decomp = power if BWWE is desired..
Related violations: <none>

SYNTH-15#84 Warning
Byte wide write enable not inferred  
Byte wide write enable (BWWE) is not inferred for Block RAM main_memory/ram_reg_2_2_3 because address width (17) is more than optimal threshold of 12. Implementing using BWWE will require more logic and timing would be suboptimal. Please use attribute ram_decomp = power if BWWE is desired..
Related violations: <none>

SYNTH-15#85 Warning
Byte wide write enable not inferred  
Byte wide write enable (BWWE) is not inferred for Block RAM main_memory/ram_reg_2_2_4 because address width (17) is more than optimal threshold of 12. Implementing using BWWE will require more logic and timing would be suboptimal. Please use attribute ram_decomp = power if BWWE is desired..
Related violations: <none>

SYNTH-15#86 Warning
Byte wide write enable not inferred  
Byte wide write enable (BWWE) is not inferred for Block RAM main_memory/ram_reg_2_2_5 because address width (17) is more than optimal threshold of 12. Implementing using BWWE will require more logic and timing would be suboptimal. Please use attribute ram_decomp = power if BWWE is desired..
Related violations: <none>

SYNTH-15#87 Warning
Byte wide write enable not inferred  
Byte wide write enable (BWWE) is not inferred for Block RAM main_memory/ram_reg_2_2_6 because address width (17) is more than optimal threshold of 12. Implementing using BWWE will require more logic and timing would be suboptimal. Please use attribute ram_decomp = power if BWWE is desired..
Related violations: <none>

SYNTH-15#88 Warning
Byte wide write enable not inferred  
Byte wide write enable (BWWE) is not inferred for Block RAM main_memory/ram_reg_2_2_7 because address width (17) is more than optimal threshold of 12. Implementing using BWWE will require more logic and timing would be suboptimal. Please use attribute ram_decomp = power if BWWE is desired..
Related violations: <none>

SYNTH-15#89 Warning
Byte wide write enable not inferred  
Byte wide write enable (BWWE) is not inferred for Block RAM main_memory/ram_reg_2_3_0 because address width (17) is more than optimal threshold of 12. Implementing using BWWE will require more logic and timing would be suboptimal. Please use attribute ram_decomp = power if BWWE is desired..
Related violations: <none>

SYNTH-15#90 Warning
Byte wide write enable not inferred  
Byte wide write enable (BWWE) is not inferred for Block RAM main_memory/ram_reg_2_3_1 because address width (17) is more than optimal threshold of 12. Implementing using BWWE will require more logic and timing would be suboptimal. Please use attribute ram_decomp = power if BWWE is desired..
Related violations: <none>

SYNTH-15#91 Warning
Byte wide write enable not inferred  
Byte wide write enable (BWWE) is not inferred for Block RAM main_memory/ram_reg_2_3_2 because address width (17) is more than optimal threshold of 12. Implementing using BWWE will require more logic and timing would be suboptimal. Please use attribute ram_decomp = power if BWWE is desired..
Related violations: <none>

SYNTH-15#92 Warning
Byte wide write enable not inferred  
Byte wide write enable (BWWE) is not inferred for Block RAM main_memory/ram_reg_2_3_3 because address width (17) is more than optimal threshold of 12. Implementing using BWWE will require more logic and timing would be suboptimal. Please use attribute ram_decomp = power if BWWE is desired..
Related violations: <none>

SYNTH-15#93 Warning
Byte wide write enable not inferred  
Byte wide write enable (BWWE) is not inferred for Block RAM main_memory/ram_reg_2_3_4 because address width (17) is more than optimal threshold of 12. Implementing using BWWE will require more logic and timing would be suboptimal. Please use attribute ram_decomp = power if BWWE is desired..
Related violations: <none>

SYNTH-15#94 Warning
Byte wide write enable not inferred  
Byte wide write enable (BWWE) is not inferred for Block RAM main_memory/ram_reg_2_3_5 because address width (17) is more than optimal threshold of 12. Implementing using BWWE will require more logic and timing would be suboptimal. Please use attribute ram_decomp = power if BWWE is desired..
Related violations: <none>

SYNTH-15#95 Warning
Byte wide write enable not inferred  
Byte wide write enable (BWWE) is not inferred for Block RAM main_memory/ram_reg_2_3_6 because address width (17) is more than optimal threshold of 12. Implementing using BWWE will require more logic and timing would be suboptimal. Please use attribute ram_decomp = power if BWWE is desired..
Related violations: <none>

SYNTH-15#96 Warning
Byte wide write enable not inferred  
Byte wide write enable (BWWE) is not inferred for Block RAM main_memory/ram_reg_2_3_7 because address width (17) is more than optimal threshold of 12. Implementing using BWWE will require more logic and timing would be suboptimal. Please use attribute ram_decomp = power if BWWE is desired..
Related violations: <none>

SYNTH-15#97 Warning
Byte wide write enable not inferred  
Byte wide write enable (BWWE) is not inferred for Block RAM main_memory/ram_reg_3_0_0 because address width (17) is more than optimal threshold of 12. Implementing using BWWE will require more logic and timing would be suboptimal. Please use attribute ram_decomp = power if BWWE is desired..
Related violations: <none>

SYNTH-15#98 Warning
Byte wide write enable not inferred  
Byte wide write enable (BWWE) is not inferred for Block RAM main_memory/ram_reg_3_0_1 because address width (17) is more than optimal threshold of 12. Implementing using BWWE will require more logic and timing would be suboptimal. Please use attribute ram_decomp = power if BWWE is desired..
Related violations: <none>

SYNTH-15#99 Warning
Byte wide write enable not inferred  
Byte wide write enable (BWWE) is not inferred for Block RAM main_memory/ram_reg_3_0_2 because address width (17) is more than optimal threshold of 12. Implementing using BWWE will require more logic and timing would be suboptimal. Please use attribute ram_decomp = power if BWWE is desired..
Related violations: <none>

SYNTH-15#100 Warning
Byte wide write enable not inferred  
Byte wide write enable (BWWE) is not inferred for Block RAM main_memory/ram_reg_3_0_3 because address width (17) is more than optimal threshold of 12. Implementing using BWWE will require more logic and timing would be suboptimal. Please use attribute ram_decomp = power if BWWE is desired..
Related violations: <none>

SYNTH-15#101 Warning
Byte wide write enable not inferred  
Byte wide write enable (BWWE) is not inferred for Block RAM main_memory/ram_reg_3_0_4 because address width (17) is more than optimal threshold of 12. Implementing using BWWE will require more logic and timing would be suboptimal. Please use attribute ram_decomp = power if BWWE is desired..
Related violations: <none>

SYNTH-15#102 Warning
Byte wide write enable not inferred  
Byte wide write enable (BWWE) is not inferred for Block RAM main_memory/ram_reg_3_0_5 because address width (17) is more than optimal threshold of 12. Implementing using BWWE will require more logic and timing would be suboptimal. Please use attribute ram_decomp = power if BWWE is desired..
Related violations: <none>

SYNTH-15#103 Warning
Byte wide write enable not inferred  
Byte wide write enable (BWWE) is not inferred for Block RAM main_memory/ram_reg_3_0_6 because address width (17) is more than optimal threshold of 12. Implementing using BWWE will require more logic and timing would be suboptimal. Please use attribute ram_decomp = power if BWWE is desired..
Related violations: <none>

SYNTH-15#104 Warning
Byte wide write enable not inferred  
Byte wide write enable (BWWE) is not inferred for Block RAM main_memory/ram_reg_3_0_7 because address width (17) is more than optimal threshold of 12. Implementing using BWWE will require more logic and timing would be suboptimal. Please use attribute ram_decomp = power if BWWE is desired..
Related violations: <none>

SYNTH-15#105 Warning
Byte wide write enable not inferred  
Byte wide write enable (BWWE) is not inferred for Block RAM main_memory/ram_reg_3_1_0 because address width (17) is more than optimal threshold of 12. Implementing using BWWE will require more logic and timing would be suboptimal. Please use attribute ram_decomp = power if BWWE is desired..
Related violations: <none>

SYNTH-15#106 Warning
Byte wide write enable not inferred  
Byte wide write enable (BWWE) is not inferred for Block RAM main_memory/ram_reg_3_1_1 because address width (17) is more than optimal threshold of 12. Implementing using BWWE will require more logic and timing would be suboptimal. Please use attribute ram_decomp = power if BWWE is desired..
Related violations: <none>

SYNTH-15#107 Warning
Byte wide write enable not inferred  
Byte wide write enable (BWWE) is not inferred for Block RAM main_memory/ram_reg_3_1_2 because address width (17) is more than optimal threshold of 12. Implementing using BWWE will require more logic and timing would be suboptimal. Please use attribute ram_decomp = power if BWWE is desired..
Related violations: <none>

SYNTH-15#108 Warning
Byte wide write enable not inferred  
Byte wide write enable (BWWE) is not inferred for Block RAM main_memory/ram_reg_3_1_3 because address width (17) is more than optimal threshold of 12. Implementing using BWWE will require more logic and timing would be suboptimal. Please use attribute ram_decomp = power if BWWE is desired..
Related violations: <none>

SYNTH-15#109 Warning
Byte wide write enable not inferred  
Byte wide write enable (BWWE) is not inferred for Block RAM main_memory/ram_reg_3_1_4 because address width (17) is more than optimal threshold of 12. Implementing using BWWE will require more logic and timing would be suboptimal. Please use attribute ram_decomp = power if BWWE is desired..
Related violations: <none>

SYNTH-15#110 Warning
Byte wide write enable not inferred  
Byte wide write enable (BWWE) is not inferred for Block RAM main_memory/ram_reg_3_1_5 because address width (17) is more than optimal threshold of 12. Implementing using BWWE will require more logic and timing would be suboptimal. Please use attribute ram_decomp = power if BWWE is desired..
Related violations: <none>

SYNTH-15#111 Warning
Byte wide write enable not inferred  
Byte wide write enable (BWWE) is not inferred for Block RAM main_memory/ram_reg_3_1_6 because address width (17) is more than optimal threshold of 12. Implementing using BWWE will require more logic and timing would be suboptimal. Please use attribute ram_decomp = power if BWWE is desired..
Related violations: <none>

SYNTH-15#112 Warning
Byte wide write enable not inferred  
Byte wide write enable (BWWE) is not inferred for Block RAM main_memory/ram_reg_3_1_7 because address width (17) is more than optimal threshold of 12. Implementing using BWWE will require more logic and timing would be suboptimal. Please use attribute ram_decomp = power if BWWE is desired..
Related violations: <none>

SYNTH-15#113 Warning
Byte wide write enable not inferred  
Byte wide write enable (BWWE) is not inferred for Block RAM main_memory/ram_reg_3_2_0 because address width (17) is more than optimal threshold of 12. Implementing using BWWE will require more logic and timing would be suboptimal. Please use attribute ram_decomp = power if BWWE is desired..
Related violations: <none>

SYNTH-15#114 Warning
Byte wide write enable not inferred  
Byte wide write enable (BWWE) is not inferred for Block RAM main_memory/ram_reg_3_2_1 because address width (17) is more than optimal threshold of 12. Implementing using BWWE will require more logic and timing would be suboptimal. Please use attribute ram_decomp = power if BWWE is desired..
Related violations: <none>

SYNTH-15#115 Warning
Byte wide write enable not inferred  
Byte wide write enable (BWWE) is not inferred for Block RAM main_memory/ram_reg_3_2_2 because address width (17) is more than optimal threshold of 12. Implementing using BWWE will require more logic and timing would be suboptimal. Please use attribute ram_decomp = power if BWWE is desired..
Related violations: <none>

SYNTH-15#116 Warning
Byte wide write enable not inferred  
Byte wide write enable (BWWE) is not inferred for Block RAM main_memory/ram_reg_3_2_3 because address width (17) is more than optimal threshold of 12. Implementing using BWWE will require more logic and timing would be suboptimal. Please use attribute ram_decomp = power if BWWE is desired..
Related violations: <none>

SYNTH-15#117 Warning
Byte wide write enable not inferred  
Byte wide write enable (BWWE) is not inferred for Block RAM main_memory/ram_reg_3_2_4 because address width (17) is more than optimal threshold of 12. Implementing using BWWE will require more logic and timing would be suboptimal. Please use attribute ram_decomp = power if BWWE is desired..
Related violations: <none>

SYNTH-15#118 Warning
Byte wide write enable not inferred  
Byte wide write enable (BWWE) is not inferred for Block RAM main_memory/ram_reg_3_2_5 because address width (17) is more than optimal threshold of 12. Implementing using BWWE will require more logic and timing would be suboptimal. Please use attribute ram_decomp = power if BWWE is desired..
Related violations: <none>

SYNTH-15#119 Warning
Byte wide write enable not inferred  
Byte wide write enable (BWWE) is not inferred for Block RAM main_memory/ram_reg_3_2_6 because address width (17) is more than optimal threshold of 12. Implementing using BWWE will require more logic and timing would be suboptimal. Please use attribute ram_decomp = power if BWWE is desired..
Related violations: <none>

SYNTH-15#120 Warning
Byte wide write enable not inferred  
Byte wide write enable (BWWE) is not inferred for Block RAM main_memory/ram_reg_3_2_7 because address width (17) is more than optimal threshold of 12. Implementing using BWWE will require more logic and timing would be suboptimal. Please use attribute ram_decomp = power if BWWE is desired..
Related violations: <none>

SYNTH-15#121 Warning
Byte wide write enable not inferred  
Byte wide write enable (BWWE) is not inferred for Block RAM main_memory/ram_reg_3_3_0 because address width (17) is more than optimal threshold of 12. Implementing using BWWE will require more logic and timing would be suboptimal. Please use attribute ram_decomp = power if BWWE is desired..
Related violations: <none>

SYNTH-15#122 Warning
Byte wide write enable not inferred  
Byte wide write enable (BWWE) is not inferred for Block RAM main_memory/ram_reg_3_3_1 because address width (17) is more than optimal threshold of 12. Implementing using BWWE will require more logic and timing would be suboptimal. Please use attribute ram_decomp = power if BWWE is desired..
Related violations: <none>

SYNTH-15#123 Warning
Byte wide write enable not inferred  
Byte wide write enable (BWWE) is not inferred for Block RAM main_memory/ram_reg_3_3_2 because address width (17) is more than optimal threshold of 12. Implementing using BWWE will require more logic and timing would be suboptimal. Please use attribute ram_decomp = power if BWWE is desired..
Related violations: <none>

SYNTH-15#124 Warning
Byte wide write enable not inferred  
Byte wide write enable (BWWE) is not inferred for Block RAM main_memory/ram_reg_3_3_3 because address width (17) is more than optimal threshold of 12. Implementing using BWWE will require more logic and timing would be suboptimal. Please use attribute ram_decomp = power if BWWE is desired..
Related violations: <none>

SYNTH-15#125 Warning
Byte wide write enable not inferred  
Byte wide write enable (BWWE) is not inferred for Block RAM main_memory/ram_reg_3_3_4 because address width (17) is more than optimal threshold of 12. Implementing using BWWE will require more logic and timing would be suboptimal. Please use attribute ram_decomp = power if BWWE is desired..
Related violations: <none>

SYNTH-15#126 Warning
Byte wide write enable not inferred  
Byte wide write enable (BWWE) is not inferred for Block RAM main_memory/ram_reg_3_3_5 because address width (17) is more than optimal threshold of 12. Implementing using BWWE will require more logic and timing would be suboptimal. Please use attribute ram_decomp = power if BWWE is desired..
Related violations: <none>

SYNTH-15#127 Warning
Byte wide write enable not inferred  
Byte wide write enable (BWWE) is not inferred for Block RAM main_memory/ram_reg_3_3_6 because address width (17) is more than optimal threshold of 12. Implementing using BWWE will require more logic and timing would be suboptimal. Please use attribute ram_decomp = power if BWWE is desired..
Related violations: <none>

SYNTH-15#128 Warning
Byte wide write enable not inferred  
Byte wide write enable (BWWE) is not inferred for Block RAM main_memory/ram_reg_3_3_7 because address width (17) is more than optimal threshold of 12. Implementing using BWWE will require more logic and timing would be suboptimal. Please use attribute ram_decomp = power if BWWE is desired..
Related violations: <none>

XDCC-7#1 Warning
Scoped Clock constraint overwritten on the same source  
A new clock constraint create_clock overrides a previous scoped clock constraint defined on the same source. It is not recommended to override a scoped (typically an IP) clock constraint and could result in unexpected behaviors.
New: create_clock -period 5.000 -name clk_200mhz_p [get_ports clk_p] (Source: /home/shc/projects/air-soc-dram/vivado/air_soc/air_soc.srcs/constrs_1/new/zc706.xdc (Line: 5))
Previous: create_clock -period 5.000 [get_ports clk_p] (Source: /home/shc/projects/air-soc-dram/vivado/air_soc/air_soc.gen/sources_1/ip/clk_wiz_0/clk_wiz_0.xdc (Line: 56))
Related violations: <none>

LATCH-1#1 Advisory
Existing latches in the design  
There are 1025 latches found in the design. Inferred latches are often the result of HDL coding mistakes, such as incomplete if or case statements.
Related violations: <none>


