Copyright 1986-2022 Xilinx, Inc. All Rights Reserved.
---------------------------------------------------------------------------------------------------------------------------------------------------------------------------------------------------------------------------------------------------------
| Tool Version : Vivado v.2022.2 (lin64) Build 3671981 Fri Oct 14 04:59:54 MDT 2022
| Date         : Fri Jan 10 23:16:44 2025
| Host         : karpuz running 64-bit Ubuntu 22.04.5 LTS
| Command      : report_timing_summary -max_paths 10 -report_unconstrained -warn_on_violation -file air_soc_timing_summary_postroute_physopted.rpt -pb air_soc_timing_summary_postroute_physopted.pb -rpx air_soc_timing_summary_postroute_physopted.rpx
| Design       : air_soc
| Device       : 7z045-ffg900
| Speed File   : -2  PRODUCTION 1.12 2019-11-22
---------------------------------------------------------------------------------------------------------------------------------------------------------------------------------------------------------------------------------------------------------

Timing Summary Report

------------------------------------------------------------------------------------------------
| Timer Settings
| --------------
------------------------------------------------------------------------------------------------

  Enable Multi Corner Analysis               :  Yes
  Enable Pessimism Removal                   :  Yes
  Pessimism Removal Resolution               :  Nearest Common Node
  Enable Input Delay Default Clock           :  No
  Enable Preset / Clear Arcs                 :  No
  Disable Flight Delays                      :  No
  Ignore I/O Paths                           :  No
  Timing Early Launch at Borrowing Latches   :  No
  Borrow Time for Max Delay Exceptions       :  Yes
  Merge Timing Exceptions                    :  Yes

  Corner  Analyze    Analyze    
  Name    Max Paths  Min Paths  
  ------  ---------  ---------  
  Slow    Yes        Yes        
  Fast    Yes        Yes        


------------------------------------------------------------------------------------------------
| Report Methodology
| ------------------
------------------------------------------------------------------------------------------------

Rule       Severity          Description                                                Violations  
---------  ----------------  ---------------------------------------------------------  ----------  
TIMING-14  Critical Warning  LUT on the clock tree                                      35          
DPIR-1     Warning           Asynchronous driver check                                  32          
LUTAR-1    Warning           LUT drives async reset alert                               3           
SYNTH-5    Warning           Mapped onto distributed RAM because of timing constraints  1024        
SYNTH-10   Warning           Wide multiplier                                            3           
SYNTH-15   Warning           Byte wide write enable not inferred                        128         
XDCC-7     Warning           Scoped Clock constraint overwritten on the same source     1           
LATCH-1    Advisory          Existing latches in the design                             1           

Note: This report is based on the most recent report_methodology run and may not be up-to-date. Run report_methodology on the current design for the latest report.



check_timing report

Table of Contents
-----------------
1. checking no_clock (0)
2. checking constant_clock (0)
3. checking pulse_width_clock (0)
4. checking unconstrained_internal_endpoints (0)
5. checking no_input_delay (2)
6. checking no_output_delay (2)
7. checking multiple_clock (0)
8. checking generated_clocks (0)
9. checking loops (0)
10. checking partial_input_delay (0)
11. checking partial_output_delay (0)
12. checking latch_loops (0)

1. checking no_clock (0)
------------------------
 There are 0 register/latch pins with no clock.


2. checking constant_clock (0)
------------------------------
 There are 0 register/latch pins with constant_clock.


3. checking pulse_width_clock (0)
---------------------------------
 There are 0 register/latch pins which need pulse_width check


4. checking unconstrained_internal_endpoints (0)
------------------------------------------------
 There are 0 pins that are not constrained for maximum delay.

 There are 0 pins that are not constrained for maximum delay due to constant clock.


5. checking no_input_delay (2)
------------------------------
 There are 2 input ports with no input delay specified. (HIGH)

 There are 0 input ports with no input delay but user has a false path constraint.


6. checking no_output_delay (2)
-------------------------------
 There are 2 ports with no output delay specified. (HIGH)

 There are 0 ports with no output delay but user has a false path constraint

 There are 0 ports with no output delay but with a timing clock defined on it or propagating through it


7. checking multiple_clock (0)
------------------------------
 There are 0 register/latch pins with multiple clocks.


8. checking generated_clocks (0)
--------------------------------
 There are 0 generated clocks that are not connected to a clock source.


9. checking loops (0)
---------------------
 There are 0 combinational loops in the design.


10. checking partial_input_delay (0)
------------------------------------
 There are 0 input ports with partial input delay specified.


11. checking partial_output_delay (0)
-------------------------------------
 There are 0 ports with partial output delay specified.


12. checking latch_loops (0)
----------------------------
 There are 0 combinational latch loops in the design through latch input



------------------------------------------------------------------------------------------------
| Design Timing Summary
| ---------------------
------------------------------------------------------------------------------------------------

    WNS(ns)      TNS(ns)  TNS Failing Endpoints  TNS Total Endpoints      WHS(ns)      THS(ns)  THS Failing Endpoints  THS Total Endpoints     WPWS(ns)     TPWS(ns)  TPWS Failing Endpoints  TPWS Total Endpoints  
    -------      -------  ---------------------  -------------------      -------      -------  ---------------------  -------------------     --------     --------  ----------------------  --------------------  
      0.000        0.000                      0                67566        0.049        0.000                      0                67566        1.100        0.000                       0                 14142  


All user specified timing constraints are met.


------------------------------------------------------------------------------------------------
| Clock Summary
| -------------
------------------------------------------------------------------------------------------------

Clock                   Waveform(ns)         Period(ns)      Frequency(MHz)
-----                   ------------         ----------      --------------
clk_200mhz_p            {0.000 2.500}        5.000           200.000         
  clk_out1_clk_wiz_0_1  {0.000 8.333}        16.667          60.000          
  clkfbout_clk_wiz_0_1  {0.000 25.000}       50.000          20.000          


------------------------------------------------------------------------------------------------
| Intra Clock Table
| -----------------
------------------------------------------------------------------------------------------------

Clock                       WNS(ns)      TNS(ns)  TNS Failing Endpoints  TNS Total Endpoints      WHS(ns)      THS(ns)  THS Failing Endpoints  THS Total Endpoints     WPWS(ns)     TPWS(ns)  TPWS Failing Endpoints  TPWS Total Endpoints  
-----                       -------      -------  ---------------------  -------------------      -------      -------  ---------------------  -------------------     --------     --------  ----------------------  --------------------  
clk_200mhz_p                                                                                                                                                              1.100        0.000                       0                     1  
  clk_out1_clk_wiz_0_1        0.000        0.000                      0                61687        0.049        0.000                      0                61687        7.565        0.000                       0                 14138  
  clkfbout_clk_wiz_0_1                                                                                                                                                   48.592        0.000                       0                     3  


------------------------------------------------------------------------------------------------
| Inter Clock Table
| -----------------
------------------------------------------------------------------------------------------------

From Clock    To Clock          WNS(ns)      TNS(ns)  TNS Failing Endpoints  TNS Total Endpoints      WHS(ns)      THS(ns)  THS Failing Endpoints  THS Total Endpoints  
----------    --------          -------      -------  ---------------------  -------------------      -------      -------  ---------------------  -------------------  


------------------------------------------------------------------------------------------------
| Other Path Groups Table
| -----------------------
------------------------------------------------------------------------------------------------

Path Group            From Clock            To Clock                  WNS(ns)      TNS(ns)  TNS Failing Endpoints  TNS Total Endpoints      WHS(ns)      THS(ns)  THS Failing Endpoints  THS Total Endpoints  
----------            ----------            --------                  -------      -------  ---------------------  -------------------      -------      -------  ---------------------  -------------------  
**async_default**     clk_out1_clk_wiz_0_1  clk_out1_clk_wiz_0_1        3.461        0.000                      0                 5879        0.295        0.000                      0                 5879  


------------------------------------------------------------------------------------------------
| User Ignored Path Table
| -----------------------
------------------------------------------------------------------------------------------------

Path Group    From Clock    To Clock    
----------    ----------    --------    


------------------------------------------------------------------------------------------------
| Unconstrained Path Table
| ------------------------
------------------------------------------------------------------------------------------------

Path Group            From Clock            To Clock            
----------            ----------            --------            
(none)                clk_out1_clk_wiz_0_1                        
(none)                clkfbout_clk_wiz_0_1                        
(none)                                      clk_out1_clk_wiz_0_1  


------------------------------------------------------------------------------------------------
| Timing Details
| --------------
------------------------------------------------------------------------------------------------


---------------------------------------------------------------------------------------------------
From Clock:  clk_200mhz_p
  To Clock:  clk_200mhz_p

Setup :           NA  Failing Endpoints,  Worst Slack           NA  ,  Total Violation           NA
Hold  :           NA  Failing Endpoints,  Worst Slack           NA  ,  Total Violation           NA
PW    :            0  Failing Endpoints,  Worst Slack        1.100ns,  Total Violation        0.000ns
---------------------------------------------------------------------------------------------------


Pulse Width Checks
--------------------------------------------------------------------------------------
Clock Name:         clk_200mhz_p
Waveform(ns):       { 0.000 2.500 }
Period(ns):         5.000
Sources:            { clk_p }

Check Type        Corner  Lib Pin            Reference Pin  Required(ns)  Actual(ns)  Slack(ns)  Location         Pin
Min Period        n/a     MMCME2_ADV/CLKIN1  n/a            1.071         5.000       3.929      MMCME2_ADV_X1Y5  dutclk/inst/mmcm_adv_inst/CLKIN1
Max Period        n/a     MMCME2_ADV/CLKIN1  n/a            100.000       5.000       95.000     MMCME2_ADV_X1Y5  dutclk/inst/mmcm_adv_inst/CLKIN1
Low Pulse Width   Slow    MMCME2_ADV/CLKIN1  n/a            1.400         2.500       1.100      MMCME2_ADV_X1Y5  dutclk/inst/mmcm_adv_inst/CLKIN1
Low Pulse Width   Fast    MMCME2_ADV/CLKIN1  n/a            1.400         2.500       1.100      MMCME2_ADV_X1Y5  dutclk/inst/mmcm_adv_inst/CLKIN1
High Pulse Width  Slow    MMCME2_ADV/CLKIN1  n/a            1.400         2.500       1.100      MMCME2_ADV_X1Y5  dutclk/inst/mmcm_adv_inst/CLKIN1
High Pulse Width  Fast    MMCME2_ADV/CLKIN1  n/a            1.400         2.500       1.100      MMCME2_ADV_X1Y5  dutclk/inst/mmcm_adv_inst/CLKIN1



---------------------------------------------------------------------------------------------------
From Clock:  clk_out1_clk_wiz_0_1
  To Clock:  clk_out1_clk_wiz_0_1

Setup :            0  Failing Endpoints,  Worst Slack        0.000ns,  Total Violation        0.000ns
Hold  :            0  Failing Endpoints,  Worst Slack        0.049ns,  Total Violation        0.000ns
PW    :            0  Failing Endpoints,  Worst Slack        7.565ns,  Total Violation        0.000ns
---------------------------------------------------------------------------------------------------


Max Delay Paths
--------------------------------------------------------------------------------------
Slack (MET) :             0.000ns  (required time - arrival time)
  Source:                 cv32e40p_core_ip/core_i/id_stage_i/register_file_i/wdata_b_q_reg[7]/C
                            (rising edge-triggered cell FDCE clocked by clk_out1_clk_wiz_0_1  {rise@0.000ns fall@8.333ns period=16.667ns})
  Destination:            cv32e40p_core_ip/core_i/id_stage_i/register_file_i/mem_reg[14][7]/D
                            (positive level-sensitive latch clocked by clk_out1_clk_wiz_0_1  {rise@0.000ns fall@8.333ns period=16.667ns})
  Path Group:             clk_out1_clk_wiz_0_1
  Path Type:              Setup (Max at Slow Process Corner)
  Requirement:            0.000ns  (clk_out1_clk_wiz_0_1 rise@0.000ns - clk_out1_clk_wiz_0_1 rise@0.000ns)
  Data Path Delay:        1.424ns  (logic 0.339ns (23.812%)  route 1.085ns (76.188%))
  Logic Levels:           1  (LUT3=1)
  Clock Path Skew:        -1.646ns (DCD - SCD + CPR)
    Destination Clock Delay (DCD):    -1.151ns
    Source Clock Delay      (SCD):    -0.261ns
    Clock Pessimism Removal (CPR):    -0.756ns
  Time Borrowing:         
    Nominal pulse width:              8.333ns
    Library setup time:              -0.086ns
    Computed max time borrow:         8.247ns
    Time borrowed from endpoint:      3.070ns
    Time given to startpoint:         3.070ns

    Location             Delay type                Incr(ns)  Path(ns)    Netlist Resource(s)
  -------------------------------------------------------------------    -------------------
                         (clock clk_out1_clk_wiz_0_1 rise edge)
                                                      0.000     0.000 r  
    H9                                                0.000     0.000 r  clk_p (IN)
                         net (fo=0)                   0.000     0.000    dutclk/inst/clk_in1_p
    H9                   IBUFDS (Prop_ibufds_I_O)     0.880     0.880 r  dutclk/inst/clkin1_ibufgds/O
                         net (fo=1, routed)           1.081     1.961    dutclk/inst/clk_in1_clk_wiz_0
    MMCME2_ADV_X1Y5      MMCME2_ADV (Prop_mmcme2_adv_CLKIN1_CLKOUT0)
                                                     -7.639    -5.678 r  dutclk/inst/mmcm_adv_inst/CLKOUT0
                         net (fo=1, routed)           1.948    -3.730    dutclk/inst/clk_out1_clk_wiz_0
    BUFGCTRL_X0Y16       BUFG (Prop_bufg_I_O)         0.093    -3.637 r  dutclk/inst/clkout1_buf/O
                         net (fo=11919, routed)       1.544    -2.093    cv32e40p_core_ip/core_i/sleep_unit_i/core_clock_gate_i/clk_gate_i/clk_out1
    SLICE_X90Y145        LUT3 (Prop_lut3_I0_O)        0.043    -2.050 r  cv32e40p_core_ip/core_i/sleep_unit_i/core_clock_gate_i/clk_gate_i/waddr_onehot_b_q[31]_i_3/O
                         net (fo=1, routed)           0.439    -1.611    cv32e40p_core_ip_n_90
    BUFGCTRL_X0Y1        BUFG (Prop_bufg_I_O)         0.093    -1.518 r  waddr_onehot_b_q_reg[31]_i_2/O
                         net (fo=95, routed)          1.257    -0.261    cv32e40p_core_ip/core_i/id_stage_i/register_file_i/CLK
    SLICE_X108Y147       FDCE                                         r  cv32e40p_core_ip/core_i/id_stage_i/register_file_i/wdata_b_q_reg[7]/C
  -------------------------------------------------------------------    -------------------
    SLICE_X108Y147       FDCE (Prop_fdce_C_Q)         0.204    -0.057 r  cv32e40p_core_ip/core_i/id_stage_i/register_file_i/wdata_b_q_reg[7]/Q
                         net (fo=31, routed)          0.620     0.563    cv32e40p_core_ip/core_i/id_stage_i/register_file_i/wdata_b_q[7]
    SLICE_X113Y137       LUT3 (Prop_lut3_I0_O)        0.135     0.698 r  cv32e40p_core_ip/core_i/id_stage_i/register_file_i/mem_reg[14][7]_i_1/O
                         net (fo=1, routed)           0.465     1.163    cv32e40p_core_ip/core_i/id_stage_i/register_file_i/mem_reg[14][7]_i_1_n_0
    SLICE_X113Y137       LDCE                                         r  cv32e40p_core_ip/core_i/id_stage_i/register_file_i/mem_reg[14][7]/D
  -------------------------------------------------------------------    -------------------

                         (clock clk_out1_clk_wiz_0_1 rise edge)
                                                      0.000     0.000 r  
    H9                                                0.000     0.000 r  clk_p (IN)
                         net (fo=0)                   0.000     0.000    dutclk/inst/clk_in1_p
    H9                   IBUFDS (Prop_ibufds_I_O)     0.778     0.778 r  dutclk/inst/clkin1_ibufgds/O
                         net (fo=1, routed)           0.986     1.764    dutclk/inst/clk_in1_clk_wiz_0
    MMCME2_ADV_X1Y5      MMCME2_ADV (Prop_mmcme2_adv_CLKIN1_CLKOUT0)
                                                     -6.516    -4.752 r  dutclk/inst/mmcm_adv_inst/CLKOUT0
                         net (fo=1, routed)           1.788    -2.964    dutclk/inst/clk_out1_clk_wiz_0
    BUFGCTRL_X0Y16       BUFG (Prop_bufg_I_O)         0.083    -2.881 r  dutclk/inst/clkout1_buf/O
                         net (fo=11919, routed)       1.361    -1.520    cv32e40p_core_ip/core_i/id_stage_i/register_file_i/CG_WE_GLOBAL/clk_gate_i/clk_out1
    SLICE_X106Y138       LUT4 (Prop_lut4_I0_O)        0.036    -1.484 r  cv32e40p_core_ip/core_i/id_stage_i/register_file_i/CG_WE_GLOBAL/clk_gate_i/mem_reg[14][31]_i_2/O
                         net (fo=32, routed)          0.334    -1.151    cv32e40p_core_ip/core_i/id_stage_i/register_file_i/p_48_in
    SLICE_X113Y137       LDCE                                         r  cv32e40p_core_ip/core_i/id_stage_i/register_file_i/mem_reg[14][7]/G
                         clock pessimism             -0.756    -1.907    
                         time borrowed                3.070     1.163    
  -------------------------------------------------------------------
                         required time                          1.163    
                         arrival time                          -1.163    
  -------------------------------------------------------------------
                         slack                                  0.000    

Slack (MET) :             0.000ns  (required time - arrival time)
  Source:                 cv32e40p_core_ip/core_i/id_stage_i/register_file_i/wdata_b_q_reg[14]/C
                            (rising edge-triggered cell FDCE clocked by clk_out1_clk_wiz_0_1  {rise@0.000ns fall@8.333ns period=16.667ns})
  Destination:            cv32e40p_core_ip/core_i/id_stage_i/register_file_i/mem_reg[23][14]/D
                            (positive level-sensitive latch clocked by clk_out1_clk_wiz_0_1  {rise@0.000ns fall@8.333ns period=16.667ns})
  Path Group:             clk_out1_clk_wiz_0_1
  Path Type:              Setup (Max at Slow Process Corner)
  Requirement:            0.000ns  (clk_out1_clk_wiz_0_1 rise@0.000ns - clk_out1_clk_wiz_0_1 rise@0.000ns)
  Data Path Delay:        1.424ns  (logic 0.311ns (21.834%)  route 1.113ns (78.166%))
  Logic Levels:           1  (LUT3=1)
  Clock Path Skew:        -1.584ns (DCD - SCD + CPR)
    Destination Clock Delay (DCD):    -1.091ns
    Source Clock Delay      (SCD):    -0.263ns
    Clock Pessimism Removal (CPR):    -0.756ns
  Time Borrowing:         
    Nominal pulse width:              8.333ns
    Library setup time:              -0.015ns
    Computed max time borrow:         8.318ns
    Time borrowed from endpoint:      3.009ns
    Time given to startpoint:         3.009ns

    Location             Delay type                Incr(ns)  Path(ns)    Netlist Resource(s)
  -------------------------------------------------------------------    -------------------
                         (clock clk_out1_clk_wiz_0_1 rise edge)
                                                      0.000     0.000 r  
    H9                                                0.000     0.000 r  clk_p (IN)
                         net (fo=0)                   0.000     0.000    dutclk/inst/clk_in1_p
    H9                   IBUFDS (Prop_ibufds_I_O)     0.880     0.880 r  dutclk/inst/clkin1_ibufgds/O
                         net (fo=1, routed)           1.081     1.961    dutclk/inst/clk_in1_clk_wiz_0
    MMCME2_ADV_X1Y5      MMCME2_ADV (Prop_mmcme2_adv_CLKIN1_CLKOUT0)
                                                     -7.639    -5.678 r  dutclk/inst/mmcm_adv_inst/CLKOUT0
                         net (fo=1, routed)           1.948    -3.730    dutclk/inst/clk_out1_clk_wiz_0
    BUFGCTRL_X0Y16       BUFG (Prop_bufg_I_O)         0.093    -3.637 r  dutclk/inst/clkout1_buf/O
                         net (fo=11919, routed)       1.544    -2.093    cv32e40p_core_ip/core_i/sleep_unit_i/core_clock_gate_i/clk_gate_i/clk_out1
    SLICE_X90Y145        LUT3 (Prop_lut3_I0_O)        0.043    -2.050 r  cv32e40p_core_ip/core_i/sleep_unit_i/core_clock_gate_i/clk_gate_i/waddr_onehot_b_q[31]_i_3/O
                         net (fo=1, routed)           0.439    -1.611    cv32e40p_core_ip_n_90
    BUFGCTRL_X0Y1        BUFG (Prop_bufg_I_O)         0.093    -1.518 r  waddr_onehot_b_q_reg[31]_i_2/O
                         net (fo=95, routed)          1.255    -0.263    cv32e40p_core_ip/core_i/id_stage_i/register_file_i/CLK
    SLICE_X102Y146       FDCE                                         r  cv32e40p_core_ip/core_i/id_stage_i/register_file_i/wdata_b_q_reg[14]/C
  -------------------------------------------------------------------    -------------------
    SLICE_X102Y146       FDCE (Prop_fdce_C_Q)         0.259    -0.004 r  cv32e40p_core_ip/core_i/id_stage_i/register_file_i/wdata_b_q_reg[14]/Q
                         net (fo=31, routed)          0.592     0.588    cv32e40p_core_ip/core_i/id_stage_i/register_file_i/wdata_b_q[14]
    SLICE_X117Y143       LUT3 (Prop_lut3_I0_O)        0.052     0.640 r  cv32e40p_core_ip/core_i/id_stage_i/register_file_i/mem_reg[23][14]_i_1/O
                         net (fo=1, routed)           0.521     1.162    cv32e40p_core_ip/core_i/id_stage_i/register_file_i/mem_reg[23][14]_i_1_n_0
    SLICE_X117Y139       LDCE                                         r  cv32e40p_core_ip/core_i/id_stage_i/register_file_i/mem_reg[23][14]/D
  -------------------------------------------------------------------    -------------------

                         (clock clk_out1_clk_wiz_0_1 rise edge)
                                                      0.000     0.000 r  
    H9                                                0.000     0.000 r  clk_p (IN)
                         net (fo=0)                   0.000     0.000    dutclk/inst/clk_in1_p
    H9                   IBUFDS (Prop_ibufds_I_O)     0.778     0.778 r  dutclk/inst/clkin1_ibufgds/O
                         net (fo=1, routed)           0.986     1.764    dutclk/inst/clk_in1_clk_wiz_0
    MMCME2_ADV_X1Y5      MMCME2_ADV (Prop_mmcme2_adv_CLKIN1_CLKOUT0)
                                                     -6.516    -4.752 r  dutclk/inst/mmcm_adv_inst/CLKOUT0
                         net (fo=1, routed)           1.788    -2.964    dutclk/inst/clk_out1_clk_wiz_0
    BUFGCTRL_X0Y16       BUFG (Prop_bufg_I_O)         0.083    -2.881 r  dutclk/inst/clkout1_buf/O
                         net (fo=11919, routed)       1.324    -1.557    cv32e40p_core_ip/core_i/id_stage_i/register_file_i/CG_WE_GLOBAL/clk_gate_i/clk_out1
    SLICE_X108Y139       LUT4 (Prop_lut4_I0_O)        0.044    -1.513 r  cv32e40p_core_ip/core_i/id_stage_i/register_file_i/CG_WE_GLOBAL/clk_gate_i/mem_reg[23][31]_i_2/O
                         net (fo=32, routed)          0.422    -1.091    cv32e40p_core_ip/core_i/id_stage_i/register_file_i/p_39_in
    SLICE_X117Y139       LDCE                                         r  cv32e40p_core_ip/core_i/id_stage_i/register_file_i/mem_reg[23][14]/G
                         clock pessimism             -0.756    -1.847    
                         time borrowed                3.009     1.162    
  -------------------------------------------------------------------
                         required time                          1.162    
                         arrival time                          -1.162    
  -------------------------------------------------------------------
                         slack                                  0.000    

Slack (MET) :             0.000ns  (required time - arrival time)
  Source:                 cv32e40p_core_ip/core_i/id_stage_i/register_file_i/wdata_a_q_reg[14]/C
                            (rising edge-triggered cell FDCE clocked by clk_out1_clk_wiz_0_1  {rise@0.000ns fall@8.333ns period=16.667ns})
  Destination:            cv32e40p_core_ip/core_i/id_stage_i/register_file_i/mem_reg[25][14]/D
                            (positive level-sensitive latch clocked by clk_out1_clk_wiz_0_1  {rise@0.000ns fall@8.333ns period=16.667ns})
  Path Group:             clk_out1_clk_wiz_0_1
  Path Type:              Setup (Max at Slow Process Corner)
  Requirement:            0.000ns  (clk_out1_clk_wiz_0_1 rise@0.000ns - clk_out1_clk_wiz_0_1 rise@0.000ns)
  Data Path Delay:        1.479ns  (logic 0.302ns (20.425%)  route 1.177ns (79.575%))
  Logic Levels:           1  (LUT3=1)
  Clock Path Skew:        -1.481ns (DCD - SCD + CPR)
    Destination Clock Delay (DCD):    -0.985ns
    Source Clock Delay      (SCD):    -0.261ns
    Clock Pessimism Removal (CPR):    -0.756ns
  Time Borrowing:         
    Nominal pulse width:              8.333ns
    Library setup time:               0.067ns
    Computed max time borrow:         8.400ns
    Time borrowed from endpoint:      2.959ns
    Time given to startpoint:         2.959ns

    Location             Delay type                Incr(ns)  Path(ns)    Netlist Resource(s)
  -------------------------------------------------------------------    -------------------
                         (clock clk_out1_clk_wiz_0_1 rise edge)
                                                      0.000     0.000 r  
    H9                                                0.000     0.000 r  clk_p (IN)
                         net (fo=0)                   0.000     0.000    dutclk/inst/clk_in1_p
    H9                   IBUFDS (Prop_ibufds_I_O)     0.880     0.880 r  dutclk/inst/clkin1_ibufgds/O
                         net (fo=1, routed)           1.081     1.961    dutclk/inst/clk_in1_clk_wiz_0
    MMCME2_ADV_X1Y5      MMCME2_ADV (Prop_mmcme2_adv_CLKIN1_CLKOUT0)
                                                     -7.639    -5.678 r  dutclk/inst/mmcm_adv_inst/CLKOUT0
                         net (fo=1, routed)           1.948    -3.730    dutclk/inst/clk_out1_clk_wiz_0
    BUFGCTRL_X0Y16       BUFG (Prop_bufg_I_O)         0.093    -3.637 r  dutclk/inst/clkout1_buf/O
                         net (fo=11919, routed)       1.544    -2.093    cv32e40p_core_ip/core_i/sleep_unit_i/core_clock_gate_i/clk_gate_i/clk_out1
    SLICE_X90Y145        LUT3 (Prop_lut3_I0_O)        0.043    -2.050 r  cv32e40p_core_ip/core_i/sleep_unit_i/core_clock_gate_i/clk_gate_i/waddr_onehot_b_q[31]_i_3/O
                         net (fo=1, routed)           0.439    -1.611    cv32e40p_core_ip_n_90
    BUFGCTRL_X0Y1        BUFG (Prop_bufg_I_O)         0.093    -1.518 r  waddr_onehot_b_q_reg[31]_i_2/O
                         net (fo=95, routed)          1.257    -0.261    cv32e40p_core_ip/core_i/id_stage_i/register_file_i/CLK
    SLICE_X106Y146       FDCE                                         r  cv32e40p_core_ip/core_i/id_stage_i/register_file_i/wdata_a_q_reg[14]/C
  -------------------------------------------------------------------    -------------------
    SLICE_X106Y146       FDCE (Prop_fdce_C_Q)         0.259    -0.002 r  cv32e40p_core_ip/core_i/id_stage_i/register_file_i/wdata_a_q_reg[14]/Q
                         net (fo=31, routed)          0.833     0.831    cv32e40p_core_ip/core_i/id_stage_i/register_file_i/wdata_a_q[14]
    SLICE_X125Y141       LUT3 (Prop_lut3_I2_O)        0.043     0.874 r  cv32e40p_core_ip/core_i/id_stage_i/register_file_i/mem_reg[25][14]_i_1/O
                         net (fo=1, routed)           0.344     1.218    cv32e40p_core_ip/core_i/id_stage_i/register_file_i/mem_reg[25][14]_i_1_n_0
    SLICE_X120Y142       LDCE                                         r  cv32e40p_core_ip/core_i/id_stage_i/register_file_i/mem_reg[25][14]/D
  -------------------------------------------------------------------    -------------------

                         (clock clk_out1_clk_wiz_0_1 rise edge)
                                                      0.000     0.000 r  
    H9                                                0.000     0.000 r  clk_p (IN)
                         net (fo=0)                   0.000     0.000    dutclk/inst/clk_in1_p
    H9                   IBUFDS (Prop_ibufds_I_O)     0.778     0.778 r  dutclk/inst/clkin1_ibufgds/O
                         net (fo=1, routed)           0.986     1.764    dutclk/inst/clk_in1_clk_wiz_0
    MMCME2_ADV_X1Y5      MMCME2_ADV (Prop_mmcme2_adv_CLKIN1_CLKOUT0)
                                                     -6.516    -4.752 r  dutclk/inst/mmcm_adv_inst/CLKOUT0
                         net (fo=1, routed)           1.788    -2.964    dutclk/inst/clk_out1_clk_wiz_0
    BUFGCTRL_X0Y16       BUFG (Prop_bufg_I_O)         0.083    -2.881 r  dutclk/inst/clkout1_buf/O
                         net (fo=11919, routed)       1.454    -1.427    cv32e40p_core_ip/core_i/id_stage_i/register_file_i/CG_WE_GLOBAL/clk_gate_i/clk_out1
    SLICE_X107Y138       LUT4 (Prop_lut4_I0_O)        0.042    -1.385 r  cv32e40p_core_ip/core_i/id_stage_i/register_file_i/CG_WE_GLOBAL/clk_gate_i/mem_reg[25][31]_i_2/O
                         net (fo=32, routed)          0.400    -0.985    cv32e40p_core_ip/core_i/id_stage_i/register_file_i/p_37_in
    SLICE_X120Y142       LDCE                                         r  cv32e40p_core_ip/core_i/id_stage_i/register_file_i/mem_reg[25][14]/G
                         clock pessimism             -0.756    -1.741    
                         time borrowed                2.959     1.218    
  -------------------------------------------------------------------
                         required time                          1.218    
                         arrival time                          -1.218    
  -------------------------------------------------------------------
                         slack                                  0.000    

Slack (MET) :             0.000ns  (required time - arrival time)
  Source:                 cv32e40p_core_ip/core_i/id_stage_i/register_file_i/waddr_onehot_b_q_reg[19]/C
                            (rising edge-triggered cell FDCE clocked by clk_out1_clk_wiz_0_1  {rise@0.000ns fall@8.333ns period=16.667ns})
  Destination:            cv32e40p_core_ip/core_i/id_stage_i/register_file_i/mem_reg[19][8]/D
                            (positive level-sensitive latch clocked by clk_out1_clk_wiz_0_1  {rise@0.000ns fall@8.333ns period=16.667ns})
  Path Group:             clk_out1_clk_wiz_0_1
  Path Type:              Setup (Max at Slow Process Corner)
  Requirement:            0.000ns  (clk_out1_clk_wiz_0_1 rise@0.000ns - clk_out1_clk_wiz_0_1 rise@0.000ns)
  Data Path Delay:        1.508ns  (logic 0.305ns (20.223%)  route 1.203ns (79.777%))
  Logic Levels:           1  (LUT3=1)
  Clock Path Skew:        -1.435ns (DCD - SCD + CPR)
    Destination Clock Delay (DCD):    -0.938ns
    Source Clock Delay      (SCD):    -0.259ns
    Clock Pessimism Removal (CPR):    -0.756ns
  Time Borrowing:         
    Nominal pulse width:              8.333ns
    Library setup time:              -0.020ns
    Computed max time borrow:         8.313ns
    Time borrowed from endpoint:      2.943ns
    Time given to startpoint:         2.943ns

    Location             Delay type                Incr(ns)  Path(ns)    Netlist Resource(s)
  -------------------------------------------------------------------    -------------------
                         (clock clk_out1_clk_wiz_0_1 rise edge)
                                                      0.000     0.000 r  
    H9                                                0.000     0.000 r  clk_p (IN)
                         net (fo=0)                   0.000     0.000    dutclk/inst/clk_in1_p
    H9                   IBUFDS (Prop_ibufds_I_O)     0.880     0.880 r  dutclk/inst/clkin1_ibufgds/O
                         net (fo=1, routed)           1.081     1.961    dutclk/inst/clk_in1_clk_wiz_0
    MMCME2_ADV_X1Y5      MMCME2_ADV (Prop_mmcme2_adv_CLKIN1_CLKOUT0)
                                                     -7.639    -5.678 r  dutclk/inst/mmcm_adv_inst/CLKOUT0
                         net (fo=1, routed)           1.948    -3.730    dutclk/inst/clk_out1_clk_wiz_0
    BUFGCTRL_X0Y16       BUFG (Prop_bufg_I_O)         0.093    -3.637 r  dutclk/inst/clkout1_buf/O
                         net (fo=11919, routed)       1.544    -2.093    cv32e40p_core_ip/core_i/sleep_unit_i/core_clock_gate_i/clk_gate_i/clk_out1
    SLICE_X90Y145        LUT3 (Prop_lut3_I0_O)        0.043    -2.050 r  cv32e40p_core_ip/core_i/sleep_unit_i/core_clock_gate_i/clk_gate_i/waddr_onehot_b_q[31]_i_3/O
                         net (fo=1, routed)           0.439    -1.611    cv32e40p_core_ip_n_90
    BUFGCTRL_X0Y1        BUFG (Prop_bufg_I_O)         0.093    -1.518 r  waddr_onehot_b_q_reg[31]_i_2/O
                         net (fo=95, routed)          1.259    -0.259    cv32e40p_core_ip/core_i/id_stage_i/register_file_i/CLK
    SLICE_X114Y140       FDCE                                         r  cv32e40p_core_ip/core_i/id_stage_i/register_file_i/waddr_onehot_b_q_reg[19]/C
  -------------------------------------------------------------------    -------------------
    SLICE_X114Y140       FDCE (Prop_fdce_C_Q)         0.259     0.000 r  cv32e40p_core_ip/core_i/id_stage_i/register_file_i/waddr_onehot_b_q_reg[19]/Q
                         net (fo=32, routed)          0.699     0.699    cv32e40p_core_ip/core_i/id_stage_i/register_file_i/waddr_onehot_b_q_reg_n_0_[19]
    SLICE_X114Y145       LUT3 (Prop_lut3_I1_O)        0.046     0.745 r  cv32e40p_core_ip/core_i/id_stage_i/register_file_i/mem_reg[19][8]_i_1/O
                         net (fo=1, routed)           0.505     1.250    cv32e40p_core_ip/core_i/id_stage_i/register_file_i/mem_reg[19][8]_i_1_n_0
    SLICE_X117Y142       LDCE                                         r  cv32e40p_core_ip/core_i/id_stage_i/register_file_i/mem_reg[19][8]/D
  -------------------------------------------------------------------    -------------------

                         (clock clk_out1_clk_wiz_0_1 rise edge)
                                                      0.000     0.000 r  
    H9                                                0.000     0.000 r  clk_p (IN)
                         net (fo=0)                   0.000     0.000    dutclk/inst/clk_in1_p
    H9                   IBUFDS (Prop_ibufds_I_O)     0.778     0.778 r  dutclk/inst/clkin1_ibufgds/O
                         net (fo=1, routed)           0.986     1.764    dutclk/inst/clk_in1_clk_wiz_0
    MMCME2_ADV_X1Y5      MMCME2_ADV (Prop_mmcme2_adv_CLKIN1_CLKOUT0)
                                                     -6.516    -4.752 r  dutclk/inst/mmcm_adv_inst/CLKOUT0
                         net (fo=1, routed)           1.788    -2.964    dutclk/inst/clk_out1_clk_wiz_0
    BUFGCTRL_X0Y16       BUFG (Prop_bufg_I_O)         0.083    -2.881 r  dutclk/inst/clkout1_buf/O
                         net (fo=11919, routed)       1.416    -1.466    cv32e40p_core_ip/core_i/id_stage_i/register_file_i/CG_WE_GLOBAL/clk_gate_i/clk_out1
    SLICE_X107Y139       LUT4 (Prop_lut4_I0_O)        0.043    -1.423 r  cv32e40p_core_ip/core_i/id_stage_i/register_file_i/CG_WE_GLOBAL/clk_gate_i/mem_reg[19][31]_i_2/O
                         net (fo=32, routed)          0.485    -0.938    cv32e40p_core_ip/core_i/id_stage_i/register_file_i/p_43_in
    SLICE_X117Y142       LDCE                                         r  cv32e40p_core_ip/core_i/id_stage_i/register_file_i/mem_reg[19][8]/G
                         clock pessimism             -0.756    -1.694    
                         time borrowed                2.943     1.250    
  -------------------------------------------------------------------
                         required time                          1.250    
                         arrival time                          -1.250    
  -------------------------------------------------------------------
                         slack                                  0.000    

Slack (MET) :             0.000ns  (required time - arrival time)
  Source:                 cv32e40p_core_ip/core_i/id_stage_i/register_file_i/wdata_b_q_reg[8]/C
                            (rising edge-triggered cell FDCE clocked by clk_out1_clk_wiz_0_1  {rise@0.000ns fall@8.333ns period=16.667ns})
  Destination:            cv32e40p_core_ip/core_i/id_stage_i/register_file_i/mem_reg[31][8]/D
                            (positive level-sensitive latch clocked by clk_out1_clk_wiz_0_1  {rise@0.000ns fall@8.333ns period=16.667ns})
  Path Group:             clk_out1_clk_wiz_0_1
  Path Type:              Setup (Max at Slow Process Corner)
  Requirement:            0.000ns  (clk_out1_clk_wiz_0_1 rise@0.000ns - clk_out1_clk_wiz_0_1 rise@0.000ns)
  Data Path Delay:        1.380ns  (logic 0.331ns (23.987%)  route 1.049ns (76.013%))
  Logic Levels:           1  (LUT3=1)
  Clock Path Skew:        -1.530ns (DCD - SCD + CPR)
    Destination Clock Delay (DCD):    -1.034ns
    Source Clock Delay      (SCD):    -0.261ns
    Clock Pessimism Removal (CPR):    -0.756ns
  Time Borrowing:         
    Nominal pulse width:              8.333ns
    Library setup time:               0.009ns
    Computed max time borrow:         8.342ns
    Time borrowed from endpoint:      2.910ns
    Time given to startpoint:         2.910ns

    Location             Delay type                Incr(ns)  Path(ns)    Netlist Resource(s)
  -------------------------------------------------------------------    -------------------
                         (clock clk_out1_clk_wiz_0_1 rise edge)
                                                      0.000     0.000 r  
    H9                                                0.000     0.000 r  clk_p (IN)
                         net (fo=0)                   0.000     0.000    dutclk/inst/clk_in1_p
    H9                   IBUFDS (Prop_ibufds_I_O)     0.880     0.880 r  dutclk/inst/clkin1_ibufgds/O
                         net (fo=1, routed)           1.081     1.961    dutclk/inst/clk_in1_clk_wiz_0
    MMCME2_ADV_X1Y5      MMCME2_ADV (Prop_mmcme2_adv_CLKIN1_CLKOUT0)
                                                     -7.639    -5.678 r  dutclk/inst/mmcm_adv_inst/CLKOUT0
                         net (fo=1, routed)           1.948    -3.730    dutclk/inst/clk_out1_clk_wiz_0
    BUFGCTRL_X0Y16       BUFG (Prop_bufg_I_O)         0.093    -3.637 r  dutclk/inst/clkout1_buf/O
                         net (fo=11919, routed)       1.544    -2.093    cv32e40p_core_ip/core_i/sleep_unit_i/core_clock_gate_i/clk_gate_i/clk_out1
    SLICE_X90Y145        LUT3 (Prop_lut3_I0_O)        0.043    -2.050 r  cv32e40p_core_ip/core_i/sleep_unit_i/core_clock_gate_i/clk_gate_i/waddr_onehot_b_q[31]_i_3/O
                         net (fo=1, routed)           0.439    -1.611    cv32e40p_core_ip_n_90
    BUFGCTRL_X0Y1        BUFG (Prop_bufg_I_O)         0.093    -1.518 r  waddr_onehot_b_q_reg[31]_i_2/O
                         net (fo=95, routed)          1.257    -0.261    cv32e40p_core_ip/core_i/id_stage_i/register_file_i/CLK
    SLICE_X107Y145       FDCE                                         r  cv32e40p_core_ip/core_i/id_stage_i/register_file_i/wdata_b_q_reg[8]/C
  -------------------------------------------------------------------    -------------------
    SLICE_X107Y145       FDCE (Prop_fdce_C_Q)         0.204    -0.057 r  cv32e40p_core_ip/core_i/id_stage_i/register_file_i/wdata_b_q_reg[8]/Q
                         net (fo=31, routed)          0.749     0.692    cv32e40p_core_ip/core_i/id_stage_i/register_file_i/wdata_b_q[8]
    SLICE_X110Y140       LUT3 (Prop_lut3_I0_O)        0.127     0.819 r  cv32e40p_core_ip/core_i/id_stage_i/register_file_i/mem_reg[31][8]_i_1/O
                         net (fo=1, routed)           0.300     1.119    cv32e40p_core_ip/core_i/id_stage_i/register_file_i/mem_reg[31][8]_i_1_n_0
    SLICE_X110Y140       LDCE                                         r  cv32e40p_core_ip/core_i/id_stage_i/register_file_i/mem_reg[31][8]/D
  -------------------------------------------------------------------    -------------------

                         (clock clk_out1_clk_wiz_0_1 rise edge)
                                                      0.000     0.000 r  
    H9                                                0.000     0.000 r  clk_p (IN)
                         net (fo=0)                   0.000     0.000    dutclk/inst/clk_in1_p
    H9                   IBUFDS (Prop_ibufds_I_O)     0.778     0.778 r  dutclk/inst/clkin1_ibufgds/O
                         net (fo=1, routed)           0.986     1.764    dutclk/inst/clk_in1_clk_wiz_0
    MMCME2_ADV_X1Y5      MMCME2_ADV (Prop_mmcme2_adv_CLKIN1_CLKOUT0)
                                                     -6.516    -4.752 r  dutclk/inst/mmcm_adv_inst/CLKOUT0
                         net (fo=1, routed)           1.788    -2.964    dutclk/inst/clk_out1_clk_wiz_0
    BUFGCTRL_X0Y16       BUFG (Prop_bufg_I_O)         0.083    -2.881 r  dutclk/inst/clkout1_buf/O
                         net (fo=11919, routed)       1.419    -1.463    cv32e40p_core_ip/core_i/id_stage_i/register_file_i/CG_WE_GLOBAL/clk_gate_i/clk_out1
    SLICE_X106Y137       LUT4 (Prop_lut4_I0_O)        0.040    -1.423 r  cv32e40p_core_ip/core_i/id_stage_i/register_file_i/CG_WE_GLOBAL/clk_gate_i/mem_reg[31][31]_i_2/O
                         net (fo=32, routed)          0.388    -1.034    cv32e40p_core_ip/core_i/id_stage_i/register_file_i/p_31_in
    SLICE_X110Y140       LDCE                                         r  cv32e40p_core_ip/core_i/id_stage_i/register_file_i/mem_reg[31][8]/G
                         clock pessimism             -0.756    -1.790    
                         time borrowed                2.910     1.119    
  -------------------------------------------------------------------
                         required time                          1.119    
                         arrival time                          -1.119    
  -------------------------------------------------------------------
                         slack                                  0.000    

Slack (MET) :             0.000ns  (required time - arrival time)
  Source:                 cv32e40p_core_ip/core_i/id_stage_i/register_file_i/waddr_onehot_b_q_reg[23]/C
                            (rising edge-triggered cell FDCE clocked by clk_out1_clk_wiz_0_1  {rise@0.000ns fall@8.333ns period=16.667ns})
  Destination:            cv32e40p_core_ip/core_i/id_stage_i/register_file_i/mem_reg[23][31]/D
                            (positive level-sensitive latch clocked by clk_out1_clk_wiz_0_1  {rise@0.000ns fall@8.333ns period=16.667ns})
  Path Group:             clk_out1_clk_wiz_0_1
  Path Type:              Setup (Max at Slow Process Corner)
  Requirement:            0.000ns  (clk_out1_clk_wiz_0_1 rise@0.000ns - clk_out1_clk_wiz_0_1 rise@0.000ns)
  Data Path Delay:        1.498ns  (logic 0.275ns (18.352%)  route 1.223ns (81.648%))
  Logic Levels:           1  (LUT3=1)
  Clock Path Skew:        -1.397ns (DCD - SCD + CPR)
    Destination Clock Delay (DCD):    -0.898ns
    Source Clock Delay      (SCD):    -0.258ns
    Clock Pessimism Removal (CPR):    -0.756ns
  Time Borrowing:         
    Nominal pulse width:              8.333ns
    Library setup time:              -0.012ns
    Computed max time borrow:         8.321ns
    Time borrowed from endpoint:      2.895ns
    Time given to startpoint:         2.895ns

    Location             Delay type                Incr(ns)  Path(ns)    Netlist Resource(s)
  -------------------------------------------------------------------    -------------------
                         (clock clk_out1_clk_wiz_0_1 rise edge)
                                                      0.000     0.000 r  
    H9                                                0.000     0.000 r  clk_p (IN)
                         net (fo=0)                   0.000     0.000    dutclk/inst/clk_in1_p
    H9                   IBUFDS (Prop_ibufds_I_O)     0.880     0.880 r  dutclk/inst/clkin1_ibufgds/O
                         net (fo=1, routed)           1.081     1.961    dutclk/inst/clk_in1_clk_wiz_0
    MMCME2_ADV_X1Y5      MMCME2_ADV (Prop_mmcme2_adv_CLKIN1_CLKOUT0)
                                                     -7.639    -5.678 r  dutclk/inst/mmcm_adv_inst/CLKOUT0
                         net (fo=1, routed)           1.948    -3.730    dutclk/inst/clk_out1_clk_wiz_0
    BUFGCTRL_X0Y16       BUFG (Prop_bufg_I_O)         0.093    -3.637 r  dutclk/inst/clkout1_buf/O
                         net (fo=11919, routed)       1.544    -2.093    cv32e40p_core_ip/core_i/sleep_unit_i/core_clock_gate_i/clk_gate_i/clk_out1
    SLICE_X90Y145        LUT3 (Prop_lut3_I0_O)        0.043    -2.050 r  cv32e40p_core_ip/core_i/sleep_unit_i/core_clock_gate_i/clk_gate_i/waddr_onehot_b_q[31]_i_3/O
                         net (fo=1, routed)           0.439    -1.611    cv32e40p_core_ip_n_90
    BUFGCTRL_X0Y1        BUFG (Prop_bufg_I_O)         0.093    -1.518 r  waddr_onehot_b_q_reg[31]_i_2/O
                         net (fo=95, routed)          1.260    -0.258    cv32e40p_core_ip/core_i/id_stage_i/register_file_i/CLK
    SLICE_X115Y143       FDCE                                         r  cv32e40p_core_ip/core_i/id_stage_i/register_file_i/waddr_onehot_b_q_reg[23]/C
  -------------------------------------------------------------------    -------------------
    SLICE_X115Y143       FDCE (Prop_fdce_C_Q)         0.223    -0.035 r  cv32e40p_core_ip/core_i/id_stage_i/register_file_i/waddr_onehot_b_q_reg[23]/Q
                         net (fo=32, routed)          0.847     0.813    cv32e40p_core_ip/core_i/id_stage_i/register_file_i/waddr_onehot_b_q_reg_n_0_[23]
    SLICE_X109Y155       LUT3 (Prop_lut3_I1_O)        0.052     0.865 r  cv32e40p_core_ip/core_i/id_stage_i/register_file_i/mem_reg[23][31]_i_1/O
                         net (fo=1, routed)           0.376     1.241    cv32e40p_core_ip/core_i/id_stage_i/register_file_i/mem_reg[23][31]_i_1_n_0
    SLICE_X109Y155       LDCE                                         r  cv32e40p_core_ip/core_i/id_stage_i/register_file_i/mem_reg[23][31]/D
  -------------------------------------------------------------------    -------------------

                         (clock clk_out1_clk_wiz_0_1 rise edge)
                                                      0.000     0.000 r  
    H9                                                0.000     0.000 r  clk_p (IN)
                         net (fo=0)                   0.000     0.000    dutclk/inst/clk_in1_p
    H9                   IBUFDS (Prop_ibufds_I_O)     0.778     0.778 r  dutclk/inst/clkin1_ibufgds/O
                         net (fo=1, routed)           0.986     1.764    dutclk/inst/clk_in1_clk_wiz_0
    MMCME2_ADV_X1Y5      MMCME2_ADV (Prop_mmcme2_adv_CLKIN1_CLKOUT0)
                                                     -6.516    -4.752 r  dutclk/inst/mmcm_adv_inst/CLKOUT0
                         net (fo=1, routed)           1.788    -2.964    dutclk/inst/clk_out1_clk_wiz_0
    BUFGCTRL_X0Y16       BUFG (Prop_bufg_I_O)         0.083    -2.881 r  dutclk/inst/clkout1_buf/O
                         net (fo=11919, routed)       1.324    -1.557    cv32e40p_core_ip/core_i/id_stage_i/register_file_i/CG_WE_GLOBAL/clk_gate_i/clk_out1
    SLICE_X108Y139       LUT4 (Prop_lut4_I0_O)        0.044    -1.513 r  cv32e40p_core_ip/core_i/id_stage_i/register_file_i/CG_WE_GLOBAL/clk_gate_i/mem_reg[23][31]_i_2/O
                         net (fo=32, routed)          0.615    -0.898    cv32e40p_core_ip/core_i/id_stage_i/register_file_i/p_39_in
    SLICE_X109Y155       LDCE                                         r  cv32e40p_core_ip/core_i/id_stage_i/register_file_i/mem_reg[23][31]/G
                         clock pessimism             -0.756    -1.655    
                         time borrowed                2.895     1.241    
  -------------------------------------------------------------------
                         required time                          1.241    
                         arrival time                          -1.241    
  -------------------------------------------------------------------
                         slack                                  0.000    

Slack (MET) :             0.000ns  (required time - arrival time)
  Source:                 cv32e40p_core_ip/core_i/id_stage_i/register_file_i/waddr_onehot_b_q_reg[12]/C
                            (rising edge-triggered cell FDCE clocked by clk_out1_clk_wiz_0_1  {rise@0.000ns fall@8.333ns period=16.667ns})
  Destination:            cv32e40p_core_ip/core_i/id_stage_i/register_file_i/mem_reg[12][1]/D
                            (positive level-sensitive latch clocked by clk_out1_clk_wiz_0_1  {rise@0.000ns fall@8.333ns period=16.667ns})
  Path Group:             clk_out1_clk_wiz_0_1
  Path Type:              Setup (Max at Slow Process Corner)
  Requirement:            0.000ns  (clk_out1_clk_wiz_0_1 rise@0.000ns - clk_out1_clk_wiz_0_1 rise@0.000ns)
  Data Path Delay:        1.354ns  (logic 0.302ns (22.301%)  route 1.052ns (77.699%))
  Logic Levels:           1  (LUT3=1)
  Clock Path Skew:        -1.540ns (DCD - SCD + CPR)
    Destination Clock Delay (DCD):    -1.041ns
    Source Clock Delay      (SCD):    -0.258ns
    Clock Pessimism Removal (CPR):    -0.756ns
  Time Borrowing:         
    Nominal pulse width:              8.333ns
    Library setup time:               0.005ns
    Computed max time borrow:         8.338ns
    Time borrowed from endpoint:      2.894ns
    Time given to startpoint:         2.894ns

    Location             Delay type                Incr(ns)  Path(ns)    Netlist Resource(s)
  -------------------------------------------------------------------    -------------------
                         (clock clk_out1_clk_wiz_0_1 rise edge)
                                                      0.000     0.000 r  
    H9                                                0.000     0.000 r  clk_p (IN)
                         net (fo=0)                   0.000     0.000    dutclk/inst/clk_in1_p
    H9                   IBUFDS (Prop_ibufds_I_O)     0.880     0.880 r  dutclk/inst/clkin1_ibufgds/O
                         net (fo=1, routed)           1.081     1.961    dutclk/inst/clk_in1_clk_wiz_0
    MMCME2_ADV_X1Y5      MMCME2_ADV (Prop_mmcme2_adv_CLKIN1_CLKOUT0)
                                                     -7.639    -5.678 r  dutclk/inst/mmcm_adv_inst/CLKOUT0
                         net (fo=1, routed)           1.948    -3.730    dutclk/inst/clk_out1_clk_wiz_0
    BUFGCTRL_X0Y16       BUFG (Prop_bufg_I_O)         0.093    -3.637 r  dutclk/inst/clkout1_buf/O
                         net (fo=11919, routed)       1.544    -2.093    cv32e40p_core_ip/core_i/sleep_unit_i/core_clock_gate_i/clk_gate_i/clk_out1
    SLICE_X90Y145        LUT3 (Prop_lut3_I0_O)        0.043    -2.050 r  cv32e40p_core_ip/core_i/sleep_unit_i/core_clock_gate_i/clk_gate_i/waddr_onehot_b_q[31]_i_3/O
                         net (fo=1, routed)           0.439    -1.611    cv32e40p_core_ip_n_90
    BUFGCTRL_X0Y1        BUFG (Prop_bufg_I_O)         0.093    -1.518 r  waddr_onehot_b_q_reg[31]_i_2/O
                         net (fo=95, routed)          1.260    -0.258    cv32e40p_core_ip/core_i/id_stage_i/register_file_i/CLK
    SLICE_X114Y143       FDCE                                         r  cv32e40p_core_ip/core_i/id_stage_i/register_file_i/waddr_onehot_b_q_reg[12]/C
  -------------------------------------------------------------------    -------------------
    SLICE_X114Y143       FDCE (Prop_fdce_C_Q)         0.259     0.001 r  cv32e40p_core_ip/core_i/id_stage_i/register_file_i/waddr_onehot_b_q_reg[12]/Q
                         net (fo=32, routed)          0.652     0.654    cv32e40p_core_ip/core_i/id_stage_i/register_file_i/waddr_onehot_b_q_reg_n_0_[12]
    SLICE_X112Y136       LUT3 (Prop_lut3_I1_O)        0.043     0.697 r  cv32e40p_core_ip/core_i/id_stage_i/register_file_i/mem_reg[12][1]_i_1/O
                         net (fo=1, routed)           0.400     1.097    cv32e40p_core_ip/core_i/id_stage_i/register_file_i/mem_reg[12][1]_i_1_n_0
    SLICE_X112Y138       LDCE                                         r  cv32e40p_core_ip/core_i/id_stage_i/register_file_i/mem_reg[12][1]/D
  -------------------------------------------------------------------    -------------------

                         (clock clk_out1_clk_wiz_0_1 rise edge)
                                                      0.000     0.000 r  
    H9                                                0.000     0.000 r  clk_p (IN)
                         net (fo=0)                   0.000     0.000    dutclk/inst/clk_in1_p
    H9                   IBUFDS (Prop_ibufds_I_O)     0.778     0.778 r  dutclk/inst/clkin1_ibufgds/O
                         net (fo=1, routed)           0.986     1.764    dutclk/inst/clk_in1_clk_wiz_0
    MMCME2_ADV_X1Y5      MMCME2_ADV (Prop_mmcme2_adv_CLKIN1_CLKOUT0)
                                                     -6.516    -4.752 r  dutclk/inst/mmcm_adv_inst/CLKOUT0
                         net (fo=1, routed)           1.788    -2.964    dutclk/inst/clk_out1_clk_wiz_0
    BUFGCTRL_X0Y16       BUFG (Prop_bufg_I_O)         0.083    -2.881 r  dutclk/inst/clkout1_buf/O
                         net (fo=11919, routed)       1.419    -1.463    cv32e40p_core_ip/core_i/id_stage_i/register_file_i/CG_WE_GLOBAL/clk_gate_i/clk_out1
    SLICE_X106Y136       LUT4 (Prop_lut4_I0_O)        0.036    -1.427 r  cv32e40p_core_ip/core_i/id_stage_i/register_file_i/CG_WE_GLOBAL/clk_gate_i/mem_reg[12][31]_i_2/O
                         net (fo=32, routed)          0.385    -1.041    cv32e40p_core_ip/core_i/id_stage_i/register_file_i/p_50_in
    SLICE_X112Y138       LDCE                                         r  cv32e40p_core_ip/core_i/id_stage_i/register_file_i/mem_reg[12][1]/G
                         clock pessimism             -0.756    -1.798    
                         time borrowed                2.894     1.097    
  -------------------------------------------------------------------
                         required time                          1.097    
                         arrival time                          -1.097    
  -------------------------------------------------------------------
                         slack                                  0.000    

Slack (MET) :             0.000ns  (required time - arrival time)
  Source:                 cv32e40p_core_ip/core_i/id_stage_i/register_file_i/waddr_onehot_b_q_reg[19]/C
                            (rising edge-triggered cell FDCE clocked by clk_out1_clk_wiz_0_1  {rise@0.000ns fall@8.333ns period=16.667ns})
  Destination:            cv32e40p_core_ip/core_i/id_stage_i/register_file_i/mem_reg[19][31]/D
                            (positive level-sensitive latch clocked by clk_out1_clk_wiz_0_1  {rise@0.000ns fall@8.333ns period=16.667ns})
  Path Group:             clk_out1_clk_wiz_0_1
  Path Type:              Setup (Max at Slow Process Corner)
  Requirement:            0.000ns  (clk_out1_clk_wiz_0_1 rise@0.000ns - clk_out1_clk_wiz_0_1 rise@0.000ns)
  Data Path Delay:        1.499ns  (logic 0.302ns (20.147%)  route 1.197ns (79.853%))
  Logic Levels:           1  (LUT3=1)
  Clock Path Skew:        -1.392ns (DCD - SCD + CPR)
    Destination Clock Delay (DCD):    -0.894ns
    Source Clock Delay      (SCD):    -0.259ns
    Clock Pessimism Removal (CPR):    -0.756ns
  Time Borrowing:         
    Nominal pulse width:              8.333ns
    Library setup time:               0.098ns
    Computed max time borrow:         8.431ns
    Time borrowed from endpoint:      2.891ns
    Time given to startpoint:         2.891ns

    Location             Delay type                Incr(ns)  Path(ns)    Netlist Resource(s)
  -------------------------------------------------------------------    -------------------
                         (clock clk_out1_clk_wiz_0_1 rise edge)
                                                      0.000     0.000 r  
    H9                                                0.000     0.000 r  clk_p (IN)
                         net (fo=0)                   0.000     0.000    dutclk/inst/clk_in1_p
    H9                   IBUFDS (Prop_ibufds_I_O)     0.880     0.880 r  dutclk/inst/clkin1_ibufgds/O
                         net (fo=1, routed)           1.081     1.961    dutclk/inst/clk_in1_clk_wiz_0
    MMCME2_ADV_X1Y5      MMCME2_ADV (Prop_mmcme2_adv_CLKIN1_CLKOUT0)
                                                     -7.639    -5.678 r  dutclk/inst/mmcm_adv_inst/CLKOUT0
                         net (fo=1, routed)           1.948    -3.730    dutclk/inst/clk_out1_clk_wiz_0
    BUFGCTRL_X0Y16       BUFG (Prop_bufg_I_O)         0.093    -3.637 r  dutclk/inst/clkout1_buf/O
                         net (fo=11919, routed)       1.544    -2.093    cv32e40p_core_ip/core_i/sleep_unit_i/core_clock_gate_i/clk_gate_i/clk_out1
    SLICE_X90Y145        LUT3 (Prop_lut3_I0_O)        0.043    -2.050 r  cv32e40p_core_ip/core_i/sleep_unit_i/core_clock_gate_i/clk_gate_i/waddr_onehot_b_q[31]_i_3/O
                         net (fo=1, routed)           0.439    -1.611    cv32e40p_core_ip_n_90
    BUFGCTRL_X0Y1        BUFG (Prop_bufg_I_O)         0.093    -1.518 r  waddr_onehot_b_q_reg[31]_i_2/O
                         net (fo=95, routed)          1.259    -0.259    cv32e40p_core_ip/core_i/id_stage_i/register_file_i/CLK
    SLICE_X114Y140       FDCE                                         r  cv32e40p_core_ip/core_i/id_stage_i/register_file_i/waddr_onehot_b_q_reg[19]/C
  -------------------------------------------------------------------    -------------------
    SLICE_X114Y140       FDCE (Prop_fdce_C_Q)         0.259     0.000 r  cv32e40p_core_ip/core_i/id_stage_i/register_file_i/waddr_onehot_b_q_reg[19]/Q
                         net (fo=32, routed)          0.903     0.903    cv32e40p_core_ip/core_i/id_stage_i/register_file_i/waddr_onehot_b_q_reg_n_0_[19]
    SLICE_X110Y155       LUT3 (Prop_lut3_I1_O)        0.043     0.946 r  cv32e40p_core_ip/core_i/id_stage_i/register_file_i/mem_reg[19][31]_i_1/O
                         net (fo=1, routed)           0.294     1.240    cv32e40p_core_ip/core_i/id_stage_i/register_file_i/mem_reg[19][31]_i_1_n_0
    SLICE_X110Y151       LDCE                                         r  cv32e40p_core_ip/core_i/id_stage_i/register_file_i/mem_reg[19][31]/D
  -------------------------------------------------------------------    -------------------

                         (clock clk_out1_clk_wiz_0_1 rise edge)
                                                      0.000     0.000 r  
    H9                                                0.000     0.000 r  clk_p (IN)
                         net (fo=0)                   0.000     0.000    dutclk/inst/clk_in1_p
    H9                   IBUFDS (Prop_ibufds_I_O)     0.778     0.778 r  dutclk/inst/clkin1_ibufgds/O
                         net (fo=1, routed)           0.986     1.764    dutclk/inst/clk_in1_clk_wiz_0
    MMCME2_ADV_X1Y5      MMCME2_ADV (Prop_mmcme2_adv_CLKIN1_CLKOUT0)
                                                     -6.516    -4.752 r  dutclk/inst/mmcm_adv_inst/CLKOUT0
                         net (fo=1, routed)           1.788    -2.964    dutclk/inst/clk_out1_clk_wiz_0
    BUFGCTRL_X0Y16       BUFG (Prop_bufg_I_O)         0.083    -2.881 r  dutclk/inst/clkout1_buf/O
                         net (fo=11919, routed)       1.416    -1.466    cv32e40p_core_ip/core_i/id_stage_i/register_file_i/CG_WE_GLOBAL/clk_gate_i/clk_out1
    SLICE_X107Y139       LUT4 (Prop_lut4_I0_O)        0.043    -1.423 r  cv32e40p_core_ip/core_i/id_stage_i/register_file_i/CG_WE_GLOBAL/clk_gate_i/mem_reg[19][31]_i_2/O
                         net (fo=32, routed)          0.528    -0.894    cv32e40p_core_ip/core_i/id_stage_i/register_file_i/p_43_in
    SLICE_X110Y151       LDCE                                         r  cv32e40p_core_ip/core_i/id_stage_i/register_file_i/mem_reg[19][31]/G
                         clock pessimism             -0.756    -1.651    
                         time borrowed                2.891     1.240    
  -------------------------------------------------------------------
                         required time                          1.240    
                         arrival time                          -1.240    
  -------------------------------------------------------------------
                         slack                                  0.000    

Slack (MET) :             0.000ns  (required time - arrival time)
  Source:                 cv32e40p_core_ip/core_i/id_stage_i/register_file_i/waddr_onehot_b_q_reg[12]/C
                            (rising edge-triggered cell FDCE clocked by clk_out1_clk_wiz_0_1  {rise@0.000ns fall@8.333ns period=16.667ns})
  Destination:            cv32e40p_core_ip/core_i/id_stage_i/register_file_i/mem_reg[12][7]/D
                            (positive level-sensitive latch clocked by clk_out1_clk_wiz_0_1  {rise@0.000ns fall@8.333ns period=16.667ns})
  Path Group:             clk_out1_clk_wiz_0_1
  Path Type:              Setup (Max at Slow Process Corner)
  Requirement:            0.000ns  (clk_out1_clk_wiz_0_1 rise@0.000ns - clk_out1_clk_wiz_0_1 rise@0.000ns)
  Data Path Delay:        1.344ns  (logic 0.302ns (22.472%)  route 1.042ns (77.528%))
  Logic Levels:           1  (LUT3=1)
  Clock Path Skew:        -1.540ns (DCD - SCD + CPR)
    Destination Clock Delay (DCD):    -1.041ns
    Source Clock Delay      (SCD):    -0.258ns
    Clock Pessimism Removal (CPR):    -0.756ns
  Time Borrowing:         
    Nominal pulse width:              8.333ns
    Library setup time:              -0.004ns
    Computed max time borrow:         8.329ns
    Time borrowed from endpoint:      2.884ns
    Time given to startpoint:         2.884ns

    Location             Delay type                Incr(ns)  Path(ns)    Netlist Resource(s)
  -------------------------------------------------------------------    -------------------
                         (clock clk_out1_clk_wiz_0_1 rise edge)
                                                      0.000     0.000 r  
    H9                                                0.000     0.000 r  clk_p (IN)
                         net (fo=0)                   0.000     0.000    dutclk/inst/clk_in1_p
    H9                   IBUFDS (Prop_ibufds_I_O)     0.880     0.880 r  dutclk/inst/clkin1_ibufgds/O
                         net (fo=1, routed)           1.081     1.961    dutclk/inst/clk_in1_clk_wiz_0
    MMCME2_ADV_X1Y5      MMCME2_ADV (Prop_mmcme2_adv_CLKIN1_CLKOUT0)
                                                     -7.639    -5.678 r  dutclk/inst/mmcm_adv_inst/CLKOUT0
                         net (fo=1, routed)           1.948    -3.730    dutclk/inst/clk_out1_clk_wiz_0
    BUFGCTRL_X0Y16       BUFG (Prop_bufg_I_O)         0.093    -3.637 r  dutclk/inst/clkout1_buf/O
                         net (fo=11919, routed)       1.544    -2.093    cv32e40p_core_ip/core_i/sleep_unit_i/core_clock_gate_i/clk_gate_i/clk_out1
    SLICE_X90Y145        LUT3 (Prop_lut3_I0_O)        0.043    -2.050 r  cv32e40p_core_ip/core_i/sleep_unit_i/core_clock_gate_i/clk_gate_i/waddr_onehot_b_q[31]_i_3/O
                         net (fo=1, routed)           0.439    -1.611    cv32e40p_core_ip_n_90
    BUFGCTRL_X0Y1        BUFG (Prop_bufg_I_O)         0.093    -1.518 r  waddr_onehot_b_q_reg[31]_i_2/O
                         net (fo=95, routed)          1.260    -0.258    cv32e40p_core_ip/core_i/id_stage_i/register_file_i/CLK
    SLICE_X114Y143       FDCE                                         r  cv32e40p_core_ip/core_i/id_stage_i/register_file_i/waddr_onehot_b_q_reg[12]/C
  -------------------------------------------------------------------    -------------------
    SLICE_X114Y143       FDCE (Prop_fdce_C_Q)         0.259     0.001 r  cv32e40p_core_ip/core_i/id_stage_i/register_file_i/waddr_onehot_b_q_reg[12]/Q
                         net (fo=32, routed)          0.652     0.654    cv32e40p_core_ip/core_i/id_stage_i/register_file_i/waddr_onehot_b_q_reg_n_0_[12]
    SLICE_X113Y137       LUT3 (Prop_lut3_I1_O)        0.043     0.697 r  cv32e40p_core_ip/core_i/id_stage_i/register_file_i/mem_reg[12][7]_i_1/O
                         net (fo=1, routed)           0.389     1.086    cv32e40p_core_ip/core_i/id_stage_i/register_file_i/mem_reg[12][7]_i_1_n_0
    SLICE_X112Y138       LDCE                                         r  cv32e40p_core_ip/core_i/id_stage_i/register_file_i/mem_reg[12][7]/D
  -------------------------------------------------------------------    -------------------

                         (clock clk_out1_clk_wiz_0_1 rise edge)
                                                      0.000     0.000 r  
    H9                                                0.000     0.000 r  clk_p (IN)
                         net (fo=0)                   0.000     0.000    dutclk/inst/clk_in1_p
    H9                   IBUFDS (Prop_ibufds_I_O)     0.778     0.778 r  dutclk/inst/clkin1_ibufgds/O
                         net (fo=1, routed)           0.986     1.764    dutclk/inst/clk_in1_clk_wiz_0
    MMCME2_ADV_X1Y5      MMCME2_ADV (Prop_mmcme2_adv_CLKIN1_CLKOUT0)
                                                     -6.516    -4.752 r  dutclk/inst/mmcm_adv_inst/CLKOUT0
                         net (fo=1, routed)           1.788    -2.964    dutclk/inst/clk_out1_clk_wiz_0
    BUFGCTRL_X0Y16       BUFG (Prop_bufg_I_O)         0.083    -2.881 r  dutclk/inst/clkout1_buf/O
                         net (fo=11919, routed)       1.419    -1.463    cv32e40p_core_ip/core_i/id_stage_i/register_file_i/CG_WE_GLOBAL/clk_gate_i/clk_out1
    SLICE_X106Y136       LUT4 (Prop_lut4_I0_O)        0.036    -1.427 r  cv32e40p_core_ip/core_i/id_stage_i/register_file_i/CG_WE_GLOBAL/clk_gate_i/mem_reg[12][31]_i_2/O
                         net (fo=32, routed)          0.385    -1.041    cv32e40p_core_ip/core_i/id_stage_i/register_file_i/p_50_in
    SLICE_X112Y138       LDCE                                         r  cv32e40p_core_ip/core_i/id_stage_i/register_file_i/mem_reg[12][7]/G
                         clock pessimism             -0.756    -1.798    
                         time borrowed                2.884     1.086    
  -------------------------------------------------------------------
                         required time                          1.086    
                         arrival time                          -1.086    
  -------------------------------------------------------------------
                         slack                                  0.000    

Slack (MET) :             0.000ns  (required time - arrival time)
  Source:                 cv32e40p_core_ip/core_i/id_stage_i/register_file_i/wdata_a_q_reg[4]/C
                            (rising edge-triggered cell FDCE clocked by clk_out1_clk_wiz_0_1  {rise@0.000ns fall@8.333ns period=16.667ns})
  Destination:            cv32e40p_core_ip/core_i/id_stage_i/register_file_i/mem_reg[12][4]/D
                            (positive level-sensitive latch clocked by clk_out1_clk_wiz_0_1  {rise@0.000ns fall@8.333ns period=16.667ns})
  Path Group:             clk_out1_clk_wiz_0_1
  Path Type:              Setup (Max at Slow Process Corner)
  Requirement:            0.000ns  (clk_out1_clk_wiz_0_1 rise@0.000ns - clk_out1_clk_wiz_0_1 rise@0.000ns)
  Data Path Delay:        1.259ns  (logic 0.266ns (21.124%)  route 0.993ns (78.876%))
  Logic Levels:           1  (LUT3=1)
  Clock Path Skew:        -1.620ns (DCD - SCD + CPR)
    Destination Clock Delay (DCD):    -1.126ns
    Source Clock Delay      (SCD):    -0.263ns
    Clock Pessimism Removal (CPR):    -0.756ns
  Time Borrowing:         
    Nominal pulse width:              8.333ns
    Library setup time:              -0.004ns
    Computed max time borrow:         8.329ns
    Time borrowed from endpoint:      2.879ns
    Time given to startpoint:         2.879ns

    Location             Delay type                Incr(ns)  Path(ns)    Netlist Resource(s)
  -------------------------------------------------------------------    -------------------
                         (clock clk_out1_clk_wiz_0_1 rise edge)
                                                      0.000     0.000 r  
    H9                                                0.000     0.000 r  clk_p (IN)
                         net (fo=0)                   0.000     0.000    dutclk/inst/clk_in1_p
    H9                   IBUFDS (Prop_ibufds_I_O)     0.880     0.880 r  dutclk/inst/clkin1_ibufgds/O
                         net (fo=1, routed)           1.081     1.961    dutclk/inst/clk_in1_clk_wiz_0
    MMCME2_ADV_X1Y5      MMCME2_ADV (Prop_mmcme2_adv_CLKIN1_CLKOUT0)
                                                     -7.639    -5.678 r  dutclk/inst/mmcm_adv_inst/CLKOUT0
                         net (fo=1, routed)           1.948    -3.730    dutclk/inst/clk_out1_clk_wiz_0
    BUFGCTRL_X0Y16       BUFG (Prop_bufg_I_O)         0.093    -3.637 r  dutclk/inst/clkout1_buf/O
                         net (fo=11919, routed)       1.544    -2.093    cv32e40p_core_ip/core_i/sleep_unit_i/core_clock_gate_i/clk_gate_i/clk_out1
    SLICE_X90Y145        LUT3 (Prop_lut3_I0_O)        0.043    -2.050 r  cv32e40p_core_ip/core_i/sleep_unit_i/core_clock_gate_i/clk_gate_i/waddr_onehot_b_q[31]_i_3/O
                         net (fo=1, routed)           0.439    -1.611    cv32e40p_core_ip_n_90
    BUFGCTRL_X0Y1        BUFG (Prop_bufg_I_O)         0.093    -1.518 r  waddr_onehot_b_q_reg[31]_i_2/O
                         net (fo=95, routed)          1.255    -0.263    cv32e40p_core_ip/core_i/id_stage_i/register_file_i/CLK
    SLICE_X108Y141       FDCE                                         r  cv32e40p_core_ip/core_i/id_stage_i/register_file_i/wdata_a_q_reg[4]/C
  -------------------------------------------------------------------    -------------------
    SLICE_X108Y141       FDCE (Prop_fdce_C_Q)         0.223    -0.040 r  cv32e40p_core_ip/core_i/id_stage_i/register_file_i/wdata_a_q_reg[4]/Q
                         net (fo=31, routed)          0.641     0.602    cv32e40p_core_ip/core_i/id_stage_i/register_file_i/wdata_a_q[4]
    SLICE_X117Y136       LUT3 (Prop_lut3_I2_O)        0.043     0.645 r  cv32e40p_core_ip/core_i/id_stage_i/register_file_i/mem_reg[12][4]_i_1/O
                         net (fo=1, routed)           0.352     0.997    cv32e40p_core_ip/core_i/id_stage_i/register_file_i/mem_reg[12][4]_i_1_n_0
    SLICE_X117Y136       LDCE                                         r  cv32e40p_core_ip/core_i/id_stage_i/register_file_i/mem_reg[12][4]/D
  -------------------------------------------------------------------    -------------------

                         (clock clk_out1_clk_wiz_0_1 rise edge)
                                                      0.000     0.000 r  
    H9                                                0.000     0.000 r  clk_p (IN)
                         net (fo=0)                   0.000     0.000    dutclk/inst/clk_in1_p
    H9                   IBUFDS (Prop_ibufds_I_O)     0.778     0.778 r  dutclk/inst/clkin1_ibufgds/O
                         net (fo=1, routed)           0.986     1.764    dutclk/inst/clk_in1_clk_wiz_0
    MMCME2_ADV_X1Y5      MMCME2_ADV (Prop_mmcme2_adv_CLKIN1_CLKOUT0)
                                                     -6.516    -4.752 r  dutclk/inst/mmcm_adv_inst/CLKOUT0
                         net (fo=1, routed)           1.788    -2.964    dutclk/inst/clk_out1_clk_wiz_0
    BUFGCTRL_X0Y16       BUFG (Prop_bufg_I_O)         0.083    -2.881 r  dutclk/inst/clkout1_buf/O
                         net (fo=11919, routed)       1.419    -1.463    cv32e40p_core_ip/core_i/id_stage_i/register_file_i/CG_WE_GLOBAL/clk_gate_i/clk_out1
    SLICE_X106Y136       LUT4 (Prop_lut4_I0_O)        0.036    -1.427 r  cv32e40p_core_ip/core_i/id_stage_i/register_file_i/CG_WE_GLOBAL/clk_gate_i/mem_reg[12][31]_i_2/O
                         net (fo=32, routed)          0.300    -1.126    cv32e40p_core_ip/core_i/id_stage_i/register_file_i/p_50_in
    SLICE_X117Y136       LDCE                                         r  cv32e40p_core_ip/core_i/id_stage_i/register_file_i/mem_reg[12][4]/G
                         clock pessimism             -0.756    -1.882    
                         time borrowed                2.879     0.997    
  -------------------------------------------------------------------
                         required time                          0.997    
                         arrival time                          -0.997    
  -------------------------------------------------------------------
                         slack                                  0.000    





Min Delay Paths
--------------------------------------------------------------------------------------
Slack (MET) :             0.049ns  (arrival time - required time)
  Source:                 dcache/cpu_addr_q_reg[25]/C
                            (rising edge-triggered cell FDCE clocked by clk_out1_clk_wiz_0_1  {rise@0.000ns fall@8.333ns period=16.667ns})
  Destination:            dcache/way1/tags_reg_448_511_12_14/RAMB/I
                            (rising edge-triggered cell RAMD64E clocked by clk_out1_clk_wiz_0_1  {rise@0.000ns fall@8.333ns period=16.667ns})
  Path Group:             clk_out1_clk_wiz_0_1
  Path Type:              Hold (Min at Fast Process Corner)
  Requirement:            0.000ns  (clk_out1_clk_wiz_0_1 rise@0.000ns - clk_out1_clk_wiz_0_1 rise@0.000ns)
  Data Path Delay:        0.216ns  (logic 0.100ns (46.224%)  route 0.116ns (53.776%))
  Logic Levels:           0  
  Clock Path Skew:        0.035ns (DCD - SCD - CPR)
    Destination Clock Delay (DCD):    -0.778ns
    Source Clock Delay      (SCD):    -0.728ns
    Clock Pessimism Removal (CPR):    -0.085ns

    Location             Delay type                Incr(ns)  Path(ns)    Netlist Resource(s)
  -------------------------------------------------------------------    -------------------
                         (clock clk_out1_clk_wiz_0_1 rise edge)
                                                      0.000     0.000 r  
    H9                                                0.000     0.000 r  clk_p (IN)
                         net (fo=0)                   0.000     0.000    dutclk/inst/clk_in1_p
    H9                   IBUFDS (Prop_ibufds_I_O)     0.363     0.363 r  dutclk/inst/clkin1_ibufgds/O
                         net (fo=1, routed)           0.503     0.866    dutclk/inst/clk_in1_clk_wiz_0
    MMCME2_ADV_X1Y5      MMCME2_ADV (Prop_mmcme2_adv_CLKIN1_CLKOUT0)
                                                     -3.122    -2.256 r  dutclk/inst/mmcm_adv_inst/CLKOUT0
                         net (fo=1, routed)           0.969    -1.287    dutclk/inst/clk_out1_clk_wiz_0
    BUFGCTRL_X0Y16       BUFG (Prop_bufg_I_O)         0.026    -1.261 r  dutclk/inst/clkout1_buf/O
                         net (fo=11919, routed)       0.533    -0.728    dcache/clk_out1
    SLICE_X76Y156        FDCE                                         r  dcache/cpu_addr_q_reg[25]/C
  -------------------------------------------------------------------    -------------------
    SLICE_X76Y156        FDCE (Prop_fdce_C_Q)         0.100    -0.628 r  dcache/cpu_addr_q_reg[25]/Q
                         net (fo=20, routed)          0.116    -0.512    dcache/way1/tags_reg_448_511_12_14/DIB
    SLICE_X74Y156        RAMD64E                                      r  dcache/way1/tags_reg_448_511_12_14/RAMB/I
  -------------------------------------------------------------------    -------------------

                         (clock clk_out1_clk_wiz_0_1 rise edge)
                                                      0.000     0.000 r  
    H9                                                0.000     0.000 r  clk_p (IN)
                         net (fo=0)                   0.000     0.000    dutclk/inst/clk_in1_p
    H9                   IBUFDS (Prop_ibufds_I_O)     0.444     0.444 r  dutclk/inst/clkin1_ibufgds/O
                         net (fo=1, routed)           0.553     0.997    dutclk/inst/clk_in1_clk_wiz_0
    MMCME2_ADV_X1Y5      MMCME2_ADV (Prop_mmcme2_adv_CLKIN1_CLKOUT0)
                                                     -3.590    -2.593 r  dutclk/inst/mmcm_adv_inst/CLKOUT0
                         net (fo=1, routed)           1.044    -1.549    dutclk/inst/clk_out1_clk_wiz_0
    BUFGCTRL_X0Y16       BUFG (Prop_bufg_I_O)         0.030    -1.519 r  dutclk/inst/clkout1_buf/O
                         net (fo=11919, routed)       0.741    -0.778    dcache/way1/tags_reg_448_511_12_14/WCLK
    SLICE_X74Y156        RAMD64E                                      r  dcache/way1/tags_reg_448_511_12_14/RAMB/CLK
                         clock pessimism              0.085    -0.693    
    SLICE_X74Y156        RAMD64E (Hold_ramd64e_CLK_I)
                                                      0.132    -0.561    dcache/way1/tags_reg_448_511_12_14/RAMB
  -------------------------------------------------------------------
                         required time                          0.561    
                         arrival time                          -0.512    
  -------------------------------------------------------------------
                         slack                                  0.049    

Slack (MET) :             0.060ns  (arrival time - required time)
  Source:                 icache/cpu_addr_q_reg[5]_rep__1/C
                            (rising edge-triggered cell FDCE clocked by clk_out1_clk_wiz_0_1  {rise@0.000ns fall@8.333ns period=16.667ns})
  Destination:            icache/way0/lines_reg_0_127_26_26/DP.HIGH/WADR2
                            (rising edge-triggered cell RAMD64E clocked by clk_out1_clk_wiz_0_1  {rise@0.000ns fall@8.333ns period=16.667ns})
  Path Group:             clk_out1_clk_wiz_0_1
  Path Type:              Hold (Min at Fast Process Corner)
  Requirement:            0.000ns  (clk_out1_clk_wiz_0_1 rise@0.000ns - clk_out1_clk_wiz_0_1 rise@0.000ns)
  Data Path Delay:        0.335ns  (logic 0.100ns (29.826%)  route 0.235ns (70.174%))
  Logic Levels:           0  
  Clock Path Skew:        0.034ns (DCD - SCD - CPR)
    Destination Clock Delay (DCD):    -0.766ns
    Source Clock Delay      (SCD):    -0.710ns
    Clock Pessimism Removal (CPR):    -0.090ns

    Location             Delay type                Incr(ns)  Path(ns)    Netlist Resource(s)
  -------------------------------------------------------------------    -------------------
                         (clock clk_out1_clk_wiz_0_1 rise edge)
                                                      0.000     0.000 r  
    H9                                                0.000     0.000 r  clk_p (IN)
                         net (fo=0)                   0.000     0.000    dutclk/inst/clk_in1_p
    H9                   IBUFDS (Prop_ibufds_I_O)     0.363     0.363 r  dutclk/inst/clkin1_ibufgds/O
                         net (fo=1, routed)           0.503     0.866    dutclk/inst/clk_in1_clk_wiz_0
    MMCME2_ADV_X1Y5      MMCME2_ADV (Prop_mmcme2_adv_CLKIN1_CLKOUT0)
                                                     -3.122    -2.256 r  dutclk/inst/mmcm_adv_inst/CLKOUT0
                         net (fo=1, routed)           0.969    -1.287    dutclk/inst/clk_out1_clk_wiz_0
    BUFGCTRL_X0Y16       BUFG (Prop_bufg_I_O)         0.026    -1.261 r  dutclk/inst/clkout1_buf/O
                         net (fo=11919, routed)       0.551    -0.710    icache/clk_i
    SLICE_X67Y117        FDCE                                         r  icache/cpu_addr_q_reg[5]_rep__1/C
  -------------------------------------------------------------------    -------------------
    SLICE_X67Y117        FDCE (Prop_fdce_C_Q)         0.100    -0.610 r  icache/cpu_addr_q_reg[5]_rep__1/Q
                         net (fo=258, routed)         0.235    -0.375    icache/way0/lines_reg_0_127_26_26/A2
    SLICE_X62Y115        RAMD64E                                      r  icache/way0/lines_reg_0_127_26_26/DP.HIGH/WADR2
  -------------------------------------------------------------------    -------------------

                         (clock clk_out1_clk_wiz_0_1 rise edge)
                                                      0.000     0.000 r  
    H9                                                0.000     0.000 r  clk_p (IN)
                         net (fo=0)                   0.000     0.000    dutclk/inst/clk_in1_p
    H9                   IBUFDS (Prop_ibufds_I_O)     0.444     0.444 r  dutclk/inst/clkin1_ibufgds/O
                         net (fo=1, routed)           0.553     0.997    dutclk/inst/clk_in1_clk_wiz_0
    MMCME2_ADV_X1Y5      MMCME2_ADV (Prop_mmcme2_adv_CLKIN1_CLKOUT0)
                                                     -3.590    -2.593 r  dutclk/inst/mmcm_adv_inst/CLKOUT0
                         net (fo=1, routed)           1.044    -1.549    dutclk/inst/clk_out1_clk_wiz_0
    BUFGCTRL_X0Y16       BUFG (Prop_bufg_I_O)         0.030    -1.519 r  dutclk/inst/clkout1_buf/O
                         net (fo=11919, routed)       0.753    -0.766    icache/way0/lines_reg_0_127_26_26/WCLK
    SLICE_X62Y115        RAMD64E                                      r  icache/way0/lines_reg_0_127_26_26/DP.HIGH/CLK
                         clock pessimism              0.090    -0.676    
    SLICE_X62Y115        RAMD64E (Hold_ramd64e_CLK_WADR2)
                                                      0.241    -0.435    icache/way0/lines_reg_0_127_26_26/DP.HIGH
  -------------------------------------------------------------------
                         required time                          0.435    
                         arrival time                          -0.375    
  -------------------------------------------------------------------
                         slack                                  0.060    

Slack (MET) :             0.060ns  (arrival time - required time)
  Source:                 icache/cpu_addr_q_reg[5]_rep__1/C
                            (rising edge-triggered cell FDCE clocked by clk_out1_clk_wiz_0_1  {rise@0.000ns fall@8.333ns period=16.667ns})
  Destination:            icache/way0/lines_reg_0_127_26_26/DP.LOW/WADR2
                            (rising edge-triggered cell RAMD64E clocked by clk_out1_clk_wiz_0_1  {rise@0.000ns fall@8.333ns period=16.667ns})
  Path Group:             clk_out1_clk_wiz_0_1
  Path Type:              Hold (Min at Fast Process Corner)
  Requirement:            0.000ns  (clk_out1_clk_wiz_0_1 rise@0.000ns - clk_out1_clk_wiz_0_1 rise@0.000ns)
  Data Path Delay:        0.335ns  (logic 0.100ns (29.826%)  route 0.235ns (70.174%))
  Logic Levels:           0  
  Clock Path Skew:        0.034ns (DCD - SCD - CPR)
    Destination Clock Delay (DCD):    -0.766ns
    Source Clock Delay      (SCD):    -0.710ns
    Clock Pessimism Removal (CPR):    -0.090ns

    Location             Delay type                Incr(ns)  Path(ns)    Netlist Resource(s)
  -------------------------------------------------------------------    -------------------
                         (clock clk_out1_clk_wiz_0_1 rise edge)
                                                      0.000     0.000 r  
    H9                                                0.000     0.000 r  clk_p (IN)
                         net (fo=0)                   0.000     0.000    dutclk/inst/clk_in1_p
    H9                   IBUFDS (Prop_ibufds_I_O)     0.363     0.363 r  dutclk/inst/clkin1_ibufgds/O
                         net (fo=1, routed)           0.503     0.866    dutclk/inst/clk_in1_clk_wiz_0
    MMCME2_ADV_X1Y5      MMCME2_ADV (Prop_mmcme2_adv_CLKIN1_CLKOUT0)
                                                     -3.122    -2.256 r  dutclk/inst/mmcm_adv_inst/CLKOUT0
                         net (fo=1, routed)           0.969    -1.287    dutclk/inst/clk_out1_clk_wiz_0
    BUFGCTRL_X0Y16       BUFG (Prop_bufg_I_O)         0.026    -1.261 r  dutclk/inst/clkout1_buf/O
                         net (fo=11919, routed)       0.551    -0.710    icache/clk_i
    SLICE_X67Y117        FDCE                                         r  icache/cpu_addr_q_reg[5]_rep__1/C
  -------------------------------------------------------------------    -------------------
    SLICE_X67Y117        FDCE (Prop_fdce_C_Q)         0.100    -0.610 r  icache/cpu_addr_q_reg[5]_rep__1/Q
                         net (fo=258, routed)         0.235    -0.375    icache/way0/lines_reg_0_127_26_26/A2
    SLICE_X62Y115        RAMD64E                                      r  icache/way0/lines_reg_0_127_26_26/DP.LOW/WADR2
  -------------------------------------------------------------------    -------------------

                         (clock clk_out1_clk_wiz_0_1 rise edge)
                                                      0.000     0.000 r  
    H9                                                0.000     0.000 r  clk_p (IN)
                         net (fo=0)                   0.000     0.000    dutclk/inst/clk_in1_p
    H9                   IBUFDS (Prop_ibufds_I_O)     0.444     0.444 r  dutclk/inst/clkin1_ibufgds/O
                         net (fo=1, routed)           0.553     0.997    dutclk/inst/clk_in1_clk_wiz_0
    MMCME2_ADV_X1Y5      MMCME2_ADV (Prop_mmcme2_adv_CLKIN1_CLKOUT0)
                                                     -3.590    -2.593 r  dutclk/inst/mmcm_adv_inst/CLKOUT0
                         net (fo=1, routed)           1.044    -1.549    dutclk/inst/clk_out1_clk_wiz_0
    BUFGCTRL_X0Y16       BUFG (Prop_bufg_I_O)         0.030    -1.519 r  dutclk/inst/clkout1_buf/O
                         net (fo=11919, routed)       0.753    -0.766    icache/way0/lines_reg_0_127_26_26/WCLK
    SLICE_X62Y115        RAMD64E                                      r  icache/way0/lines_reg_0_127_26_26/DP.LOW/CLK
                         clock pessimism              0.090    -0.676    
    SLICE_X62Y115        RAMD64E (Hold_ramd64e_CLK_WADR2)
                                                      0.241    -0.435    icache/way0/lines_reg_0_127_26_26/DP.LOW
  -------------------------------------------------------------------
                         required time                          0.435    
                         arrival time                          -0.375    
  -------------------------------------------------------------------
                         slack                                  0.060    

Slack (MET) :             0.060ns  (arrival time - required time)
  Source:                 icache/cpu_addr_q_reg[5]_rep__1/C
                            (rising edge-triggered cell FDCE clocked by clk_out1_clk_wiz_0_1  {rise@0.000ns fall@8.333ns period=16.667ns})
  Destination:            icache/way0/lines_reg_0_127_26_26/SP.HIGH/WADR2
                            (rising edge-triggered cell RAMD64E clocked by clk_out1_clk_wiz_0_1  {rise@0.000ns fall@8.333ns period=16.667ns})
  Path Group:             clk_out1_clk_wiz_0_1
  Path Type:              Hold (Min at Fast Process Corner)
  Requirement:            0.000ns  (clk_out1_clk_wiz_0_1 rise@0.000ns - clk_out1_clk_wiz_0_1 rise@0.000ns)
  Data Path Delay:        0.335ns  (logic 0.100ns (29.826%)  route 0.235ns (70.174%))
  Logic Levels:           0  
  Clock Path Skew:        0.034ns (DCD - SCD - CPR)
    Destination Clock Delay (DCD):    -0.766ns
    Source Clock Delay      (SCD):    -0.710ns
    Clock Pessimism Removal (CPR):    -0.090ns

    Location             Delay type                Incr(ns)  Path(ns)    Netlist Resource(s)
  -------------------------------------------------------------------    -------------------
                         (clock clk_out1_clk_wiz_0_1 rise edge)
                                                      0.000     0.000 r  
    H9                                                0.000     0.000 r  clk_p (IN)
                         net (fo=0)                   0.000     0.000    dutclk/inst/clk_in1_p
    H9                   IBUFDS (Prop_ibufds_I_O)     0.363     0.363 r  dutclk/inst/clkin1_ibufgds/O
                         net (fo=1, routed)           0.503     0.866    dutclk/inst/clk_in1_clk_wiz_0
    MMCME2_ADV_X1Y5      MMCME2_ADV (Prop_mmcme2_adv_CLKIN1_CLKOUT0)
                                                     -3.122    -2.256 r  dutclk/inst/mmcm_adv_inst/CLKOUT0
                         net (fo=1, routed)           0.969    -1.287    dutclk/inst/clk_out1_clk_wiz_0
    BUFGCTRL_X0Y16       BUFG (Prop_bufg_I_O)         0.026    -1.261 r  dutclk/inst/clkout1_buf/O
                         net (fo=11919, routed)       0.551    -0.710    icache/clk_i
    SLICE_X67Y117        FDCE                                         r  icache/cpu_addr_q_reg[5]_rep__1/C
  -------------------------------------------------------------------    -------------------
    SLICE_X67Y117        FDCE (Prop_fdce_C_Q)         0.100    -0.610 r  icache/cpu_addr_q_reg[5]_rep__1/Q
                         net (fo=258, routed)         0.235    -0.375    icache/way0/lines_reg_0_127_26_26/A2
    SLICE_X62Y115        RAMD64E                                      r  icache/way0/lines_reg_0_127_26_26/SP.HIGH/WADR2
  -------------------------------------------------------------------    -------------------

                         (clock clk_out1_clk_wiz_0_1 rise edge)
                                                      0.000     0.000 r  
    H9                                                0.000     0.000 r  clk_p (IN)
                         net (fo=0)                   0.000     0.000    dutclk/inst/clk_in1_p
    H9                   IBUFDS (Prop_ibufds_I_O)     0.444     0.444 r  dutclk/inst/clkin1_ibufgds/O
                         net (fo=1, routed)           0.553     0.997    dutclk/inst/clk_in1_clk_wiz_0
    MMCME2_ADV_X1Y5      MMCME2_ADV (Prop_mmcme2_adv_CLKIN1_CLKOUT0)
                                                     -3.590    -2.593 r  dutclk/inst/mmcm_adv_inst/CLKOUT0
                         net (fo=1, routed)           1.044    -1.549    dutclk/inst/clk_out1_clk_wiz_0
    BUFGCTRL_X0Y16       BUFG (Prop_bufg_I_O)         0.030    -1.519 r  dutclk/inst/clkout1_buf/O
                         net (fo=11919, routed)       0.753    -0.766    icache/way0/lines_reg_0_127_26_26/WCLK
    SLICE_X62Y115        RAMD64E                                      r  icache/way0/lines_reg_0_127_26_26/SP.HIGH/CLK
                         clock pessimism              0.090    -0.676    
    SLICE_X62Y115        RAMD64E (Hold_ramd64e_CLK_WADR2)
                                                      0.241    -0.435    icache/way0/lines_reg_0_127_26_26/SP.HIGH
  -------------------------------------------------------------------
                         required time                          0.435    
                         arrival time                          -0.375    
  -------------------------------------------------------------------
                         slack                                  0.060    

Slack (MET) :             0.060ns  (arrival time - required time)
  Source:                 icache/cpu_addr_q_reg[5]_rep__1/C
                            (rising edge-triggered cell FDCE clocked by clk_out1_clk_wiz_0_1  {rise@0.000ns fall@8.333ns period=16.667ns})
  Destination:            icache/way0/lines_reg_0_127_26_26/SP.LOW/WADR2
                            (rising edge-triggered cell RAMD64E clocked by clk_out1_clk_wiz_0_1  {rise@0.000ns fall@8.333ns period=16.667ns})
  Path Group:             clk_out1_clk_wiz_0_1
  Path Type:              Hold (Min at Fast Process Corner)
  Requirement:            0.000ns  (clk_out1_clk_wiz_0_1 rise@0.000ns - clk_out1_clk_wiz_0_1 rise@0.000ns)
  Data Path Delay:        0.335ns  (logic 0.100ns (29.826%)  route 0.235ns (70.174%))
  Logic Levels:           0  
  Clock Path Skew:        0.034ns (DCD - SCD - CPR)
    Destination Clock Delay (DCD):    -0.766ns
    Source Clock Delay      (SCD):    -0.710ns
    Clock Pessimism Removal (CPR):    -0.090ns

    Location             Delay type                Incr(ns)  Path(ns)    Netlist Resource(s)
  -------------------------------------------------------------------    -------------------
                         (clock clk_out1_clk_wiz_0_1 rise edge)
                                                      0.000     0.000 r  
    H9                                                0.000     0.000 r  clk_p (IN)
                         net (fo=0)                   0.000     0.000    dutclk/inst/clk_in1_p
    H9                   IBUFDS (Prop_ibufds_I_O)     0.363     0.363 r  dutclk/inst/clkin1_ibufgds/O
                         net (fo=1, routed)           0.503     0.866    dutclk/inst/clk_in1_clk_wiz_0
    MMCME2_ADV_X1Y5      MMCME2_ADV (Prop_mmcme2_adv_CLKIN1_CLKOUT0)
                                                     -3.122    -2.256 r  dutclk/inst/mmcm_adv_inst/CLKOUT0
                         net (fo=1, routed)           0.969    -1.287    dutclk/inst/clk_out1_clk_wiz_0
    BUFGCTRL_X0Y16       BUFG (Prop_bufg_I_O)         0.026    -1.261 r  dutclk/inst/clkout1_buf/O
                         net (fo=11919, routed)       0.551    -0.710    icache/clk_i
    SLICE_X67Y117        FDCE                                         r  icache/cpu_addr_q_reg[5]_rep__1/C
  -------------------------------------------------------------------    -------------------
    SLICE_X67Y117        FDCE (Prop_fdce_C_Q)         0.100    -0.610 r  icache/cpu_addr_q_reg[5]_rep__1/Q
                         net (fo=258, routed)         0.235    -0.375    icache/way0/lines_reg_0_127_26_26/A2
    SLICE_X62Y115        RAMD64E                                      r  icache/way0/lines_reg_0_127_26_26/SP.LOW/WADR2
  -------------------------------------------------------------------    -------------------

                         (clock clk_out1_clk_wiz_0_1 rise edge)
                                                      0.000     0.000 r  
    H9                                                0.000     0.000 r  clk_p (IN)
                         net (fo=0)                   0.000     0.000    dutclk/inst/clk_in1_p
    H9                   IBUFDS (Prop_ibufds_I_O)     0.444     0.444 r  dutclk/inst/clkin1_ibufgds/O
                         net (fo=1, routed)           0.553     0.997    dutclk/inst/clk_in1_clk_wiz_0
    MMCME2_ADV_X1Y5      MMCME2_ADV (Prop_mmcme2_adv_CLKIN1_CLKOUT0)
                                                     -3.590    -2.593 r  dutclk/inst/mmcm_adv_inst/CLKOUT0
                         net (fo=1, routed)           1.044    -1.549    dutclk/inst/clk_out1_clk_wiz_0
    BUFGCTRL_X0Y16       BUFG (Prop_bufg_I_O)         0.030    -1.519 r  dutclk/inst/clkout1_buf/O
                         net (fo=11919, routed)       0.753    -0.766    icache/way0/lines_reg_0_127_26_26/WCLK
    SLICE_X62Y115        RAMD64E                                      r  icache/way0/lines_reg_0_127_26_26/SP.LOW/CLK
                         clock pessimism              0.090    -0.676    
    SLICE_X62Y115        RAMD64E (Hold_ramd64e_CLK_WADR2)
                                                      0.241    -0.435    icache/way0/lines_reg_0_127_26_26/SP.LOW
  -------------------------------------------------------------------
                         required time                          0.435    
                         arrival time                          -0.375    
  -------------------------------------------------------------------
                         slack                                  0.060    

Slack (MET) :             0.065ns  (arrival time - required time)
  Source:                 icache/cpu_addr_q_reg[7]_rep__15/C
                            (rising edge-triggered cell FDCE clocked by clk_out1_clk_wiz_0_1  {rise@0.000ns fall@8.333ns period=16.667ns})
  Destination:            icache/way1/lines_reg_0_127_56_56/DP.HIGH/WADR4
                            (rising edge-triggered cell RAMD64E clocked by clk_out1_clk_wiz_0_1  {rise@0.000ns fall@8.333ns period=16.667ns})
  Path Group:             clk_out1_clk_wiz_0_1
  Path Type:              Hold (Min at Fast Process Corner)
  Requirement:            0.000ns  (clk_out1_clk_wiz_0_1 rise@0.000ns - clk_out1_clk_wiz_0_1 rise@0.000ns)
  Data Path Delay:        0.284ns  (logic 0.100ns (35.172%)  route 0.184ns (64.828%))
  Logic Levels:           0  
  Clock Path Skew:        0.034ns (DCD - SCD - CPR)
    Destination Clock Delay (DCD):    -0.771ns
    Source Clock Delay      (SCD):    -0.715ns
    Clock Pessimism Removal (CPR):    -0.090ns

    Location             Delay type                Incr(ns)  Path(ns)    Netlist Resource(s)
  -------------------------------------------------------------------    -------------------
                         (clock clk_out1_clk_wiz_0_1 rise edge)
                                                      0.000     0.000 r  
    H9                                                0.000     0.000 r  clk_p (IN)
                         net (fo=0)                   0.000     0.000    dutclk/inst/clk_in1_p
    H9                   IBUFDS (Prop_ibufds_I_O)     0.363     0.363 r  dutclk/inst/clkin1_ibufgds/O
                         net (fo=1, routed)           0.503     0.866    dutclk/inst/clk_in1_clk_wiz_0
    MMCME2_ADV_X1Y5      MMCME2_ADV (Prop_mmcme2_adv_CLKIN1_CLKOUT0)
                                                     -3.122    -2.256 r  dutclk/inst/mmcm_adv_inst/CLKOUT0
                         net (fo=1, routed)           0.969    -1.287    dutclk/inst/clk_out1_clk_wiz_0
    BUFGCTRL_X0Y16       BUFG (Prop_bufg_I_O)         0.026    -1.261 r  dutclk/inst/clkout1_buf/O
                         net (fo=11919, routed)       0.546    -0.715    icache/clk_i
    SLICE_X83Y112        FDCE                                         r  icache/cpu_addr_q_reg[7]_rep__15/C
  -------------------------------------------------------------------    -------------------
    SLICE_X83Y112        FDCE (Prop_fdce_C_Q)         0.100    -0.615 r  icache/cpu_addr_q_reg[7]_rep__15/Q
                         net (fo=246, routed)         0.184    -0.431    icache/way1/lines_reg_0_127_56_56/A4
    SLICE_X78Y112        RAMD64E                                      r  icache/way1/lines_reg_0_127_56_56/DP.HIGH/WADR4
  -------------------------------------------------------------------    -------------------

                         (clock clk_out1_clk_wiz_0_1 rise edge)
                                                      0.000     0.000 r  
    H9                                                0.000     0.000 r  clk_p (IN)
                         net (fo=0)                   0.000     0.000    dutclk/inst/clk_in1_p
    H9                   IBUFDS (Prop_ibufds_I_O)     0.444     0.444 r  dutclk/inst/clkin1_ibufgds/O
                         net (fo=1, routed)           0.553     0.997    dutclk/inst/clk_in1_clk_wiz_0
    MMCME2_ADV_X1Y5      MMCME2_ADV (Prop_mmcme2_adv_CLKIN1_CLKOUT0)
                                                     -3.590    -2.593 r  dutclk/inst/mmcm_adv_inst/CLKOUT0
                         net (fo=1, routed)           1.044    -1.549    dutclk/inst/clk_out1_clk_wiz_0
    BUFGCTRL_X0Y16       BUFG (Prop_bufg_I_O)         0.030    -1.519 r  dutclk/inst/clkout1_buf/O
                         net (fo=11919, routed)       0.748    -0.771    icache/way1/lines_reg_0_127_56_56/WCLK
    SLICE_X78Y112        RAMD64E                                      r  icache/way1/lines_reg_0_127_56_56/DP.HIGH/CLK
                         clock pessimism              0.090    -0.681    
    SLICE_X78Y112        RAMD64E (Hold_ramd64e_CLK_WADR4)
                                                      0.185    -0.496    icache/way1/lines_reg_0_127_56_56/DP.HIGH
  -------------------------------------------------------------------
                         required time                          0.496    
                         arrival time                          -0.431    
  -------------------------------------------------------------------
                         slack                                  0.065    

Slack (MET) :             0.065ns  (arrival time - required time)
  Source:                 icache/cpu_addr_q_reg[7]_rep__15/C
                            (rising edge-triggered cell FDCE clocked by clk_out1_clk_wiz_0_1  {rise@0.000ns fall@8.333ns period=16.667ns})
  Destination:            icache/way1/lines_reg_0_127_56_56/DP.LOW/WADR4
                            (rising edge-triggered cell RAMD64E clocked by clk_out1_clk_wiz_0_1  {rise@0.000ns fall@8.333ns period=16.667ns})
  Path Group:             clk_out1_clk_wiz_0_1
  Path Type:              Hold (Min at Fast Process Corner)
  Requirement:            0.000ns  (clk_out1_clk_wiz_0_1 rise@0.000ns - clk_out1_clk_wiz_0_1 rise@0.000ns)
  Data Path Delay:        0.284ns  (logic 0.100ns (35.172%)  route 0.184ns (64.828%))
  Logic Levels:           0  
  Clock Path Skew:        0.034ns (DCD - SCD - CPR)
    Destination Clock Delay (DCD):    -0.771ns
    Source Clock Delay      (SCD):    -0.715ns
    Clock Pessimism Removal (CPR):    -0.090ns

    Location             Delay type                Incr(ns)  Path(ns)    Netlist Resource(s)
  -------------------------------------------------------------------    -------------------
                         (clock clk_out1_clk_wiz_0_1 rise edge)
                                                      0.000     0.000 r  
    H9                                                0.000     0.000 r  clk_p (IN)
                         net (fo=0)                   0.000     0.000    dutclk/inst/clk_in1_p
    H9                   IBUFDS (Prop_ibufds_I_O)     0.363     0.363 r  dutclk/inst/clkin1_ibufgds/O
                         net (fo=1, routed)           0.503     0.866    dutclk/inst/clk_in1_clk_wiz_0
    MMCME2_ADV_X1Y5      MMCME2_ADV (Prop_mmcme2_adv_CLKIN1_CLKOUT0)
                                                     -3.122    -2.256 r  dutclk/inst/mmcm_adv_inst/CLKOUT0
                         net (fo=1, routed)           0.969    -1.287    dutclk/inst/clk_out1_clk_wiz_0
    BUFGCTRL_X0Y16       BUFG (Prop_bufg_I_O)         0.026    -1.261 r  dutclk/inst/clkout1_buf/O
                         net (fo=11919, routed)       0.546    -0.715    icache/clk_i
    SLICE_X83Y112        FDCE                                         r  icache/cpu_addr_q_reg[7]_rep__15/C
  -------------------------------------------------------------------    -------------------
    SLICE_X83Y112        FDCE (Prop_fdce_C_Q)         0.100    -0.615 r  icache/cpu_addr_q_reg[7]_rep__15/Q
                         net (fo=246, routed)         0.184    -0.431    icache/way1/lines_reg_0_127_56_56/A4
    SLICE_X78Y112        RAMD64E                                      r  icache/way1/lines_reg_0_127_56_56/DP.LOW/WADR4
  -------------------------------------------------------------------    -------------------

                         (clock clk_out1_clk_wiz_0_1 rise edge)
                                                      0.000     0.000 r  
    H9                                                0.000     0.000 r  clk_p (IN)
                         net (fo=0)                   0.000     0.000    dutclk/inst/clk_in1_p
    H9                   IBUFDS (Prop_ibufds_I_O)     0.444     0.444 r  dutclk/inst/clkin1_ibufgds/O
                         net (fo=1, routed)           0.553     0.997    dutclk/inst/clk_in1_clk_wiz_0
    MMCME2_ADV_X1Y5      MMCME2_ADV (Prop_mmcme2_adv_CLKIN1_CLKOUT0)
                                                     -3.590    -2.593 r  dutclk/inst/mmcm_adv_inst/CLKOUT0
                         net (fo=1, routed)           1.044    -1.549    dutclk/inst/clk_out1_clk_wiz_0
    BUFGCTRL_X0Y16       BUFG (Prop_bufg_I_O)         0.030    -1.519 r  dutclk/inst/clkout1_buf/O
                         net (fo=11919, routed)       0.748    -0.771    icache/way1/lines_reg_0_127_56_56/WCLK
    SLICE_X78Y112        RAMD64E                                      r  icache/way1/lines_reg_0_127_56_56/DP.LOW/CLK
                         clock pessimism              0.090    -0.681    
    SLICE_X78Y112        RAMD64E (Hold_ramd64e_CLK_WADR4)
                                                      0.185    -0.496    icache/way1/lines_reg_0_127_56_56/DP.LOW
  -------------------------------------------------------------------
                         required time                          0.496    
                         arrival time                          -0.431    
  -------------------------------------------------------------------
                         slack                                  0.065    

Slack (MET) :             0.065ns  (arrival time - required time)
  Source:                 icache/cpu_addr_q_reg[7]_rep__15/C
                            (rising edge-triggered cell FDCE clocked by clk_out1_clk_wiz_0_1  {rise@0.000ns fall@8.333ns period=16.667ns})
  Destination:            icache/way1/lines_reg_0_127_56_56/SP.HIGH/WADR4
                            (rising edge-triggered cell RAMD64E clocked by clk_out1_clk_wiz_0_1  {rise@0.000ns fall@8.333ns period=16.667ns})
  Path Group:             clk_out1_clk_wiz_0_1
  Path Type:              Hold (Min at Fast Process Corner)
  Requirement:            0.000ns  (clk_out1_clk_wiz_0_1 rise@0.000ns - clk_out1_clk_wiz_0_1 rise@0.000ns)
  Data Path Delay:        0.284ns  (logic 0.100ns (35.172%)  route 0.184ns (64.828%))
  Logic Levels:           0  
  Clock Path Skew:        0.034ns (DCD - SCD - CPR)
    Destination Clock Delay (DCD):    -0.771ns
    Source Clock Delay      (SCD):    -0.715ns
    Clock Pessimism Removal (CPR):    -0.090ns

    Location             Delay type                Incr(ns)  Path(ns)    Netlist Resource(s)
  -------------------------------------------------------------------    -------------------
                         (clock clk_out1_clk_wiz_0_1 rise edge)
                                                      0.000     0.000 r  
    H9                                                0.000     0.000 r  clk_p (IN)
                         net (fo=0)                   0.000     0.000    dutclk/inst/clk_in1_p
    H9                   IBUFDS (Prop_ibufds_I_O)     0.363     0.363 r  dutclk/inst/clkin1_ibufgds/O
                         net (fo=1, routed)           0.503     0.866    dutclk/inst/clk_in1_clk_wiz_0
    MMCME2_ADV_X1Y5      MMCME2_ADV (Prop_mmcme2_adv_CLKIN1_CLKOUT0)
                                                     -3.122    -2.256 r  dutclk/inst/mmcm_adv_inst/CLKOUT0
                         net (fo=1, routed)           0.969    -1.287    dutclk/inst/clk_out1_clk_wiz_0
    BUFGCTRL_X0Y16       BUFG (Prop_bufg_I_O)         0.026    -1.261 r  dutclk/inst/clkout1_buf/O
                         net (fo=11919, routed)       0.546    -0.715    icache/clk_i
    SLICE_X83Y112        FDCE                                         r  icache/cpu_addr_q_reg[7]_rep__15/C
  -------------------------------------------------------------------    -------------------
    SLICE_X83Y112        FDCE (Prop_fdce_C_Q)         0.100    -0.615 r  icache/cpu_addr_q_reg[7]_rep__15/Q
                         net (fo=246, routed)         0.184    -0.431    icache/way1/lines_reg_0_127_56_56/A4
    SLICE_X78Y112        RAMD64E                                      r  icache/way1/lines_reg_0_127_56_56/SP.HIGH/WADR4
  -------------------------------------------------------------------    -------------------

                         (clock clk_out1_clk_wiz_0_1 rise edge)
                                                      0.000     0.000 r  
    H9                                                0.000     0.000 r  clk_p (IN)
                         net (fo=0)                   0.000     0.000    dutclk/inst/clk_in1_p
    H9                   IBUFDS (Prop_ibufds_I_O)     0.444     0.444 r  dutclk/inst/clkin1_ibufgds/O
                         net (fo=1, routed)           0.553     0.997    dutclk/inst/clk_in1_clk_wiz_0
    MMCME2_ADV_X1Y5      MMCME2_ADV (Prop_mmcme2_adv_CLKIN1_CLKOUT0)
                                                     -3.590    -2.593 r  dutclk/inst/mmcm_adv_inst/CLKOUT0
                         net (fo=1, routed)           1.044    -1.549    dutclk/inst/clk_out1_clk_wiz_0
    BUFGCTRL_X0Y16       BUFG (Prop_bufg_I_O)         0.030    -1.519 r  dutclk/inst/clkout1_buf/O
                         net (fo=11919, routed)       0.748    -0.771    icache/way1/lines_reg_0_127_56_56/WCLK
    SLICE_X78Y112        RAMD64E                                      r  icache/way1/lines_reg_0_127_56_56/SP.HIGH/CLK
                         clock pessimism              0.090    -0.681    
    SLICE_X78Y112        RAMD64E (Hold_ramd64e_CLK_WADR4)
                                                      0.185    -0.496    icache/way1/lines_reg_0_127_56_56/SP.HIGH
  -------------------------------------------------------------------
                         required time                          0.496    
                         arrival time                          -0.431    
  -------------------------------------------------------------------
                         slack                                  0.065    

Slack (MET) :             0.065ns  (arrival time - required time)
  Source:                 icache/cpu_addr_q_reg[7]_rep__15/C
                            (rising edge-triggered cell FDCE clocked by clk_out1_clk_wiz_0_1  {rise@0.000ns fall@8.333ns period=16.667ns})
  Destination:            icache/way1/lines_reg_0_127_56_56/SP.LOW/WADR4
                            (rising edge-triggered cell RAMD64E clocked by clk_out1_clk_wiz_0_1  {rise@0.000ns fall@8.333ns period=16.667ns})
  Path Group:             clk_out1_clk_wiz_0_1
  Path Type:              Hold (Min at Fast Process Corner)
  Requirement:            0.000ns  (clk_out1_clk_wiz_0_1 rise@0.000ns - clk_out1_clk_wiz_0_1 rise@0.000ns)
  Data Path Delay:        0.284ns  (logic 0.100ns (35.172%)  route 0.184ns (64.828%))
  Logic Levels:           0  
  Clock Path Skew:        0.034ns (DCD - SCD - CPR)
    Destination Clock Delay (DCD):    -0.771ns
    Source Clock Delay      (SCD):    -0.715ns
    Clock Pessimism Removal (CPR):    -0.090ns

    Location             Delay type                Incr(ns)  Path(ns)    Netlist Resource(s)
  -------------------------------------------------------------------    -------------------
                         (clock clk_out1_clk_wiz_0_1 rise edge)
                                                      0.000     0.000 r  
    H9                                                0.000     0.000 r  clk_p (IN)
                         net (fo=0)                   0.000     0.000    dutclk/inst/clk_in1_p
    H9                   IBUFDS (Prop_ibufds_I_O)     0.363     0.363 r  dutclk/inst/clkin1_ibufgds/O
                         net (fo=1, routed)           0.503     0.866    dutclk/inst/clk_in1_clk_wiz_0
    MMCME2_ADV_X1Y5      MMCME2_ADV (Prop_mmcme2_adv_CLKIN1_CLKOUT0)
                                                     -3.122    -2.256 r  dutclk/inst/mmcm_adv_inst/CLKOUT0
                         net (fo=1, routed)           0.969    -1.287    dutclk/inst/clk_out1_clk_wiz_0
    BUFGCTRL_X0Y16       BUFG (Prop_bufg_I_O)         0.026    -1.261 r  dutclk/inst/clkout1_buf/O
                         net (fo=11919, routed)       0.546    -0.715    icache/clk_i
    SLICE_X83Y112        FDCE                                         r  icache/cpu_addr_q_reg[7]_rep__15/C
  -------------------------------------------------------------------    -------------------
    SLICE_X83Y112        FDCE (Prop_fdce_C_Q)         0.100    -0.615 r  icache/cpu_addr_q_reg[7]_rep__15/Q
                         net (fo=246, routed)         0.184    -0.431    icache/way1/lines_reg_0_127_56_56/A4
    SLICE_X78Y112        RAMD64E                                      r  icache/way1/lines_reg_0_127_56_56/SP.LOW/WADR4
  -------------------------------------------------------------------    -------------------

                         (clock clk_out1_clk_wiz_0_1 rise edge)
                                                      0.000     0.000 r  
    H9                                                0.000     0.000 r  clk_p (IN)
                         net (fo=0)                   0.000     0.000    dutclk/inst/clk_in1_p
    H9                   IBUFDS (Prop_ibufds_I_O)     0.444     0.444 r  dutclk/inst/clkin1_ibufgds/O
                         net (fo=1, routed)           0.553     0.997    dutclk/inst/clk_in1_clk_wiz_0
    MMCME2_ADV_X1Y5      MMCME2_ADV (Prop_mmcme2_adv_CLKIN1_CLKOUT0)
                                                     -3.590    -2.593 r  dutclk/inst/mmcm_adv_inst/CLKOUT0
                         net (fo=1, routed)           1.044    -1.549    dutclk/inst/clk_out1_clk_wiz_0
    BUFGCTRL_X0Y16       BUFG (Prop_bufg_I_O)         0.030    -1.519 r  dutclk/inst/clkout1_buf/O
                         net (fo=11919, routed)       0.748    -0.771    icache/way1/lines_reg_0_127_56_56/WCLK
    SLICE_X78Y112        RAMD64E                                      r  icache/way1/lines_reg_0_127_56_56/SP.LOW/CLK
                         clock pessimism              0.090    -0.681    
    SLICE_X78Y112        RAMD64E (Hold_ramd64e_CLK_WADR4)
                                                      0.185    -0.496    icache/way1/lines_reg_0_127_56_56/SP.LOW
  -------------------------------------------------------------------
                         required time                          0.496    
                         arrival time                          -0.431    
  -------------------------------------------------------------------
                         slack                                  0.065    

Slack (MET) :             0.068ns  (arrival time - required time)
  Source:                 cv32e40p_core_ip/core_i/ex_stage_i/alu_i/alu_div_i/CompInv_SP_reg/C
                            (rising edge-triggered cell FDCE clocked by clk_out1_clk_wiz_0_1  {rise@0.000ns fall@8.333ns period=16.667ns})
  Destination:            cv32e40p_core_ip/core_i/ex_stage_i/alu_i/alu_div_i/ResReg_DP_reg[31]/D
                            (rising edge-triggered cell FDCE clocked by clk_out1_clk_wiz_0_1  {rise@0.000ns fall@8.333ns period=16.667ns})
  Path Group:             clk_out1_clk_wiz_0_1
  Path Type:              Hold (Min at Fast Process Corner)
  Requirement:            0.000ns  (clk_out1_clk_wiz_0_1 rise@0.000ns - clk_out1_clk_wiz_0_1 rise@0.000ns)
  Data Path Delay:        0.320ns  (logic 0.157ns (48.992%)  route 0.163ns (51.008%))
  Logic Levels:           1  (LUT5=1)
  Clock Path Skew:        0.192ns (DCD - SCD - CPR)
    Destination Clock Delay (DCD):    0.465ns
    Source Clock Delay      (SCD):    0.248ns
    Clock Pessimism Removal (CPR):    0.025ns

    Location             Delay type                Incr(ns)  Path(ns)    Netlist Resource(s)
  -------------------------------------------------------------------    -------------------
                         (clock clk_out1_clk_wiz_0_1 rise edge)
                                                      0.000     0.000 r  
    H9                                                0.000     0.000 r  clk_p (IN)
                         net (fo=0)                   0.000     0.000    dutclk/inst/clk_in1_p
    H9                   IBUFDS (Prop_ibufds_I_O)     0.363     0.363 r  dutclk/inst/clkin1_ibufgds/O
                         net (fo=1, routed)           0.503     0.866    dutclk/inst/clk_in1_clk_wiz_0
    MMCME2_ADV_X1Y5      MMCME2_ADV (Prop_mmcme2_adv_CLKIN1_CLKOUT0)
                                                     -3.122    -2.256 r  dutclk/inst/mmcm_adv_inst/CLKOUT0
                         net (fo=1, routed)           0.969    -1.287    dutclk/inst/clk_out1_clk_wiz_0
    BUFGCTRL_X0Y16       BUFG (Prop_bufg_I_O)         0.026    -1.261 r  dutclk/inst/clkout1_buf/O
                         net (fo=11919, routed)       0.727    -0.535    cv32e40p_core_ip/core_i/sleep_unit_i/core_clock_gate_i/clk_gate_i/clk_out1
    SLICE_X89Y146        LUT2 (Prop_lut2_I0_O)        0.028    -0.507 r  cv32e40p_core_ip/core_i/sleep_unit_i/core_clock_gate_i/clk_gate_i/cnt_q[1]_i_5__0/O
                         net (fo=1, routed)           0.186    -0.321    cv32e40p_core_ip_n_101
    BUFGCTRL_X0Y0        BUFG (Prop_bufg_I_O)         0.026    -0.295 r  cnt_q_reg[1]_i_2/O
                         net (fo=1121, routed)        0.543     0.248    cv32e40p_core_ip/core_i/ex_stage_i/alu_i/alu_div_i/clk
    SLICE_X88Y149        FDCE                                         r  cv32e40p_core_ip/core_i/ex_stage_i/alu_i/alu_div_i/CompInv_SP_reg/C
  -------------------------------------------------------------------    -------------------
    SLICE_X88Y149        FDCE (Prop_fdce_C_Q)         0.091     0.339 r  cv32e40p_core_ip/core_i/ex_stage_i/alu_i/alu_div_i/CompInv_SP_reg/Q
                         net (fo=4, routed)           0.163     0.503    cv32e40p_core_ip/core_i/ex_stage_i/alu_i/alu_div_i/p_0_in[0]
    SLICE_X88Y150        LUT5 (Prop_lut5_I4_O)        0.066     0.569 r  cv32e40p_core_ip/core_i/ex_stage_i/alu_i/alu_div_i/ResReg_DP[31]_i_1/O
                         net (fo=1, routed)           0.000     0.569    cv32e40p_core_ip/core_i/ex_stage_i/alu_i/alu_div_i/ResReg_DN[31]
    SLICE_X88Y150        FDCE                                         r  cv32e40p_core_ip/core_i/ex_stage_i/alu_i/alu_div_i/ResReg_DP_reg[31]/D
  -------------------------------------------------------------------    -------------------

                         (clock clk_out1_clk_wiz_0_1 rise edge)
                                                      0.000     0.000 r  
    H9                                                0.000     0.000 r  clk_p (IN)
                         net (fo=0)                   0.000     0.000    dutclk/inst/clk_in1_p
    H9                   IBUFDS (Prop_ibufds_I_O)     0.444     0.444 r  dutclk/inst/clkin1_ibufgds/O
                         net (fo=1, routed)           0.553     0.997    dutclk/inst/clk_in1_clk_wiz_0
    MMCME2_ADV_X1Y5      MMCME2_ADV (Prop_mmcme2_adv_CLKIN1_CLKOUT0)
                                                     -3.590    -2.593 r  dutclk/inst/mmcm_adv_inst/CLKOUT0
                         net (fo=1, routed)           1.044    -1.549    dutclk/inst/clk_out1_clk_wiz_0
    BUFGCTRL_X0Y16       BUFG (Prop_bufg_I_O)         0.030    -1.519 r  dutclk/inst/clkout1_buf/O
                         net (fo=11919, routed)       0.969    -0.551    cv32e40p_core_ip/core_i/sleep_unit_i/core_clock_gate_i/clk_gate_i/clk_out1
    SLICE_X89Y146        LUT2 (Prop_lut2_I0_O)        0.035    -0.516 r  cv32e40p_core_ip/core_i/sleep_unit_i/core_clock_gate_i/clk_gate_i/cnt_q[1]_i_5__0/O
                         net (fo=1, routed)           0.216    -0.300    cv32e40p_core_ip_n_101
    BUFGCTRL_X0Y0        BUFG (Prop_bufg_I_O)         0.030    -0.270 r  cnt_q_reg[1]_i_2/O
                         net (fo=1121, routed)        0.735     0.465    cv32e40p_core_ip/core_i/ex_stage_i/alu_i/alu_div_i/clk
    SLICE_X88Y150        FDCE                                         r  cv32e40p_core_ip/core_i/ex_stage_i/alu_i/alu_div_i/ResReg_DP_reg[31]/C
                         clock pessimism             -0.025     0.440    
    SLICE_X88Y150        FDCE (Hold_fdce_C_D)         0.060     0.500    cv32e40p_core_ip/core_i/ex_stage_i/alu_i/alu_div_i/ResReg_DP_reg[31]
  -------------------------------------------------------------------
                         required time                         -0.500    
                         arrival time                           0.569    
  -------------------------------------------------------------------
                         slack                                  0.068    





Pulse Width Checks
--------------------------------------------------------------------------------------
Clock Name:         clk_out1_clk_wiz_0_1
Waveform(ns):       { 0.000 8.333 }
Period(ns):         16.667
Sources:            { dutclk/inst/mmcm_adv_inst/CLKOUT0 }

Check Type        Corner  Lib Pin             Reference Pin  Required(ns)  Actual(ns)  Slack(ns)  Location         Pin
Min Period        n/a     RAMB36E1/CLKARDCLK  n/a            2.340         16.667      14.327     RAMB36_X2Y30     main_memory/ram_reg_0_0_0/CLKARDCLK
Min Period        n/a     RAMB36E1/CLKARDCLK  n/a            2.340         16.667      14.327     RAMB36_X2Y28     main_memory/ram_reg_0_0_1/CLKARDCLK
Min Period        n/a     RAMB36E1/CLKARDCLK  n/a            2.340         16.667      14.327     RAMB36_X0Y30     main_memory/ram_reg_0_0_2/CLKARDCLK
Min Period        n/a     RAMB36E1/CLKARDCLK  n/a            2.340         16.667      14.327     RAMB36_X0Y32     main_memory/ram_reg_0_0_3/CLKARDCLK
Min Period        n/a     RAMB36E1/CLKARDCLK  n/a            2.340         16.667      14.327     RAMB36_X2Y26     main_memory/ram_reg_0_0_4/CLKARDCLK
Min Period        n/a     RAMB36E1/CLKARDCLK  n/a            2.340         16.667      14.327     RAMB36_X1Y34     main_memory/ram_reg_0_0_5/CLKARDCLK
Min Period        n/a     RAMB36E1/CLKARDCLK  n/a            2.340         16.667      14.327     RAMB36_X2Y22     main_memory/ram_reg_0_0_6/CLKARDCLK
Min Period        n/a     RAMB36E1/CLKARDCLK  n/a            2.340         16.667      14.327     RAMB36_X1Y24     main_memory/ram_reg_0_0_7/CLKARDCLK
Min Period        n/a     RAMB36E1/CLKARDCLK  n/a            2.340         16.667      14.327     RAMB36_X2Y31     main_memory/ram_reg_0_1_0/CLKARDCLK
Min Period        n/a     RAMB36E1/CLKARDCLK  n/a            2.340         16.667      14.327     RAMB36_X2Y29     main_memory/ram_reg_0_1_1/CLKARDCLK
Max Period        n/a     MMCME2_ADV/CLKOUT0  n/a            213.360       16.667      196.693    MMCME2_ADV_X1Y5  dutclk/inst/mmcm_adv_inst/CLKOUT0
Low Pulse Width   Slow    RAMD64E/CLK         n/a            0.768         8.333       7.565      SLICE_X30Y149    dcache/way0/lines_reg_0_127_0_0/DP.HIGH/CLK
Low Pulse Width   Fast    RAMD64E/CLK         n/a            0.768         8.333       7.565      SLICE_X30Y149    dcache/way0/lines_reg_0_127_0_0/DP.HIGH/CLK
Low Pulse Width   Slow    RAMD64E/CLK         n/a            0.768         8.333       7.565      SLICE_X30Y149    dcache/way0/lines_reg_0_127_0_0/DP.LOW/CLK
Low Pulse Width   Fast    RAMD64E/CLK         n/a            0.768         8.333       7.565      SLICE_X30Y149    dcache/way0/lines_reg_0_127_0_0/DP.LOW/CLK
Low Pulse Width   Slow    RAMD64E/CLK         n/a            0.768         8.333       7.565      SLICE_X30Y149    dcache/way0/lines_reg_0_127_0_0/SP.HIGH/CLK
Low Pulse Width   Fast    RAMD64E/CLK         n/a            0.768         8.333       7.565      SLICE_X30Y149    dcache/way0/lines_reg_0_127_0_0/SP.HIGH/CLK
Low Pulse Width   Slow    RAMD64E/CLK         n/a            0.768         8.333       7.565      SLICE_X30Y149    dcache/way0/lines_reg_0_127_0_0/SP.LOW/CLK
Low Pulse Width   Fast    RAMD64E/CLK         n/a            0.768         8.333       7.565      SLICE_X30Y149    dcache/way0/lines_reg_0_127_0_0/SP.LOW/CLK
Low Pulse Width   Slow    RAMD64E/CLK         n/a            0.768         8.333       7.565      SLICE_X38Y135    dcache/way0/lines_reg_0_127_10_10/DP.HIGH/CLK
Low Pulse Width   Fast    RAMD64E/CLK         n/a            0.768         8.333       7.565      SLICE_X38Y135    dcache/way0/lines_reg_0_127_10_10/DP.HIGH/CLK
High Pulse Width  Slow    RAMD64E/CLK         n/a            0.768         8.333       7.565      SLICE_X30Y149    dcache/way0/lines_reg_0_127_0_0/DP.HIGH/CLK
High Pulse Width  Fast    RAMD64E/CLK         n/a            0.768         8.333       7.565      SLICE_X30Y149    dcache/way0/lines_reg_0_127_0_0/DP.HIGH/CLK
High Pulse Width  Slow    RAMD64E/CLK         n/a            0.768         8.333       7.565      SLICE_X30Y149    dcache/way0/lines_reg_0_127_0_0/DP.LOW/CLK
High Pulse Width  Fast    RAMD64E/CLK         n/a            0.768         8.333       7.565      SLICE_X30Y149    dcache/way0/lines_reg_0_127_0_0/DP.LOW/CLK
High Pulse Width  Slow    RAMD64E/CLK         n/a            0.768         8.333       7.565      SLICE_X30Y149    dcache/way0/lines_reg_0_127_0_0/SP.HIGH/CLK
High Pulse Width  Fast    RAMD64E/CLK         n/a            0.768         8.333       7.565      SLICE_X30Y149    dcache/way0/lines_reg_0_127_0_0/SP.HIGH/CLK
High Pulse Width  Slow    RAMD64E/CLK         n/a            0.768         8.333       7.565      SLICE_X30Y149    dcache/way0/lines_reg_0_127_0_0/SP.LOW/CLK
High Pulse Width  Fast    RAMD64E/CLK         n/a            0.768         8.333       7.565      SLICE_X30Y149    dcache/way0/lines_reg_0_127_0_0/SP.LOW/CLK
High Pulse Width  Slow    RAMD64E/CLK         n/a            0.768         8.333       7.565      SLICE_X38Y135    dcache/way0/lines_reg_0_127_10_10/DP.HIGH/CLK
High Pulse Width  Fast    RAMD64E/CLK         n/a            0.768         8.333       7.565      SLICE_X38Y135    dcache/way0/lines_reg_0_127_10_10/DP.HIGH/CLK



---------------------------------------------------------------------------------------------------
From Clock:  clkfbout_clk_wiz_0_1
  To Clock:  clkfbout_clk_wiz_0_1

Setup :           NA  Failing Endpoints,  Worst Slack           NA  ,  Total Violation           NA
Hold  :           NA  Failing Endpoints,  Worst Slack           NA  ,  Total Violation           NA
PW    :            0  Failing Endpoints,  Worst Slack       48.592ns,  Total Violation        0.000ns
---------------------------------------------------------------------------------------------------


Pulse Width Checks
--------------------------------------------------------------------------------------
Clock Name:         clkfbout_clk_wiz_0_1
Waveform(ns):       { 0.000 25.000 }
Period(ns):         50.000
Sources:            { dutclk/inst/mmcm_adv_inst/CLKFBOUT }

Check Type  Corner  Lib Pin              Reference Pin  Required(ns)  Actual(ns)  Slack(ns)  Location         Pin
Min Period  n/a     BUFG/I               n/a            1.408         50.000      48.592     BUFGCTRL_X0Y17   dutclk/inst/clkf_buf/I
Min Period  n/a     MMCME2_ADV/CLKFBOUT  n/a            1.071         50.000      48.929     MMCME2_ADV_X1Y5  dutclk/inst/mmcm_adv_inst/CLKFBOUT
Min Period  n/a     MMCME2_ADV/CLKFBIN   n/a            1.071         50.000      48.929     MMCME2_ADV_X1Y5  dutclk/inst/mmcm_adv_inst/CLKFBIN
Max Period  n/a     MMCME2_ADV/CLKFBIN   n/a            100.000       50.000      50.000     MMCME2_ADV_X1Y5  dutclk/inst/mmcm_adv_inst/CLKFBIN
Max Period  n/a     MMCME2_ADV/CLKFBOUT  n/a            213.360       50.000      163.360    MMCME2_ADV_X1Y5  dutclk/inst/mmcm_adv_inst/CLKFBOUT



---------------------------------------------------------------------------------------------------
Path Group:  **async_default**
From Clock:  clk_out1_clk_wiz_0_1
  To Clock:  clk_out1_clk_wiz_0_1

Setup :            0  Failing Endpoints,  Worst Slack        3.461ns,  Total Violation        0.000ns
Hold  :            0  Failing Endpoints,  Worst Slack        0.295ns,  Total Violation        0.000ns
---------------------------------------------------------------------------------------------------


Max Delay Paths
--------------------------------------------------------------------------------------
Slack (MET) :             3.461ns  (required time - arrival time)
  Source:                 main_memory/prog_sys_rst_n_reg/C
                            (rising edge-triggered cell FDSE clocked by clk_out1_clk_wiz_0_1  {rise@0.000ns fall@8.333ns period=16.667ns})
  Destination:            dcache/lru_q_reg[298]/CLR
                            (recovery check against rising-edge clock clk_out1_clk_wiz_0_1  {rise@0.000ns fall@8.333ns period=16.667ns})
  Path Group:             **async_default**
  Path Type:              Recovery (Max at Slow Process Corner)
  Requirement:            16.667ns  (clk_out1_clk_wiz_0_1 rise@16.667ns - clk_out1_clk_wiz_0_1 rise@0.000ns)
  Data Path Delay:        12.690ns  (logic 0.266ns (2.096%)  route 12.424ns (97.904%))
  Logic Levels:           1  (LUT2=1)
  Clock Path Skew:        -0.171ns (DCD - SCD + CPR)
    Destination Clock Delay (DCD):    -1.801ns = ( 14.866 - 16.667 ) 
    Source Clock Delay      (SCD):    -2.386ns
    Clock Pessimism Removal (CPR):    -0.756ns
  Clock Uncertainty:      0.132ns  ((TSJ^2 + DJ^2)^1/2) / 2 + PE
    Total System Jitter     (TSJ):    0.071ns
    Discrete Jitter          (DJ):    0.255ns
    Phase Error              (PE):    0.000ns

    Location             Delay type                Incr(ns)  Path(ns)    Netlist Resource(s)
  -------------------------------------------------------------------    -------------------
                         (clock clk_out1_clk_wiz_0_1 rise edge)
                                                      0.000     0.000 r  
    H9                                                0.000     0.000 r  clk_p (IN)
                         net (fo=0)                   0.000     0.000    dutclk/inst/clk_in1_p
    H9                   IBUFDS (Prop_ibufds_I_O)     0.880     0.880 r  dutclk/inst/clkin1_ibufgds/O
                         net (fo=1, routed)           1.081     1.961    dutclk/inst/clk_in1_clk_wiz_0
    MMCME2_ADV_X1Y5      MMCME2_ADV (Prop_mmcme2_adv_CLKIN1_CLKOUT0)
                                                     -7.639    -5.678 r  dutclk/inst/mmcm_adv_inst/CLKOUT0
                         net (fo=1, routed)           1.948    -3.730    dutclk/inst/clk_out1_clk_wiz_0
    BUFGCTRL_X0Y16       BUFG (Prop_bufg_I_O)         0.093    -3.637 r  dutclk/inst/clkout1_buf/O
                         net (fo=11919, routed)       1.251    -2.386    main_memory/clk_i
    SLICE_X43Y133        FDSE                                         r  main_memory/prog_sys_rst_n_reg/C
  -------------------------------------------------------------------    -------------------
    SLICE_X43Y133        FDSE (Prop_fdse_C_Q)         0.223    -2.163 r  main_memory/prog_sys_rst_n_reg/Q
                         net (fo=13, routed)          1.649    -0.514    main_memory/system_reset_o
    SLICE_X57Y130        LUT2 (Prop_lut2_I1_O)        0.043    -0.471 f  main_memory/cpu_addr_q[31]_i_9/O
                         net (fo=6279, routed)       10.775    10.304    dcache/cpu_wbe_q_reg[3]_0
    SLICE_X88Y192        FDCE                                         f  dcache/lru_q_reg[298]/CLR
  -------------------------------------------------------------------    -------------------

                         (clock clk_out1_clk_wiz_0_1 rise edge)
                                                     16.667    16.667 r  
    H9                                                0.000    16.667 r  clk_p (IN)
                         net (fo=0)                   0.000    16.667    dutclk/inst/clk_in1_p
    H9                   IBUFDS (Prop_ibufds_I_O)     0.778    17.445 r  dutclk/inst/clkin1_ibufgds/O
                         net (fo=1, routed)           0.986    18.431    dutclk/inst/clk_in1_clk_wiz_0
    MMCME2_ADV_X1Y5      MMCME2_ADV (Prop_mmcme2_adv_CLKIN1_CLKOUT0)
                                                     -6.516    11.915 r  dutclk/inst/mmcm_adv_inst/CLKOUT0
                         net (fo=1, routed)           1.788    13.703    dutclk/inst/clk_out1_clk_wiz_0
    BUFGCTRL_X0Y16       BUFG (Prop_bufg_I_O)         0.083    13.786 r  dutclk/inst/clkout1_buf/O
                         net (fo=11919, routed)       1.080    14.866    dcache/clk_out1
    SLICE_X88Y192        FDCE                                         r  dcache/lru_q_reg[298]/C
                         clock pessimism             -0.756    14.110    
                         clock uncertainty           -0.132    13.977    
    SLICE_X88Y192        FDCE (Recov_fdce_C_CLR)     -0.212    13.765    dcache/lru_q_reg[298]
  -------------------------------------------------------------------
                         required time                         13.765    
                         arrival time                         -10.304    
  -------------------------------------------------------------------
                         slack                                  3.461    

Slack (MET) :             3.463ns  (required time - arrival time)
  Source:                 main_memory/prog_sys_rst_n_reg/C
                            (rising edge-triggered cell FDSE clocked by clk_out1_clk_wiz_0_1  {rise@0.000ns fall@8.333ns period=16.667ns})
  Destination:            dcache/lru_q_reg[275]/CLR
                            (recovery check against rising-edge clock clk_out1_clk_wiz_0_1  {rise@0.000ns fall@8.333ns period=16.667ns})
  Path Group:             **async_default**
  Path Type:              Recovery (Max at Slow Process Corner)
  Requirement:            16.667ns  (clk_out1_clk_wiz_0_1 rise@16.667ns - clk_out1_clk_wiz_0_1 rise@0.000ns)
  Data Path Delay:        12.688ns  (logic 0.266ns (2.096%)  route 12.422ns (97.904%))
  Logic Levels:           1  (LUT2=1)
  Clock Path Skew:        -0.171ns (DCD - SCD + CPR)
    Destination Clock Delay (DCD):    -1.801ns = ( 14.866 - 16.667 ) 
    Source Clock Delay      (SCD):    -2.386ns
    Clock Pessimism Removal (CPR):    -0.756ns
  Clock Uncertainty:      0.132ns  ((TSJ^2 + DJ^2)^1/2) / 2 + PE
    Total System Jitter     (TSJ):    0.071ns
    Discrete Jitter          (DJ):    0.255ns
    Phase Error              (PE):    0.000ns

    Location             Delay type                Incr(ns)  Path(ns)    Netlist Resource(s)
  -------------------------------------------------------------------    -------------------
                         (clock clk_out1_clk_wiz_0_1 rise edge)
                                                      0.000     0.000 r  
    H9                                                0.000     0.000 r  clk_p (IN)
                         net (fo=0)                   0.000     0.000    dutclk/inst/clk_in1_p
    H9                   IBUFDS (Prop_ibufds_I_O)     0.880     0.880 r  dutclk/inst/clkin1_ibufgds/O
                         net (fo=1, routed)           1.081     1.961    dutclk/inst/clk_in1_clk_wiz_0
    MMCME2_ADV_X1Y5      MMCME2_ADV (Prop_mmcme2_adv_CLKIN1_CLKOUT0)
                                                     -7.639    -5.678 r  dutclk/inst/mmcm_adv_inst/CLKOUT0
                         net (fo=1, routed)           1.948    -3.730    dutclk/inst/clk_out1_clk_wiz_0
    BUFGCTRL_X0Y16       BUFG (Prop_bufg_I_O)         0.093    -3.637 r  dutclk/inst/clkout1_buf/O
                         net (fo=11919, routed)       1.251    -2.386    main_memory/clk_i
    SLICE_X43Y133        FDSE                                         r  main_memory/prog_sys_rst_n_reg/C
  -------------------------------------------------------------------    -------------------
    SLICE_X43Y133        FDSE (Prop_fdse_C_Q)         0.223    -2.163 r  main_memory/prog_sys_rst_n_reg/Q
                         net (fo=13, routed)          1.649    -0.514    main_memory/system_reset_o
    SLICE_X57Y130        LUT2 (Prop_lut2_I1_O)        0.043    -0.471 f  main_memory/cpu_addr_q[31]_i_9/O
                         net (fo=6279, routed)       10.773    10.302    dcache/cpu_wbe_q_reg[3]_0
    SLICE_X89Y192        FDCE                                         f  dcache/lru_q_reg[275]/CLR
  -------------------------------------------------------------------    -------------------

                         (clock clk_out1_clk_wiz_0_1 rise edge)
                                                     16.667    16.667 r  
    H9                                                0.000    16.667 r  clk_p (IN)
                         net (fo=0)                   0.000    16.667    dutclk/inst/clk_in1_p
    H9                   IBUFDS (Prop_ibufds_I_O)     0.778    17.445 r  dutclk/inst/clkin1_ibufgds/O
                         net (fo=1, routed)           0.986    18.431    dutclk/inst/clk_in1_clk_wiz_0
    MMCME2_ADV_X1Y5      MMCME2_ADV (Prop_mmcme2_adv_CLKIN1_CLKOUT0)
                                                     -6.516    11.915 r  dutclk/inst/mmcm_adv_inst/CLKOUT0
                         net (fo=1, routed)           1.788    13.703    dutclk/inst/clk_out1_clk_wiz_0
    BUFGCTRL_X0Y16       BUFG (Prop_bufg_I_O)         0.083    13.786 r  dutclk/inst/clkout1_buf/O
                         net (fo=11919, routed)       1.080    14.866    dcache/clk_out1
    SLICE_X89Y192        FDCE                                         r  dcache/lru_q_reg[275]/C
                         clock pessimism             -0.756    14.110    
                         clock uncertainty           -0.132    13.977    
    SLICE_X89Y192        FDCE (Recov_fdce_C_CLR)     -0.212    13.765    dcache/lru_q_reg[275]
  -------------------------------------------------------------------
                         required time                         13.765    
                         arrival time                         -10.302    
  -------------------------------------------------------------------
                         slack                                  3.463    

Slack (MET) :             3.463ns  (required time - arrival time)
  Source:                 main_memory/prog_sys_rst_n_reg/C
                            (rising edge-triggered cell FDSE clocked by clk_out1_clk_wiz_0_1  {rise@0.000ns fall@8.333ns period=16.667ns})
  Destination:            dcache/lru_q_reg[284]/CLR
                            (recovery check against rising-edge clock clk_out1_clk_wiz_0_1  {rise@0.000ns fall@8.333ns period=16.667ns})
  Path Group:             **async_default**
  Path Type:              Recovery (Max at Slow Process Corner)
  Requirement:            16.667ns  (clk_out1_clk_wiz_0_1 rise@16.667ns - clk_out1_clk_wiz_0_1 rise@0.000ns)
  Data Path Delay:        12.688ns  (logic 0.266ns (2.096%)  route 12.422ns (97.904%))
  Logic Levels:           1  (LUT2=1)
  Clock Path Skew:        -0.171ns (DCD - SCD + CPR)
    Destination Clock Delay (DCD):    -1.801ns = ( 14.866 - 16.667 ) 
    Source Clock Delay      (SCD):    -2.386ns
    Clock Pessimism Removal (CPR):    -0.756ns
  Clock Uncertainty:      0.132ns  ((TSJ^2 + DJ^2)^1/2) / 2 + PE
    Total System Jitter     (TSJ):    0.071ns
    Discrete Jitter          (DJ):    0.255ns
    Phase Error              (PE):    0.000ns

    Location             Delay type                Incr(ns)  Path(ns)    Netlist Resource(s)
  -------------------------------------------------------------------    -------------------
                         (clock clk_out1_clk_wiz_0_1 rise edge)
                                                      0.000     0.000 r  
    H9                                                0.000     0.000 r  clk_p (IN)
                         net (fo=0)                   0.000     0.000    dutclk/inst/clk_in1_p
    H9                   IBUFDS (Prop_ibufds_I_O)     0.880     0.880 r  dutclk/inst/clkin1_ibufgds/O
                         net (fo=1, routed)           1.081     1.961    dutclk/inst/clk_in1_clk_wiz_0
    MMCME2_ADV_X1Y5      MMCME2_ADV (Prop_mmcme2_adv_CLKIN1_CLKOUT0)
                                                     -7.639    -5.678 r  dutclk/inst/mmcm_adv_inst/CLKOUT0
                         net (fo=1, routed)           1.948    -3.730    dutclk/inst/clk_out1_clk_wiz_0
    BUFGCTRL_X0Y16       BUFG (Prop_bufg_I_O)         0.093    -3.637 r  dutclk/inst/clkout1_buf/O
                         net (fo=11919, routed)       1.251    -2.386    main_memory/clk_i
    SLICE_X43Y133        FDSE                                         r  main_memory/prog_sys_rst_n_reg/C
  -------------------------------------------------------------------    -------------------
    SLICE_X43Y133        FDSE (Prop_fdse_C_Q)         0.223    -2.163 r  main_memory/prog_sys_rst_n_reg/Q
                         net (fo=13, routed)          1.649    -0.514    main_memory/system_reset_o
    SLICE_X57Y130        LUT2 (Prop_lut2_I1_O)        0.043    -0.471 f  main_memory/cpu_addr_q[31]_i_9/O
                         net (fo=6279, routed)       10.773    10.302    dcache/cpu_wbe_q_reg[3]_0
    SLICE_X89Y192        FDCE                                         f  dcache/lru_q_reg[284]/CLR
  -------------------------------------------------------------------    -------------------

                         (clock clk_out1_clk_wiz_0_1 rise edge)
                                                     16.667    16.667 r  
    H9                                                0.000    16.667 r  clk_p (IN)
                         net (fo=0)                   0.000    16.667    dutclk/inst/clk_in1_p
    H9                   IBUFDS (Prop_ibufds_I_O)     0.778    17.445 r  dutclk/inst/clkin1_ibufgds/O
                         net (fo=1, routed)           0.986    18.431    dutclk/inst/clk_in1_clk_wiz_0
    MMCME2_ADV_X1Y5      MMCME2_ADV (Prop_mmcme2_adv_CLKIN1_CLKOUT0)
                                                     -6.516    11.915 r  dutclk/inst/mmcm_adv_inst/CLKOUT0
                         net (fo=1, routed)           1.788    13.703    dutclk/inst/clk_out1_clk_wiz_0
    BUFGCTRL_X0Y16       BUFG (Prop_bufg_I_O)         0.083    13.786 r  dutclk/inst/clkout1_buf/O
                         net (fo=11919, routed)       1.080    14.866    dcache/clk_out1
    SLICE_X89Y192        FDCE                                         r  dcache/lru_q_reg[284]/C
                         clock pessimism             -0.756    14.110    
                         clock uncertainty           -0.132    13.977    
    SLICE_X89Y192        FDCE (Recov_fdce_C_CLR)     -0.212    13.765    dcache/lru_q_reg[284]
  -------------------------------------------------------------------
                         required time                         13.765    
                         arrival time                         -10.302    
  -------------------------------------------------------------------
                         slack                                  3.463    

Slack (MET) :             3.463ns  (required time - arrival time)
  Source:                 main_memory/prog_sys_rst_n_reg/C
                            (rising edge-triggered cell FDSE clocked by clk_out1_clk_wiz_0_1  {rise@0.000ns fall@8.333ns period=16.667ns})
  Destination:            dcache/lru_q_reg[285]/CLR
                            (recovery check against rising-edge clock clk_out1_clk_wiz_0_1  {rise@0.000ns fall@8.333ns period=16.667ns})
  Path Group:             **async_default**
  Path Type:              Recovery (Max at Slow Process Corner)
  Requirement:            16.667ns  (clk_out1_clk_wiz_0_1 rise@16.667ns - clk_out1_clk_wiz_0_1 rise@0.000ns)
  Data Path Delay:        12.688ns  (logic 0.266ns (2.096%)  route 12.422ns (97.904%))
  Logic Levels:           1  (LUT2=1)
  Clock Path Skew:        -0.171ns (DCD - SCD + CPR)
    Destination Clock Delay (DCD):    -1.801ns = ( 14.866 - 16.667 ) 
    Source Clock Delay      (SCD):    -2.386ns
    Clock Pessimism Removal (CPR):    -0.756ns
  Clock Uncertainty:      0.132ns  ((TSJ^2 + DJ^2)^1/2) / 2 + PE
    Total System Jitter     (TSJ):    0.071ns
    Discrete Jitter          (DJ):    0.255ns
    Phase Error              (PE):    0.000ns

    Location             Delay type                Incr(ns)  Path(ns)    Netlist Resource(s)
  -------------------------------------------------------------------    -------------------
                         (clock clk_out1_clk_wiz_0_1 rise edge)
                                                      0.000     0.000 r  
    H9                                                0.000     0.000 r  clk_p (IN)
                         net (fo=0)                   0.000     0.000    dutclk/inst/clk_in1_p
    H9                   IBUFDS (Prop_ibufds_I_O)     0.880     0.880 r  dutclk/inst/clkin1_ibufgds/O
                         net (fo=1, routed)           1.081     1.961    dutclk/inst/clk_in1_clk_wiz_0
    MMCME2_ADV_X1Y5      MMCME2_ADV (Prop_mmcme2_adv_CLKIN1_CLKOUT0)
                                                     -7.639    -5.678 r  dutclk/inst/mmcm_adv_inst/CLKOUT0
                         net (fo=1, routed)           1.948    -3.730    dutclk/inst/clk_out1_clk_wiz_0
    BUFGCTRL_X0Y16       BUFG (Prop_bufg_I_O)         0.093    -3.637 r  dutclk/inst/clkout1_buf/O
                         net (fo=11919, routed)       1.251    -2.386    main_memory/clk_i
    SLICE_X43Y133        FDSE                                         r  main_memory/prog_sys_rst_n_reg/C
  -------------------------------------------------------------------    -------------------
    SLICE_X43Y133        FDSE (Prop_fdse_C_Q)         0.223    -2.163 r  main_memory/prog_sys_rst_n_reg/Q
                         net (fo=13, routed)          1.649    -0.514    main_memory/system_reset_o
    SLICE_X57Y130        LUT2 (Prop_lut2_I1_O)        0.043    -0.471 f  main_memory/cpu_addr_q[31]_i_9/O
                         net (fo=6279, routed)       10.773    10.302    dcache/cpu_wbe_q_reg[3]_0
    SLICE_X89Y192        FDCE                                         f  dcache/lru_q_reg[285]/CLR
  -------------------------------------------------------------------    -------------------

                         (clock clk_out1_clk_wiz_0_1 rise edge)
                                                     16.667    16.667 r  
    H9                                                0.000    16.667 r  clk_p (IN)
                         net (fo=0)                   0.000    16.667    dutclk/inst/clk_in1_p
    H9                   IBUFDS (Prop_ibufds_I_O)     0.778    17.445 r  dutclk/inst/clkin1_ibufgds/O
                         net (fo=1, routed)           0.986    18.431    dutclk/inst/clk_in1_clk_wiz_0
    MMCME2_ADV_X1Y5      MMCME2_ADV (Prop_mmcme2_adv_CLKIN1_CLKOUT0)
                                                     -6.516    11.915 r  dutclk/inst/mmcm_adv_inst/CLKOUT0
                         net (fo=1, routed)           1.788    13.703    dutclk/inst/clk_out1_clk_wiz_0
    BUFGCTRL_X0Y16       BUFG (Prop_bufg_I_O)         0.083    13.786 r  dutclk/inst/clkout1_buf/O
                         net (fo=11919, routed)       1.080    14.866    dcache/clk_out1
    SLICE_X89Y192        FDCE                                         r  dcache/lru_q_reg[285]/C
                         clock pessimism             -0.756    14.110    
                         clock uncertainty           -0.132    13.977    
    SLICE_X89Y192        FDCE (Recov_fdce_C_CLR)     -0.212    13.765    dcache/lru_q_reg[285]
  -------------------------------------------------------------------
                         required time                         13.765    
                         arrival time                         -10.302    
  -------------------------------------------------------------------
                         slack                                  3.463    

Slack (MET) :             3.547ns  (required time - arrival time)
  Source:                 main_memory/prog_sys_rst_n_reg/C
                            (rising edge-triggered cell FDSE clocked by clk_out1_clk_wiz_0_1  {rise@0.000ns fall@8.333ns period=16.667ns})
  Destination:            dcache/lru_q_reg[288]/CLR
                            (recovery check against rising-edge clock clk_out1_clk_wiz_0_1  {rise@0.000ns fall@8.333ns period=16.667ns})
  Path Group:             **async_default**
  Path Type:              Recovery (Max at Slow Process Corner)
  Requirement:            16.667ns  (clk_out1_clk_wiz_0_1 rise@16.667ns - clk_out1_clk_wiz_0_1 rise@0.000ns)
  Data Path Delay:        12.604ns  (logic 0.266ns (2.110%)  route 12.338ns (97.890%))
  Logic Levels:           1  (LUT2=1)
  Clock Path Skew:        -0.171ns (DCD - SCD + CPR)
    Destination Clock Delay (DCD):    -1.801ns = ( 14.866 - 16.667 ) 
    Source Clock Delay      (SCD):    -2.386ns
    Clock Pessimism Removal (CPR):    -0.756ns
  Clock Uncertainty:      0.132ns  ((TSJ^2 + DJ^2)^1/2) / 2 + PE
    Total System Jitter     (TSJ):    0.071ns
    Discrete Jitter          (DJ):    0.255ns
    Phase Error              (PE):    0.000ns

    Location             Delay type                Incr(ns)  Path(ns)    Netlist Resource(s)
  -------------------------------------------------------------------    -------------------
                         (clock clk_out1_clk_wiz_0_1 rise edge)
                                                      0.000     0.000 r  
    H9                                                0.000     0.000 r  clk_p (IN)
                         net (fo=0)                   0.000     0.000    dutclk/inst/clk_in1_p
    H9                   IBUFDS (Prop_ibufds_I_O)     0.880     0.880 r  dutclk/inst/clkin1_ibufgds/O
                         net (fo=1, routed)           1.081     1.961    dutclk/inst/clk_in1_clk_wiz_0
    MMCME2_ADV_X1Y5      MMCME2_ADV (Prop_mmcme2_adv_CLKIN1_CLKOUT0)
                                                     -7.639    -5.678 r  dutclk/inst/mmcm_adv_inst/CLKOUT0
                         net (fo=1, routed)           1.948    -3.730    dutclk/inst/clk_out1_clk_wiz_0
    BUFGCTRL_X0Y16       BUFG (Prop_bufg_I_O)         0.093    -3.637 r  dutclk/inst/clkout1_buf/O
                         net (fo=11919, routed)       1.251    -2.386    main_memory/clk_i
    SLICE_X43Y133        FDSE                                         r  main_memory/prog_sys_rst_n_reg/C
  -------------------------------------------------------------------    -------------------
    SLICE_X43Y133        FDSE (Prop_fdse_C_Q)         0.223    -2.163 r  main_memory/prog_sys_rst_n_reg/Q
                         net (fo=13, routed)          1.649    -0.514    main_memory/system_reset_o
    SLICE_X57Y130        LUT2 (Prop_lut2_I1_O)        0.043    -0.471 f  main_memory/cpu_addr_q[31]_i_9/O
                         net (fo=6279, routed)       10.688    10.218    dcache/cpu_wbe_q_reg[3]_0
    SLICE_X88Y193        FDCE                                         f  dcache/lru_q_reg[288]/CLR
  -------------------------------------------------------------------    -------------------

                         (clock clk_out1_clk_wiz_0_1 rise edge)
                                                     16.667    16.667 r  
    H9                                                0.000    16.667 r  clk_p (IN)
                         net (fo=0)                   0.000    16.667    dutclk/inst/clk_in1_p
    H9                   IBUFDS (Prop_ibufds_I_O)     0.778    17.445 r  dutclk/inst/clkin1_ibufgds/O
                         net (fo=1, routed)           0.986    18.431    dutclk/inst/clk_in1_clk_wiz_0
    MMCME2_ADV_X1Y5      MMCME2_ADV (Prop_mmcme2_adv_CLKIN1_CLKOUT0)
                                                     -6.516    11.915 r  dutclk/inst/mmcm_adv_inst/CLKOUT0
                         net (fo=1, routed)           1.788    13.703    dutclk/inst/clk_out1_clk_wiz_0
    BUFGCTRL_X0Y16       BUFG (Prop_bufg_I_O)         0.083    13.786 r  dutclk/inst/clkout1_buf/O
                         net (fo=11919, routed)       1.080    14.866    dcache/clk_out1
    SLICE_X88Y193        FDCE                                         r  dcache/lru_q_reg[288]/C
                         clock pessimism             -0.756    14.110    
                         clock uncertainty           -0.132    13.977    
    SLICE_X88Y193        FDCE (Recov_fdce_C_CLR)     -0.212    13.765    dcache/lru_q_reg[288]
  -------------------------------------------------------------------
                         required time                         13.765    
                         arrival time                         -10.218    
  -------------------------------------------------------------------
                         slack                                  3.547    

Slack (MET) :             3.547ns  (required time - arrival time)
  Source:                 main_memory/prog_sys_rst_n_reg/C
                            (rising edge-triggered cell FDSE clocked by clk_out1_clk_wiz_0_1  {rise@0.000ns fall@8.333ns period=16.667ns})
  Destination:            dcache/lru_q_reg[294]/CLR
                            (recovery check against rising-edge clock clk_out1_clk_wiz_0_1  {rise@0.000ns fall@8.333ns period=16.667ns})
  Path Group:             **async_default**
  Path Type:              Recovery (Max at Slow Process Corner)
  Requirement:            16.667ns  (clk_out1_clk_wiz_0_1 rise@16.667ns - clk_out1_clk_wiz_0_1 rise@0.000ns)
  Data Path Delay:        12.604ns  (logic 0.266ns (2.110%)  route 12.338ns (97.890%))
  Logic Levels:           1  (LUT2=1)
  Clock Path Skew:        -0.171ns (DCD - SCD + CPR)
    Destination Clock Delay (DCD):    -1.801ns = ( 14.866 - 16.667 ) 
    Source Clock Delay      (SCD):    -2.386ns
    Clock Pessimism Removal (CPR):    -0.756ns
  Clock Uncertainty:      0.132ns  ((TSJ^2 + DJ^2)^1/2) / 2 + PE
    Total System Jitter     (TSJ):    0.071ns
    Discrete Jitter          (DJ):    0.255ns
    Phase Error              (PE):    0.000ns

    Location             Delay type                Incr(ns)  Path(ns)    Netlist Resource(s)
  -------------------------------------------------------------------    -------------------
                         (clock clk_out1_clk_wiz_0_1 rise edge)
                                                      0.000     0.000 r  
    H9                                                0.000     0.000 r  clk_p (IN)
                         net (fo=0)                   0.000     0.000    dutclk/inst/clk_in1_p
    H9                   IBUFDS (Prop_ibufds_I_O)     0.880     0.880 r  dutclk/inst/clkin1_ibufgds/O
                         net (fo=1, routed)           1.081     1.961    dutclk/inst/clk_in1_clk_wiz_0
    MMCME2_ADV_X1Y5      MMCME2_ADV (Prop_mmcme2_adv_CLKIN1_CLKOUT0)
                                                     -7.639    -5.678 r  dutclk/inst/mmcm_adv_inst/CLKOUT0
                         net (fo=1, routed)           1.948    -3.730    dutclk/inst/clk_out1_clk_wiz_0
    BUFGCTRL_X0Y16       BUFG (Prop_bufg_I_O)         0.093    -3.637 r  dutclk/inst/clkout1_buf/O
                         net (fo=11919, routed)       1.251    -2.386    main_memory/clk_i
    SLICE_X43Y133        FDSE                                         r  main_memory/prog_sys_rst_n_reg/C
  -------------------------------------------------------------------    -------------------
    SLICE_X43Y133        FDSE (Prop_fdse_C_Q)         0.223    -2.163 r  main_memory/prog_sys_rst_n_reg/Q
                         net (fo=13, routed)          1.649    -0.514    main_memory/system_reset_o
    SLICE_X57Y130        LUT2 (Prop_lut2_I1_O)        0.043    -0.471 f  main_memory/cpu_addr_q[31]_i_9/O
                         net (fo=6279, routed)       10.688    10.218    dcache/cpu_wbe_q_reg[3]_0
    SLICE_X88Y193        FDCE                                         f  dcache/lru_q_reg[294]/CLR
  -------------------------------------------------------------------    -------------------

                         (clock clk_out1_clk_wiz_0_1 rise edge)
                                                     16.667    16.667 r  
    H9                                                0.000    16.667 r  clk_p (IN)
                         net (fo=0)                   0.000    16.667    dutclk/inst/clk_in1_p
    H9                   IBUFDS (Prop_ibufds_I_O)     0.778    17.445 r  dutclk/inst/clkin1_ibufgds/O
                         net (fo=1, routed)           0.986    18.431    dutclk/inst/clk_in1_clk_wiz_0
    MMCME2_ADV_X1Y5      MMCME2_ADV (Prop_mmcme2_adv_CLKIN1_CLKOUT0)
                                                     -6.516    11.915 r  dutclk/inst/mmcm_adv_inst/CLKOUT0
                         net (fo=1, routed)           1.788    13.703    dutclk/inst/clk_out1_clk_wiz_0
    BUFGCTRL_X0Y16       BUFG (Prop_bufg_I_O)         0.083    13.786 r  dutclk/inst/clkout1_buf/O
                         net (fo=11919, routed)       1.080    14.866    dcache/clk_out1
    SLICE_X88Y193        FDCE                                         r  dcache/lru_q_reg[294]/C
                         clock pessimism             -0.756    14.110    
                         clock uncertainty           -0.132    13.977    
    SLICE_X88Y193        FDCE (Recov_fdce_C_CLR)     -0.212    13.765    dcache/lru_q_reg[294]
  -------------------------------------------------------------------
                         required time                         13.765    
                         arrival time                         -10.218    
  -------------------------------------------------------------------
                         slack                                  3.547    

Slack (MET) :             3.552ns  (required time - arrival time)
  Source:                 main_memory/prog_sys_rst_n_reg/C
                            (rising edge-triggered cell FDSE clocked by clk_out1_clk_wiz_0_1  {rise@0.000ns fall@8.333ns period=16.667ns})
  Destination:            dcache/lru_q_reg[336]/CLR
                            (recovery check against rising-edge clock clk_out1_clk_wiz_0_1  {rise@0.000ns fall@8.333ns period=16.667ns})
  Path Group:             **async_default**
  Path Type:              Recovery (Max at Slow Process Corner)
  Requirement:            16.667ns  (clk_out1_clk_wiz_0_1 rise@16.667ns - clk_out1_clk_wiz_0_1 rise@0.000ns)
  Data Path Delay:        12.603ns  (logic 0.266ns (2.111%)  route 12.337ns (97.889%))
  Logic Levels:           1  (LUT2=1)
  Clock Path Skew:        -0.167ns (DCD - SCD + CPR)
    Destination Clock Delay (DCD):    -1.797ns = ( 14.870 - 16.667 ) 
    Source Clock Delay      (SCD):    -2.386ns
    Clock Pessimism Removal (CPR):    -0.756ns
  Clock Uncertainty:      0.132ns  ((TSJ^2 + DJ^2)^1/2) / 2 + PE
    Total System Jitter     (TSJ):    0.071ns
    Discrete Jitter          (DJ):    0.255ns
    Phase Error              (PE):    0.000ns

    Location             Delay type                Incr(ns)  Path(ns)    Netlist Resource(s)
  -------------------------------------------------------------------    -------------------
                         (clock clk_out1_clk_wiz_0_1 rise edge)
                                                      0.000     0.000 r  
    H9                                                0.000     0.000 r  clk_p (IN)
                         net (fo=0)                   0.000     0.000    dutclk/inst/clk_in1_p
    H9                   IBUFDS (Prop_ibufds_I_O)     0.880     0.880 r  dutclk/inst/clkin1_ibufgds/O
                         net (fo=1, routed)           1.081     1.961    dutclk/inst/clk_in1_clk_wiz_0
    MMCME2_ADV_X1Y5      MMCME2_ADV (Prop_mmcme2_adv_CLKIN1_CLKOUT0)
                                                     -7.639    -5.678 r  dutclk/inst/mmcm_adv_inst/CLKOUT0
                         net (fo=1, routed)           1.948    -3.730    dutclk/inst/clk_out1_clk_wiz_0
    BUFGCTRL_X0Y16       BUFG (Prop_bufg_I_O)         0.093    -3.637 r  dutclk/inst/clkout1_buf/O
                         net (fo=11919, routed)       1.251    -2.386    main_memory/clk_i
    SLICE_X43Y133        FDSE                                         r  main_memory/prog_sys_rst_n_reg/C
  -------------------------------------------------------------------    -------------------
    SLICE_X43Y133        FDSE (Prop_fdse_C_Q)         0.223    -2.163 r  main_memory/prog_sys_rst_n_reg/Q
                         net (fo=13, routed)          1.649    -0.514    main_memory/system_reset_o
    SLICE_X57Y130        LUT2 (Prop_lut2_I1_O)        0.043    -0.471 f  main_memory/cpu_addr_q[31]_i_9/O
                         net (fo=6279, routed)       10.688    10.217    dcache/cpu_wbe_q_reg[3]_0
    SLICE_X85Y195        FDCE                                         f  dcache/lru_q_reg[336]/CLR
  -------------------------------------------------------------------    -------------------

                         (clock clk_out1_clk_wiz_0_1 rise edge)
                                                     16.667    16.667 r  
    H9                                                0.000    16.667 r  clk_p (IN)
                         net (fo=0)                   0.000    16.667    dutclk/inst/clk_in1_p
    H9                   IBUFDS (Prop_ibufds_I_O)     0.778    17.445 r  dutclk/inst/clkin1_ibufgds/O
                         net (fo=1, routed)           0.986    18.431    dutclk/inst/clk_in1_clk_wiz_0
    MMCME2_ADV_X1Y5      MMCME2_ADV (Prop_mmcme2_adv_CLKIN1_CLKOUT0)
                                                     -6.516    11.915 r  dutclk/inst/mmcm_adv_inst/CLKOUT0
                         net (fo=1, routed)           1.788    13.703    dutclk/inst/clk_out1_clk_wiz_0
    BUFGCTRL_X0Y16       BUFG (Prop_bufg_I_O)         0.083    13.786 r  dutclk/inst/clkout1_buf/O
                         net (fo=11919, routed)       1.084    14.870    dcache/clk_out1
    SLICE_X85Y195        FDCE                                         r  dcache/lru_q_reg[336]/C
                         clock pessimism             -0.756    14.114    
                         clock uncertainty           -0.132    13.981    
    SLICE_X85Y195        FDCE (Recov_fdce_C_CLR)     -0.212    13.769    dcache/lru_q_reg[336]
  -------------------------------------------------------------------
                         required time                         13.769    
                         arrival time                         -10.217    
  -------------------------------------------------------------------
                         slack                                  3.552    

Slack (MET) :             3.552ns  (required time - arrival time)
  Source:                 main_memory/prog_sys_rst_n_reg/C
                            (rising edge-triggered cell FDSE clocked by clk_out1_clk_wiz_0_1  {rise@0.000ns fall@8.333ns period=16.667ns})
  Destination:            dcache/lru_q_reg[339]/CLR
                            (recovery check against rising-edge clock clk_out1_clk_wiz_0_1  {rise@0.000ns fall@8.333ns period=16.667ns})
  Path Group:             **async_default**
  Path Type:              Recovery (Max at Slow Process Corner)
  Requirement:            16.667ns  (clk_out1_clk_wiz_0_1 rise@16.667ns - clk_out1_clk_wiz_0_1 rise@0.000ns)
  Data Path Delay:        12.603ns  (logic 0.266ns (2.111%)  route 12.337ns (97.889%))
  Logic Levels:           1  (LUT2=1)
  Clock Path Skew:        -0.167ns (DCD - SCD + CPR)
    Destination Clock Delay (DCD):    -1.797ns = ( 14.870 - 16.667 ) 
    Source Clock Delay      (SCD):    -2.386ns
    Clock Pessimism Removal (CPR):    -0.756ns
  Clock Uncertainty:      0.132ns  ((TSJ^2 + DJ^2)^1/2) / 2 + PE
    Total System Jitter     (TSJ):    0.071ns
    Discrete Jitter          (DJ):    0.255ns
    Phase Error              (PE):    0.000ns

    Location             Delay type                Incr(ns)  Path(ns)    Netlist Resource(s)
  -------------------------------------------------------------------    -------------------
                         (clock clk_out1_clk_wiz_0_1 rise edge)
                                                      0.000     0.000 r  
    H9                                                0.000     0.000 r  clk_p (IN)
                         net (fo=0)                   0.000     0.000    dutclk/inst/clk_in1_p
    H9                   IBUFDS (Prop_ibufds_I_O)     0.880     0.880 r  dutclk/inst/clkin1_ibufgds/O
                         net (fo=1, routed)           1.081     1.961    dutclk/inst/clk_in1_clk_wiz_0
    MMCME2_ADV_X1Y5      MMCME2_ADV (Prop_mmcme2_adv_CLKIN1_CLKOUT0)
                                                     -7.639    -5.678 r  dutclk/inst/mmcm_adv_inst/CLKOUT0
                         net (fo=1, routed)           1.948    -3.730    dutclk/inst/clk_out1_clk_wiz_0
    BUFGCTRL_X0Y16       BUFG (Prop_bufg_I_O)         0.093    -3.637 r  dutclk/inst/clkout1_buf/O
                         net (fo=11919, routed)       1.251    -2.386    main_memory/clk_i
    SLICE_X43Y133        FDSE                                         r  main_memory/prog_sys_rst_n_reg/C
  -------------------------------------------------------------------    -------------------
    SLICE_X43Y133        FDSE (Prop_fdse_C_Q)         0.223    -2.163 r  main_memory/prog_sys_rst_n_reg/Q
                         net (fo=13, routed)          1.649    -0.514    main_memory/system_reset_o
    SLICE_X57Y130        LUT2 (Prop_lut2_I1_O)        0.043    -0.471 f  main_memory/cpu_addr_q[31]_i_9/O
                         net (fo=6279, routed)       10.688    10.217    dcache/cpu_wbe_q_reg[3]_0
    SLICE_X85Y195        FDCE                                         f  dcache/lru_q_reg[339]/CLR
  -------------------------------------------------------------------    -------------------

                         (clock clk_out1_clk_wiz_0_1 rise edge)
                                                     16.667    16.667 r  
    H9                                                0.000    16.667 r  clk_p (IN)
                         net (fo=0)                   0.000    16.667    dutclk/inst/clk_in1_p
    H9                   IBUFDS (Prop_ibufds_I_O)     0.778    17.445 r  dutclk/inst/clkin1_ibufgds/O
                         net (fo=1, routed)           0.986    18.431    dutclk/inst/clk_in1_clk_wiz_0
    MMCME2_ADV_X1Y5      MMCME2_ADV (Prop_mmcme2_adv_CLKIN1_CLKOUT0)
                                                     -6.516    11.915 r  dutclk/inst/mmcm_adv_inst/CLKOUT0
                         net (fo=1, routed)           1.788    13.703    dutclk/inst/clk_out1_clk_wiz_0
    BUFGCTRL_X0Y16       BUFG (Prop_bufg_I_O)         0.083    13.786 r  dutclk/inst/clkout1_buf/O
                         net (fo=11919, routed)       1.084    14.870    dcache/clk_out1
    SLICE_X85Y195        FDCE                                         r  dcache/lru_q_reg[339]/C
                         clock pessimism             -0.756    14.114    
                         clock uncertainty           -0.132    13.981    
    SLICE_X85Y195        FDCE (Recov_fdce_C_CLR)     -0.212    13.769    dcache/lru_q_reg[339]
  -------------------------------------------------------------------
                         required time                         13.769    
                         arrival time                         -10.217    
  -------------------------------------------------------------------
                         slack                                  3.552    

Slack (MET) :             3.609ns  (required time - arrival time)
  Source:                 main_memory/prog_sys_rst_n_reg/C
                            (rising edge-triggered cell FDSE clocked by clk_out1_clk_wiz_0_1  {rise@0.000ns fall@8.333ns period=16.667ns})
  Destination:            dcache/lru_q_reg[19]/CLR
                            (recovery check against rising-edge clock clk_out1_clk_wiz_0_1  {rise@0.000ns fall@8.333ns period=16.667ns})
  Path Group:             **async_default**
  Path Type:              Recovery (Max at Slow Process Corner)
  Requirement:            16.667ns  (clk_out1_clk_wiz_0_1 rise@16.667ns - clk_out1_clk_wiz_0_1 rise@0.000ns)
  Data Path Delay:        12.559ns  (logic 0.266ns (2.118%)  route 12.293ns (97.882%))
  Logic Levels:           1  (LUT2=1)
  Clock Path Skew:        -0.154ns (DCD - SCD + CPR)
    Destination Clock Delay (DCD):    -1.784ns = ( 14.883 - 16.667 ) 
    Source Clock Delay      (SCD):    -2.386ns
    Clock Pessimism Removal (CPR):    -0.756ns
  Clock Uncertainty:      0.132ns  ((TSJ^2 + DJ^2)^1/2) / 2 + PE
    Total System Jitter     (TSJ):    0.071ns
    Discrete Jitter          (DJ):    0.255ns
    Phase Error              (PE):    0.000ns

    Location             Delay type                Incr(ns)  Path(ns)    Netlist Resource(s)
  -------------------------------------------------------------------    -------------------
                         (clock clk_out1_clk_wiz_0_1 rise edge)
                                                      0.000     0.000 r  
    H9                                                0.000     0.000 r  clk_p (IN)
                         net (fo=0)                   0.000     0.000    dutclk/inst/clk_in1_p
    H9                   IBUFDS (Prop_ibufds_I_O)     0.880     0.880 r  dutclk/inst/clkin1_ibufgds/O
                         net (fo=1, routed)           1.081     1.961    dutclk/inst/clk_in1_clk_wiz_0
    MMCME2_ADV_X1Y5      MMCME2_ADV (Prop_mmcme2_adv_CLKIN1_CLKOUT0)
                                                     -7.639    -5.678 r  dutclk/inst/mmcm_adv_inst/CLKOUT0
                         net (fo=1, routed)           1.948    -3.730    dutclk/inst/clk_out1_clk_wiz_0
    BUFGCTRL_X0Y16       BUFG (Prop_bufg_I_O)         0.093    -3.637 r  dutclk/inst/clkout1_buf/O
                         net (fo=11919, routed)       1.251    -2.386    main_memory/clk_i
    SLICE_X43Y133        FDSE                                         r  main_memory/prog_sys_rst_n_reg/C
  -------------------------------------------------------------------    -------------------
    SLICE_X43Y133        FDSE (Prop_fdse_C_Q)         0.223    -2.163 r  main_memory/prog_sys_rst_n_reg/Q
                         net (fo=13, routed)          1.649    -0.514    main_memory/system_reset_o
    SLICE_X57Y130        LUT2 (Prop_lut2_I1_O)        0.043    -0.471 f  main_memory/cpu_addr_q[31]_i_9/O
                         net (fo=6279, routed)       10.644    10.173    dcache/cpu_wbe_q_reg[3]_0
    SLICE_X107Y182       FDCE                                         f  dcache/lru_q_reg[19]/CLR
  -------------------------------------------------------------------    -------------------

                         (clock clk_out1_clk_wiz_0_1 rise edge)
                                                     16.667    16.667 r  
    H9                                                0.000    16.667 r  clk_p (IN)
                         net (fo=0)                   0.000    16.667    dutclk/inst/clk_in1_p
    H9                   IBUFDS (Prop_ibufds_I_O)     0.778    17.445 r  dutclk/inst/clkin1_ibufgds/O
                         net (fo=1, routed)           0.986    18.431    dutclk/inst/clk_in1_clk_wiz_0
    MMCME2_ADV_X1Y5      MMCME2_ADV (Prop_mmcme2_adv_CLKIN1_CLKOUT0)
                                                     -6.516    11.915 r  dutclk/inst/mmcm_adv_inst/CLKOUT0
                         net (fo=1, routed)           1.788    13.703    dutclk/inst/clk_out1_clk_wiz_0
    BUFGCTRL_X0Y16       BUFG (Prop_bufg_I_O)         0.083    13.786 r  dutclk/inst/clkout1_buf/O
                         net (fo=11919, routed)       1.097    14.883    dcache/clk_out1
    SLICE_X107Y182       FDCE                                         r  dcache/lru_q_reg[19]/C
                         clock pessimism             -0.756    14.127    
                         clock uncertainty           -0.132    13.994    
    SLICE_X107Y182       FDCE (Recov_fdce_C_CLR)     -0.212    13.782    dcache/lru_q_reg[19]
  -------------------------------------------------------------------
                         required time                         13.782    
                         arrival time                         -10.173    
  -------------------------------------------------------------------
                         slack                                  3.609    

Slack (MET) :             3.609ns  (required time - arrival time)
  Source:                 main_memory/prog_sys_rst_n_reg/C
                            (rising edge-triggered cell FDSE clocked by clk_out1_clk_wiz_0_1  {rise@0.000ns fall@8.333ns period=16.667ns})
  Destination:            dcache/lru_q_reg[30]/CLR
                            (recovery check against rising-edge clock clk_out1_clk_wiz_0_1  {rise@0.000ns fall@8.333ns period=16.667ns})
  Path Group:             **async_default**
  Path Type:              Recovery (Max at Slow Process Corner)
  Requirement:            16.667ns  (clk_out1_clk_wiz_0_1 rise@16.667ns - clk_out1_clk_wiz_0_1 rise@0.000ns)
  Data Path Delay:        12.559ns  (logic 0.266ns (2.118%)  route 12.293ns (97.882%))
  Logic Levels:           1  (LUT2=1)
  Clock Path Skew:        -0.154ns (DCD - SCD + CPR)
    Destination Clock Delay (DCD):    -1.784ns = ( 14.883 - 16.667 ) 
    Source Clock Delay      (SCD):    -2.386ns
    Clock Pessimism Removal (CPR):    -0.756ns
  Clock Uncertainty:      0.132ns  ((TSJ^2 + DJ^2)^1/2) / 2 + PE
    Total System Jitter     (TSJ):    0.071ns
    Discrete Jitter          (DJ):    0.255ns
    Phase Error              (PE):    0.000ns

    Location             Delay type                Incr(ns)  Path(ns)    Netlist Resource(s)
  -------------------------------------------------------------------    -------------------
                         (clock clk_out1_clk_wiz_0_1 rise edge)
                                                      0.000     0.000 r  
    H9                                                0.000     0.000 r  clk_p (IN)
                         net (fo=0)                   0.000     0.000    dutclk/inst/clk_in1_p
    H9                   IBUFDS (Prop_ibufds_I_O)     0.880     0.880 r  dutclk/inst/clkin1_ibufgds/O
                         net (fo=1, routed)           1.081     1.961    dutclk/inst/clk_in1_clk_wiz_0
    MMCME2_ADV_X1Y5      MMCME2_ADV (Prop_mmcme2_adv_CLKIN1_CLKOUT0)
                                                     -7.639    -5.678 r  dutclk/inst/mmcm_adv_inst/CLKOUT0
                         net (fo=1, routed)           1.948    -3.730    dutclk/inst/clk_out1_clk_wiz_0
    BUFGCTRL_X0Y16       BUFG (Prop_bufg_I_O)         0.093    -3.637 r  dutclk/inst/clkout1_buf/O
                         net (fo=11919, routed)       1.251    -2.386    main_memory/clk_i
    SLICE_X43Y133        FDSE                                         r  main_memory/prog_sys_rst_n_reg/C
  -------------------------------------------------------------------    -------------------
    SLICE_X43Y133        FDSE (Prop_fdse_C_Q)         0.223    -2.163 r  main_memory/prog_sys_rst_n_reg/Q
                         net (fo=13, routed)          1.649    -0.514    main_memory/system_reset_o
    SLICE_X57Y130        LUT2 (Prop_lut2_I1_O)        0.043    -0.471 f  main_memory/cpu_addr_q[31]_i_9/O
                         net (fo=6279, routed)       10.644    10.173    dcache/cpu_wbe_q_reg[3]_0
    SLICE_X107Y182       FDCE                                         f  dcache/lru_q_reg[30]/CLR
  -------------------------------------------------------------------    -------------------

                         (clock clk_out1_clk_wiz_0_1 rise edge)
                                                     16.667    16.667 r  
    H9                                                0.000    16.667 r  clk_p (IN)
                         net (fo=0)                   0.000    16.667    dutclk/inst/clk_in1_p
    H9                   IBUFDS (Prop_ibufds_I_O)     0.778    17.445 r  dutclk/inst/clkin1_ibufgds/O
                         net (fo=1, routed)           0.986    18.431    dutclk/inst/clk_in1_clk_wiz_0
    MMCME2_ADV_X1Y5      MMCME2_ADV (Prop_mmcme2_adv_CLKIN1_CLKOUT0)
                                                     -6.516    11.915 r  dutclk/inst/mmcm_adv_inst/CLKOUT0
                         net (fo=1, routed)           1.788    13.703    dutclk/inst/clk_out1_clk_wiz_0
    BUFGCTRL_X0Y16       BUFG (Prop_bufg_I_O)         0.083    13.786 r  dutclk/inst/clkout1_buf/O
                         net (fo=11919, routed)       1.097    14.883    dcache/clk_out1
    SLICE_X107Y182       FDCE                                         r  dcache/lru_q_reg[30]/C
                         clock pessimism             -0.756    14.127    
                         clock uncertainty           -0.132    13.994    
    SLICE_X107Y182       FDCE (Recov_fdce_C_CLR)     -0.212    13.782    dcache/lru_q_reg[30]
  -------------------------------------------------------------------
                         required time                         13.782    
                         arrival time                         -10.173    
  -------------------------------------------------------------------
                         slack                                  3.609    





Min Delay Paths
--------------------------------------------------------------------------------------
Slack (MET) :             0.295ns  (arrival time - required time)
  Source:                 main_memory/prog_sys_rst_n_reg/C
                            (rising edge-triggered cell FDSE clocked by clk_out1_clk_wiz_0_1  {rise@0.000ns fall@8.333ns period=16.667ns})
  Destination:            cv32e40p_core_ip/core_i/if_stage_i/prefetch_buffer_i/fifo_i/mem_q_reg[0][20]/CLR
                            (removal check against rising-edge clock clk_out1_clk_wiz_0_1  {rise@0.000ns fall@8.333ns period=16.667ns})
  Path Group:             **async_default**
  Path Type:              Removal (Min at Fast Process Corner)
  Requirement:            0.000ns  (clk_out1_clk_wiz_0_1 rise@0.000ns - clk_out1_clk_wiz_0_1 rise@0.000ns)
  Data Path Delay:        1.655ns  (logic 0.128ns (7.736%)  route 1.527ns (92.264%))
  Logic Levels:           1  (LUT2=1)
  Clock Path Skew:        1.428ns (DCD - SCD - CPR)
    Destination Clock Delay (DCD):    0.471ns
    Source Clock Delay      (SCD):    -0.699ns
    Clock Pessimism Removal (CPR):    -0.258ns

    Location             Delay type                Incr(ns)  Path(ns)    Netlist Resource(s)
  -------------------------------------------------------------------    -------------------
                         (clock clk_out1_clk_wiz_0_1 rise edge)
                                                      0.000     0.000 r  
    H9                                                0.000     0.000 r  clk_p (IN)
                         net (fo=0)                   0.000     0.000    dutclk/inst/clk_in1_p
    H9                   IBUFDS (Prop_ibufds_I_O)     0.363     0.363 r  dutclk/inst/clkin1_ibufgds/O
                         net (fo=1, routed)           0.503     0.866    dutclk/inst/clk_in1_clk_wiz_0
    MMCME2_ADV_X1Y5      MMCME2_ADV (Prop_mmcme2_adv_CLKIN1_CLKOUT0)
                                                     -3.122    -2.256 r  dutclk/inst/mmcm_adv_inst/CLKOUT0
                         net (fo=1, routed)           0.969    -1.287    dutclk/inst/clk_out1_clk_wiz_0
    BUFGCTRL_X0Y16       BUFG (Prop_bufg_I_O)         0.026    -1.261 r  dutclk/inst/clkout1_buf/O
                         net (fo=11919, routed)       0.562    -0.699    main_memory/clk_i
    SLICE_X43Y133        FDSE                                         r  main_memory/prog_sys_rst_n_reg/C
  -------------------------------------------------------------------    -------------------
    SLICE_X43Y133        FDSE (Prop_fdse_C_Q)         0.100    -0.599 r  main_memory/prog_sys_rst_n_reg/Q
                         net (fo=13, routed)          0.883     0.284    main_memory/system_reset_o
    SLICE_X57Y130        LUT2 (Prop_lut2_I1_O)        0.028     0.312 f  main_memory/cpu_addr_q[31]_i_9/O
                         net (fo=6279, routed)        0.643     0.956    cv32e40p_core_ip/core_i/if_stage_i/prefetch_buffer_i/fifo_i/mem_q_reg[1][31]_1
    SLICE_X68Y122        FDCE                                         f  cv32e40p_core_ip/core_i/if_stage_i/prefetch_buffer_i/fifo_i/mem_q_reg[0][20]/CLR
  -------------------------------------------------------------------    -------------------

                         (clock clk_out1_clk_wiz_0_1 rise edge)
                                                      0.000     0.000 r  
    H9                                                0.000     0.000 r  clk_p (IN)
                         net (fo=0)                   0.000     0.000    dutclk/inst/clk_in1_p
    H9                   IBUFDS (Prop_ibufds_I_O)     0.444     0.444 r  dutclk/inst/clkin1_ibufgds/O
                         net (fo=1, routed)           0.553     0.997    dutclk/inst/clk_in1_clk_wiz_0
    MMCME2_ADV_X1Y5      MMCME2_ADV (Prop_mmcme2_adv_CLKIN1_CLKOUT0)
                                                     -3.590    -2.593 r  dutclk/inst/mmcm_adv_inst/CLKOUT0
                         net (fo=1, routed)           1.044    -1.549    dutclk/inst/clk_out1_clk_wiz_0
    BUFGCTRL_X0Y16       BUFG (Prop_bufg_I_O)         0.030    -1.519 r  dutclk/inst/clkout1_buf/O
                         net (fo=11919, routed)       0.969    -0.551    cv32e40p_core_ip/core_i/sleep_unit_i/core_clock_gate_i/clk_gate_i/clk_out1
    SLICE_X89Y146        LUT2 (Prop_lut2_I0_O)        0.035    -0.516 r  cv32e40p_core_ip/core_i/sleep_unit_i/core_clock_gate_i/clk_gate_i/cnt_q[1]_i_5__0/O
                         net (fo=1, routed)           0.216    -0.300    cv32e40p_core_ip_n_101
    BUFGCTRL_X0Y0        BUFG (Prop_bufg_I_O)         0.030    -0.270 r  cnt_q_reg[1]_i_2/O
                         net (fo=1121, routed)        0.741     0.471    cv32e40p_core_ip/core_i/if_stage_i/prefetch_buffer_i/fifo_i/clk
    SLICE_X68Y122        FDCE                                         r  cv32e40p_core_ip/core_i/if_stage_i/prefetch_buffer_i/fifo_i/mem_q_reg[0][20]/C
                         clock pessimism              0.258     0.729    
    SLICE_X68Y122        FDCE (Remov_fdce_C_CLR)     -0.069     0.660    cv32e40p_core_ip/core_i/if_stage_i/prefetch_buffer_i/fifo_i/mem_q_reg[0][20]
  -------------------------------------------------------------------
                         required time                         -0.660    
                         arrival time                           0.956    
  -------------------------------------------------------------------
                         slack                                  0.295    

Slack (MET) :             0.295ns  (arrival time - required time)
  Source:                 main_memory/prog_sys_rst_n_reg/C
                            (rising edge-triggered cell FDSE clocked by clk_out1_clk_wiz_0_1  {rise@0.000ns fall@8.333ns period=16.667ns})
  Destination:            cv32e40p_core_ip/core_i/if_stage_i/prefetch_buffer_i/fifo_i/mem_q_reg[0][23]/CLR
                            (removal check against rising-edge clock clk_out1_clk_wiz_0_1  {rise@0.000ns fall@8.333ns period=16.667ns})
  Path Group:             **async_default**
  Path Type:              Removal (Min at Fast Process Corner)
  Requirement:            0.000ns  (clk_out1_clk_wiz_0_1 rise@0.000ns - clk_out1_clk_wiz_0_1 rise@0.000ns)
  Data Path Delay:        1.655ns  (logic 0.128ns (7.736%)  route 1.527ns (92.264%))
  Logic Levels:           1  (LUT2=1)
  Clock Path Skew:        1.428ns (DCD - SCD - CPR)
    Destination Clock Delay (DCD):    0.471ns
    Source Clock Delay      (SCD):    -0.699ns
    Clock Pessimism Removal (CPR):    -0.258ns

    Location             Delay type                Incr(ns)  Path(ns)    Netlist Resource(s)
  -------------------------------------------------------------------    -------------------
                         (clock clk_out1_clk_wiz_0_1 rise edge)
                                                      0.000     0.000 r  
    H9                                                0.000     0.000 r  clk_p (IN)
                         net (fo=0)                   0.000     0.000    dutclk/inst/clk_in1_p
    H9                   IBUFDS (Prop_ibufds_I_O)     0.363     0.363 r  dutclk/inst/clkin1_ibufgds/O
                         net (fo=1, routed)           0.503     0.866    dutclk/inst/clk_in1_clk_wiz_0
    MMCME2_ADV_X1Y5      MMCME2_ADV (Prop_mmcme2_adv_CLKIN1_CLKOUT0)
                                                     -3.122    -2.256 r  dutclk/inst/mmcm_adv_inst/CLKOUT0
                         net (fo=1, routed)           0.969    -1.287    dutclk/inst/clk_out1_clk_wiz_0
    BUFGCTRL_X0Y16       BUFG (Prop_bufg_I_O)         0.026    -1.261 r  dutclk/inst/clkout1_buf/O
                         net (fo=11919, routed)       0.562    -0.699    main_memory/clk_i
    SLICE_X43Y133        FDSE                                         r  main_memory/prog_sys_rst_n_reg/C
  -------------------------------------------------------------------    -------------------
    SLICE_X43Y133        FDSE (Prop_fdse_C_Q)         0.100    -0.599 r  main_memory/prog_sys_rst_n_reg/Q
                         net (fo=13, routed)          0.883     0.284    main_memory/system_reset_o
    SLICE_X57Y130        LUT2 (Prop_lut2_I1_O)        0.028     0.312 f  main_memory/cpu_addr_q[31]_i_9/O
                         net (fo=6279, routed)        0.643     0.956    cv32e40p_core_ip/core_i/if_stage_i/prefetch_buffer_i/fifo_i/mem_q_reg[1][31]_1
    SLICE_X68Y122        FDCE                                         f  cv32e40p_core_ip/core_i/if_stage_i/prefetch_buffer_i/fifo_i/mem_q_reg[0][23]/CLR
  -------------------------------------------------------------------    -------------------

                         (clock clk_out1_clk_wiz_0_1 rise edge)
                                                      0.000     0.000 r  
    H9                                                0.000     0.000 r  clk_p (IN)
                         net (fo=0)                   0.000     0.000    dutclk/inst/clk_in1_p
    H9                   IBUFDS (Prop_ibufds_I_O)     0.444     0.444 r  dutclk/inst/clkin1_ibufgds/O
                         net (fo=1, routed)           0.553     0.997    dutclk/inst/clk_in1_clk_wiz_0
    MMCME2_ADV_X1Y5      MMCME2_ADV (Prop_mmcme2_adv_CLKIN1_CLKOUT0)
                                                     -3.590    -2.593 r  dutclk/inst/mmcm_adv_inst/CLKOUT0
                         net (fo=1, routed)           1.044    -1.549    dutclk/inst/clk_out1_clk_wiz_0
    BUFGCTRL_X0Y16       BUFG (Prop_bufg_I_O)         0.030    -1.519 r  dutclk/inst/clkout1_buf/O
                         net (fo=11919, routed)       0.969    -0.551    cv32e40p_core_ip/core_i/sleep_unit_i/core_clock_gate_i/clk_gate_i/clk_out1
    SLICE_X89Y146        LUT2 (Prop_lut2_I0_O)        0.035    -0.516 r  cv32e40p_core_ip/core_i/sleep_unit_i/core_clock_gate_i/clk_gate_i/cnt_q[1]_i_5__0/O
                         net (fo=1, routed)           0.216    -0.300    cv32e40p_core_ip_n_101
    BUFGCTRL_X0Y0        BUFG (Prop_bufg_I_O)         0.030    -0.270 r  cnt_q_reg[1]_i_2/O
                         net (fo=1121, routed)        0.741     0.471    cv32e40p_core_ip/core_i/if_stage_i/prefetch_buffer_i/fifo_i/clk
    SLICE_X68Y122        FDCE                                         r  cv32e40p_core_ip/core_i/if_stage_i/prefetch_buffer_i/fifo_i/mem_q_reg[0][23]/C
                         clock pessimism              0.258     0.729    
    SLICE_X68Y122        FDCE (Remov_fdce_C_CLR)     -0.069     0.660    cv32e40p_core_ip/core_i/if_stage_i/prefetch_buffer_i/fifo_i/mem_q_reg[0][23]
  -------------------------------------------------------------------
                         required time                         -0.660    
                         arrival time                           0.956    
  -------------------------------------------------------------------
                         slack                                  0.295    

Slack (MET) :             0.295ns  (arrival time - required time)
  Source:                 main_memory/prog_sys_rst_n_reg/C
                            (rising edge-triggered cell FDSE clocked by clk_out1_clk_wiz_0_1  {rise@0.000ns fall@8.333ns period=16.667ns})
  Destination:            cv32e40p_core_ip/core_i/if_stage_i/prefetch_buffer_i/fifo_i/mem_q_reg[0][24]/CLR
                            (removal check against rising-edge clock clk_out1_clk_wiz_0_1  {rise@0.000ns fall@8.333ns period=16.667ns})
  Path Group:             **async_default**
  Path Type:              Removal (Min at Fast Process Corner)
  Requirement:            0.000ns  (clk_out1_clk_wiz_0_1 rise@0.000ns - clk_out1_clk_wiz_0_1 rise@0.000ns)
  Data Path Delay:        1.655ns  (logic 0.128ns (7.736%)  route 1.527ns (92.264%))
  Logic Levels:           1  (LUT2=1)
  Clock Path Skew:        1.428ns (DCD - SCD - CPR)
    Destination Clock Delay (DCD):    0.471ns
    Source Clock Delay      (SCD):    -0.699ns
    Clock Pessimism Removal (CPR):    -0.258ns

    Location             Delay type                Incr(ns)  Path(ns)    Netlist Resource(s)
  -------------------------------------------------------------------    -------------------
                         (clock clk_out1_clk_wiz_0_1 rise edge)
                                                      0.000     0.000 r  
    H9                                                0.000     0.000 r  clk_p (IN)
                         net (fo=0)                   0.000     0.000    dutclk/inst/clk_in1_p
    H9                   IBUFDS (Prop_ibufds_I_O)     0.363     0.363 r  dutclk/inst/clkin1_ibufgds/O
                         net (fo=1, routed)           0.503     0.866    dutclk/inst/clk_in1_clk_wiz_0
    MMCME2_ADV_X1Y5      MMCME2_ADV (Prop_mmcme2_adv_CLKIN1_CLKOUT0)
                                                     -3.122    -2.256 r  dutclk/inst/mmcm_adv_inst/CLKOUT0
                         net (fo=1, routed)           0.969    -1.287    dutclk/inst/clk_out1_clk_wiz_0
    BUFGCTRL_X0Y16       BUFG (Prop_bufg_I_O)         0.026    -1.261 r  dutclk/inst/clkout1_buf/O
                         net (fo=11919, routed)       0.562    -0.699    main_memory/clk_i
    SLICE_X43Y133        FDSE                                         r  main_memory/prog_sys_rst_n_reg/C
  -------------------------------------------------------------------    -------------------
    SLICE_X43Y133        FDSE (Prop_fdse_C_Q)         0.100    -0.599 r  main_memory/prog_sys_rst_n_reg/Q
                         net (fo=13, routed)          0.883     0.284    main_memory/system_reset_o
    SLICE_X57Y130        LUT2 (Prop_lut2_I1_O)        0.028     0.312 f  main_memory/cpu_addr_q[31]_i_9/O
                         net (fo=6279, routed)        0.643     0.956    cv32e40p_core_ip/core_i/if_stage_i/prefetch_buffer_i/fifo_i/mem_q_reg[1][31]_1
    SLICE_X68Y122        FDCE                                         f  cv32e40p_core_ip/core_i/if_stage_i/prefetch_buffer_i/fifo_i/mem_q_reg[0][24]/CLR
  -------------------------------------------------------------------    -------------------

                         (clock clk_out1_clk_wiz_0_1 rise edge)
                                                      0.000     0.000 r  
    H9                                                0.000     0.000 r  clk_p (IN)
                         net (fo=0)                   0.000     0.000    dutclk/inst/clk_in1_p
    H9                   IBUFDS (Prop_ibufds_I_O)     0.444     0.444 r  dutclk/inst/clkin1_ibufgds/O
                         net (fo=1, routed)           0.553     0.997    dutclk/inst/clk_in1_clk_wiz_0
    MMCME2_ADV_X1Y5      MMCME2_ADV (Prop_mmcme2_adv_CLKIN1_CLKOUT0)
                                                     -3.590    -2.593 r  dutclk/inst/mmcm_adv_inst/CLKOUT0
                         net (fo=1, routed)           1.044    -1.549    dutclk/inst/clk_out1_clk_wiz_0
    BUFGCTRL_X0Y16       BUFG (Prop_bufg_I_O)         0.030    -1.519 r  dutclk/inst/clkout1_buf/O
                         net (fo=11919, routed)       0.969    -0.551    cv32e40p_core_ip/core_i/sleep_unit_i/core_clock_gate_i/clk_gate_i/clk_out1
    SLICE_X89Y146        LUT2 (Prop_lut2_I0_O)        0.035    -0.516 r  cv32e40p_core_ip/core_i/sleep_unit_i/core_clock_gate_i/clk_gate_i/cnt_q[1]_i_5__0/O
                         net (fo=1, routed)           0.216    -0.300    cv32e40p_core_ip_n_101
    BUFGCTRL_X0Y0        BUFG (Prop_bufg_I_O)         0.030    -0.270 r  cnt_q_reg[1]_i_2/O
                         net (fo=1121, routed)        0.741     0.471    cv32e40p_core_ip/core_i/if_stage_i/prefetch_buffer_i/fifo_i/clk
    SLICE_X68Y122        FDCE                                         r  cv32e40p_core_ip/core_i/if_stage_i/prefetch_buffer_i/fifo_i/mem_q_reg[0][24]/C
                         clock pessimism              0.258     0.729    
    SLICE_X68Y122        FDCE (Remov_fdce_C_CLR)     -0.069     0.660    cv32e40p_core_ip/core_i/if_stage_i/prefetch_buffer_i/fifo_i/mem_q_reg[0][24]
  -------------------------------------------------------------------
                         required time                         -0.660    
                         arrival time                           0.956    
  -------------------------------------------------------------------
                         slack                                  0.295    

Slack (MET) :             0.295ns  (arrival time - required time)
  Source:                 main_memory/prog_sys_rst_n_reg/C
                            (rising edge-triggered cell FDSE clocked by clk_out1_clk_wiz_0_1  {rise@0.000ns fall@8.333ns period=16.667ns})
  Destination:            cv32e40p_core_ip/core_i/if_stage_i/prefetch_buffer_i/fifo_i/mem_q_reg[0][29]/CLR
                            (removal check against rising-edge clock clk_out1_clk_wiz_0_1  {rise@0.000ns fall@8.333ns period=16.667ns})
  Path Group:             **async_default**
  Path Type:              Removal (Min at Fast Process Corner)
  Requirement:            0.000ns  (clk_out1_clk_wiz_0_1 rise@0.000ns - clk_out1_clk_wiz_0_1 rise@0.000ns)
  Data Path Delay:        1.655ns  (logic 0.128ns (7.736%)  route 1.527ns (92.264%))
  Logic Levels:           1  (LUT2=1)
  Clock Path Skew:        1.428ns (DCD - SCD - CPR)
    Destination Clock Delay (DCD):    0.471ns
    Source Clock Delay      (SCD):    -0.699ns
    Clock Pessimism Removal (CPR):    -0.258ns

    Location             Delay type                Incr(ns)  Path(ns)    Netlist Resource(s)
  -------------------------------------------------------------------    -------------------
                         (clock clk_out1_clk_wiz_0_1 rise edge)
                                                      0.000     0.000 r  
    H9                                                0.000     0.000 r  clk_p (IN)
                         net (fo=0)                   0.000     0.000    dutclk/inst/clk_in1_p
    H9                   IBUFDS (Prop_ibufds_I_O)     0.363     0.363 r  dutclk/inst/clkin1_ibufgds/O
                         net (fo=1, routed)           0.503     0.866    dutclk/inst/clk_in1_clk_wiz_0
    MMCME2_ADV_X1Y5      MMCME2_ADV (Prop_mmcme2_adv_CLKIN1_CLKOUT0)
                                                     -3.122    -2.256 r  dutclk/inst/mmcm_adv_inst/CLKOUT0
                         net (fo=1, routed)           0.969    -1.287    dutclk/inst/clk_out1_clk_wiz_0
    BUFGCTRL_X0Y16       BUFG (Prop_bufg_I_O)         0.026    -1.261 r  dutclk/inst/clkout1_buf/O
                         net (fo=11919, routed)       0.562    -0.699    main_memory/clk_i
    SLICE_X43Y133        FDSE                                         r  main_memory/prog_sys_rst_n_reg/C
  -------------------------------------------------------------------    -------------------
    SLICE_X43Y133        FDSE (Prop_fdse_C_Q)         0.100    -0.599 r  main_memory/prog_sys_rst_n_reg/Q
                         net (fo=13, routed)          0.883     0.284    main_memory/system_reset_o
    SLICE_X57Y130        LUT2 (Prop_lut2_I1_O)        0.028     0.312 f  main_memory/cpu_addr_q[31]_i_9/O
                         net (fo=6279, routed)        0.643     0.956    cv32e40p_core_ip/core_i/if_stage_i/prefetch_buffer_i/fifo_i/mem_q_reg[1][31]_1
    SLICE_X68Y122        FDCE                                         f  cv32e40p_core_ip/core_i/if_stage_i/prefetch_buffer_i/fifo_i/mem_q_reg[0][29]/CLR
  -------------------------------------------------------------------    -------------------

                         (clock clk_out1_clk_wiz_0_1 rise edge)
                                                      0.000     0.000 r  
    H9                                                0.000     0.000 r  clk_p (IN)
                         net (fo=0)                   0.000     0.000    dutclk/inst/clk_in1_p
    H9                   IBUFDS (Prop_ibufds_I_O)     0.444     0.444 r  dutclk/inst/clkin1_ibufgds/O
                         net (fo=1, routed)           0.553     0.997    dutclk/inst/clk_in1_clk_wiz_0
    MMCME2_ADV_X1Y5      MMCME2_ADV (Prop_mmcme2_adv_CLKIN1_CLKOUT0)
                                                     -3.590    -2.593 r  dutclk/inst/mmcm_adv_inst/CLKOUT0
                         net (fo=1, routed)           1.044    -1.549    dutclk/inst/clk_out1_clk_wiz_0
    BUFGCTRL_X0Y16       BUFG (Prop_bufg_I_O)         0.030    -1.519 r  dutclk/inst/clkout1_buf/O
                         net (fo=11919, routed)       0.969    -0.551    cv32e40p_core_ip/core_i/sleep_unit_i/core_clock_gate_i/clk_gate_i/clk_out1
    SLICE_X89Y146        LUT2 (Prop_lut2_I0_O)        0.035    -0.516 r  cv32e40p_core_ip/core_i/sleep_unit_i/core_clock_gate_i/clk_gate_i/cnt_q[1]_i_5__0/O
                         net (fo=1, routed)           0.216    -0.300    cv32e40p_core_ip_n_101
    BUFGCTRL_X0Y0        BUFG (Prop_bufg_I_O)         0.030    -0.270 r  cnt_q_reg[1]_i_2/O
                         net (fo=1121, routed)        0.741     0.471    cv32e40p_core_ip/core_i/if_stage_i/prefetch_buffer_i/fifo_i/clk
    SLICE_X68Y122        FDCE                                         r  cv32e40p_core_ip/core_i/if_stage_i/prefetch_buffer_i/fifo_i/mem_q_reg[0][29]/C
                         clock pessimism              0.258     0.729    
    SLICE_X68Y122        FDCE (Remov_fdce_C_CLR)     -0.069     0.660    cv32e40p_core_ip/core_i/if_stage_i/prefetch_buffer_i/fifo_i/mem_q_reg[0][29]
  -------------------------------------------------------------------
                         required time                         -0.660    
                         arrival time                           0.956    
  -------------------------------------------------------------------
                         slack                                  0.295    

Slack (MET) :             0.355ns  (arrival time - required time)
  Source:                 main_memory/prog_sys_rst_n_reg/C
                            (rising edge-triggered cell FDSE clocked by clk_out1_clk_wiz_0_1  {rise@0.000ns fall@8.333ns period=16.667ns})
  Destination:            cv32e40p_core_ip/core_i/if_stage_i/prefetch_buffer_i/fifo_i/mem_q_reg[0][0]/CLR
                            (removal check against rising-edge clock clk_out1_clk_wiz_0_1  {rise@0.000ns fall@8.333ns period=16.667ns})
  Path Group:             **async_default**
  Path Type:              Removal (Min at Fast Process Corner)
  Requirement:            0.000ns  (clk_out1_clk_wiz_0_1 rise@0.000ns - clk_out1_clk_wiz_0_1 rise@0.000ns)
  Data Path Delay:        1.712ns  (logic 0.128ns (7.475%)  route 1.584ns (92.525%))
  Logic Levels:           1  (LUT2=1)
  Clock Path Skew:        1.426ns (DCD - SCD - CPR)
    Destination Clock Delay (DCD):    0.469ns
    Source Clock Delay      (SCD):    -0.699ns
    Clock Pessimism Removal (CPR):    -0.258ns

    Location             Delay type                Incr(ns)  Path(ns)    Netlist Resource(s)
  -------------------------------------------------------------------    -------------------
                         (clock clk_out1_clk_wiz_0_1 rise edge)
                                                      0.000     0.000 r  
    H9                                                0.000     0.000 r  clk_p (IN)
                         net (fo=0)                   0.000     0.000    dutclk/inst/clk_in1_p
    H9                   IBUFDS (Prop_ibufds_I_O)     0.363     0.363 r  dutclk/inst/clkin1_ibufgds/O
                         net (fo=1, routed)           0.503     0.866    dutclk/inst/clk_in1_clk_wiz_0
    MMCME2_ADV_X1Y5      MMCME2_ADV (Prop_mmcme2_adv_CLKIN1_CLKOUT0)
                                                     -3.122    -2.256 r  dutclk/inst/mmcm_adv_inst/CLKOUT0
                         net (fo=1, routed)           0.969    -1.287    dutclk/inst/clk_out1_clk_wiz_0
    BUFGCTRL_X0Y16       BUFG (Prop_bufg_I_O)         0.026    -1.261 r  dutclk/inst/clkout1_buf/O
                         net (fo=11919, routed)       0.562    -0.699    main_memory/clk_i
    SLICE_X43Y133        FDSE                                         r  main_memory/prog_sys_rst_n_reg/C
  -------------------------------------------------------------------    -------------------
    SLICE_X43Y133        FDSE (Prop_fdse_C_Q)         0.100    -0.599 r  main_memory/prog_sys_rst_n_reg/Q
                         net (fo=13, routed)          0.883     0.284    main_memory/system_reset_o
    SLICE_X57Y130        LUT2 (Prop_lut2_I1_O)        0.028     0.312 f  main_memory/cpu_addr_q[31]_i_9/O
                         net (fo=6279, routed)        0.701     1.013    cv32e40p_core_ip/core_i/if_stage_i/prefetch_buffer_i/fifo_i/mem_q_reg[1][31]_1
    SLICE_X69Y123        FDCE                                         f  cv32e40p_core_ip/core_i/if_stage_i/prefetch_buffer_i/fifo_i/mem_q_reg[0][0]/CLR
  -------------------------------------------------------------------    -------------------

                         (clock clk_out1_clk_wiz_0_1 rise edge)
                                                      0.000     0.000 r  
    H9                                                0.000     0.000 r  clk_p (IN)
                         net (fo=0)                   0.000     0.000    dutclk/inst/clk_in1_p
    H9                   IBUFDS (Prop_ibufds_I_O)     0.444     0.444 r  dutclk/inst/clkin1_ibufgds/O
                         net (fo=1, routed)           0.553     0.997    dutclk/inst/clk_in1_clk_wiz_0
    MMCME2_ADV_X1Y5      MMCME2_ADV (Prop_mmcme2_adv_CLKIN1_CLKOUT0)
                                                     -3.590    -2.593 r  dutclk/inst/mmcm_adv_inst/CLKOUT0
                         net (fo=1, routed)           1.044    -1.549    dutclk/inst/clk_out1_clk_wiz_0
    BUFGCTRL_X0Y16       BUFG (Prop_bufg_I_O)         0.030    -1.519 r  dutclk/inst/clkout1_buf/O
                         net (fo=11919, routed)       0.969    -0.551    cv32e40p_core_ip/core_i/sleep_unit_i/core_clock_gate_i/clk_gate_i/clk_out1
    SLICE_X89Y146        LUT2 (Prop_lut2_I0_O)        0.035    -0.516 r  cv32e40p_core_ip/core_i/sleep_unit_i/core_clock_gate_i/clk_gate_i/cnt_q[1]_i_5__0/O
                         net (fo=1, routed)           0.216    -0.300    cv32e40p_core_ip_n_101
    BUFGCTRL_X0Y0        BUFG (Prop_bufg_I_O)         0.030    -0.270 r  cnt_q_reg[1]_i_2/O
                         net (fo=1121, routed)        0.739     0.469    cv32e40p_core_ip/core_i/if_stage_i/prefetch_buffer_i/fifo_i/clk
    SLICE_X69Y123        FDCE                                         r  cv32e40p_core_ip/core_i/if_stage_i/prefetch_buffer_i/fifo_i/mem_q_reg[0][0]/C
                         clock pessimism              0.258     0.727    
    SLICE_X69Y123        FDCE (Remov_fdce_C_CLR)     -0.069     0.658    cv32e40p_core_ip/core_i/if_stage_i/prefetch_buffer_i/fifo_i/mem_q_reg[0][0]
  -------------------------------------------------------------------
                         required time                         -0.658    
                         arrival time                           1.013    
  -------------------------------------------------------------------
                         slack                                  0.355    

Slack (MET) :             0.355ns  (arrival time - required time)
  Source:                 main_memory/prog_sys_rst_n_reg/C
                            (rising edge-triggered cell FDSE clocked by clk_out1_clk_wiz_0_1  {rise@0.000ns fall@8.333ns period=16.667ns})
  Destination:            cv32e40p_core_ip/core_i/if_stage_i/prefetch_buffer_i/fifo_i/mem_q_reg[0][28]/CLR
                            (removal check against rising-edge clock clk_out1_clk_wiz_0_1  {rise@0.000ns fall@8.333ns period=16.667ns})
  Path Group:             **async_default**
  Path Type:              Removal (Min at Fast Process Corner)
  Requirement:            0.000ns  (clk_out1_clk_wiz_0_1 rise@0.000ns - clk_out1_clk_wiz_0_1 rise@0.000ns)
  Data Path Delay:        1.712ns  (logic 0.128ns (7.475%)  route 1.584ns (92.525%))
  Logic Levels:           1  (LUT2=1)
  Clock Path Skew:        1.426ns (DCD - SCD - CPR)
    Destination Clock Delay (DCD):    0.469ns
    Source Clock Delay      (SCD):    -0.699ns
    Clock Pessimism Removal (CPR):    -0.258ns

    Location             Delay type                Incr(ns)  Path(ns)    Netlist Resource(s)
  -------------------------------------------------------------------    -------------------
                         (clock clk_out1_clk_wiz_0_1 rise edge)
                                                      0.000     0.000 r  
    H9                                                0.000     0.000 r  clk_p (IN)
                         net (fo=0)                   0.000     0.000    dutclk/inst/clk_in1_p
    H9                   IBUFDS (Prop_ibufds_I_O)     0.363     0.363 r  dutclk/inst/clkin1_ibufgds/O
                         net (fo=1, routed)           0.503     0.866    dutclk/inst/clk_in1_clk_wiz_0
    MMCME2_ADV_X1Y5      MMCME2_ADV (Prop_mmcme2_adv_CLKIN1_CLKOUT0)
                                                     -3.122    -2.256 r  dutclk/inst/mmcm_adv_inst/CLKOUT0
                         net (fo=1, routed)           0.969    -1.287    dutclk/inst/clk_out1_clk_wiz_0
    BUFGCTRL_X0Y16       BUFG (Prop_bufg_I_O)         0.026    -1.261 r  dutclk/inst/clkout1_buf/O
                         net (fo=11919, routed)       0.562    -0.699    main_memory/clk_i
    SLICE_X43Y133        FDSE                                         r  main_memory/prog_sys_rst_n_reg/C
  -------------------------------------------------------------------    -------------------
    SLICE_X43Y133        FDSE (Prop_fdse_C_Q)         0.100    -0.599 r  main_memory/prog_sys_rst_n_reg/Q
                         net (fo=13, routed)          0.883     0.284    main_memory/system_reset_o
    SLICE_X57Y130        LUT2 (Prop_lut2_I1_O)        0.028     0.312 f  main_memory/cpu_addr_q[31]_i_9/O
                         net (fo=6279, routed)        0.701     1.013    cv32e40p_core_ip/core_i/if_stage_i/prefetch_buffer_i/fifo_i/mem_q_reg[1][31]_1
    SLICE_X69Y123        FDCE                                         f  cv32e40p_core_ip/core_i/if_stage_i/prefetch_buffer_i/fifo_i/mem_q_reg[0][28]/CLR
  -------------------------------------------------------------------    -------------------

                         (clock clk_out1_clk_wiz_0_1 rise edge)
                                                      0.000     0.000 r  
    H9                                                0.000     0.000 r  clk_p (IN)
                         net (fo=0)                   0.000     0.000    dutclk/inst/clk_in1_p
    H9                   IBUFDS (Prop_ibufds_I_O)     0.444     0.444 r  dutclk/inst/clkin1_ibufgds/O
                         net (fo=1, routed)           0.553     0.997    dutclk/inst/clk_in1_clk_wiz_0
    MMCME2_ADV_X1Y5      MMCME2_ADV (Prop_mmcme2_adv_CLKIN1_CLKOUT0)
                                                     -3.590    -2.593 r  dutclk/inst/mmcm_adv_inst/CLKOUT0
                         net (fo=1, routed)           1.044    -1.549    dutclk/inst/clk_out1_clk_wiz_0
    BUFGCTRL_X0Y16       BUFG (Prop_bufg_I_O)         0.030    -1.519 r  dutclk/inst/clkout1_buf/O
                         net (fo=11919, routed)       0.969    -0.551    cv32e40p_core_ip/core_i/sleep_unit_i/core_clock_gate_i/clk_gate_i/clk_out1
    SLICE_X89Y146        LUT2 (Prop_lut2_I0_O)        0.035    -0.516 r  cv32e40p_core_ip/core_i/sleep_unit_i/core_clock_gate_i/clk_gate_i/cnt_q[1]_i_5__0/O
                         net (fo=1, routed)           0.216    -0.300    cv32e40p_core_ip_n_101
    BUFGCTRL_X0Y0        BUFG (Prop_bufg_I_O)         0.030    -0.270 r  cnt_q_reg[1]_i_2/O
                         net (fo=1121, routed)        0.739     0.469    cv32e40p_core_ip/core_i/if_stage_i/prefetch_buffer_i/fifo_i/clk
    SLICE_X69Y123        FDCE                                         r  cv32e40p_core_ip/core_i/if_stage_i/prefetch_buffer_i/fifo_i/mem_q_reg[0][28]/C
                         clock pessimism              0.258     0.727    
    SLICE_X69Y123        FDCE (Remov_fdce_C_CLR)     -0.069     0.658    cv32e40p_core_ip/core_i/if_stage_i/prefetch_buffer_i/fifo_i/mem_q_reg[0][28]
  -------------------------------------------------------------------
                         required time                         -0.658    
                         arrival time                           1.013    
  -------------------------------------------------------------------
                         slack                                  0.355    

Slack (MET) :             0.355ns  (arrival time - required time)
  Source:                 main_memory/prog_sys_rst_n_reg/C
                            (rising edge-triggered cell FDSE clocked by clk_out1_clk_wiz_0_1  {rise@0.000ns fall@8.333ns period=16.667ns})
  Destination:            cv32e40p_core_ip/core_i/if_stage_i/prefetch_buffer_i/fifo_i/mem_q_reg[0][30]/CLR
                            (removal check against rising-edge clock clk_out1_clk_wiz_0_1  {rise@0.000ns fall@8.333ns period=16.667ns})
  Path Group:             **async_default**
  Path Type:              Removal (Min at Fast Process Corner)
  Requirement:            0.000ns  (clk_out1_clk_wiz_0_1 rise@0.000ns - clk_out1_clk_wiz_0_1 rise@0.000ns)
  Data Path Delay:        1.712ns  (logic 0.128ns (7.475%)  route 1.584ns (92.525%))
  Logic Levels:           1  (LUT2=1)
  Clock Path Skew:        1.426ns (DCD - SCD - CPR)
    Destination Clock Delay (DCD):    0.469ns
    Source Clock Delay      (SCD):    -0.699ns
    Clock Pessimism Removal (CPR):    -0.258ns

    Location             Delay type                Incr(ns)  Path(ns)    Netlist Resource(s)
  -------------------------------------------------------------------    -------------------
                         (clock clk_out1_clk_wiz_0_1 rise edge)
                                                      0.000     0.000 r  
    H9                                                0.000     0.000 r  clk_p (IN)
                         net (fo=0)                   0.000     0.000    dutclk/inst/clk_in1_p
    H9                   IBUFDS (Prop_ibufds_I_O)     0.363     0.363 r  dutclk/inst/clkin1_ibufgds/O
                         net (fo=1, routed)           0.503     0.866    dutclk/inst/clk_in1_clk_wiz_0
    MMCME2_ADV_X1Y5      MMCME2_ADV (Prop_mmcme2_adv_CLKIN1_CLKOUT0)
                                                     -3.122    -2.256 r  dutclk/inst/mmcm_adv_inst/CLKOUT0
                         net (fo=1, routed)           0.969    -1.287    dutclk/inst/clk_out1_clk_wiz_0
    BUFGCTRL_X0Y16       BUFG (Prop_bufg_I_O)         0.026    -1.261 r  dutclk/inst/clkout1_buf/O
                         net (fo=11919, routed)       0.562    -0.699    main_memory/clk_i
    SLICE_X43Y133        FDSE                                         r  main_memory/prog_sys_rst_n_reg/C
  -------------------------------------------------------------------    -------------------
    SLICE_X43Y133        FDSE (Prop_fdse_C_Q)         0.100    -0.599 r  main_memory/prog_sys_rst_n_reg/Q
                         net (fo=13, routed)          0.883     0.284    main_memory/system_reset_o
    SLICE_X57Y130        LUT2 (Prop_lut2_I1_O)        0.028     0.312 f  main_memory/cpu_addr_q[31]_i_9/O
                         net (fo=6279, routed)        0.701     1.013    cv32e40p_core_ip/core_i/if_stage_i/prefetch_buffer_i/fifo_i/mem_q_reg[1][31]_1
    SLICE_X69Y123        FDCE                                         f  cv32e40p_core_ip/core_i/if_stage_i/prefetch_buffer_i/fifo_i/mem_q_reg[0][30]/CLR
  -------------------------------------------------------------------    -------------------

                         (clock clk_out1_clk_wiz_0_1 rise edge)
                                                      0.000     0.000 r  
    H9                                                0.000     0.000 r  clk_p (IN)
                         net (fo=0)                   0.000     0.000    dutclk/inst/clk_in1_p
    H9                   IBUFDS (Prop_ibufds_I_O)     0.444     0.444 r  dutclk/inst/clkin1_ibufgds/O
                         net (fo=1, routed)           0.553     0.997    dutclk/inst/clk_in1_clk_wiz_0
    MMCME2_ADV_X1Y5      MMCME2_ADV (Prop_mmcme2_adv_CLKIN1_CLKOUT0)
                                                     -3.590    -2.593 r  dutclk/inst/mmcm_adv_inst/CLKOUT0
                         net (fo=1, routed)           1.044    -1.549    dutclk/inst/clk_out1_clk_wiz_0
    BUFGCTRL_X0Y16       BUFG (Prop_bufg_I_O)         0.030    -1.519 r  dutclk/inst/clkout1_buf/O
                         net (fo=11919, routed)       0.969    -0.551    cv32e40p_core_ip/core_i/sleep_unit_i/core_clock_gate_i/clk_gate_i/clk_out1
    SLICE_X89Y146        LUT2 (Prop_lut2_I0_O)        0.035    -0.516 r  cv32e40p_core_ip/core_i/sleep_unit_i/core_clock_gate_i/clk_gate_i/cnt_q[1]_i_5__0/O
                         net (fo=1, routed)           0.216    -0.300    cv32e40p_core_ip_n_101
    BUFGCTRL_X0Y0        BUFG (Prop_bufg_I_O)         0.030    -0.270 r  cnt_q_reg[1]_i_2/O
                         net (fo=1121, routed)        0.739     0.469    cv32e40p_core_ip/core_i/if_stage_i/prefetch_buffer_i/fifo_i/clk
    SLICE_X69Y123        FDCE                                         r  cv32e40p_core_ip/core_i/if_stage_i/prefetch_buffer_i/fifo_i/mem_q_reg[0][30]/C
                         clock pessimism              0.258     0.727    
    SLICE_X69Y123        FDCE (Remov_fdce_C_CLR)     -0.069     0.658    cv32e40p_core_ip/core_i/if_stage_i/prefetch_buffer_i/fifo_i/mem_q_reg[0][30]
  -------------------------------------------------------------------
                         required time                         -0.658    
                         arrival time                           1.013    
  -------------------------------------------------------------------
                         slack                                  0.355    

Slack (MET) :             0.357ns  (arrival time - required time)
  Source:                 main_memory/prog_sys_rst_n_reg/C
                            (rising edge-triggered cell FDSE clocked by clk_out1_clk_wiz_0_1  {rise@0.000ns fall@8.333ns period=16.667ns})
  Destination:            cv32e40p_core_ip/core_i/if_stage_i/prefetch_buffer_i/fifo_i/mem_q_reg[1][0]/CLR
                            (removal check against rising-edge clock clk_out1_clk_wiz_0_1  {rise@0.000ns fall@8.333ns period=16.667ns})
  Path Group:             **async_default**
  Path Type:              Removal (Min at Fast Process Corner)
  Requirement:            0.000ns  (clk_out1_clk_wiz_0_1 rise@0.000ns - clk_out1_clk_wiz_0_1 rise@0.000ns)
  Data Path Delay:        1.715ns  (logic 0.128ns (7.466%)  route 1.587ns (92.534%))
  Logic Levels:           1  (LUT2=1)
  Clock Path Skew:        1.426ns (DCD - SCD - CPR)
    Destination Clock Delay (DCD):    0.469ns
    Source Clock Delay      (SCD):    -0.699ns
    Clock Pessimism Removal (CPR):    -0.258ns

    Location             Delay type                Incr(ns)  Path(ns)    Netlist Resource(s)
  -------------------------------------------------------------------    -------------------
                         (clock clk_out1_clk_wiz_0_1 rise edge)
                                                      0.000     0.000 r  
    H9                                                0.000     0.000 r  clk_p (IN)
                         net (fo=0)                   0.000     0.000    dutclk/inst/clk_in1_p
    H9                   IBUFDS (Prop_ibufds_I_O)     0.363     0.363 r  dutclk/inst/clkin1_ibufgds/O
                         net (fo=1, routed)           0.503     0.866    dutclk/inst/clk_in1_clk_wiz_0
    MMCME2_ADV_X1Y5      MMCME2_ADV (Prop_mmcme2_adv_CLKIN1_CLKOUT0)
                                                     -3.122    -2.256 r  dutclk/inst/mmcm_adv_inst/CLKOUT0
                         net (fo=1, routed)           0.969    -1.287    dutclk/inst/clk_out1_clk_wiz_0
    BUFGCTRL_X0Y16       BUFG (Prop_bufg_I_O)         0.026    -1.261 r  dutclk/inst/clkout1_buf/O
                         net (fo=11919, routed)       0.562    -0.699    main_memory/clk_i
    SLICE_X43Y133        FDSE                                         r  main_memory/prog_sys_rst_n_reg/C
  -------------------------------------------------------------------    -------------------
    SLICE_X43Y133        FDSE (Prop_fdse_C_Q)         0.100    -0.599 r  main_memory/prog_sys_rst_n_reg/Q
                         net (fo=13, routed)          0.883     0.284    main_memory/system_reset_o
    SLICE_X57Y130        LUT2 (Prop_lut2_I1_O)        0.028     0.312 f  main_memory/cpu_addr_q[31]_i_9/O
                         net (fo=6279, routed)        0.703     1.015    cv32e40p_core_ip/core_i/if_stage_i/prefetch_buffer_i/fifo_i/mem_q_reg[1][31]_1
    SLICE_X68Y123        FDCE                                         f  cv32e40p_core_ip/core_i/if_stage_i/prefetch_buffer_i/fifo_i/mem_q_reg[1][0]/CLR
  -------------------------------------------------------------------    -------------------

                         (clock clk_out1_clk_wiz_0_1 rise edge)
                                                      0.000     0.000 r  
    H9                                                0.000     0.000 r  clk_p (IN)
                         net (fo=0)                   0.000     0.000    dutclk/inst/clk_in1_p
    H9                   IBUFDS (Prop_ibufds_I_O)     0.444     0.444 r  dutclk/inst/clkin1_ibufgds/O
                         net (fo=1, routed)           0.553     0.997    dutclk/inst/clk_in1_clk_wiz_0
    MMCME2_ADV_X1Y5      MMCME2_ADV (Prop_mmcme2_adv_CLKIN1_CLKOUT0)
                                                     -3.590    -2.593 r  dutclk/inst/mmcm_adv_inst/CLKOUT0
                         net (fo=1, routed)           1.044    -1.549    dutclk/inst/clk_out1_clk_wiz_0
    BUFGCTRL_X0Y16       BUFG (Prop_bufg_I_O)         0.030    -1.519 r  dutclk/inst/clkout1_buf/O
                         net (fo=11919, routed)       0.969    -0.551    cv32e40p_core_ip/core_i/sleep_unit_i/core_clock_gate_i/clk_gate_i/clk_out1
    SLICE_X89Y146        LUT2 (Prop_lut2_I0_O)        0.035    -0.516 r  cv32e40p_core_ip/core_i/sleep_unit_i/core_clock_gate_i/clk_gate_i/cnt_q[1]_i_5__0/O
                         net (fo=1, routed)           0.216    -0.300    cv32e40p_core_ip_n_101
    BUFGCTRL_X0Y0        BUFG (Prop_bufg_I_O)         0.030    -0.270 r  cnt_q_reg[1]_i_2/O
                         net (fo=1121, routed)        0.739     0.469    cv32e40p_core_ip/core_i/if_stage_i/prefetch_buffer_i/fifo_i/clk
    SLICE_X68Y123        FDCE                                         r  cv32e40p_core_ip/core_i/if_stage_i/prefetch_buffer_i/fifo_i/mem_q_reg[1][0]/C
                         clock pessimism              0.258     0.727    
    SLICE_X68Y123        FDCE (Remov_fdce_C_CLR)     -0.069     0.658    cv32e40p_core_ip/core_i/if_stage_i/prefetch_buffer_i/fifo_i/mem_q_reg[1][0]
  -------------------------------------------------------------------
                         required time                         -0.658    
                         arrival time                           1.015    
  -------------------------------------------------------------------
                         slack                                  0.357    

Slack (MET) :             0.357ns  (arrival time - required time)
  Source:                 main_memory/prog_sys_rst_n_reg/C
                            (rising edge-triggered cell FDSE clocked by clk_out1_clk_wiz_0_1  {rise@0.000ns fall@8.333ns period=16.667ns})
  Destination:            cv32e40p_core_ip/core_i/if_stage_i/prefetch_buffer_i/fifo_i/mem_q_reg[1][28]/CLR
                            (removal check against rising-edge clock clk_out1_clk_wiz_0_1  {rise@0.000ns fall@8.333ns period=16.667ns})
  Path Group:             **async_default**
  Path Type:              Removal (Min at Fast Process Corner)
  Requirement:            0.000ns  (clk_out1_clk_wiz_0_1 rise@0.000ns - clk_out1_clk_wiz_0_1 rise@0.000ns)
  Data Path Delay:        1.715ns  (logic 0.128ns (7.466%)  route 1.587ns (92.534%))
  Logic Levels:           1  (LUT2=1)
  Clock Path Skew:        1.426ns (DCD - SCD - CPR)
    Destination Clock Delay (DCD):    0.469ns
    Source Clock Delay      (SCD):    -0.699ns
    Clock Pessimism Removal (CPR):    -0.258ns

    Location             Delay type                Incr(ns)  Path(ns)    Netlist Resource(s)
  -------------------------------------------------------------------    -------------------
                         (clock clk_out1_clk_wiz_0_1 rise edge)
                                                      0.000     0.000 r  
    H9                                                0.000     0.000 r  clk_p (IN)
                         net (fo=0)                   0.000     0.000    dutclk/inst/clk_in1_p
    H9                   IBUFDS (Prop_ibufds_I_O)     0.363     0.363 r  dutclk/inst/clkin1_ibufgds/O
                         net (fo=1, routed)           0.503     0.866    dutclk/inst/clk_in1_clk_wiz_0
    MMCME2_ADV_X1Y5      MMCME2_ADV (Prop_mmcme2_adv_CLKIN1_CLKOUT0)
                                                     -3.122    -2.256 r  dutclk/inst/mmcm_adv_inst/CLKOUT0
                         net (fo=1, routed)           0.969    -1.287    dutclk/inst/clk_out1_clk_wiz_0
    BUFGCTRL_X0Y16       BUFG (Prop_bufg_I_O)         0.026    -1.261 r  dutclk/inst/clkout1_buf/O
                         net (fo=11919, routed)       0.562    -0.699    main_memory/clk_i
    SLICE_X43Y133        FDSE                                         r  main_memory/prog_sys_rst_n_reg/C
  -------------------------------------------------------------------    -------------------
    SLICE_X43Y133        FDSE (Prop_fdse_C_Q)         0.100    -0.599 r  main_memory/prog_sys_rst_n_reg/Q
                         net (fo=13, routed)          0.883     0.284    main_memory/system_reset_o
    SLICE_X57Y130        LUT2 (Prop_lut2_I1_O)        0.028     0.312 f  main_memory/cpu_addr_q[31]_i_9/O
                         net (fo=6279, routed)        0.703     1.015    cv32e40p_core_ip/core_i/if_stage_i/prefetch_buffer_i/fifo_i/mem_q_reg[1][31]_1
    SLICE_X68Y123        FDCE                                         f  cv32e40p_core_ip/core_i/if_stage_i/prefetch_buffer_i/fifo_i/mem_q_reg[1][28]/CLR
  -------------------------------------------------------------------    -------------------

                         (clock clk_out1_clk_wiz_0_1 rise edge)
                                                      0.000     0.000 r  
    H9                                                0.000     0.000 r  clk_p (IN)
                         net (fo=0)                   0.000     0.000    dutclk/inst/clk_in1_p
    H9                   IBUFDS (Prop_ibufds_I_O)     0.444     0.444 r  dutclk/inst/clkin1_ibufgds/O
                         net (fo=1, routed)           0.553     0.997    dutclk/inst/clk_in1_clk_wiz_0
    MMCME2_ADV_X1Y5      MMCME2_ADV (Prop_mmcme2_adv_CLKIN1_CLKOUT0)
                                                     -3.590    -2.593 r  dutclk/inst/mmcm_adv_inst/CLKOUT0
                         net (fo=1, routed)           1.044    -1.549    dutclk/inst/clk_out1_clk_wiz_0
    BUFGCTRL_X0Y16       BUFG (Prop_bufg_I_O)         0.030    -1.519 r  dutclk/inst/clkout1_buf/O
                         net (fo=11919, routed)       0.969    -0.551    cv32e40p_core_ip/core_i/sleep_unit_i/core_clock_gate_i/clk_gate_i/clk_out1
    SLICE_X89Y146        LUT2 (Prop_lut2_I0_O)        0.035    -0.516 r  cv32e40p_core_ip/core_i/sleep_unit_i/core_clock_gate_i/clk_gate_i/cnt_q[1]_i_5__0/O
                         net (fo=1, routed)           0.216    -0.300    cv32e40p_core_ip_n_101
    BUFGCTRL_X0Y0        BUFG (Prop_bufg_I_O)         0.030    -0.270 r  cnt_q_reg[1]_i_2/O
                         net (fo=1121, routed)        0.739     0.469    cv32e40p_core_ip/core_i/if_stage_i/prefetch_buffer_i/fifo_i/clk
    SLICE_X68Y123        FDCE                                         r  cv32e40p_core_ip/core_i/if_stage_i/prefetch_buffer_i/fifo_i/mem_q_reg[1][28]/C
                         clock pessimism              0.258     0.727    
    SLICE_X68Y123        FDCE (Remov_fdce_C_CLR)     -0.069     0.658    cv32e40p_core_ip/core_i/if_stage_i/prefetch_buffer_i/fifo_i/mem_q_reg[1][28]
  -------------------------------------------------------------------
                         required time                         -0.658    
                         arrival time                           1.015    
  -------------------------------------------------------------------
                         slack                                  0.357    

Slack (MET) :             0.357ns  (arrival time - required time)
  Source:                 main_memory/prog_sys_rst_n_reg/C
                            (rising edge-triggered cell FDSE clocked by clk_out1_clk_wiz_0_1  {rise@0.000ns fall@8.333ns period=16.667ns})
  Destination:            cv32e40p_core_ip/core_i/if_stage_i/prefetch_buffer_i/fifo_i/mem_q_reg[1][30]/CLR
                            (removal check against rising-edge clock clk_out1_clk_wiz_0_1  {rise@0.000ns fall@8.333ns period=16.667ns})
  Path Group:             **async_default**
  Path Type:              Removal (Min at Fast Process Corner)
  Requirement:            0.000ns  (clk_out1_clk_wiz_0_1 rise@0.000ns - clk_out1_clk_wiz_0_1 rise@0.000ns)
  Data Path Delay:        1.715ns  (logic 0.128ns (7.466%)  route 1.587ns (92.534%))
  Logic Levels:           1  (LUT2=1)
  Clock Path Skew:        1.426ns (DCD - SCD - CPR)
    Destination Clock Delay (DCD):    0.469ns
    Source Clock Delay      (SCD):    -0.699ns
    Clock Pessimism Removal (CPR):    -0.258ns

    Location             Delay type                Incr(ns)  Path(ns)    Netlist Resource(s)
  -------------------------------------------------------------------    -------------------
                         (clock clk_out1_clk_wiz_0_1 rise edge)
                                                      0.000     0.000 r  
    H9                                                0.000     0.000 r  clk_p (IN)
                         net (fo=0)                   0.000     0.000    dutclk/inst/clk_in1_p
    H9                   IBUFDS (Prop_ibufds_I_O)     0.363     0.363 r  dutclk/inst/clkin1_ibufgds/O
                         net (fo=1, routed)           0.503     0.866    dutclk/inst/clk_in1_clk_wiz_0
    MMCME2_ADV_X1Y5      MMCME2_ADV (Prop_mmcme2_adv_CLKIN1_CLKOUT0)
                                                     -3.122    -2.256 r  dutclk/inst/mmcm_adv_inst/CLKOUT0
                         net (fo=1, routed)           0.969    -1.287    dutclk/inst/clk_out1_clk_wiz_0
    BUFGCTRL_X0Y16       BUFG (Prop_bufg_I_O)         0.026    -1.261 r  dutclk/inst/clkout1_buf/O
                         net (fo=11919, routed)       0.562    -0.699    main_memory/clk_i
    SLICE_X43Y133        FDSE                                         r  main_memory/prog_sys_rst_n_reg/C
  -------------------------------------------------------------------    -------------------
    SLICE_X43Y133        FDSE (Prop_fdse_C_Q)         0.100    -0.599 r  main_memory/prog_sys_rst_n_reg/Q
                         net (fo=13, routed)          0.883     0.284    main_memory/system_reset_o
    SLICE_X57Y130        LUT2 (Prop_lut2_I1_O)        0.028     0.312 f  main_memory/cpu_addr_q[31]_i_9/O
                         net (fo=6279, routed)        0.703     1.015    cv32e40p_core_ip/core_i/if_stage_i/prefetch_buffer_i/fifo_i/mem_q_reg[1][31]_1
    SLICE_X68Y123        FDCE                                         f  cv32e40p_core_ip/core_i/if_stage_i/prefetch_buffer_i/fifo_i/mem_q_reg[1][30]/CLR
  -------------------------------------------------------------------    -------------------

                         (clock clk_out1_clk_wiz_0_1 rise edge)
                                                      0.000     0.000 r  
    H9                                                0.000     0.000 r  clk_p (IN)
                         net (fo=0)                   0.000     0.000    dutclk/inst/clk_in1_p
    H9                   IBUFDS (Prop_ibufds_I_O)     0.444     0.444 r  dutclk/inst/clkin1_ibufgds/O
                         net (fo=1, routed)           0.553     0.997    dutclk/inst/clk_in1_clk_wiz_0
    MMCME2_ADV_X1Y5      MMCME2_ADV (Prop_mmcme2_adv_CLKIN1_CLKOUT0)
                                                     -3.590    -2.593 r  dutclk/inst/mmcm_adv_inst/CLKOUT0
                         net (fo=1, routed)           1.044    -1.549    dutclk/inst/clk_out1_clk_wiz_0
    BUFGCTRL_X0Y16       BUFG (Prop_bufg_I_O)         0.030    -1.519 r  dutclk/inst/clkout1_buf/O
                         net (fo=11919, routed)       0.969    -0.551    cv32e40p_core_ip/core_i/sleep_unit_i/core_clock_gate_i/clk_gate_i/clk_out1
    SLICE_X89Y146        LUT2 (Prop_lut2_I0_O)        0.035    -0.516 r  cv32e40p_core_ip/core_i/sleep_unit_i/core_clock_gate_i/clk_gate_i/cnt_q[1]_i_5__0/O
                         net (fo=1, routed)           0.216    -0.300    cv32e40p_core_ip_n_101
    BUFGCTRL_X0Y0        BUFG (Prop_bufg_I_O)         0.030    -0.270 r  cnt_q_reg[1]_i_2/O
                         net (fo=1121, routed)        0.739     0.469    cv32e40p_core_ip/core_i/if_stage_i/prefetch_buffer_i/fifo_i/clk
    SLICE_X68Y123        FDCE                                         r  cv32e40p_core_ip/core_i/if_stage_i/prefetch_buffer_i/fifo_i/mem_q_reg[1][30]/C
                         clock pessimism              0.258     0.727    
    SLICE_X68Y123        FDCE (Remov_fdce_C_CLR)     -0.069     0.658    cv32e40p_core_ip/core_i/if_stage_i/prefetch_buffer_i/fifo_i/mem_q_reg[1][30]
  -------------------------------------------------------------------
                         required time                         -0.658    
                         arrival time                           1.015    
  -------------------------------------------------------------------
                         slack                                  0.357    





--------------------------------------------------------------------------------------
Path Group:  (none)
From Clock:  clk_out1_clk_wiz_0_1
  To Clock:  

Max Delay             2 Endpoints
Min Delay             2 Endpoints
--------------------------------------------------------------------------------------


Max Delay Paths
--------------------------------------------------------------------------------------
Slack:                    inf
  Source:                 main_memory/FSM_onehot_state_prog_reg[4]/C
                            (rising edge-triggered cell FDRE clocked by clk_out1_clk_wiz_0_1  {rise@0.000ns fall@8.333ns period=16.667ns})
  Destination:            prog_mode_led_o
                            (output port)
  Path Group:             (none)
  Path Type:              Max at Slow Process Corner
  Data Path Delay:        10.098ns  (logic 2.339ns (23.161%)  route 7.759ns (76.839%))
  Logic Levels:           1  (OBUF=1)
  Clock Uncertainty:      0.424ns  ((TSJ^2 + DJ^2)^1/2) / 2 + PE
    Total System Jitter     (TSJ):    0.050ns
    Discrete Jitter          (DJ):    0.255ns
    Phase Error              (PE):    0.294ns

    Location             Delay type                Incr(ns)  Path(ns)    Netlist Resource(s)
  -------------------------------------------------------------------    -------------------
                         (clock clk_out1_clk_wiz_0_1 rise edge)
                                                      0.000     0.000 r  
    H9                                                0.000     0.000 r  clk_p (IN)
                         net (fo=0)                   0.000     0.000    dutclk/inst/clk_in1_p
    H9                   IBUFDS (Prop_ibufds_I_O)     0.880     0.880 r  dutclk/inst/clkin1_ibufgds/O
                         net (fo=1, routed)           1.081     1.961    dutclk/inst/clk_in1_clk_wiz_0
    MMCME2_ADV_X1Y5      MMCME2_ADV (Prop_mmcme2_adv_CLKIN1_CLKOUT0)
                                                     -7.639    -5.678 r  dutclk/inst/mmcm_adv_inst/CLKOUT0
                         net (fo=1, routed)           1.948    -3.730    dutclk/inst/clk_out1_clk_wiz_0
    BUFGCTRL_X0Y16       BUFG (Prop_bufg_I_O)         0.093    -3.637 r  dutclk/inst/clkout1_buf/O
                         net (fo=11919, routed)       1.253    -2.384    main_memory/clk_i
    SLICE_X35Y134        FDRE                                         r  main_memory/FSM_onehot_state_prog_reg[4]/C
  -------------------------------------------------------------------    -------------------
    SLICE_X35Y134        FDRE (Prop_fdre_C_Q)         0.223    -2.161 r  main_memory/FSM_onehot_state_prog_reg[4]/Q
                         net (fo=216, routed)         7.759     5.598    prog_mode_led_o_OBUF
    A17                  OBUF (Prop_obuf_I_O)         2.116     7.714 r  prog_mode_led_o_OBUF_inst/O
                         net (fo=0)                   0.000     7.714    prog_mode_led_o
    A17                                                               r  prog_mode_led_o (OUT)
  -------------------------------------------------------------------    -------------------

Slack:                    inf
  Source:                 uart/uart_iface_dut/uart_tx_dut/read_ptr_reg[1]/C
                            (rising edge-triggered cell FDRE clocked by clk_out1_clk_wiz_0_1  {rise@0.000ns fall@8.333ns period=16.667ns})
  Destination:            uart_tx_o
                            (output port)
  Path Group:             (none)
  Path Type:              Max at Slow Process Corner
  Data Path Delay:        9.754ns  (logic 3.228ns (33.093%)  route 6.526ns (66.907%))
  Logic Levels:           5  (LUT6=2 MUXF7=1 OBUF=1 RAMD32=1)
  Clock Uncertainty:      0.424ns  ((TSJ^2 + DJ^2)^1/2) / 2 + PE
    Total System Jitter     (TSJ):    0.050ns
    Discrete Jitter          (DJ):    0.255ns
    Phase Error              (PE):    0.294ns

    Location             Delay type                Incr(ns)  Path(ns)    Netlist Resource(s)
  -------------------------------------------------------------------    -------------------
                         (clock clk_out1_clk_wiz_0_1 rise edge)
                                                      0.000     0.000 r  
    H9                                                0.000     0.000 r  clk_p (IN)
                         net (fo=0)                   0.000     0.000    dutclk/inst/clk_in1_p
    H9                   IBUFDS (Prop_ibufds_I_O)     0.880     0.880 r  dutclk/inst/clkin1_ibufgds/O
                         net (fo=1, routed)           1.081     1.961    dutclk/inst/clk_in1_clk_wiz_0
    MMCME2_ADV_X1Y5      MMCME2_ADV (Prop_mmcme2_adv_CLKIN1_CLKOUT0)
                                                     -7.639    -5.678 r  dutclk/inst/mmcm_adv_inst/CLKOUT0
                         net (fo=1, routed)           1.948    -3.730    dutclk/inst/clk_out1_clk_wiz_0
    BUFGCTRL_X0Y16       BUFG (Prop_bufg_I_O)         0.093    -3.637 r  dutclk/inst/clkout1_buf/O
                         net (fo=11919, routed)       1.217    -2.420    uart/uart_iface_dut/uart_tx_dut/clk_out1
    SLICE_X88Y162        FDRE                                         r  uart/uart_iface_dut/uart_tx_dut/read_ptr_reg[1]/C
  -------------------------------------------------------------------    -------------------
    SLICE_X88Y162        FDRE (Prop_fdre_C_Q)         0.204    -2.216 r  uart/uart_iface_dut/uart_tx_dut/read_ptr_reg[1]/Q
                         net (fo=15, routed)          0.592    -1.624    uart/uart_iface_dut/uart_tx_dut/queue_reg_0_31_0_5/ADDRB1
    SLICE_X86Y162        RAMD32 (Prop_ramd32_RADR1_O)
                                                      0.126    -1.498 r  uart/uart_iface_dut/uart_tx_dut/queue_reg_0_31_0_5/RAMB_D1/O
                         net (fo=1, routed)           0.466    -1.032    uart/uart_iface_dut/uart_tx_dut/data3
    SLICE_X87Y162        LUT6 (Prop_lut6_I3_O)        0.043    -0.989 r  uart/uart_iface_dut/uart_tx_dut/uart_tx_o_OBUF_inst_i_4/O
                         net (fo=1, routed)           0.241    -0.748    uart/uart_iface_dut/uart_tx_dut/uart_tx_o_OBUF_inst_i_4_n_0
    SLICE_X87Y162        LUT6 (Prop_lut6_I0_O)        0.043    -0.705 r  uart/uart_iface_dut/uart_tx_dut/uart_tx_o_OBUF_inst_i_2/O
                         net (fo=1, routed)           0.000    -0.705    uart/uart_iface_dut/uart_tx_dut/uart_tx_o_OBUF_inst_i_2_n_0
    SLICE_X87Y162        MUXF7 (Prop_muxf7_I0_O)      0.107    -0.598 r  uart/uart_iface_dut/uart_tx_dut/uart_tx_o_OBUF_inst_i_1/O
                         net (fo=1, routed)           5.227     4.629    uart_tx_o_OBUF
    Y20                  OBUF (Prop_obuf_I_O)         2.705     7.334 r  uart_tx_o_OBUF_inst/O
                         net (fo=0)                   0.000     7.334    uart_tx_o
    Y20                                                               r  uart_tx_o (OUT)
  -------------------------------------------------------------------    -------------------





Min Delay Paths
--------------------------------------------------------------------------------------
Slack:                    inf
  Source:                 uart/uart_iface_dut/uart_tx_dut/state_reg[1]/C
                            (rising edge-triggered cell FDRE clocked by clk_out1_clk_wiz_0_1  {rise@0.000ns fall@8.333ns period=16.667ns})
  Destination:            uart_tx_o
                            (output port)
  Path Group:             (none)
  Path Type:              Min at Fast Process Corner
  Data Path Delay:        4.366ns  (logic 1.513ns (34.658%)  route 2.853ns (65.343%))
  Logic Levels:           3  (LUT6=1 MUXF7=1 OBUF=1)
  Clock Uncertainty:      0.424ns  ((TSJ^2 + DJ^2)^1/2) / 2 + PE
    Total System Jitter     (TSJ):    0.050ns
    Discrete Jitter          (DJ):    0.255ns
    Phase Error              (PE):    0.294ns

    Location             Delay type                Incr(ns)  Path(ns)    Netlist Resource(s)
  -------------------------------------------------------------------    -------------------
                         (clock clk_out1_clk_wiz_0_1 rise edge)
                                                      0.000     0.000 r  
    H9                                                0.000     0.000 r  clk_p (IN)
                         net (fo=0)                   0.000     0.000    dutclk/inst/clk_in1_p
    H9                   IBUFDS (Prop_ibufds_I_O)     0.363     0.363 r  dutclk/inst/clkin1_ibufgds/O
                         net (fo=1, routed)           0.503     0.866    dutclk/inst/clk_in1_clk_wiz_0
    MMCME2_ADV_X1Y5      MMCME2_ADV (Prop_mmcme2_adv_CLKIN1_CLKOUT0)
                                                     -3.122    -2.256 r  dutclk/inst/mmcm_adv_inst/CLKOUT0
                         net (fo=1, routed)           0.969    -1.287    dutclk/inst/clk_out1_clk_wiz_0
    BUFGCTRL_X0Y16       BUFG (Prop_bufg_I_O)         0.026    -1.261 r  dutclk/inst/clkout1_buf/O
                         net (fo=11919, routed)       0.525    -0.736    uart/uart_iface_dut/uart_tx_dut/clk_out1
    SLICE_X85Y162        FDRE                                         r  uart/uart_iface_dut/uart_tx_dut/state_reg[1]/C
  -------------------------------------------------------------------    -------------------
    SLICE_X85Y162        FDRE (Prop_fdre_C_Q)         0.100    -0.636 r  uart/uart_iface_dut/uart_tx_dut/state_reg[1]/Q
                         net (fo=8, routed)           0.171    -0.465    uart/uart_iface_dut/uart_tx_dut/state[1]
    SLICE_X87Y162        LUT6 (Prop_lut6_I3_O)        0.028    -0.437 r  uart/uart_iface_dut/uart_tx_dut/uart_tx_o_OBUF_inst_i_2/O
                         net (fo=1, routed)           0.000    -0.437    uart/uart_iface_dut/uart_tx_dut/uart_tx_o_OBUF_inst_i_2_n_0
    SLICE_X87Y162        MUXF7 (Prop_muxf7_I0_O)      0.050    -0.387 r  uart/uart_iface_dut/uart_tx_dut/uart_tx_o_OBUF_inst_i_1/O
                         net (fo=1, routed)           2.682     2.295    uart_tx_o_OBUF
    Y20                  OBUF (Prop_obuf_I_O)         1.335     3.630 r  uart_tx_o_OBUF_inst/O
                         net (fo=0)                   0.000     3.630    uart_tx_o
    Y20                                                               r  uart_tx_o (OUT)
  -------------------------------------------------------------------    -------------------

Slack:                    inf
  Source:                 main_memory/FSM_onehot_state_prog_reg[4]/C
                            (rising edge-triggered cell FDRE clocked by clk_out1_clk_wiz_0_1  {rise@0.000ns fall@8.333ns period=16.667ns})
  Destination:            prog_mode_led_o
                            (output port)
  Path Group:             (none)
  Path Type:              Min at Fast Process Corner
  Data Path Delay:        5.394ns  (logic 1.331ns (24.684%)  route 4.062ns (75.316%))
  Logic Levels:           1  (OBUF=1)
  Clock Uncertainty:      0.424ns  ((TSJ^2 + DJ^2)^1/2) / 2 + PE
    Total System Jitter     (TSJ):    0.050ns
    Discrete Jitter          (DJ):    0.255ns
    Phase Error              (PE):    0.294ns

    Location             Delay type                Incr(ns)  Path(ns)    Netlist Resource(s)
  -------------------------------------------------------------------    -------------------
                         (clock clk_out1_clk_wiz_0_1 rise edge)
                                                      0.000     0.000 r  
    H9                                                0.000     0.000 r  clk_p (IN)
                         net (fo=0)                   0.000     0.000    dutclk/inst/clk_in1_p
    H9                   IBUFDS (Prop_ibufds_I_O)     0.363     0.363 r  dutclk/inst/clkin1_ibufgds/O
                         net (fo=1, routed)           0.503     0.866    dutclk/inst/clk_in1_clk_wiz_0
    MMCME2_ADV_X1Y5      MMCME2_ADV (Prop_mmcme2_adv_CLKIN1_CLKOUT0)
                                                     -3.122    -2.256 r  dutclk/inst/mmcm_adv_inst/CLKOUT0
                         net (fo=1, routed)           0.969    -1.287    dutclk/inst/clk_out1_clk_wiz_0
    BUFGCTRL_X0Y16       BUFG (Prop_bufg_I_O)         0.026    -1.261 r  dutclk/inst/clkout1_buf/O
                         net (fo=11919, routed)       0.564    -0.697    main_memory/clk_i
    SLICE_X35Y134        FDRE                                         r  main_memory/FSM_onehot_state_prog_reg[4]/C
  -------------------------------------------------------------------    -------------------
    SLICE_X35Y134        FDRE (Prop_fdre_C_Q)         0.100    -0.597 r  main_memory/FSM_onehot_state_prog_reg[4]/Q
                         net (fo=216, routed)         4.062     3.465    prog_mode_led_o_OBUF
    A17                  OBUF (Prop_obuf_I_O)         1.231     4.696 r  prog_mode_led_o_OBUF_inst/O
                         net (fo=0)                   0.000     4.696    prog_mode_led_o
    A17                                                               r  prog_mode_led_o (OUT)
  -------------------------------------------------------------------    -------------------





--------------------------------------------------------------------------------------
Path Group:  (none)
From Clock:  clkfbout_clk_wiz_0_1
  To Clock:  

Max Delay             1 Endpoint
Min Delay             1 Endpoint
--------------------------------------------------------------------------------------


Max Delay Paths
--------------------------------------------------------------------------------------
Slack:                    inf
  Source:                 dutclk/inst/mmcm_adv_inst/CLKFBOUT
                            (clock source 'clkfbout_clk_wiz_0_1'  {rise@0.000ns fall@25.000ns period=50.000ns})
  Destination:            dutclk/inst/mmcm_adv_inst/CLKFBIN
  Path Group:             (none)
  Path Type:              Max at Fast Process Corner
  Data Path Delay:        2.092ns  (logic 0.030ns (1.434%)  route 2.062ns (98.566%))
  Logic Levels:           1  (BUFG=1)
  Clock Uncertainty:      0.382ns  ((TSJ^2 + DJ^2)^1/2) / 2 + PE
    Total System Jitter     (TSJ):    0.050ns
    Discrete Jitter          (DJ):    0.169ns
    Phase Error              (PE):    0.294ns

    Location             Delay type                Incr(ns)  Path(ns)    Netlist Resource(s)
  -------------------------------------------------------------------    -------------------
                         (clock clkfbout_clk_wiz_0_1 fall edge)
                                                     25.000    25.000 f  
    H9                                                0.000    25.000 f  clk_p (IN)
                         net (fo=0)                   0.000    25.000    dutclk/inst/clk_in1_p
    H9                   IBUFDS (Prop_ibufds_I_O)     0.444    25.444 f  dutclk/inst/clkin1_ibufgds/O
                         net (fo=1, routed)           0.553    25.997    dutclk/inst/clk_in1_clk_wiz_0
  -------------------------------------------------------------------    -------------------
    MMCME2_ADV_X1Y5      MMCME2_ADV (Prop_mmcme2_adv_CLKIN1_CLKFBOUT)
                                                     -3.590    22.407 f  dutclk/inst/mmcm_adv_inst/CLKFBOUT
                         net (fo=1, routed)           1.044    23.451    dutclk/inst/clkfbout_clk_wiz_0
    BUFGCTRL_X0Y17       BUFG (Prop_bufg_I_O)         0.030    23.481 f  dutclk/inst/clkf_buf/O
                         net (fo=1, routed)           1.018    24.499    dutclk/inst/clkfbout_buf_clk_wiz_0
    MMCME2_ADV_X1Y5      MMCME2_ADV                                   f  dutclk/inst/mmcm_adv_inst/CLKFBIN
  -------------------------------------------------------------------    -------------------





Min Delay Paths
--------------------------------------------------------------------------------------
Slack:                    inf
  Source:                 dutclk/inst/mmcm_adv_inst/CLKFBOUT
                            (clock source 'clkfbout_clk_wiz_0_1'  {rise@0.000ns fall@25.000ns period=50.000ns})
  Destination:            dutclk/inst/mmcm_adv_inst/CLKFBIN
  Path Group:             (none)
  Path Type:              Min at Slow Process Corner
  Data Path Delay:        3.399ns  (logic 0.083ns (2.442%)  route 3.316ns (97.558%))
  Logic Levels:           1  (BUFG=1)
  Clock Uncertainty:      0.382ns  ((TSJ^2 + DJ^2)^1/2) / 2 + PE
    Total System Jitter     (TSJ):    0.050ns
    Discrete Jitter          (DJ):    0.169ns
    Phase Error              (PE):    0.294ns

    Location             Delay type                Incr(ns)  Path(ns)    Netlist Resource(s)
  -------------------------------------------------------------------    -------------------
                         (clock clkfbout_clk_wiz_0_1 rise edge)
                                                      0.000     0.000 r  
    H9                                                0.000     0.000 r  clk_p (IN)
                         net (fo=0)                   0.000     0.000    dutclk/inst/clk_in1_p
    H9                   IBUFDS (Prop_ibufds_I_O)     0.778     0.778 r  dutclk/inst/clkin1_ibufgds/O
                         net (fo=1, routed)           0.986     1.764    dutclk/inst/clk_in1_clk_wiz_0
  -------------------------------------------------------------------    -------------------
    MMCME2_ADV_X1Y5      MMCME2_ADV (Prop_mmcme2_adv_CLKIN1_CLKFBOUT)
                                                     -6.516    -4.752 r  dutclk/inst/mmcm_adv_inst/CLKFBOUT
                         net (fo=1, routed)           1.788    -2.964    dutclk/inst/clkfbout_clk_wiz_0
    BUFGCTRL_X0Y17       BUFG (Prop_bufg_I_O)         0.083    -2.881 r  dutclk/inst/clkf_buf/O
                         net (fo=1, routed)           1.528    -1.353    dutclk/inst/clkfbout_buf_clk_wiz_0
    MMCME2_ADV_X1Y5      MMCME2_ADV                                   r  dutclk/inst/mmcm_adv_inst/CLKFBIN
  -------------------------------------------------------------------    -------------------





--------------------------------------------------------------------------------------
Path Group:  (none)
From Clock:  
  To Clock:  clk_out1_clk_wiz_0_1

Max Delay          8343 Endpoints
Min Delay          8343 Endpoints
--------------------------------------------------------------------------------------


Max Delay Paths
--------------------------------------------------------------------------------------
Slack:                    inf
  Source:                 rst_n
                            (input port)
  Destination:            icache/way1/rline_o_reg[51]/D
                            (rising edge-triggered cell FDRE clocked by clk_out1_clk_wiz_0_1  {rise@0.000ns fall@8.333ns period=16.667ns})
  Path Group:             (none)
  Path Type:              Setup (Max at Slow Process Corner)
  Data Path Delay:        15.605ns  (logic 3.406ns (21.829%)  route 12.199ns (78.171%))
  Logic Levels:           16  (CARRY4=2 IBUF=1 LDCE=1 LUT2=1 LUT3=1 LUT4=1 LUT5=2 LUT6=4 MUXF7=3)
  Clock Path Skew:        -1.764ns (DCD - SCD + CPR)
    Destination Clock Delay (DCD):    -1.764ns
    Source Clock Delay      (SCD):    0.000ns
    Clock Pessimism Removal (CPR):    0.000ns
  Clock Uncertainty:      0.424ns  ((TSJ^2 + DJ^2)^1/2) / 2 + PE
    Total System Jitter     (TSJ):    0.050ns
    Discrete Jitter          (DJ):    0.255ns
    Phase Error              (PE):    0.294ns

    Location             Delay type                Incr(ns)  Path(ns)    Netlist Resource(s)
  -------------------------------------------------------------------    -------------------
    AJ13                                              0.000     0.000 f  rst_n (IN)
                         net (fo=0)                   0.000     0.000    rst_n
    AJ13                 IBUF (Prop_ibuf_I_O)         1.338     1.338 f  rst_n_IBUF_inst/O
                         net (fo=14, routed)          2.844     4.182    main_memory/rst_n_IBUF
    SLICE_X57Y130        LUT2 (Prop_lut2_I0_O)        0.043     4.225 r  main_memory/cpu_addr_q[31]_i_9/O
                         net (fo=6279, routed)        2.410     6.635    cv32e40p_core_ip/core_i/id_stage_i/register_file_i/wdata_a_q_reg[0]_0
    SLICE_X117Y150       LDCE (SetClr_ldce_CLR_Q)     0.462     7.097 f  cv32e40p_core_ip/core_i/id_stage_i/register_file_i/mem_reg[5][5]/Q
                         net (fo=2, routed)           0.628     7.725    cv32e40p_core_ip/core_i/id_stage_i/register_file_i/mem_reg_n_0_[5][5]
    SLICE_X118Y137       LUT6 (Prop_lut6_I3_O)        0.043     7.768 f  cv32e40p_core_ip/core_i/id_stage_i/register_file_i/alu_operand_a_ex_o[5]_i_29/O
                         net (fo=1, routed)           0.000     7.768    cv32e40p_core_ip/core_i/id_stage_i/register_file_i/alu_operand_a_ex_o[5]_i_29_n_0
    SLICE_X118Y137       MUXF7 (Prop_muxf7_I1_O)      0.117     7.885 f  cv32e40p_core_ip/core_i/id_stage_i/register_file_i/alu_operand_a_ex_o_reg[5]_i_13/O
                         net (fo=1, routed)           0.680     8.565    cv32e40p_core_ip/core_i/id_stage_i/register_file_i/alu_operand_a_ex_o_reg[5]_i_13_n_0
    SLICE_X122Y140       LUT6 (Prop_lut6_I5_O)        0.122     8.687 f  cv32e40p_core_ip/core_i/id_stage_i/register_file_i/alu_operand_a_ex_o[5]_i_5/O
                         net (fo=2, routed)           0.741     9.428    cv32e40p_core_ip/core_i/if_stage_i/regfile_data_ra_id[5]
    SLICE_X102Y141       LUT4 (Prop_lut4_I1_O)        0.043     9.471 r  cv32e40p_core_ip/core_i/if_stage_i/alu_operand_c_ex_o[7]_i_6/O
                         net (fo=1, routed)           0.000     9.471    cv32e40p_core_ip/core_i/if_stage_i/alu_operand_c_ex_o[7]_i_6_n_0
    SLICE_X102Y141       CARRY4 (Prop_carry4_S[1]_CO[3])
                                                      0.256     9.727 r  cv32e40p_core_ip/core_i/if_stage_i/alu_operand_c_ex_o_reg[7]_i_2/CO[3]
                         net (fo=1, routed)           0.000     9.727    cv32e40p_core_ip/core_i/if_stage_i/alu_operand_c_ex_o_reg[7]_i_2_n_0
    SLICE_X102Y142       CARRY4 (Prop_carry4_CI_O[1])
                                                      0.165     9.892 r  cv32e40p_core_ip/core_i/if_stage_i/alu_operand_c_ex_o_reg[11]_i_2/O[1]
                         net (fo=3, routed)           0.590    10.482    cv32e40p_core_ip/core_i/id_stage_i/controller_i/jump_target_id[8]
    SLICE_X98Y136        LUT5 (Prop_lut5_I1_O)        0.125    10.607 r  cv32e40p_core_ip/core_i/id_stage_i/controller_i/cpu_addr_q[9]_i_4/O
                         net (fo=1, routed)           0.000    10.607    cv32e40p_core_ip/core_i/id_stage_i/controller_i/cpu_addr_q[9]_i_4_n_0
    SLICE_X98Y136        MUXF7 (Prop_muxf7_I0_O)      0.101    10.708 r  cv32e40p_core_ip/core_i/id_stage_i/controller_i/cpu_addr_q_reg[9]_i_2/O
                         net (fo=3, routed)           0.823    11.530    cv32e40p_core_ip/core_i/if_stage_i/prefetch_buffer_i/instruction_obi_i/gen_no_trans_stable.obi_addr_q_reg[9]_0
    SLICE_X83Y128        LUT5 (Prop_lut5_I2_O)        0.123    11.653 r  cv32e40p_core_ip/core_i/if_stage_i/prefetch_buffer_i/instruction_obi_i/cpu_addr_q[9]_i_1/O
                         net (fo=16, routed)          0.844    12.497    icache/way0/rline_o[63]_i_2[1]
    SLICE_X80Y116        LUT3 (Prop_lut3_I0_O)        0.054    12.551 r  icache/way0/lines_reg_0_127_0_0_i_3/O
                         net (fo=593, routed)         1.246    13.797    icache/way1/lines_reg_256_383_51_51/DPRA6
    SLICE_X66Y83         MUXF7 (Prop_muxf7_S_O)       0.248    14.045 r  icache/way1/lines_reg_256_383_51_51/F7.DP/O
                         net (fo=1, routed)           0.535    14.579    icache/way1/lines_reg_256_383_51_51_n_0
    SLICE_X63Y85         LUT6 (Prop_lut6_I1_O)        0.123    14.702 r  icache/way1/rline_o[51]_i_2/O
                         net (fo=1, routed)           0.860    15.562    icache/way1/rline_o[51]_i_2_n_0
    SLICE_X61Y105        LUT6 (Prop_lut6_I5_O)        0.043    15.605 r  icache/way1/rline_o[51]_i_1__1/O
                         net (fo=1, routed)           0.000    15.605    icache/way1/rline_o[51]_i_1__1_n_0
    SLICE_X61Y105        FDRE                                         r  icache/way1/rline_o_reg[51]/D
  -------------------------------------------------------------------    -------------------

                         (clock clk_out1_clk_wiz_0_1 rise edge)
                                                      0.000     0.000 r  
    H9                                                0.000     0.000 r  clk_p (IN)
                         net (fo=0)                   0.000     0.000    dutclk/inst/clk_in1_p
    H9                   IBUFDS (Prop_ibufds_I_O)     0.778     0.778 r  dutclk/inst/clkin1_ibufgds/O
                         net (fo=1, routed)           0.986     1.764    dutclk/inst/clk_in1_clk_wiz_0
    MMCME2_ADV_X1Y5      MMCME2_ADV (Prop_mmcme2_adv_CLKIN1_CLKOUT0)
                                                     -6.516    -4.752 r  dutclk/inst/mmcm_adv_inst/CLKOUT0
                         net (fo=1, routed)           1.788    -2.964    dutclk/inst/clk_out1_clk_wiz_0
    BUFGCTRL_X0Y16       BUFG (Prop_bufg_I_O)         0.083    -2.881 r  dutclk/inst/clkout1_buf/O
                         net (fo=11919, routed)       1.117    -1.764    icache/way1/clk_i
    SLICE_X61Y105        FDRE                                         r  icache/way1/rline_o_reg[51]/C

Slack:                    inf
  Source:                 rst_n
                            (input port)
  Destination:            icache/way1/rline_o_reg[46]/D
                            (rising edge-triggered cell FDRE clocked by clk_out1_clk_wiz_0_1  {rise@0.000ns fall@8.333ns period=16.667ns})
  Path Group:             (none)
  Path Type:              Setup (Max at Slow Process Corner)
  Data Path Delay:        15.528ns  (logic 3.406ns (21.938%)  route 12.121ns (78.062%))
  Logic Levels:           16  (CARRY4=2 IBUF=1 LDCE=1 LUT2=1 LUT3=1 LUT4=1 LUT5=2 LUT6=4 MUXF7=3)
  Clock Path Skew:        -1.764ns (DCD - SCD + CPR)
    Destination Clock Delay (DCD):    -1.764ns
    Source Clock Delay      (SCD):    0.000ns
    Clock Pessimism Removal (CPR):    0.000ns
  Clock Uncertainty:      0.424ns  ((TSJ^2 + DJ^2)^1/2) / 2 + PE
    Total System Jitter     (TSJ):    0.050ns
    Discrete Jitter          (DJ):    0.255ns
    Phase Error              (PE):    0.294ns

    Location             Delay type                Incr(ns)  Path(ns)    Netlist Resource(s)
  -------------------------------------------------------------------    -------------------
    AJ13                                              0.000     0.000 f  rst_n (IN)
                         net (fo=0)                   0.000     0.000    rst_n
    AJ13                 IBUF (Prop_ibuf_I_O)         1.338     1.338 f  rst_n_IBUF_inst/O
                         net (fo=14, routed)          2.844     4.182    main_memory/rst_n_IBUF
    SLICE_X57Y130        LUT2 (Prop_lut2_I0_O)        0.043     4.225 r  main_memory/cpu_addr_q[31]_i_9/O
                         net (fo=6279, routed)        2.410     6.635    cv32e40p_core_ip/core_i/id_stage_i/register_file_i/wdata_a_q_reg[0]_0
    SLICE_X117Y150       LDCE (SetClr_ldce_CLR_Q)     0.462     7.097 f  cv32e40p_core_ip/core_i/id_stage_i/register_file_i/mem_reg[5][5]/Q
                         net (fo=2, routed)           0.628     7.725    cv32e40p_core_ip/core_i/id_stage_i/register_file_i/mem_reg_n_0_[5][5]
    SLICE_X118Y137       LUT6 (Prop_lut6_I3_O)        0.043     7.768 f  cv32e40p_core_ip/core_i/id_stage_i/register_file_i/alu_operand_a_ex_o[5]_i_29/O
                         net (fo=1, routed)           0.000     7.768    cv32e40p_core_ip/core_i/id_stage_i/register_file_i/alu_operand_a_ex_o[5]_i_29_n_0
    SLICE_X118Y137       MUXF7 (Prop_muxf7_I1_O)      0.117     7.885 f  cv32e40p_core_ip/core_i/id_stage_i/register_file_i/alu_operand_a_ex_o_reg[5]_i_13/O
                         net (fo=1, routed)           0.680     8.565    cv32e40p_core_ip/core_i/id_stage_i/register_file_i/alu_operand_a_ex_o_reg[5]_i_13_n_0
    SLICE_X122Y140       LUT6 (Prop_lut6_I5_O)        0.122     8.687 f  cv32e40p_core_ip/core_i/id_stage_i/register_file_i/alu_operand_a_ex_o[5]_i_5/O
                         net (fo=2, routed)           0.741     9.428    cv32e40p_core_ip/core_i/if_stage_i/regfile_data_ra_id[5]
    SLICE_X102Y141       LUT4 (Prop_lut4_I1_O)        0.043     9.471 r  cv32e40p_core_ip/core_i/if_stage_i/alu_operand_c_ex_o[7]_i_6/O
                         net (fo=1, routed)           0.000     9.471    cv32e40p_core_ip/core_i/if_stage_i/alu_operand_c_ex_o[7]_i_6_n_0
    SLICE_X102Y141       CARRY4 (Prop_carry4_S[1]_CO[3])
                                                      0.256     9.727 r  cv32e40p_core_ip/core_i/if_stage_i/alu_operand_c_ex_o_reg[7]_i_2/CO[3]
                         net (fo=1, routed)           0.000     9.727    cv32e40p_core_ip/core_i/if_stage_i/alu_operand_c_ex_o_reg[7]_i_2_n_0
    SLICE_X102Y142       CARRY4 (Prop_carry4_CI_O[1])
                                                      0.165     9.892 r  cv32e40p_core_ip/core_i/if_stage_i/alu_operand_c_ex_o_reg[11]_i_2/O[1]
                         net (fo=3, routed)           0.590    10.482    cv32e40p_core_ip/core_i/id_stage_i/controller_i/jump_target_id[8]
    SLICE_X98Y136        LUT5 (Prop_lut5_I1_O)        0.125    10.607 r  cv32e40p_core_ip/core_i/id_stage_i/controller_i/cpu_addr_q[9]_i_4/O
                         net (fo=1, routed)           0.000    10.607    cv32e40p_core_ip/core_i/id_stage_i/controller_i/cpu_addr_q[9]_i_4_n_0
    SLICE_X98Y136        MUXF7 (Prop_muxf7_I0_O)      0.101    10.708 r  cv32e40p_core_ip/core_i/id_stage_i/controller_i/cpu_addr_q_reg[9]_i_2/O
                         net (fo=3, routed)           0.823    11.530    cv32e40p_core_ip/core_i/if_stage_i/prefetch_buffer_i/instruction_obi_i/gen_no_trans_stable.obi_addr_q_reg[9]_0
    SLICE_X83Y128        LUT5 (Prop_lut5_I2_O)        0.123    11.653 r  cv32e40p_core_ip/core_i/if_stage_i/prefetch_buffer_i/instruction_obi_i/cpu_addr_q[9]_i_1/O
                         net (fo=16, routed)          0.844    12.497    icache/way0/rline_o[63]_i_2[1]
    SLICE_X80Y116        LUT3 (Prop_lut3_I0_O)        0.054    12.551 r  icache/way0/lines_reg_0_127_0_0_i_3/O
                         net (fo=593, routed)         1.309    13.860    icache/way1/lines_reg_256_383_46_46/DPRA6
    SLICE_X58Y81         MUXF7 (Prop_muxf7_S_O)       0.248    14.108 r  icache/way1/lines_reg_256_383_46_46/F7.DP/O
                         net (fo=1, routed)           0.492    14.600    icache/way1/lines_reg_256_383_46_46_n_0
    SLICE_X59Y85         LUT6 (Prop_lut6_I1_O)        0.123    14.723 r  icache/way1/rline_o[46]_i_2/O
                         net (fo=1, routed)           0.761    15.485    icache/way1/rline_o[46]_i_2_n_0
    SLICE_X61Y104        LUT6 (Prop_lut6_I5_O)        0.043    15.528 r  icache/way1/rline_o[46]_i_1__1/O
                         net (fo=1, routed)           0.000    15.528    icache/way1/rline_o[46]_i_1__1_n_0
    SLICE_X61Y104        FDRE                                         r  icache/way1/rline_o_reg[46]/D
  -------------------------------------------------------------------    -------------------

                         (clock clk_out1_clk_wiz_0_1 rise edge)
                                                      0.000     0.000 r  
    H9                                                0.000     0.000 r  clk_p (IN)
                         net (fo=0)                   0.000     0.000    dutclk/inst/clk_in1_p
    H9                   IBUFDS (Prop_ibufds_I_O)     0.778     0.778 r  dutclk/inst/clkin1_ibufgds/O
                         net (fo=1, routed)           0.986     1.764    dutclk/inst/clk_in1_clk_wiz_0
    MMCME2_ADV_X1Y5      MMCME2_ADV (Prop_mmcme2_adv_CLKIN1_CLKOUT0)
                                                     -6.516    -4.752 r  dutclk/inst/mmcm_adv_inst/CLKOUT0
                         net (fo=1, routed)           1.788    -2.964    dutclk/inst/clk_out1_clk_wiz_0
    BUFGCTRL_X0Y16       BUFG (Prop_bufg_I_O)         0.083    -2.881 r  dutclk/inst/clkout1_buf/O
                         net (fo=11919, routed)       1.117    -1.764    icache/way1/clk_i
    SLICE_X61Y104        FDRE                                         r  icache/way1/rline_o_reg[46]/C

Slack:                    inf
  Source:                 rst_n
                            (input port)
  Destination:            icache/way1/rline_o_reg[13]/D
                            (rising edge-triggered cell FDRE clocked by clk_out1_clk_wiz_0_1  {rise@0.000ns fall@8.333ns period=16.667ns})
  Path Group:             (none)
  Path Type:              Setup (Max at Slow Process Corner)
  Data Path Delay:        15.488ns  (logic 3.406ns (21.994%)  route 12.082ns (78.006%))
  Logic Levels:           16  (CARRY4=2 IBUF=1 LDCE=1 LUT2=1 LUT3=1 LUT4=1 LUT5=2 LUT6=4 MUXF7=3)
  Clock Path Skew:        -1.758ns (DCD - SCD + CPR)
    Destination Clock Delay (DCD):    -1.758ns
    Source Clock Delay      (SCD):    0.000ns
    Clock Pessimism Removal (CPR):    0.000ns
  Clock Uncertainty:      0.424ns  ((TSJ^2 + DJ^2)^1/2) / 2 + PE
    Total System Jitter     (TSJ):    0.050ns
    Discrete Jitter          (DJ):    0.255ns
    Phase Error              (PE):    0.294ns

    Location             Delay type                Incr(ns)  Path(ns)    Netlist Resource(s)
  -------------------------------------------------------------------    -------------------
    AJ13                                              0.000     0.000 f  rst_n (IN)
                         net (fo=0)                   0.000     0.000    rst_n
    AJ13                 IBUF (Prop_ibuf_I_O)         1.338     1.338 f  rst_n_IBUF_inst/O
                         net (fo=14, routed)          2.844     4.182    main_memory/rst_n_IBUF
    SLICE_X57Y130        LUT2 (Prop_lut2_I0_O)        0.043     4.225 r  main_memory/cpu_addr_q[31]_i_9/O
                         net (fo=6279, routed)        2.410     6.635    cv32e40p_core_ip/core_i/id_stage_i/register_file_i/wdata_a_q_reg[0]_0
    SLICE_X117Y150       LDCE (SetClr_ldce_CLR_Q)     0.462     7.097 f  cv32e40p_core_ip/core_i/id_stage_i/register_file_i/mem_reg[5][5]/Q
                         net (fo=2, routed)           0.628     7.725    cv32e40p_core_ip/core_i/id_stage_i/register_file_i/mem_reg_n_0_[5][5]
    SLICE_X118Y137       LUT6 (Prop_lut6_I3_O)        0.043     7.768 f  cv32e40p_core_ip/core_i/id_stage_i/register_file_i/alu_operand_a_ex_o[5]_i_29/O
                         net (fo=1, routed)           0.000     7.768    cv32e40p_core_ip/core_i/id_stage_i/register_file_i/alu_operand_a_ex_o[5]_i_29_n_0
    SLICE_X118Y137       MUXF7 (Prop_muxf7_I1_O)      0.117     7.885 f  cv32e40p_core_ip/core_i/id_stage_i/register_file_i/alu_operand_a_ex_o_reg[5]_i_13/O
                         net (fo=1, routed)           0.680     8.565    cv32e40p_core_ip/core_i/id_stage_i/register_file_i/alu_operand_a_ex_o_reg[5]_i_13_n_0
    SLICE_X122Y140       LUT6 (Prop_lut6_I5_O)        0.122     8.687 f  cv32e40p_core_ip/core_i/id_stage_i/register_file_i/alu_operand_a_ex_o[5]_i_5/O
                         net (fo=2, routed)           0.741     9.428    cv32e40p_core_ip/core_i/if_stage_i/regfile_data_ra_id[5]
    SLICE_X102Y141       LUT4 (Prop_lut4_I1_O)        0.043     9.471 r  cv32e40p_core_ip/core_i/if_stage_i/alu_operand_c_ex_o[7]_i_6/O
                         net (fo=1, routed)           0.000     9.471    cv32e40p_core_ip/core_i/if_stage_i/alu_operand_c_ex_o[7]_i_6_n_0
    SLICE_X102Y141       CARRY4 (Prop_carry4_S[1]_CO[3])
                                                      0.256     9.727 r  cv32e40p_core_ip/core_i/if_stage_i/alu_operand_c_ex_o_reg[7]_i_2/CO[3]
                         net (fo=1, routed)           0.000     9.727    cv32e40p_core_ip/core_i/if_stage_i/alu_operand_c_ex_o_reg[7]_i_2_n_0
    SLICE_X102Y142       CARRY4 (Prop_carry4_CI_O[1])
                                                      0.165     9.892 r  cv32e40p_core_ip/core_i/if_stage_i/alu_operand_c_ex_o_reg[11]_i_2/O[1]
                         net (fo=3, routed)           0.590    10.482    cv32e40p_core_ip/core_i/id_stage_i/controller_i/jump_target_id[8]
    SLICE_X98Y136        LUT5 (Prop_lut5_I1_O)        0.125    10.607 r  cv32e40p_core_ip/core_i/id_stage_i/controller_i/cpu_addr_q[9]_i_4/O
                         net (fo=1, routed)           0.000    10.607    cv32e40p_core_ip/core_i/id_stage_i/controller_i/cpu_addr_q[9]_i_4_n_0
    SLICE_X98Y136        MUXF7 (Prop_muxf7_I0_O)      0.101    10.708 r  cv32e40p_core_ip/core_i/id_stage_i/controller_i/cpu_addr_q_reg[9]_i_2/O
                         net (fo=3, routed)           0.823    11.530    cv32e40p_core_ip/core_i/if_stage_i/prefetch_buffer_i/instruction_obi_i/gen_no_trans_stable.obi_addr_q_reg[9]_0
    SLICE_X83Y128        LUT5 (Prop_lut5_I2_O)        0.123    11.653 r  cv32e40p_core_ip/core_i/if_stage_i/prefetch_buffer_i/instruction_obi_i/cpu_addr_q[9]_i_1/O
                         net (fo=16, routed)          0.844    12.497    icache/way0/rline_o[63]_i_2[1]
    SLICE_X80Y116        LUT3 (Prop_lut3_I0_O)        0.054    12.551 r  icache/way0/lines_reg_0_127_0_0_i_3/O
                         net (fo=593, routed)         1.446    13.997    icache/way1/lines_reg_128_255_13_13/DPRA6
    SLICE_X52Y88         MUXF7 (Prop_muxf7_S_O)       0.248    14.245 r  icache/way1/lines_reg_128_255_13_13/F7.DP/O
                         net (fo=1, routed)           0.623    14.868    icache/way1/lines_reg_128_255_13_13_n_0
    SLICE_X55Y92         LUT6 (Prop_lut6_I3_O)        0.123    14.991 r  icache/way1/rline_o[13]_i_2/O
                         net (fo=1, routed)           0.454    15.445    icache/way1/rline_o[13]_i_2_n_0
    SLICE_X55Y104        LUT6 (Prop_lut6_I5_O)        0.043    15.488 r  icache/way1/rline_o[13]_i_1__1/O
                         net (fo=1, routed)           0.000    15.488    icache/way1/rline_o[13]_i_1__1_n_0
    SLICE_X55Y104        FDRE                                         r  icache/way1/rline_o_reg[13]/D
  -------------------------------------------------------------------    -------------------

                         (clock clk_out1_clk_wiz_0_1 rise edge)
                                                      0.000     0.000 r  
    H9                                                0.000     0.000 r  clk_p (IN)
                         net (fo=0)                   0.000     0.000    dutclk/inst/clk_in1_p
    H9                   IBUFDS (Prop_ibufds_I_O)     0.778     0.778 r  dutclk/inst/clkin1_ibufgds/O
                         net (fo=1, routed)           0.986     1.764    dutclk/inst/clk_in1_clk_wiz_0
    MMCME2_ADV_X1Y5      MMCME2_ADV (Prop_mmcme2_adv_CLKIN1_CLKOUT0)
                                                     -6.516    -4.752 r  dutclk/inst/mmcm_adv_inst/CLKOUT0
                         net (fo=1, routed)           1.788    -2.964    dutclk/inst/clk_out1_clk_wiz_0
    BUFGCTRL_X0Y16       BUFG (Prop_bufg_I_O)         0.083    -2.881 r  dutclk/inst/clkout1_buf/O
                         net (fo=11919, routed)       1.123    -1.758    icache/way1/clk_i
    SLICE_X55Y104        FDRE                                         r  icache/way1/rline_o_reg[13]/C

Slack:                    inf
  Source:                 rst_n
                            (input port)
  Destination:            icache/way0/rline_o_reg[11]/D
                            (rising edge-triggered cell FDRE clocked by clk_out1_clk_wiz_0_1  {rise@0.000ns fall@8.333ns period=16.667ns})
  Path Group:             (none)
  Path Type:              Setup (Max at Slow Process Corner)
  Data Path Delay:        15.405ns  (logic 3.406ns (22.113%)  route 11.998ns (77.887%))
  Logic Levels:           16  (CARRY4=2 IBUF=1 LDCE=1 LUT2=1 LUT3=1 LUT4=1 LUT5=2 LUT6=4 MUXF7=3)
  Clock Path Skew:        -1.757ns (DCD - SCD + CPR)
    Destination Clock Delay (DCD):    -1.757ns
    Source Clock Delay      (SCD):    0.000ns
    Clock Pessimism Removal (CPR):    0.000ns
  Clock Uncertainty:      0.424ns  ((TSJ^2 + DJ^2)^1/2) / 2 + PE
    Total System Jitter     (TSJ):    0.050ns
    Discrete Jitter          (DJ):    0.255ns
    Phase Error              (PE):    0.294ns

    Location             Delay type                Incr(ns)  Path(ns)    Netlist Resource(s)
  -------------------------------------------------------------------    -------------------
    AJ13                                              0.000     0.000 f  rst_n (IN)
                         net (fo=0)                   0.000     0.000    rst_n
    AJ13                 IBUF (Prop_ibuf_I_O)         1.338     1.338 f  rst_n_IBUF_inst/O
                         net (fo=14, routed)          2.844     4.182    main_memory/rst_n_IBUF
    SLICE_X57Y130        LUT2 (Prop_lut2_I0_O)        0.043     4.225 r  main_memory/cpu_addr_q[31]_i_9/O
                         net (fo=6279, routed)        2.410     6.635    cv32e40p_core_ip/core_i/id_stage_i/register_file_i/wdata_a_q_reg[0]_0
    SLICE_X117Y150       LDCE (SetClr_ldce_CLR_Q)     0.462     7.097 f  cv32e40p_core_ip/core_i/id_stage_i/register_file_i/mem_reg[5][5]/Q
                         net (fo=2, routed)           0.628     7.725    cv32e40p_core_ip/core_i/id_stage_i/register_file_i/mem_reg_n_0_[5][5]
    SLICE_X118Y137       LUT6 (Prop_lut6_I3_O)        0.043     7.768 f  cv32e40p_core_ip/core_i/id_stage_i/register_file_i/alu_operand_a_ex_o[5]_i_29/O
                         net (fo=1, routed)           0.000     7.768    cv32e40p_core_ip/core_i/id_stage_i/register_file_i/alu_operand_a_ex_o[5]_i_29_n_0
    SLICE_X118Y137       MUXF7 (Prop_muxf7_I1_O)      0.117     7.885 f  cv32e40p_core_ip/core_i/id_stage_i/register_file_i/alu_operand_a_ex_o_reg[5]_i_13/O
                         net (fo=1, routed)           0.680     8.565    cv32e40p_core_ip/core_i/id_stage_i/register_file_i/alu_operand_a_ex_o_reg[5]_i_13_n_0
    SLICE_X122Y140       LUT6 (Prop_lut6_I5_O)        0.122     8.687 f  cv32e40p_core_ip/core_i/id_stage_i/register_file_i/alu_operand_a_ex_o[5]_i_5/O
                         net (fo=2, routed)           0.741     9.428    cv32e40p_core_ip/core_i/if_stage_i/regfile_data_ra_id[5]
    SLICE_X102Y141       LUT4 (Prop_lut4_I1_O)        0.043     9.471 r  cv32e40p_core_ip/core_i/if_stage_i/alu_operand_c_ex_o[7]_i_6/O
                         net (fo=1, routed)           0.000     9.471    cv32e40p_core_ip/core_i/if_stage_i/alu_operand_c_ex_o[7]_i_6_n_0
    SLICE_X102Y141       CARRY4 (Prop_carry4_S[1]_CO[3])
                                                      0.256     9.727 r  cv32e40p_core_ip/core_i/if_stage_i/alu_operand_c_ex_o_reg[7]_i_2/CO[3]
                         net (fo=1, routed)           0.000     9.727    cv32e40p_core_ip/core_i/if_stage_i/alu_operand_c_ex_o_reg[7]_i_2_n_0
    SLICE_X102Y142       CARRY4 (Prop_carry4_CI_O[1])
                                                      0.165     9.892 r  cv32e40p_core_ip/core_i/if_stage_i/alu_operand_c_ex_o_reg[11]_i_2/O[1]
                         net (fo=3, routed)           0.590    10.482    cv32e40p_core_ip/core_i/id_stage_i/controller_i/jump_target_id[8]
    SLICE_X98Y136        LUT5 (Prop_lut5_I1_O)        0.125    10.607 r  cv32e40p_core_ip/core_i/id_stage_i/controller_i/cpu_addr_q[9]_i_4/O
                         net (fo=1, routed)           0.000    10.607    cv32e40p_core_ip/core_i/id_stage_i/controller_i/cpu_addr_q[9]_i_4_n_0
    SLICE_X98Y136        MUXF7 (Prop_muxf7_I0_O)      0.101    10.708 r  cv32e40p_core_ip/core_i/id_stage_i/controller_i/cpu_addr_q_reg[9]_i_2/O
                         net (fo=3, routed)           0.823    11.530    cv32e40p_core_ip/core_i/if_stage_i/prefetch_buffer_i/instruction_obi_i/gen_no_trans_stable.obi_addr_q_reg[9]_0
    SLICE_X83Y128        LUT5 (Prop_lut5_I2_O)        0.123    11.653 r  cv32e40p_core_ip/core_i/if_stage_i/prefetch_buffer_i/instruction_obi_i/cpu_addr_q[9]_i_1/O
                         net (fo=16, routed)          0.844    12.497    icache/way0/rline_o[63]_i_2[1]
    SLICE_X80Y116        LUT3 (Prop_lut3_I0_O)        0.054    12.551 r  icache/way0/lines_reg_0_127_0_0_i_3/O
                         net (fo=593, routed)         1.394    13.945    icache/way0/lines_reg_384_511_11_11/DPRA6
    SLICE_X46Y89         MUXF7 (Prop_muxf7_S_O)       0.248    14.193 r  icache/way0/lines_reg_384_511_11_11/F7.DP/O
                         net (fo=1, routed)           0.422    14.615    icache/way0/lines_reg_384_511_11_11_n_0
    SLICE_X47Y91         LUT6 (Prop_lut6_I0_O)        0.123    14.738 r  icache/way0/rline_o[11]_i_2__0/O
                         net (fo=1, routed)           0.624    15.362    icache/way0/rline_o[11]_i_2__0_n_0
    SLICE_X53Y104        LUT6 (Prop_lut6_I5_O)        0.043    15.405 r  icache/way0/rline_o[11]_i_1__2/O
                         net (fo=1, routed)           0.000    15.405    icache/way0/rline_o[11]_i_1__2_n_0
    SLICE_X53Y104        FDRE                                         r  icache/way0/rline_o_reg[11]/D
  -------------------------------------------------------------------    -------------------

                         (clock clk_out1_clk_wiz_0_1 rise edge)
                                                      0.000     0.000 r  
    H9                                                0.000     0.000 r  clk_p (IN)
                         net (fo=0)                   0.000     0.000    dutclk/inst/clk_in1_p
    H9                   IBUFDS (Prop_ibufds_I_O)     0.778     0.778 r  dutclk/inst/clkin1_ibufgds/O
                         net (fo=1, routed)           0.986     1.764    dutclk/inst/clk_in1_clk_wiz_0
    MMCME2_ADV_X1Y5      MMCME2_ADV (Prop_mmcme2_adv_CLKIN1_CLKOUT0)
                                                     -6.516    -4.752 r  dutclk/inst/mmcm_adv_inst/CLKOUT0
                         net (fo=1, routed)           1.788    -2.964    dutclk/inst/clk_out1_clk_wiz_0
    BUFGCTRL_X0Y16       BUFG (Prop_bufg_I_O)         0.083    -2.881 r  dutclk/inst/clkout1_buf/O
                         net (fo=11919, routed)       1.124    -1.757    icache/way0/clk_i
    SLICE_X53Y104        FDRE                                         r  icache/way0/rline_o_reg[11]/C

Slack:                    inf
  Source:                 rst_n
                            (input port)
  Destination:            icache/way1/rline_o_reg[50]/D
                            (rising edge-triggered cell FDRE clocked by clk_out1_clk_wiz_0_1  {rise@0.000ns fall@8.333ns period=16.667ns})
  Path Group:             (none)
  Path Type:              Setup (Max at Slow Process Corner)
  Data Path Delay:        15.348ns  (logic 3.406ns (22.195%)  route 11.941ns (77.805%))
  Logic Levels:           16  (CARRY4=2 IBUF=1 LDCE=1 LUT2=1 LUT3=1 LUT4=1 LUT5=2 LUT6=4 MUXF7=3)
  Clock Path Skew:        -1.763ns (DCD - SCD + CPR)
    Destination Clock Delay (DCD):    -1.763ns
    Source Clock Delay      (SCD):    0.000ns
    Clock Pessimism Removal (CPR):    0.000ns
  Clock Uncertainty:      0.424ns  ((TSJ^2 + DJ^2)^1/2) / 2 + PE
    Total System Jitter     (TSJ):    0.050ns
    Discrete Jitter          (DJ):    0.255ns
    Phase Error              (PE):    0.294ns

    Location             Delay type                Incr(ns)  Path(ns)    Netlist Resource(s)
  -------------------------------------------------------------------    -------------------
    AJ13                                              0.000     0.000 f  rst_n (IN)
                         net (fo=0)                   0.000     0.000    rst_n
    AJ13                 IBUF (Prop_ibuf_I_O)         1.338     1.338 f  rst_n_IBUF_inst/O
                         net (fo=14, routed)          2.844     4.182    main_memory/rst_n_IBUF
    SLICE_X57Y130        LUT2 (Prop_lut2_I0_O)        0.043     4.225 r  main_memory/cpu_addr_q[31]_i_9/O
                         net (fo=6279, routed)        2.410     6.635    cv32e40p_core_ip/core_i/id_stage_i/register_file_i/wdata_a_q_reg[0]_0
    SLICE_X117Y150       LDCE (SetClr_ldce_CLR_Q)     0.462     7.097 f  cv32e40p_core_ip/core_i/id_stage_i/register_file_i/mem_reg[5][5]/Q
                         net (fo=2, routed)           0.628     7.725    cv32e40p_core_ip/core_i/id_stage_i/register_file_i/mem_reg_n_0_[5][5]
    SLICE_X118Y137       LUT6 (Prop_lut6_I3_O)        0.043     7.768 f  cv32e40p_core_ip/core_i/id_stage_i/register_file_i/alu_operand_a_ex_o[5]_i_29/O
                         net (fo=1, routed)           0.000     7.768    cv32e40p_core_ip/core_i/id_stage_i/register_file_i/alu_operand_a_ex_o[5]_i_29_n_0
    SLICE_X118Y137       MUXF7 (Prop_muxf7_I1_O)      0.117     7.885 f  cv32e40p_core_ip/core_i/id_stage_i/register_file_i/alu_operand_a_ex_o_reg[5]_i_13/O
                         net (fo=1, routed)           0.680     8.565    cv32e40p_core_ip/core_i/id_stage_i/register_file_i/alu_operand_a_ex_o_reg[5]_i_13_n_0
    SLICE_X122Y140       LUT6 (Prop_lut6_I5_O)        0.122     8.687 f  cv32e40p_core_ip/core_i/id_stage_i/register_file_i/alu_operand_a_ex_o[5]_i_5/O
                         net (fo=2, routed)           0.741     9.428    cv32e40p_core_ip/core_i/if_stage_i/regfile_data_ra_id[5]
    SLICE_X102Y141       LUT4 (Prop_lut4_I1_O)        0.043     9.471 r  cv32e40p_core_ip/core_i/if_stage_i/alu_operand_c_ex_o[7]_i_6/O
                         net (fo=1, routed)           0.000     9.471    cv32e40p_core_ip/core_i/if_stage_i/alu_operand_c_ex_o[7]_i_6_n_0
    SLICE_X102Y141       CARRY4 (Prop_carry4_S[1]_CO[3])
                                                      0.256     9.727 r  cv32e40p_core_ip/core_i/if_stage_i/alu_operand_c_ex_o_reg[7]_i_2/CO[3]
                         net (fo=1, routed)           0.000     9.727    cv32e40p_core_ip/core_i/if_stage_i/alu_operand_c_ex_o_reg[7]_i_2_n_0
    SLICE_X102Y142       CARRY4 (Prop_carry4_CI_O[1])
                                                      0.165     9.892 r  cv32e40p_core_ip/core_i/if_stage_i/alu_operand_c_ex_o_reg[11]_i_2/O[1]
                         net (fo=3, routed)           0.590    10.482    cv32e40p_core_ip/core_i/id_stage_i/controller_i/jump_target_id[8]
    SLICE_X98Y136        LUT5 (Prop_lut5_I1_O)        0.125    10.607 r  cv32e40p_core_ip/core_i/id_stage_i/controller_i/cpu_addr_q[9]_i_4/O
                         net (fo=1, routed)           0.000    10.607    cv32e40p_core_ip/core_i/id_stage_i/controller_i/cpu_addr_q[9]_i_4_n_0
    SLICE_X98Y136        MUXF7 (Prop_muxf7_I0_O)      0.101    10.708 r  cv32e40p_core_ip/core_i/id_stage_i/controller_i/cpu_addr_q_reg[9]_i_2/O
                         net (fo=3, routed)           0.823    11.530    cv32e40p_core_ip/core_i/if_stage_i/prefetch_buffer_i/instruction_obi_i/gen_no_trans_stable.obi_addr_q_reg[9]_0
    SLICE_X83Y128        LUT5 (Prop_lut5_I2_O)        0.123    11.653 r  cv32e40p_core_ip/core_i/if_stage_i/prefetch_buffer_i/instruction_obi_i/cpu_addr_q[9]_i_1/O
                         net (fo=16, routed)          0.844    12.497    icache/way0/rline_o[63]_i_2[1]
    SLICE_X80Y116        LUT3 (Prop_lut3_I0_O)        0.054    12.551 r  icache/way0/lines_reg_0_127_0_0_i_3/O
                         net (fo=593, routed)         1.230    13.781    icache/way1/lines_reg_256_383_50_50/DPRA6
    SLICE_X66Y84         MUXF7 (Prop_muxf7_S_O)       0.248    14.029 r  icache/way1/lines_reg_256_383_50_50/F7.DP/O
                         net (fo=1, routed)           0.563    14.592    icache/way1/lines_reg_256_383_50_50_n_0
    SLICE_X59Y91         LUT6 (Prop_lut6_I1_O)        0.123    14.715 r  icache/way1/rline_o[50]_i_2/O
                         net (fo=1, routed)           0.590    15.305    icache/way1/rline_o[50]_i_2_n_0
    SLICE_X59Y104        LUT6 (Prop_lut6_I5_O)        0.043    15.348 r  icache/way1/rline_o[50]_i_1__1/O
                         net (fo=1, routed)           0.000    15.348    icache/way1/rline_o[50]_i_1__1_n_0
    SLICE_X59Y104        FDRE                                         r  icache/way1/rline_o_reg[50]/D
  -------------------------------------------------------------------    -------------------

                         (clock clk_out1_clk_wiz_0_1 rise edge)
                                                      0.000     0.000 r  
    H9                                                0.000     0.000 r  clk_p (IN)
                         net (fo=0)                   0.000     0.000    dutclk/inst/clk_in1_p
    H9                   IBUFDS (Prop_ibufds_I_O)     0.778     0.778 r  dutclk/inst/clkin1_ibufgds/O
                         net (fo=1, routed)           0.986     1.764    dutclk/inst/clk_in1_clk_wiz_0
    MMCME2_ADV_X1Y5      MMCME2_ADV (Prop_mmcme2_adv_CLKIN1_CLKOUT0)
                                                     -6.516    -4.752 r  dutclk/inst/mmcm_adv_inst/CLKOUT0
                         net (fo=1, routed)           1.788    -2.964    dutclk/inst/clk_out1_clk_wiz_0
    BUFGCTRL_X0Y16       BUFG (Prop_bufg_I_O)         0.083    -2.881 r  dutclk/inst/clkout1_buf/O
                         net (fo=11919, routed)       1.118    -1.763    icache/way1/clk_i
    SLICE_X59Y104        FDRE                                         r  icache/way1/rline_o_reg[50]/C

Slack:                    inf
  Source:                 rst_n
                            (input port)
  Destination:            icache/way0/rline_o_reg[19]/D
                            (rising edge-triggered cell FDRE clocked by clk_out1_clk_wiz_0_1  {rise@0.000ns fall@8.333ns period=16.667ns})
  Path Group:             (none)
  Path Type:              Setup (Max at Slow Process Corner)
  Data Path Delay:        15.335ns  (logic 3.406ns (22.213%)  route 11.929ns (77.787%))
  Logic Levels:           16  (CARRY4=2 IBUF=1 LDCE=1 LUT2=1 LUT3=1 LUT4=1 LUT5=2 LUT6=4 MUXF7=3)
  Clock Path Skew:        -1.764ns (DCD - SCD + CPR)
    Destination Clock Delay (DCD):    -1.764ns
    Source Clock Delay      (SCD):    0.000ns
    Clock Pessimism Removal (CPR):    0.000ns
  Clock Uncertainty:      0.424ns  ((TSJ^2 + DJ^2)^1/2) / 2 + PE
    Total System Jitter     (TSJ):    0.050ns
    Discrete Jitter          (DJ):    0.255ns
    Phase Error              (PE):    0.294ns

    Location             Delay type                Incr(ns)  Path(ns)    Netlist Resource(s)
  -------------------------------------------------------------------    -------------------
    AJ13                                              0.000     0.000 f  rst_n (IN)
                         net (fo=0)                   0.000     0.000    rst_n
    AJ13                 IBUF (Prop_ibuf_I_O)         1.338     1.338 f  rst_n_IBUF_inst/O
                         net (fo=14, routed)          2.844     4.182    main_memory/rst_n_IBUF
    SLICE_X57Y130        LUT2 (Prop_lut2_I0_O)        0.043     4.225 r  main_memory/cpu_addr_q[31]_i_9/O
                         net (fo=6279, routed)        2.410     6.635    cv32e40p_core_ip/core_i/id_stage_i/register_file_i/wdata_a_q_reg[0]_0
    SLICE_X117Y150       LDCE (SetClr_ldce_CLR_Q)     0.462     7.097 f  cv32e40p_core_ip/core_i/id_stage_i/register_file_i/mem_reg[5][5]/Q
                         net (fo=2, routed)           0.628     7.725    cv32e40p_core_ip/core_i/id_stage_i/register_file_i/mem_reg_n_0_[5][5]
    SLICE_X118Y137       LUT6 (Prop_lut6_I3_O)        0.043     7.768 f  cv32e40p_core_ip/core_i/id_stage_i/register_file_i/alu_operand_a_ex_o[5]_i_29/O
                         net (fo=1, routed)           0.000     7.768    cv32e40p_core_ip/core_i/id_stage_i/register_file_i/alu_operand_a_ex_o[5]_i_29_n_0
    SLICE_X118Y137       MUXF7 (Prop_muxf7_I1_O)      0.117     7.885 f  cv32e40p_core_ip/core_i/id_stage_i/register_file_i/alu_operand_a_ex_o_reg[5]_i_13/O
                         net (fo=1, routed)           0.680     8.565    cv32e40p_core_ip/core_i/id_stage_i/register_file_i/alu_operand_a_ex_o_reg[5]_i_13_n_0
    SLICE_X122Y140       LUT6 (Prop_lut6_I5_O)        0.122     8.687 f  cv32e40p_core_ip/core_i/id_stage_i/register_file_i/alu_operand_a_ex_o[5]_i_5/O
                         net (fo=2, routed)           0.741     9.428    cv32e40p_core_ip/core_i/if_stage_i/regfile_data_ra_id[5]
    SLICE_X102Y141       LUT4 (Prop_lut4_I1_O)        0.043     9.471 r  cv32e40p_core_ip/core_i/if_stage_i/alu_operand_c_ex_o[7]_i_6/O
                         net (fo=1, routed)           0.000     9.471    cv32e40p_core_ip/core_i/if_stage_i/alu_operand_c_ex_o[7]_i_6_n_0
    SLICE_X102Y141       CARRY4 (Prop_carry4_S[1]_CO[3])
                                                      0.256     9.727 r  cv32e40p_core_ip/core_i/if_stage_i/alu_operand_c_ex_o_reg[7]_i_2/CO[3]
                         net (fo=1, routed)           0.000     9.727    cv32e40p_core_ip/core_i/if_stage_i/alu_operand_c_ex_o_reg[7]_i_2_n_0
    SLICE_X102Y142       CARRY4 (Prop_carry4_CI_O[1])
                                                      0.165     9.892 r  cv32e40p_core_ip/core_i/if_stage_i/alu_operand_c_ex_o_reg[11]_i_2/O[1]
                         net (fo=3, routed)           0.590    10.482    cv32e40p_core_ip/core_i/id_stage_i/controller_i/jump_target_id[8]
    SLICE_X98Y136        LUT5 (Prop_lut5_I1_O)        0.125    10.607 r  cv32e40p_core_ip/core_i/id_stage_i/controller_i/cpu_addr_q[9]_i_4/O
                         net (fo=1, routed)           0.000    10.607    cv32e40p_core_ip/core_i/id_stage_i/controller_i/cpu_addr_q[9]_i_4_n_0
    SLICE_X98Y136        MUXF7 (Prop_muxf7_I0_O)      0.101    10.708 r  cv32e40p_core_ip/core_i/id_stage_i/controller_i/cpu_addr_q_reg[9]_i_2/O
                         net (fo=3, routed)           0.823    11.530    cv32e40p_core_ip/core_i/if_stage_i/prefetch_buffer_i/instruction_obi_i/gen_no_trans_stable.obi_addr_q_reg[9]_0
    SLICE_X83Y128        LUT5 (Prop_lut5_I2_O)        0.123    11.653 r  cv32e40p_core_ip/core_i/if_stage_i/prefetch_buffer_i/instruction_obi_i/cpu_addr_q[9]_i_1/O
                         net (fo=16, routed)          0.844    12.497    icache/way0/rline_o[63]_i_2[1]
    SLICE_X80Y116        LUT3 (Prop_lut3_I0_O)        0.054    12.551 r  icache/way0/lines_reg_0_127_0_0_i_3/O
                         net (fo=593, routed)         1.203    13.754    icache/way0/lines_reg_256_383_19_19/DPRA6
    SLICE_X66Y86         MUXF7 (Prop_muxf7_S_O)       0.248    14.002 r  icache/way0/lines_reg_256_383_19_19/F7.DP/O
                         net (fo=1, routed)           0.488    14.490    icache/way0/lines_reg_256_383_19_19_n_0
    SLICE_X63Y88         LUT6 (Prop_lut6_I1_O)        0.123    14.613 r  icache/way0/rline_o[19]_i_2__0/O
                         net (fo=1, routed)           0.680    15.292    icache/way0/rline_o[19]_i_2__0_n_0
    SLICE_X61Y105        LUT6 (Prop_lut6_I5_O)        0.043    15.335 r  icache/way0/rline_o[19]_i_1__2/O
                         net (fo=1, routed)           0.000    15.335    icache/way0/rline_o[19]_i_1__2_n_0
    SLICE_X61Y105        FDRE                                         r  icache/way0/rline_o_reg[19]/D
  -------------------------------------------------------------------    -------------------

                         (clock clk_out1_clk_wiz_0_1 rise edge)
                                                      0.000     0.000 r  
    H9                                                0.000     0.000 r  clk_p (IN)
                         net (fo=0)                   0.000     0.000    dutclk/inst/clk_in1_p
    H9                   IBUFDS (Prop_ibufds_I_O)     0.778     0.778 r  dutclk/inst/clkin1_ibufgds/O
                         net (fo=1, routed)           0.986     1.764    dutclk/inst/clk_in1_clk_wiz_0
    MMCME2_ADV_X1Y5      MMCME2_ADV (Prop_mmcme2_adv_CLKIN1_CLKOUT0)
                                                     -6.516    -4.752 r  dutclk/inst/mmcm_adv_inst/CLKOUT0
                         net (fo=1, routed)           1.788    -2.964    dutclk/inst/clk_out1_clk_wiz_0
    BUFGCTRL_X0Y16       BUFG (Prop_bufg_I_O)         0.083    -2.881 r  dutclk/inst/clkout1_buf/O
                         net (fo=11919, routed)       1.117    -1.764    icache/way0/clk_i
    SLICE_X61Y105        FDRE                                         r  icache/way0/rline_o_reg[19]/C

Slack:                    inf
  Source:                 rst_n
                            (input port)
  Destination:            icache/way0/rline_o_reg[7]/D
                            (rising edge-triggered cell FDRE clocked by clk_out1_clk_wiz_0_1  {rise@0.000ns fall@8.333ns period=16.667ns})
  Path Group:             (none)
  Path Type:              Setup (Max at Slow Process Corner)
  Data Path Delay:        15.334ns  (logic 3.406ns (22.216%)  route 11.927ns (77.784%))
  Logic Levels:           16  (CARRY4=2 IBUF=1 LDCE=1 LUT2=1 LUT3=1 LUT4=1 LUT5=2 LUT6=4 MUXF7=3)
  Clock Path Skew:        -1.767ns (DCD - SCD + CPR)
    Destination Clock Delay (DCD):    -1.767ns
    Source Clock Delay      (SCD):    0.000ns
    Clock Pessimism Removal (CPR):    0.000ns
  Clock Uncertainty:      0.424ns  ((TSJ^2 + DJ^2)^1/2) / 2 + PE
    Total System Jitter     (TSJ):    0.050ns
    Discrete Jitter          (DJ):    0.255ns
    Phase Error              (PE):    0.294ns

    Location             Delay type                Incr(ns)  Path(ns)    Netlist Resource(s)
  -------------------------------------------------------------------    -------------------
    AJ13                                              0.000     0.000 f  rst_n (IN)
                         net (fo=0)                   0.000     0.000    rst_n
    AJ13                 IBUF (Prop_ibuf_I_O)         1.338     1.338 f  rst_n_IBUF_inst/O
                         net (fo=14, routed)          2.844     4.182    main_memory/rst_n_IBUF
    SLICE_X57Y130        LUT2 (Prop_lut2_I0_O)        0.043     4.225 r  main_memory/cpu_addr_q[31]_i_9/O
                         net (fo=6279, routed)        2.410     6.635    cv32e40p_core_ip/core_i/id_stage_i/register_file_i/wdata_a_q_reg[0]_0
    SLICE_X117Y150       LDCE (SetClr_ldce_CLR_Q)     0.462     7.097 f  cv32e40p_core_ip/core_i/id_stage_i/register_file_i/mem_reg[5][5]/Q
                         net (fo=2, routed)           0.628     7.725    cv32e40p_core_ip/core_i/id_stage_i/register_file_i/mem_reg_n_0_[5][5]
    SLICE_X118Y137       LUT6 (Prop_lut6_I3_O)        0.043     7.768 f  cv32e40p_core_ip/core_i/id_stage_i/register_file_i/alu_operand_a_ex_o[5]_i_29/O
                         net (fo=1, routed)           0.000     7.768    cv32e40p_core_ip/core_i/id_stage_i/register_file_i/alu_operand_a_ex_o[5]_i_29_n_0
    SLICE_X118Y137       MUXF7 (Prop_muxf7_I1_O)      0.117     7.885 f  cv32e40p_core_ip/core_i/id_stage_i/register_file_i/alu_operand_a_ex_o_reg[5]_i_13/O
                         net (fo=1, routed)           0.680     8.565    cv32e40p_core_ip/core_i/id_stage_i/register_file_i/alu_operand_a_ex_o_reg[5]_i_13_n_0
    SLICE_X122Y140       LUT6 (Prop_lut6_I5_O)        0.122     8.687 f  cv32e40p_core_ip/core_i/id_stage_i/register_file_i/alu_operand_a_ex_o[5]_i_5/O
                         net (fo=2, routed)           0.741     9.428    cv32e40p_core_ip/core_i/if_stage_i/regfile_data_ra_id[5]
    SLICE_X102Y141       LUT4 (Prop_lut4_I1_O)        0.043     9.471 r  cv32e40p_core_ip/core_i/if_stage_i/alu_operand_c_ex_o[7]_i_6/O
                         net (fo=1, routed)           0.000     9.471    cv32e40p_core_ip/core_i/if_stage_i/alu_operand_c_ex_o[7]_i_6_n_0
    SLICE_X102Y141       CARRY4 (Prop_carry4_S[1]_CO[3])
                                                      0.256     9.727 r  cv32e40p_core_ip/core_i/if_stage_i/alu_operand_c_ex_o_reg[7]_i_2/CO[3]
                         net (fo=1, routed)           0.000     9.727    cv32e40p_core_ip/core_i/if_stage_i/alu_operand_c_ex_o_reg[7]_i_2_n_0
    SLICE_X102Y142       CARRY4 (Prop_carry4_CI_O[1])
                                                      0.165     9.892 r  cv32e40p_core_ip/core_i/if_stage_i/alu_operand_c_ex_o_reg[11]_i_2/O[1]
                         net (fo=3, routed)           0.590    10.482    cv32e40p_core_ip/core_i/id_stage_i/controller_i/jump_target_id[8]
    SLICE_X98Y136        LUT5 (Prop_lut5_I1_O)        0.125    10.607 r  cv32e40p_core_ip/core_i/id_stage_i/controller_i/cpu_addr_q[9]_i_4/O
                         net (fo=1, routed)           0.000    10.607    cv32e40p_core_ip/core_i/id_stage_i/controller_i/cpu_addr_q[9]_i_4_n_0
    SLICE_X98Y136        MUXF7 (Prop_muxf7_I0_O)      0.101    10.708 r  cv32e40p_core_ip/core_i/id_stage_i/controller_i/cpu_addr_q_reg[9]_i_2/O
                         net (fo=3, routed)           0.823    11.530    cv32e40p_core_ip/core_i/if_stage_i/prefetch_buffer_i/instruction_obi_i/gen_no_trans_stable.obi_addr_q_reg[9]_0
    SLICE_X83Y128        LUT5 (Prop_lut5_I2_O)        0.123    11.653 r  cv32e40p_core_ip/core_i/if_stage_i/prefetch_buffer_i/instruction_obi_i/cpu_addr_q[9]_i_1/O
                         net (fo=16, routed)          0.844    12.497    icache/way0/rline_o[63]_i_2[1]
    SLICE_X80Y116        LUT3 (Prop_lut3_I0_O)        0.054    12.551 r  icache/way0/lines_reg_0_127_0_0_i_3/O
                         net (fo=593, routed)         1.285    13.836    icache/way0/lines_reg_128_255_7_7/DPRA6
    SLICE_X38Y120        MUXF7 (Prop_muxf7_S_O)       0.248    14.084 r  icache/way0/lines_reg_128_255_7_7/F7.DP/O
                         net (fo=1, routed)           0.619    14.702    icache/way0/lines_reg_128_255_7_7_n_0
    SLICE_X37Y119        LUT6 (Prop_lut6_I3_O)        0.123    14.825 r  icache/way0/rline_o[7]_i_2__0/O
                         net (fo=1, routed)           0.465    15.291    icache/way0/rline_o[7]_i_2__0_n_0
    SLICE_X53Y120        LUT6 (Prop_lut6_I5_O)        0.043    15.334 r  icache/way0/rline_o[7]_i_1__2/O
                         net (fo=1, routed)           0.000    15.334    icache/way0/rline_o[7]_i_1__2_n_0
    SLICE_X53Y120        FDRE                                         r  icache/way0/rline_o_reg[7]/D
  -------------------------------------------------------------------    -------------------

                         (clock clk_out1_clk_wiz_0_1 rise edge)
                                                      0.000     0.000 r  
    H9                                                0.000     0.000 r  clk_p (IN)
                         net (fo=0)                   0.000     0.000    dutclk/inst/clk_in1_p
    H9                   IBUFDS (Prop_ibufds_I_O)     0.778     0.778 r  dutclk/inst/clkin1_ibufgds/O
                         net (fo=1, routed)           0.986     1.764    dutclk/inst/clk_in1_clk_wiz_0
    MMCME2_ADV_X1Y5      MMCME2_ADV (Prop_mmcme2_adv_CLKIN1_CLKOUT0)
                                                     -6.516    -4.752 r  dutclk/inst/mmcm_adv_inst/CLKOUT0
                         net (fo=1, routed)           1.788    -2.964    dutclk/inst/clk_out1_clk_wiz_0
    BUFGCTRL_X0Y16       BUFG (Prop_bufg_I_O)         0.083    -2.881 r  dutclk/inst/clkout1_buf/O
                         net (fo=11919, routed)       1.114    -1.767    icache/way0/clk_i
    SLICE_X53Y120        FDRE                                         r  icache/way0/rline_o_reg[7]/C

Slack:                    inf
  Source:                 rst_n
                            (input port)
  Destination:            icache/way0/rline_o_reg[38]/D
                            (rising edge-triggered cell FDRE clocked by clk_out1_clk_wiz_0_1  {rise@0.000ns fall@8.333ns period=16.667ns})
  Path Group:             (none)
  Path Type:              Setup (Max at Slow Process Corner)
  Data Path Delay:        15.320ns  (logic 3.406ns (22.236%)  route 11.914ns (77.764%))
  Logic Levels:           16  (CARRY4=2 IBUF=1 LDCE=1 LUT2=1 LUT3=1 LUT4=1 LUT5=2 LUT6=4 MUXF7=3)
  Clock Path Skew:        -1.778ns (DCD - SCD + CPR)
    Destination Clock Delay (DCD):    -1.778ns
    Source Clock Delay      (SCD):    0.000ns
    Clock Pessimism Removal (CPR):    0.000ns
  Clock Uncertainty:      0.424ns  ((TSJ^2 + DJ^2)^1/2) / 2 + PE
    Total System Jitter     (TSJ):    0.050ns
    Discrete Jitter          (DJ):    0.255ns
    Phase Error              (PE):    0.294ns

    Location             Delay type                Incr(ns)  Path(ns)    Netlist Resource(s)
  -------------------------------------------------------------------    -------------------
    AJ13                                              0.000     0.000 f  rst_n (IN)
                         net (fo=0)                   0.000     0.000    rst_n
    AJ13                 IBUF (Prop_ibuf_I_O)         1.338     1.338 f  rst_n_IBUF_inst/O
                         net (fo=14, routed)          2.844     4.182    main_memory/rst_n_IBUF
    SLICE_X57Y130        LUT2 (Prop_lut2_I0_O)        0.043     4.225 r  main_memory/cpu_addr_q[31]_i_9/O
                         net (fo=6279, routed)        2.410     6.635    cv32e40p_core_ip/core_i/id_stage_i/register_file_i/wdata_a_q_reg[0]_0
    SLICE_X117Y150       LDCE (SetClr_ldce_CLR_Q)     0.462     7.097 f  cv32e40p_core_ip/core_i/id_stage_i/register_file_i/mem_reg[5][5]/Q
                         net (fo=2, routed)           0.628     7.725    cv32e40p_core_ip/core_i/id_stage_i/register_file_i/mem_reg_n_0_[5][5]
    SLICE_X118Y137       LUT6 (Prop_lut6_I3_O)        0.043     7.768 f  cv32e40p_core_ip/core_i/id_stage_i/register_file_i/alu_operand_a_ex_o[5]_i_29/O
                         net (fo=1, routed)           0.000     7.768    cv32e40p_core_ip/core_i/id_stage_i/register_file_i/alu_operand_a_ex_o[5]_i_29_n_0
    SLICE_X118Y137       MUXF7 (Prop_muxf7_I1_O)      0.117     7.885 f  cv32e40p_core_ip/core_i/id_stage_i/register_file_i/alu_operand_a_ex_o_reg[5]_i_13/O
                         net (fo=1, routed)           0.680     8.565    cv32e40p_core_ip/core_i/id_stage_i/register_file_i/alu_operand_a_ex_o_reg[5]_i_13_n_0
    SLICE_X122Y140       LUT6 (Prop_lut6_I5_O)        0.122     8.687 f  cv32e40p_core_ip/core_i/id_stage_i/register_file_i/alu_operand_a_ex_o[5]_i_5/O
                         net (fo=2, routed)           0.741     9.428    cv32e40p_core_ip/core_i/if_stage_i/regfile_data_ra_id[5]
    SLICE_X102Y141       LUT4 (Prop_lut4_I1_O)        0.043     9.471 r  cv32e40p_core_ip/core_i/if_stage_i/alu_operand_c_ex_o[7]_i_6/O
                         net (fo=1, routed)           0.000     9.471    cv32e40p_core_ip/core_i/if_stage_i/alu_operand_c_ex_o[7]_i_6_n_0
    SLICE_X102Y141       CARRY4 (Prop_carry4_S[1]_CO[3])
                                                      0.256     9.727 r  cv32e40p_core_ip/core_i/if_stage_i/alu_operand_c_ex_o_reg[7]_i_2/CO[3]
                         net (fo=1, routed)           0.000     9.727    cv32e40p_core_ip/core_i/if_stage_i/alu_operand_c_ex_o_reg[7]_i_2_n_0
    SLICE_X102Y142       CARRY4 (Prop_carry4_CI_O[1])
                                                      0.165     9.892 r  cv32e40p_core_ip/core_i/if_stage_i/alu_operand_c_ex_o_reg[11]_i_2/O[1]
                         net (fo=3, routed)           0.590    10.482    cv32e40p_core_ip/core_i/id_stage_i/controller_i/jump_target_id[8]
    SLICE_X98Y136        LUT5 (Prop_lut5_I1_O)        0.125    10.607 r  cv32e40p_core_ip/core_i/id_stage_i/controller_i/cpu_addr_q[9]_i_4/O
                         net (fo=1, routed)           0.000    10.607    cv32e40p_core_ip/core_i/id_stage_i/controller_i/cpu_addr_q[9]_i_4_n_0
    SLICE_X98Y136        MUXF7 (Prop_muxf7_I0_O)      0.101    10.708 r  cv32e40p_core_ip/core_i/id_stage_i/controller_i/cpu_addr_q_reg[9]_i_2/O
                         net (fo=3, routed)           0.823    11.530    cv32e40p_core_ip/core_i/if_stage_i/prefetch_buffer_i/instruction_obi_i/gen_no_trans_stable.obi_addr_q_reg[9]_0
    SLICE_X83Y128        LUT5 (Prop_lut5_I2_O)        0.123    11.653 r  cv32e40p_core_ip/core_i/if_stage_i/prefetch_buffer_i/instruction_obi_i/cpu_addr_q[9]_i_1/O
                         net (fo=16, routed)          0.844    12.497    icache/way0/rline_o[63]_i_2[1]
    SLICE_X80Y116        LUT3 (Prop_lut3_I0_O)        0.054    12.551 r  icache/way0/lines_reg_0_127_0_0_i_3/O
                         net (fo=593, routed)         1.253    13.804    icache/way0/lines_reg_384_511_38_38/DPRA6
    SLICE_X36Y124        MUXF7 (Prop_muxf7_S_O)       0.248    14.052 r  icache/way0/lines_reg_384_511_38_38/F7.DP/O
                         net (fo=1, routed)           0.490    14.542    icache/way0/lines_reg_384_511_38_38_n_0
    SLICE_X37Y124        LUT6 (Prop_lut6_I0_O)        0.123    14.665 r  icache/way0/rline_o[38]_i_2__0/O
                         net (fo=1, routed)           0.612    15.277    icache/way0/rline_o[38]_i_2__0_n_0
    SLICE_X56Y124        LUT6 (Prop_lut6_I5_O)        0.043    15.320 r  icache/way0/rline_o[38]_i_1__2/O
                         net (fo=1, routed)           0.000    15.320    icache/way0/rline_o[38]_i_1__2_n_0
    SLICE_X56Y124        FDRE                                         r  icache/way0/rline_o_reg[38]/D
  -------------------------------------------------------------------    -------------------

                         (clock clk_out1_clk_wiz_0_1 rise edge)
                                                      0.000     0.000 r  
    H9                                                0.000     0.000 r  clk_p (IN)
                         net (fo=0)                   0.000     0.000    dutclk/inst/clk_in1_p
    H9                   IBUFDS (Prop_ibufds_I_O)     0.778     0.778 r  dutclk/inst/clkin1_ibufgds/O
                         net (fo=1, routed)           0.986     1.764    dutclk/inst/clk_in1_clk_wiz_0
    MMCME2_ADV_X1Y5      MMCME2_ADV (Prop_mmcme2_adv_CLKIN1_CLKOUT0)
                                                     -6.516    -4.752 r  dutclk/inst/mmcm_adv_inst/CLKOUT0
                         net (fo=1, routed)           1.788    -2.964    dutclk/inst/clk_out1_clk_wiz_0
    BUFGCTRL_X0Y16       BUFG (Prop_bufg_I_O)         0.083    -2.881 r  dutclk/inst/clkout1_buf/O
                         net (fo=11919, routed)       1.103    -1.778    icache/way0/clk_i
    SLICE_X56Y124        FDRE                                         r  icache/way0/rline_o_reg[38]/C

Slack:                    inf
  Source:                 rst_n
                            (input port)
  Destination:            icache/way0/rline_o_reg[43]/D
                            (rising edge-triggered cell FDRE clocked by clk_out1_clk_wiz_0_1  {rise@0.000ns fall@8.333ns period=16.667ns})
  Path Group:             (none)
  Path Type:              Setup (Max at Slow Process Corner)
  Data Path Delay:        15.316ns  (logic 3.406ns (22.242%)  route 11.909ns (77.758%))
  Logic Levels:           16  (CARRY4=2 IBUF=1 LDCE=1 LUT2=1 LUT3=1 LUT4=1 LUT5=2 LUT6=4 MUXF7=3)
  Clock Path Skew:        -1.757ns (DCD - SCD + CPR)
    Destination Clock Delay (DCD):    -1.757ns
    Source Clock Delay      (SCD):    0.000ns
    Clock Pessimism Removal (CPR):    0.000ns
  Clock Uncertainty:      0.424ns  ((TSJ^2 + DJ^2)^1/2) / 2 + PE
    Total System Jitter     (TSJ):    0.050ns
    Discrete Jitter          (DJ):    0.255ns
    Phase Error              (PE):    0.294ns

    Location             Delay type                Incr(ns)  Path(ns)    Netlist Resource(s)
  -------------------------------------------------------------------    -------------------
    AJ13                                              0.000     0.000 f  rst_n (IN)
                         net (fo=0)                   0.000     0.000    rst_n
    AJ13                 IBUF (Prop_ibuf_I_O)         1.338     1.338 f  rst_n_IBUF_inst/O
                         net (fo=14, routed)          2.844     4.182    main_memory/rst_n_IBUF
    SLICE_X57Y130        LUT2 (Prop_lut2_I0_O)        0.043     4.225 r  main_memory/cpu_addr_q[31]_i_9/O
                         net (fo=6279, routed)        2.410     6.635    cv32e40p_core_ip/core_i/id_stage_i/register_file_i/wdata_a_q_reg[0]_0
    SLICE_X117Y150       LDCE (SetClr_ldce_CLR_Q)     0.462     7.097 f  cv32e40p_core_ip/core_i/id_stage_i/register_file_i/mem_reg[5][5]/Q
                         net (fo=2, routed)           0.628     7.725    cv32e40p_core_ip/core_i/id_stage_i/register_file_i/mem_reg_n_0_[5][5]
    SLICE_X118Y137       LUT6 (Prop_lut6_I3_O)        0.043     7.768 f  cv32e40p_core_ip/core_i/id_stage_i/register_file_i/alu_operand_a_ex_o[5]_i_29/O
                         net (fo=1, routed)           0.000     7.768    cv32e40p_core_ip/core_i/id_stage_i/register_file_i/alu_operand_a_ex_o[5]_i_29_n_0
    SLICE_X118Y137       MUXF7 (Prop_muxf7_I1_O)      0.117     7.885 f  cv32e40p_core_ip/core_i/id_stage_i/register_file_i/alu_operand_a_ex_o_reg[5]_i_13/O
                         net (fo=1, routed)           0.680     8.565    cv32e40p_core_ip/core_i/id_stage_i/register_file_i/alu_operand_a_ex_o_reg[5]_i_13_n_0
    SLICE_X122Y140       LUT6 (Prop_lut6_I5_O)        0.122     8.687 f  cv32e40p_core_ip/core_i/id_stage_i/register_file_i/alu_operand_a_ex_o[5]_i_5/O
                         net (fo=2, routed)           0.741     9.428    cv32e40p_core_ip/core_i/if_stage_i/regfile_data_ra_id[5]
    SLICE_X102Y141       LUT4 (Prop_lut4_I1_O)        0.043     9.471 r  cv32e40p_core_ip/core_i/if_stage_i/alu_operand_c_ex_o[7]_i_6/O
                         net (fo=1, routed)           0.000     9.471    cv32e40p_core_ip/core_i/if_stage_i/alu_operand_c_ex_o[7]_i_6_n_0
    SLICE_X102Y141       CARRY4 (Prop_carry4_S[1]_CO[3])
                                                      0.256     9.727 r  cv32e40p_core_ip/core_i/if_stage_i/alu_operand_c_ex_o_reg[7]_i_2/CO[3]
                         net (fo=1, routed)           0.000     9.727    cv32e40p_core_ip/core_i/if_stage_i/alu_operand_c_ex_o_reg[7]_i_2_n_0
    SLICE_X102Y142       CARRY4 (Prop_carry4_CI_O[1])
                                                      0.165     9.892 r  cv32e40p_core_ip/core_i/if_stage_i/alu_operand_c_ex_o_reg[11]_i_2/O[1]
                         net (fo=3, routed)           0.590    10.482    cv32e40p_core_ip/core_i/id_stage_i/controller_i/jump_target_id[8]
    SLICE_X98Y136        LUT5 (Prop_lut5_I1_O)        0.125    10.607 r  cv32e40p_core_ip/core_i/id_stage_i/controller_i/cpu_addr_q[9]_i_4/O
                         net (fo=1, routed)           0.000    10.607    cv32e40p_core_ip/core_i/id_stage_i/controller_i/cpu_addr_q[9]_i_4_n_0
    SLICE_X98Y136        MUXF7 (Prop_muxf7_I0_O)      0.101    10.708 r  cv32e40p_core_ip/core_i/id_stage_i/controller_i/cpu_addr_q_reg[9]_i_2/O
                         net (fo=3, routed)           0.823    11.530    cv32e40p_core_ip/core_i/if_stage_i/prefetch_buffer_i/instruction_obi_i/gen_no_trans_stable.obi_addr_q_reg[9]_0
    SLICE_X83Y128        LUT5 (Prop_lut5_I2_O)        0.123    11.653 r  cv32e40p_core_ip/core_i/if_stage_i/prefetch_buffer_i/instruction_obi_i/cpu_addr_q[9]_i_1/O
                         net (fo=16, routed)          0.844    12.497    icache/way0/rline_o[63]_i_2[1]
    SLICE_X80Y116        LUT3 (Prop_lut3_I0_O)        0.054    12.551 r  icache/way0/lines_reg_0_127_0_0_i_3/O
                         net (fo=593, routed)         1.292    13.843    icache/way0/lines_reg_384_511_43_43/DPRA6
    SLICE_X46Y91         MUXF7 (Prop_muxf7_S_O)       0.248    14.091 r  icache/way0/lines_reg_384_511_43_43/F7.DP/O
                         net (fo=1, routed)           0.349    14.440    icache/way0/lines_reg_384_511_43_43_n_0
    SLICE_X47Y91         LUT6 (Prop_lut6_I0_O)        0.123    14.563 r  icache/way0/rline_o[43]_i_2__0/O
                         net (fo=1, routed)           0.710    15.273    icache/way0/rline_o[43]_i_2__0_n_0
    SLICE_X53Y104        LUT6 (Prop_lut6_I5_O)        0.043    15.316 r  icache/way0/rline_o[43]_i_1__2/O
                         net (fo=1, routed)           0.000    15.316    icache/way0/rline_o[43]_i_1__2_n_0
    SLICE_X53Y104        FDRE                                         r  icache/way0/rline_o_reg[43]/D
  -------------------------------------------------------------------    -------------------

                         (clock clk_out1_clk_wiz_0_1 rise edge)
                                                      0.000     0.000 r  
    H9                                                0.000     0.000 r  clk_p (IN)
                         net (fo=0)                   0.000     0.000    dutclk/inst/clk_in1_p
    H9                   IBUFDS (Prop_ibufds_I_O)     0.778     0.778 r  dutclk/inst/clkin1_ibufgds/O
                         net (fo=1, routed)           0.986     1.764    dutclk/inst/clk_in1_clk_wiz_0
    MMCME2_ADV_X1Y5      MMCME2_ADV (Prop_mmcme2_adv_CLKIN1_CLKOUT0)
                                                     -6.516    -4.752 r  dutclk/inst/mmcm_adv_inst/CLKOUT0
                         net (fo=1, routed)           1.788    -2.964    dutclk/inst/clk_out1_clk_wiz_0
    BUFGCTRL_X0Y16       BUFG (Prop_bufg_I_O)         0.083    -2.881 r  dutclk/inst/clkout1_buf/O
                         net (fo=11919, routed)       1.124    -1.757    icache/way0/clk_i
    SLICE_X53Y104        FDRE                                         r  icache/way0/rline_o_reg[43]/C

Slack:                    inf
  Source:                 rst_n
                            (input port)
  Destination:            icache/way0/rline_o_reg[18]/D
                            (rising edge-triggered cell FDRE clocked by clk_out1_clk_wiz_0_1  {rise@0.000ns fall@8.333ns period=16.667ns})
  Path Group:             (none)
  Path Type:              Setup (Max at Slow Process Corner)
  Data Path Delay:        15.284ns  (logic 3.406ns (22.288%)  route 11.878ns (77.712%))
  Logic Levels:           16  (CARRY4=2 IBUF=1 LDCE=1 LUT2=1 LUT3=1 LUT4=1 LUT5=2 LUT6=4 MUXF7=3)
  Clock Path Skew:        -1.763ns (DCD - SCD + CPR)
    Destination Clock Delay (DCD):    -1.763ns
    Source Clock Delay      (SCD):    0.000ns
    Clock Pessimism Removal (CPR):    0.000ns
  Clock Uncertainty:      0.424ns  ((TSJ^2 + DJ^2)^1/2) / 2 + PE
    Total System Jitter     (TSJ):    0.050ns
    Discrete Jitter          (DJ):    0.255ns
    Phase Error              (PE):    0.294ns

    Location             Delay type                Incr(ns)  Path(ns)    Netlist Resource(s)
  -------------------------------------------------------------------    -------------------
    AJ13                                              0.000     0.000 f  rst_n (IN)
                         net (fo=0)                   0.000     0.000    rst_n
    AJ13                 IBUF (Prop_ibuf_I_O)         1.338     1.338 f  rst_n_IBUF_inst/O
                         net (fo=14, routed)          2.844     4.182    main_memory/rst_n_IBUF
    SLICE_X57Y130        LUT2 (Prop_lut2_I0_O)        0.043     4.225 r  main_memory/cpu_addr_q[31]_i_9/O
                         net (fo=6279, routed)        2.410     6.635    cv32e40p_core_ip/core_i/id_stage_i/register_file_i/wdata_a_q_reg[0]_0
    SLICE_X117Y150       LDCE (SetClr_ldce_CLR_Q)     0.462     7.097 f  cv32e40p_core_ip/core_i/id_stage_i/register_file_i/mem_reg[5][5]/Q
                         net (fo=2, routed)           0.628     7.725    cv32e40p_core_ip/core_i/id_stage_i/register_file_i/mem_reg_n_0_[5][5]
    SLICE_X118Y137       LUT6 (Prop_lut6_I3_O)        0.043     7.768 f  cv32e40p_core_ip/core_i/id_stage_i/register_file_i/alu_operand_a_ex_o[5]_i_29/O
                         net (fo=1, routed)           0.000     7.768    cv32e40p_core_ip/core_i/id_stage_i/register_file_i/alu_operand_a_ex_o[5]_i_29_n_0
    SLICE_X118Y137       MUXF7 (Prop_muxf7_I1_O)      0.117     7.885 f  cv32e40p_core_ip/core_i/id_stage_i/register_file_i/alu_operand_a_ex_o_reg[5]_i_13/O
                         net (fo=1, routed)           0.680     8.565    cv32e40p_core_ip/core_i/id_stage_i/register_file_i/alu_operand_a_ex_o_reg[5]_i_13_n_0
    SLICE_X122Y140       LUT6 (Prop_lut6_I5_O)        0.122     8.687 f  cv32e40p_core_ip/core_i/id_stage_i/register_file_i/alu_operand_a_ex_o[5]_i_5/O
                         net (fo=2, routed)           0.741     9.428    cv32e40p_core_ip/core_i/if_stage_i/regfile_data_ra_id[5]
    SLICE_X102Y141       LUT4 (Prop_lut4_I1_O)        0.043     9.471 r  cv32e40p_core_ip/core_i/if_stage_i/alu_operand_c_ex_o[7]_i_6/O
                         net (fo=1, routed)           0.000     9.471    cv32e40p_core_ip/core_i/if_stage_i/alu_operand_c_ex_o[7]_i_6_n_0
    SLICE_X102Y141       CARRY4 (Prop_carry4_S[1]_CO[3])
                                                      0.256     9.727 r  cv32e40p_core_ip/core_i/if_stage_i/alu_operand_c_ex_o_reg[7]_i_2/CO[3]
                         net (fo=1, routed)           0.000     9.727    cv32e40p_core_ip/core_i/if_stage_i/alu_operand_c_ex_o_reg[7]_i_2_n_0
    SLICE_X102Y142       CARRY4 (Prop_carry4_CI_O[1])
                                                      0.165     9.892 r  cv32e40p_core_ip/core_i/if_stage_i/alu_operand_c_ex_o_reg[11]_i_2/O[1]
                         net (fo=3, routed)           0.590    10.482    cv32e40p_core_ip/core_i/id_stage_i/controller_i/jump_target_id[8]
    SLICE_X98Y136        LUT5 (Prop_lut5_I1_O)        0.125    10.607 r  cv32e40p_core_ip/core_i/id_stage_i/controller_i/cpu_addr_q[9]_i_4/O
                         net (fo=1, routed)           0.000    10.607    cv32e40p_core_ip/core_i/id_stage_i/controller_i/cpu_addr_q[9]_i_4_n_0
    SLICE_X98Y136        MUXF7 (Prop_muxf7_I0_O)      0.101    10.708 r  cv32e40p_core_ip/core_i/id_stage_i/controller_i/cpu_addr_q_reg[9]_i_2/O
                         net (fo=3, routed)           0.823    11.530    cv32e40p_core_ip/core_i/if_stage_i/prefetch_buffer_i/instruction_obi_i/gen_no_trans_stable.obi_addr_q_reg[9]_0
    SLICE_X83Y128        LUT5 (Prop_lut5_I2_O)        0.123    11.653 r  cv32e40p_core_ip/core_i/if_stage_i/prefetch_buffer_i/instruction_obi_i/cpu_addr_q[9]_i_1/O
                         net (fo=16, routed)          0.844    12.497    icache/way0/rline_o[63]_i_2[1]
    SLICE_X80Y116        LUT3 (Prop_lut3_I0_O)        0.054    12.551 r  icache/way0/lines_reg_0_127_0_0_i_3/O
                         net (fo=593, routed)         1.254    13.805    icache/way0/lines_reg_384_511_18_18/DPRA6
    SLICE_X58Y89         MUXF7 (Prop_muxf7_S_O)       0.248    14.053 r  icache/way0/lines_reg_384_511_18_18/F7.DP/O
                         net (fo=1, routed)           0.404    14.457    icache/way0/lines_reg_384_511_18_18_n_0
    SLICE_X59Y88         LUT6 (Prop_lut6_I0_O)        0.123    14.580 r  icache/way0/rline_o[18]_i_2__0/O
                         net (fo=1, routed)           0.661    15.241    icache/way0/rline_o[18]_i_2__0_n_0
    SLICE_X59Y104        LUT6 (Prop_lut6_I5_O)        0.043    15.284 r  icache/way0/rline_o[18]_i_1__2/O
                         net (fo=1, routed)           0.000    15.284    icache/way0/rline_o[18]_i_1__2_n_0
    SLICE_X59Y104        FDRE                                         r  icache/way0/rline_o_reg[18]/D
  -------------------------------------------------------------------    -------------------

                         (clock clk_out1_clk_wiz_0_1 rise edge)
                                                      0.000     0.000 r  
    H9                                                0.000     0.000 r  clk_p (IN)
                         net (fo=0)                   0.000     0.000    dutclk/inst/clk_in1_p
    H9                   IBUFDS (Prop_ibufds_I_O)     0.778     0.778 r  dutclk/inst/clkin1_ibufgds/O
                         net (fo=1, routed)           0.986     1.764    dutclk/inst/clk_in1_clk_wiz_0
    MMCME2_ADV_X1Y5      MMCME2_ADV (Prop_mmcme2_adv_CLKIN1_CLKOUT0)
                                                     -6.516    -4.752 r  dutclk/inst/mmcm_adv_inst/CLKOUT0
                         net (fo=1, routed)           1.788    -2.964    dutclk/inst/clk_out1_clk_wiz_0
    BUFGCTRL_X0Y16       BUFG (Prop_bufg_I_O)         0.083    -2.881 r  dutclk/inst/clkout1_buf/O
                         net (fo=11919, routed)       1.118    -1.763    icache/way0/clk_i
    SLICE_X59Y104        FDRE                                         r  icache/way0/rline_o_reg[18]/C





Min Delay Paths
--------------------------------------------------------------------------------------
Slack:                    inf
  Source:                 cv32e40p_core_ip/core_i/ex_stage_i/mult_i/__0/ACOUT[16]
                            (internal pin)
  Destination:            cv32e40p_core_ip/core_i/id_stage_i/alu_operand_c_ex_o_reg[26]/D
                            (rising edge-triggered cell FDCE clocked by clk_out1_clk_wiz_0_1  {rise@0.000ns fall@8.333ns period=16.667ns})
  Path Group:             (none)
  Path Type:              Hold (Min at Fast Process Corner)
  Data Path Delay:        1.686ns  (logic 0.759ns (45.018%)  route 0.927ns (54.982%))
  Logic Levels:           8  (CARRY4=2 DSP48E1=1 LUT2=1 LUT5=1 LUT6=3)
  Clock Uncertainty:      0.424ns  ((TSJ^2 + DJ^2)^1/2) / 2 + PE
    Total System Jitter     (TSJ):    0.050ns
    Discrete Jitter          (DJ):    0.255ns
    Phase Error              (PE):    0.294ns

    Location             Delay type                Incr(ns)  Path(ns)    Netlist Resource(s)
  -------------------------------------------------------------------    -------------------
    DSP48_X4Y57          DSP48E1                      0.000     0.000 r  cv32e40p_core_ip/core_i/ex_stage_i/mult_i/__0/ACOUT[16]
                         net (fo=1, routed)           0.000     0.000    cv32e40p_core_ip/core_i/ex_stage_i/mult_i/__0_n_37
    DSP48_X4Y58          DSP48E1 (Prop_dsp48e1_ACIN[16]_P[8])
                                                      0.442     0.442 r  cv32e40p_core_ip/core_i/ex_stage_i/mult_i/__1/P[8]
                         net (fo=2, routed)           0.196     0.638    cv32e40p_core_ip/core_i/ex_stage_i/mult_i/__1_n_97
    SLICE_X97Y149        LUT2 (Prop_lut2_I0_O)        0.028     0.666 r  cv32e40p_core_ip/core_i/ex_stage_i/mult_i/i__carry__1_i_3/O
                         net (fo=1, routed)           0.000     0.666    cv32e40p_core_ip/core_i/ex_stage_i/mult_i/i__carry__1_i_3_n_0
    SLICE_X97Y149        CARRY4 (Prop_carry4_S[1]_O[1])
                                                      0.049     0.715 r  cv32e40p_core_ip/core_i/ex_stage_i/mult_i/_inferred__2/i__carry__1/O[1]
                         net (fo=3, routed)           0.243     0.959    cv32e40p_core_ip/core_i/id_stage_i/_inferred__7/i___0_carry__5_0[1]
    SLICE_X97Y145        LUT5 (Prop_lut5_I1_O)        0.066     1.025 r  cv32e40p_core_ip/core_i/id_stage_i/i___0_carry__5_i_6/O
                         net (fo=1, routed)           0.000     1.025    cv32e40p_core_ip/core_i/ex_stage_i/mult_i/wdata_b_q[24]_i_3_1[2]
    SLICE_X97Y145        CARRY4 (Prop_carry4_S[2]_O[2])
                                                      0.051     1.076 r  cv32e40p_core_ip/core_i/ex_stage_i/mult_i/_inferred__7/i___0_carry__5/O[2]
                         net (fo=1, routed)           0.105     1.180    cv32e40p_core_ip/core_i/ex_stage_i/mult_i/_inferred__7/i___0_carry__5_n_5
    SLICE_X96Y145        LUT6 (Prop_lut6_I5_O)        0.067     1.247 r  cv32e40p_core_ip/core_i/ex_stage_i/mult_i/wdata_b_q[26]_i_3/O
                         net (fo=3, routed)           0.245     1.493    cv32e40p_core_ip/core_i/id_stage_i/register_file_i/wdata_b_q_reg[26]_0
    SLICE_X96Y149        LUT6 (Prop_lut6_I3_O)        0.028     1.521 r  cv32e40p_core_ip/core_i/id_stage_i/register_file_i/wdata_b_q[26]_i_1/O
                         net (fo=3, routed)           0.137     1.658    cv32e40p_core_ip/core_i/if_stage_i/regfile_alu_wdata_fw[19]
    SLICE_X96Y148        LUT6 (Prop_lut6_I0_O)        0.028     1.686 r  cv32e40p_core_ip/core_i/if_stage_i/alu_operand_c_ex_o[26]_i_1/O
                         net (fo=1, routed)           0.000     1.686    cv32e40p_core_ip/core_i/id_stage_i/alu_operand_c_ex_o_reg[31]_0[26]
    SLICE_X96Y148        FDCE                                         r  cv32e40p_core_ip/core_i/id_stage_i/alu_operand_c_ex_o_reg[26]/D
  -------------------------------------------------------------------    -------------------

                         (clock clk_out1_clk_wiz_0_1 rise edge)
                                                      0.000     0.000 r  
    H9                                                0.000     0.000 r  clk_p (IN)
                         net (fo=0)                   0.000     0.000    dutclk/inst/clk_in1_p
    H9                   IBUFDS (Prop_ibufds_I_O)     0.444     0.444 r  dutclk/inst/clkin1_ibufgds/O
                         net (fo=1, routed)           0.553     0.997    dutclk/inst/clk_in1_clk_wiz_0
    MMCME2_ADV_X1Y5      MMCME2_ADV (Prop_mmcme2_adv_CLKIN1_CLKOUT0)
                                                     -3.590    -2.593 r  dutclk/inst/mmcm_adv_inst/CLKOUT0
                         net (fo=1, routed)           1.044    -1.549    dutclk/inst/clk_out1_clk_wiz_0
    BUFGCTRL_X0Y16       BUFG (Prop_bufg_I_O)         0.030    -1.519 r  dutclk/inst/clkout1_buf/O
                         net (fo=11919, routed)       0.969    -0.551    cv32e40p_core_ip/core_i/sleep_unit_i/core_clock_gate_i/clk_gate_i/clk_out1
    SLICE_X89Y146        LUT2 (Prop_lut2_I0_O)        0.035    -0.516 r  cv32e40p_core_ip/core_i/sleep_unit_i/core_clock_gate_i/clk_gate_i/cnt_q[1]_i_5__0/O
                         net (fo=1, routed)           0.216    -0.300    cv32e40p_core_ip_n_101
    BUFGCTRL_X0Y0        BUFG (Prop_bufg_I_O)         0.030    -0.270 r  cnt_q_reg[1]_i_2/O
                         net (fo=1121, routed)        0.756     0.486    cv32e40p_core_ip/core_i/id_stage_i/clk
    SLICE_X96Y148        FDCE                                         r  cv32e40p_core_ip/core_i/id_stage_i/alu_operand_c_ex_o_reg[26]/C

Slack:                    inf
  Source:                 cv32e40p_core_ip/core_i/ex_stage_i/mult_i/__0/ACOUT[16]
                            (internal pin)
  Destination:            cv32e40p_core_ip/core_i/id_stage_i/alu_operand_c_ex_o_reg[29]/D
                            (rising edge-triggered cell FDCE clocked by clk_out1_clk_wiz_0_1  {rise@0.000ns fall@8.333ns period=16.667ns})
  Path Group:             (none)
  Path Type:              Hold (Min at Fast Process Corner)
  Data Path Delay:        1.763ns  (logic 0.799ns (45.310%)  route 0.964ns (54.690%))
  Logic Levels:           7  (CARRY4=2 DSP48E1=1 LUT3=1 LUT6=3)
  Clock Uncertainty:      0.424ns  ((TSJ^2 + DJ^2)^1/2) / 2 + PE
    Total System Jitter     (TSJ):    0.050ns
    Discrete Jitter          (DJ):    0.255ns
    Phase Error              (PE):    0.294ns

    Location             Delay type                Incr(ns)  Path(ns)    Netlist Resource(s)
  -------------------------------------------------------------------    -------------------
    DSP48_X4Y57          DSP48E1                      0.000     0.000 r  cv32e40p_core_ip/core_i/ex_stage_i/mult_i/__0/ACOUT[16]
                         net (fo=1, routed)           0.000     0.000    cv32e40p_core_ip/core_i/ex_stage_i/mult_i/__0_n_37
    DSP48_X4Y58          DSP48E1 (Prop_dsp48e1_ACIN[16]_P[9])
                                                      0.442     0.442 r  cv32e40p_core_ip/core_i/ex_stage_i/mult_i/__1/P[9]
                         net (fo=2, routed)           0.200     0.642    cv32e40p_core_ip/core_i/ex_stage_i/mult_i/__1_n_96
    SLICE_X97Y149        CARRY4 (Prop_carry4_DI[2]_O[3])
                                                      0.099     0.741 r  cv32e40p_core_ip/core_i/ex_stage_i/mult_i/_inferred__2/i__carry__1/O[3]
                         net (fo=3, routed)           0.271     1.013    cv32e40p_core_ip/core_i/id_stage_i/register_file_i/_inferred__7/i___0_carry__6[0]
    SLICE_X97Y146        LUT3 (Prop_lut3_I0_O)        0.071     1.084 r  cv32e40p_core_ip/core_i/id_stage_i/register_file_i/i___0_carry__6_i_3/O
                         net (fo=1, routed)           0.000     1.084    cv32e40p_core_ip/core_i/ex_stage_i/mult_i/wdata_b_q[28]_i_3_0[0]
    SLICE_X97Y146        CARRY4 (Prop_carry4_DI[0]_O[1])
                                                      0.065     1.149 r  cv32e40p_core_ip/core_i/ex_stage_i/mult_i/_inferred__7/i___0_carry__6/O[1]
                         net (fo=1, routed)           0.139     1.287    cv32e40p_core_ip/core_i/ex_stage_i/mult_i/_inferred__7/i___0_carry__6_n_6
    SLICE_X96Y146        LUT6 (Prop_lut6_I5_O)        0.066     1.353 r  cv32e40p_core_ip/core_i/ex_stage_i/mult_i/wdata_b_q[29]_i_3/O
                         net (fo=3, routed)           0.189     1.542    cv32e40p_core_ip/core_i/id_stage_i/register_file_i/wdata_b_q_reg[29]_1
    SLICE_X95Y148        LUT6 (Prop_lut6_I3_O)        0.028     1.570 r  cv32e40p_core_ip/core_i/id_stage_i/register_file_i/wdata_b_q[29]_i_1/O
                         net (fo=7, routed)           0.166     1.735    cv32e40p_core_ip/core_i/if_stage_i/regfile_alu_wdata_fw[22]
    SLICE_X95Y148        LUT6 (Prop_lut6_I0_O)        0.028     1.763 r  cv32e40p_core_ip/core_i/if_stage_i/alu_operand_c_ex_o[29]_i_1/O
                         net (fo=1, routed)           0.000     1.763    cv32e40p_core_ip/core_i/id_stage_i/alu_operand_c_ex_o_reg[31]_0[29]
    SLICE_X95Y148        FDCE                                         r  cv32e40p_core_ip/core_i/id_stage_i/alu_operand_c_ex_o_reg[29]/D
  -------------------------------------------------------------------    -------------------

                         (clock clk_out1_clk_wiz_0_1 rise edge)
                                                      0.000     0.000 r  
    H9                                                0.000     0.000 r  clk_p (IN)
                         net (fo=0)                   0.000     0.000    dutclk/inst/clk_in1_p
    H9                   IBUFDS (Prop_ibufds_I_O)     0.444     0.444 r  dutclk/inst/clkin1_ibufgds/O
                         net (fo=1, routed)           0.553     0.997    dutclk/inst/clk_in1_clk_wiz_0
    MMCME2_ADV_X1Y5      MMCME2_ADV (Prop_mmcme2_adv_CLKIN1_CLKOUT0)
                                                     -3.590    -2.593 r  dutclk/inst/mmcm_adv_inst/CLKOUT0
                         net (fo=1, routed)           1.044    -1.549    dutclk/inst/clk_out1_clk_wiz_0
    BUFGCTRL_X0Y16       BUFG (Prop_bufg_I_O)         0.030    -1.519 r  dutclk/inst/clkout1_buf/O
                         net (fo=11919, routed)       0.969    -0.551    cv32e40p_core_ip/core_i/sleep_unit_i/core_clock_gate_i/clk_gate_i/clk_out1
    SLICE_X89Y146        LUT2 (Prop_lut2_I0_O)        0.035    -0.516 r  cv32e40p_core_ip/core_i/sleep_unit_i/core_clock_gate_i/clk_gate_i/cnt_q[1]_i_5__0/O
                         net (fo=1, routed)           0.216    -0.300    cv32e40p_core_ip_n_101
    BUFGCTRL_X0Y0        BUFG (Prop_bufg_I_O)         0.030    -0.270 r  cnt_q_reg[1]_i_2/O
                         net (fo=1121, routed)        0.754     0.484    cv32e40p_core_ip/core_i/id_stage_i/clk
    SLICE_X95Y148        FDCE                                         r  cv32e40p_core_ip/core_i/id_stage_i/alu_operand_c_ex_o_reg[29]/C

Slack:                    inf
  Source:                 cv32e40p_core_ip/core_i/ex_stage_i/mult_i/__0/ACOUT[16]
                            (internal pin)
  Destination:            cv32e40p_core_ip/core_i/id_stage_i/register_file_i/wdata_b_q_reg[22]/D
                            (rising edge-triggered cell FDCE clocked by clk_out1_clk_wiz_0_1  {rise@0.000ns fall@8.333ns period=16.667ns})
  Path Group:             (none)
  Path Type:              Hold (Min at Fast Process Corner)
  Data Path Delay:        1.766ns  (logic 0.734ns (41.561%)  route 1.032ns (58.439%))
  Logic Levels:           7  (CARRY4=2 DSP48E1=1 LUT2=1 LUT5=1 LUT6=2)
  Clock Uncertainty:      0.424ns  ((TSJ^2 + DJ^2)^1/2) / 2 + PE
    Total System Jitter     (TSJ):    0.050ns
    Discrete Jitter          (DJ):    0.255ns
    Phase Error              (PE):    0.294ns

    Location             Delay type                Incr(ns)  Path(ns)    Netlist Resource(s)
  -------------------------------------------------------------------    -------------------
    DSP48_X4Y57          DSP48E1                      0.000     0.000 r  cv32e40p_core_ip/core_i/ex_stage_i/mult_i/__0/ACOUT[16]
                         net (fo=1, routed)           0.000     0.000    cv32e40p_core_ip/core_i/ex_stage_i/mult_i/__0_n_37
    DSP48_X4Y58          DSP48E1 (Prop_dsp48e1_ACIN[16]_P[5])
                                                      0.442     0.442 r  cv32e40p_core_ip/core_i/ex_stage_i/mult_i/__1/P[5]
                         net (fo=2, routed)           0.195     0.637    cv32e40p_core_ip/core_i/ex_stage_i/mult_i/__1_n_100
    SLICE_X97Y148        LUT2 (Prop_lut2_I0_O)        0.028     0.665 r  cv32e40p_core_ip/core_i/ex_stage_i/mult_i/i__carry__0_i_2/O
                         net (fo=1, routed)           0.000     0.665    cv32e40p_core_ip/core_i/ex_stage_i/mult_i/i__carry__0_i_2_n_0
    SLICE_X97Y148        CARRY4 (Prop_carry4_S[2]_O[2])
                                                      0.051     0.716 r  cv32e40p_core_ip/core_i/ex_stage_i/mult_i/_inferred__2/i__carry__0/O[2]
                         net (fo=3, routed)           0.208     0.925    cv32e40p_core_ip/core_i/id_stage_i/_inferred__7/i___0_carry__5[2]
    SLICE_X97Y144        LUT5 (Prop_lut5_I4_O)        0.067     0.992 r  cv32e40p_core_ip/core_i/id_stage_i/i___0_carry__4_i_6/O
                         net (fo=1, routed)           0.000     0.992    cv32e40p_core_ip/core_i/ex_stage_i/mult_i/wdata_b_q[20]_i_3_1[2]
    SLICE_X97Y144        CARRY4 (Prop_carry4_S[2]_O[2])
                                                      0.051     1.043 r  cv32e40p_core_ip/core_i/ex_stage_i/mult_i/_inferred__7/i___0_carry__4/O[2]
                         net (fo=1, routed)           0.106     1.148    cv32e40p_core_ip/core_i/ex_stage_i/mult_i/_inferred__7/i___0_carry__4_n_5
    SLICE_X96Y144        LUT6 (Prop_lut6_I5_O)        0.067     1.215 r  cv32e40p_core_ip/core_i/ex_stage_i/mult_i/wdata_b_q[22]_i_3/O
                         net (fo=1, routed)           0.187     1.403    cv32e40p_core_ip/core_i/id_stage_i/register_file_i/wdata_b_q_reg[22]_0
    SLICE_X94Y145        LUT6 (Prop_lut6_I3_O)        0.028     1.431 r  cv32e40p_core_ip/core_i/id_stage_i/register_file_i/wdata_b_q[22]_i_1/O
                         net (fo=5, routed)           0.335     1.766    cv32e40p_core_ip/core_i/id_stage_i/register_file_i/alu_en_ex_o_reg[22]
    SLICE_X107Y150       FDCE                                         r  cv32e40p_core_ip/core_i/id_stage_i/register_file_i/wdata_b_q_reg[22]/D
  -------------------------------------------------------------------    -------------------

                         (clock clk_out1_clk_wiz_0_1 rise edge)
                                                      0.000     0.000 r  
    H9                                                0.000     0.000 r  clk_p (IN)
                         net (fo=0)                   0.000     0.000    dutclk/inst/clk_in1_p
    H9                   IBUFDS (Prop_ibufds_I_O)     0.444     0.444 r  dutclk/inst/clkin1_ibufgds/O
                         net (fo=1, routed)           0.553     0.997    dutclk/inst/clk_in1_clk_wiz_0
    MMCME2_ADV_X1Y5      MMCME2_ADV (Prop_mmcme2_adv_CLKIN1_CLKOUT0)
                                                     -3.590    -2.593 r  dutclk/inst/mmcm_adv_inst/CLKOUT0
                         net (fo=1, routed)           1.044    -1.549    dutclk/inst/clk_out1_clk_wiz_0
    BUFGCTRL_X0Y16       BUFG (Prop_bufg_I_O)         0.030    -1.519 r  dutclk/inst/clkout1_buf/O
                         net (fo=11919, routed)       0.939    -0.580    cv32e40p_core_ip/core_i/sleep_unit_i/core_clock_gate_i/clk_gate_i/clk_out1
    SLICE_X90Y145        LUT3 (Prop_lut3_I0_O)        0.035    -0.545 r  cv32e40p_core_ip/core_i/sleep_unit_i/core_clock_gate_i/clk_gate_i/waddr_onehot_b_q[31]_i_3/O
                         net (fo=1, routed)           0.229    -0.316    cv32e40p_core_ip_n_90
    BUFGCTRL_X0Y1        BUFG (Prop_bufg_I_O)         0.030    -0.286 r  waddr_onehot_b_q_reg[31]_i_2/O
                         net (fo=95, routed)          0.754     0.468    cv32e40p_core_ip/core_i/id_stage_i/register_file_i/CLK
    SLICE_X107Y150       FDCE                                         r  cv32e40p_core_ip/core_i/id_stage_i/register_file_i/wdata_b_q_reg[22]/C

Slack:                    inf
  Source:                 cv32e40p_core_ip/core_i/ex_stage_i/mult_i/__0/ACOUT[16]
                            (internal pin)
  Destination:            cv32e40p_core_ip/core_i/id_stage_i/mult_operand_c_ex_o_reg[26]/D
                            (rising edge-triggered cell FDCE clocked by clk_out1_clk_wiz_0_1  {rise@0.000ns fall@8.333ns period=16.667ns})
  Path Group:             (none)
  Path Type:              Hold (Min at Fast Process Corner)
  Data Path Delay:        1.769ns  (logic 0.759ns (42.895%)  route 1.010ns (57.105%))
  Logic Levels:           8  (CARRY4=2 DSP48E1=1 LUT2=1 LUT5=1 LUT6=3)
  Clock Uncertainty:      0.424ns  ((TSJ^2 + DJ^2)^1/2) / 2 + PE
    Total System Jitter     (TSJ):    0.050ns
    Discrete Jitter          (DJ):    0.255ns
    Phase Error              (PE):    0.294ns

    Location             Delay type                Incr(ns)  Path(ns)    Netlist Resource(s)
  -------------------------------------------------------------------    -------------------
    DSP48_X4Y57          DSP48E1                      0.000     0.000 r  cv32e40p_core_ip/core_i/ex_stage_i/mult_i/__0/ACOUT[16]
                         net (fo=1, routed)           0.000     0.000    cv32e40p_core_ip/core_i/ex_stage_i/mult_i/__0_n_37
    DSP48_X4Y58          DSP48E1 (Prop_dsp48e1_ACIN[16]_P[8])
                                                      0.442     0.442 r  cv32e40p_core_ip/core_i/ex_stage_i/mult_i/__1/P[8]
                         net (fo=2, routed)           0.196     0.638    cv32e40p_core_ip/core_i/ex_stage_i/mult_i/__1_n_97
    SLICE_X97Y149        LUT2 (Prop_lut2_I0_O)        0.028     0.666 r  cv32e40p_core_ip/core_i/ex_stage_i/mult_i/i__carry__1_i_3/O
                         net (fo=1, routed)           0.000     0.666    cv32e40p_core_ip/core_i/ex_stage_i/mult_i/i__carry__1_i_3_n_0
    SLICE_X97Y149        CARRY4 (Prop_carry4_S[1]_O[1])
                                                      0.049     0.715 r  cv32e40p_core_ip/core_i/ex_stage_i/mult_i/_inferred__2/i__carry__1/O[1]
                         net (fo=3, routed)           0.243     0.959    cv32e40p_core_ip/core_i/id_stage_i/_inferred__7/i___0_carry__5_0[1]
    SLICE_X97Y145        LUT5 (Prop_lut5_I1_O)        0.066     1.025 r  cv32e40p_core_ip/core_i/id_stage_i/i___0_carry__5_i_6/O
                         net (fo=1, routed)           0.000     1.025    cv32e40p_core_ip/core_i/ex_stage_i/mult_i/wdata_b_q[24]_i_3_1[2]
    SLICE_X97Y145        CARRY4 (Prop_carry4_S[2]_O[2])
                                                      0.051     1.076 r  cv32e40p_core_ip/core_i/ex_stage_i/mult_i/_inferred__7/i___0_carry__5/O[2]
                         net (fo=1, routed)           0.105     1.180    cv32e40p_core_ip/core_i/ex_stage_i/mult_i/_inferred__7/i___0_carry__5_n_5
    SLICE_X96Y145        LUT6 (Prop_lut6_I5_O)        0.067     1.247 r  cv32e40p_core_ip/core_i/ex_stage_i/mult_i/wdata_b_q[26]_i_3/O
                         net (fo=3, routed)           0.245     1.493    cv32e40p_core_ip/core_i/id_stage_i/register_file_i/wdata_b_q_reg[26]_0
    SLICE_X96Y149        LUT6 (Prop_lut6_I3_O)        0.028     1.521 r  cv32e40p_core_ip/core_i/id_stage_i/register_file_i/wdata_b_q[26]_i_1/O
                         net (fo=3, routed)           0.221     1.741    cv32e40p_core_ip/core_i/id_stage_i/register_file_i/alu_en_ex_o_reg[26]
    SLICE_X98Y148        LUT6 (Prop_lut6_I1_O)        0.028     1.769 r  cv32e40p_core_ip/core_i/id_stage_i/register_file_i/mult_operand_c_ex_o[26]_i_1/O
                         net (fo=1, routed)           0.000     1.769    cv32e40p_core_ip/core_i/id_stage_i/register_file_i_n_493
    SLICE_X98Y148        FDCE                                         r  cv32e40p_core_ip/core_i/id_stage_i/mult_operand_c_ex_o_reg[26]/D
  -------------------------------------------------------------------    -------------------

                         (clock clk_out1_clk_wiz_0_1 rise edge)
                                                      0.000     0.000 r  
    H9                                                0.000     0.000 r  clk_p (IN)
                         net (fo=0)                   0.000     0.000    dutclk/inst/clk_in1_p
    H9                   IBUFDS (Prop_ibufds_I_O)     0.444     0.444 r  dutclk/inst/clkin1_ibufgds/O
                         net (fo=1, routed)           0.553     0.997    dutclk/inst/clk_in1_clk_wiz_0
    MMCME2_ADV_X1Y5      MMCME2_ADV (Prop_mmcme2_adv_CLKIN1_CLKOUT0)
                                                     -3.590    -2.593 r  dutclk/inst/mmcm_adv_inst/CLKOUT0
                         net (fo=1, routed)           1.044    -1.549    dutclk/inst/clk_out1_clk_wiz_0
    BUFGCTRL_X0Y16       BUFG (Prop_bufg_I_O)         0.030    -1.519 r  dutclk/inst/clkout1_buf/O
                         net (fo=11919, routed)       0.969    -0.551    cv32e40p_core_ip/core_i/sleep_unit_i/core_clock_gate_i/clk_gate_i/clk_out1
    SLICE_X89Y146        LUT2 (Prop_lut2_I0_O)        0.035    -0.516 r  cv32e40p_core_ip/core_i/sleep_unit_i/core_clock_gate_i/clk_gate_i/cnt_q[1]_i_5__0/O
                         net (fo=1, routed)           0.216    -0.300    cv32e40p_core_ip_n_101
    BUFGCTRL_X0Y0        BUFG (Prop_bufg_I_O)         0.030    -0.270 r  cnt_q_reg[1]_i_2/O
                         net (fo=1121, routed)        0.759     0.489    cv32e40p_core_ip/core_i/id_stage_i/clk
    SLICE_X98Y148        FDCE                                         r  cv32e40p_core_ip/core_i/id_stage_i/mult_operand_c_ex_o_reg[26]/C

Slack:                    inf
  Source:                 cv32e40p_core_ip/core_i/ex_stage_i/mult_i/__0/ACOUT[16]
                            (internal pin)
  Destination:            cv32e40p_core_ip/core_i/id_stage_i/register_file_i/wdata_b_q_reg[31]/D
                            (rising edge-triggered cell FDCE clocked by clk_out1_clk_wiz_0_1  {rise@0.000ns fall@8.333ns period=16.667ns})
  Path Group:             (none)
  Path Type:              Hold (Min at Fast Process Corner)
  Data Path Delay:        1.779ns  (logic 0.732ns (41.151%)  route 1.047ns (58.849%))
  Logic Levels:           7  (CARRY4=2 DSP48E1=1 LUT2=1 LUT5=1 LUT6=2)
  Clock Uncertainty:      0.424ns  ((TSJ^2 + DJ^2)^1/2) / 2 + PE
    Total System Jitter     (TSJ):    0.050ns
    Discrete Jitter          (DJ):    0.255ns
    Phase Error              (PE):    0.294ns

    Location             Delay type                Incr(ns)  Path(ns)    Netlist Resource(s)
  -------------------------------------------------------------------    -------------------
    DSP48_X4Y57          DSP48E1                      0.000     0.000 r  cv32e40p_core_ip/core_i/ex_stage_i/mult_i/__0/ACOUT[16]
                         net (fo=1, routed)           0.000     0.000    cv32e40p_core_ip/core_i/ex_stage_i/mult_i/__0_n_37
    DSP48_X4Y58          DSP48E1 (Prop_dsp48e1_ACIN[16]_P[14])
                                                      0.442     0.442 r  cv32e40p_core_ip/core_i/ex_stage_i/mult_i/__1/P[14]
                         net (fo=1, routed)           0.258     0.700    cv32e40p_core_ip/core_i/ex_stage_i/mult_i/__1_n_91
    SLICE_X97Y150        LUT2 (Prop_lut2_I1_O)        0.028     0.728 r  cv32e40p_core_ip/core_i/ex_stage_i/mult_i/i__carry__2_i_1/O
                         net (fo=1, routed)           0.000     0.728    cv32e40p_core_ip/core_i/ex_stage_i/mult_i/i__carry__2_i_1_n_0
    SLICE_X97Y150        CARRY4 (Prop_carry4_S[3]_O[3])
                                                      0.049     0.777 r  cv32e40p_core_ip/core_i/ex_stage_i/mult_i/_inferred__2/i__carry__2/O[3]
                         net (fo=1, routed)           0.207     0.984    cv32e40p_core_ip/core_i/id_stage_i/register_file_i/_inferred__7/i___0_carry__6_2[3]
    SLICE_X97Y146        LUT5 (Prop_lut5_I4_O)        0.068     1.052 r  cv32e40p_core_ip/core_i/id_stage_i/register_file_i/i___0_carry__6_i_4/O
                         net (fo=1, routed)           0.000     1.052    cv32e40p_core_ip/core_i/ex_stage_i/mult_i/wdata_b_q[28]_i_3_1[3]
    SLICE_X97Y146        CARRY4 (Prop_carry4_S[3]_O[3])
                                                      0.049     1.101 r  cv32e40p_core_ip/core_i/ex_stage_i/mult_i/_inferred__7/i___0_carry__6/O[3]
                         net (fo=1, routed)           0.107     1.208    cv32e40p_core_ip/core_i/ex_stage_i/mult_i/_inferred__7/i___0_carry__6_n_4
    SLICE_X98Y146        LUT6 (Prop_lut6_I5_O)        0.068     1.276 r  cv32e40p_core_ip/core_i/ex_stage_i/mult_i/wdata_b_q[31]_i_3/O
                         net (fo=1, routed)           0.217     1.493    cv32e40p_core_ip/core_i/id_stage_i/register_file_i/wdata_b_q_reg[31]_2
    SLICE_X95Y146        LUT6 (Prop_lut6_I3_O)        0.028     1.521 r  cv32e40p_core_ip/core_i/id_stage_i/register_file_i/wdata_b_q[31]_i_1/O
                         net (fo=5, routed)           0.258     1.779    cv32e40p_core_ip/core_i/id_stage_i/register_file_i/alu_en_ex_o_reg[31]
    SLICE_X107Y150       FDCE                                         r  cv32e40p_core_ip/core_i/id_stage_i/register_file_i/wdata_b_q_reg[31]/D
  -------------------------------------------------------------------    -------------------

                         (clock clk_out1_clk_wiz_0_1 rise edge)
                                                      0.000     0.000 r  
    H9                                                0.000     0.000 r  clk_p (IN)
                         net (fo=0)                   0.000     0.000    dutclk/inst/clk_in1_p
    H9                   IBUFDS (Prop_ibufds_I_O)     0.444     0.444 r  dutclk/inst/clkin1_ibufgds/O
                         net (fo=1, routed)           0.553     0.997    dutclk/inst/clk_in1_clk_wiz_0
    MMCME2_ADV_X1Y5      MMCME2_ADV (Prop_mmcme2_adv_CLKIN1_CLKOUT0)
                                                     -3.590    -2.593 r  dutclk/inst/mmcm_adv_inst/CLKOUT0
                         net (fo=1, routed)           1.044    -1.549    dutclk/inst/clk_out1_clk_wiz_0
    BUFGCTRL_X0Y16       BUFG (Prop_bufg_I_O)         0.030    -1.519 r  dutclk/inst/clkout1_buf/O
                         net (fo=11919, routed)       0.939    -0.580    cv32e40p_core_ip/core_i/sleep_unit_i/core_clock_gate_i/clk_gate_i/clk_out1
    SLICE_X90Y145        LUT3 (Prop_lut3_I0_O)        0.035    -0.545 r  cv32e40p_core_ip/core_i/sleep_unit_i/core_clock_gate_i/clk_gate_i/waddr_onehot_b_q[31]_i_3/O
                         net (fo=1, routed)           0.229    -0.316    cv32e40p_core_ip_n_90
    BUFGCTRL_X0Y1        BUFG (Prop_bufg_I_O)         0.030    -0.286 r  waddr_onehot_b_q_reg[31]_i_2/O
                         net (fo=95, routed)          0.754     0.468    cv32e40p_core_ip/core_i/id_stage_i/register_file_i/CLK
    SLICE_X107Y150       FDCE                                         r  cv32e40p_core_ip/core_i/id_stage_i/register_file_i/wdata_b_q_reg[31]/C

Slack:                    inf
  Source:                 cv32e40p_core_ip/core_i/ex_stage_i/mult_i/__0/ACOUT[16]
                            (internal pin)
  Destination:            cv32e40p_core_ip/core_i/id_stage_i/register_file_i/wdata_b_q_reg[26]/D
                            (rising edge-triggered cell FDCE clocked by clk_out1_clk_wiz_0_1  {rise@0.000ns fall@8.333ns period=16.667ns})
  Path Group:             (none)
  Path Type:              Hold (Min at Fast Process Corner)
  Data Path Delay:        1.780ns  (logic 0.731ns (41.075%)  route 1.049ns (58.925%))
  Logic Levels:           7  (CARRY4=2 DSP48E1=1 LUT2=1 LUT5=1 LUT6=2)
  Clock Uncertainty:      0.424ns  ((TSJ^2 + DJ^2)^1/2) / 2 + PE
    Total System Jitter     (TSJ):    0.050ns
    Discrete Jitter          (DJ):    0.255ns
    Phase Error              (PE):    0.294ns

    Location             Delay type                Incr(ns)  Path(ns)    Netlist Resource(s)
  -------------------------------------------------------------------    -------------------
    DSP48_X4Y57          DSP48E1                      0.000     0.000 r  cv32e40p_core_ip/core_i/ex_stage_i/mult_i/__0/ACOUT[16]
                         net (fo=1, routed)           0.000     0.000    cv32e40p_core_ip/core_i/ex_stage_i/mult_i/__0_n_37
    DSP48_X4Y58          DSP48E1 (Prop_dsp48e1_ACIN[16]_P[8])
                                                      0.442     0.442 r  cv32e40p_core_ip/core_i/ex_stage_i/mult_i/__1/P[8]
                         net (fo=2, routed)           0.196     0.638    cv32e40p_core_ip/core_i/ex_stage_i/mult_i/__1_n_97
    SLICE_X97Y149        LUT2 (Prop_lut2_I0_O)        0.028     0.666 r  cv32e40p_core_ip/core_i/ex_stage_i/mult_i/i__carry__1_i_3/O
                         net (fo=1, routed)           0.000     0.666    cv32e40p_core_ip/core_i/ex_stage_i/mult_i/i__carry__1_i_3_n_0
    SLICE_X97Y149        CARRY4 (Prop_carry4_S[1]_O[1])
                                                      0.049     0.715 r  cv32e40p_core_ip/core_i/ex_stage_i/mult_i/_inferred__2/i__carry__1/O[1]
                         net (fo=3, routed)           0.243     0.959    cv32e40p_core_ip/core_i/id_stage_i/_inferred__7/i___0_carry__5_0[1]
    SLICE_X97Y145        LUT5 (Prop_lut5_I1_O)        0.066     1.025 r  cv32e40p_core_ip/core_i/id_stage_i/i___0_carry__5_i_6/O
                         net (fo=1, routed)           0.000     1.025    cv32e40p_core_ip/core_i/ex_stage_i/mult_i/wdata_b_q[24]_i_3_1[2]
    SLICE_X97Y145        CARRY4 (Prop_carry4_S[2]_O[2])
                                                      0.051     1.076 r  cv32e40p_core_ip/core_i/ex_stage_i/mult_i/_inferred__7/i___0_carry__5/O[2]
                         net (fo=1, routed)           0.105     1.180    cv32e40p_core_ip/core_i/ex_stage_i/mult_i/_inferred__7/i___0_carry__5_n_5
    SLICE_X96Y145        LUT6 (Prop_lut6_I5_O)        0.067     1.247 r  cv32e40p_core_ip/core_i/ex_stage_i/mult_i/wdata_b_q[26]_i_3/O
                         net (fo=3, routed)           0.245     1.493    cv32e40p_core_ip/core_i/id_stage_i/register_file_i/wdata_b_q_reg[26]_0
    SLICE_X96Y149        LUT6 (Prop_lut6_I3_O)        0.028     1.521 r  cv32e40p_core_ip/core_i/id_stage_i/register_file_i/wdata_b_q[26]_i_1/O
                         net (fo=3, routed)           0.259     1.780    cv32e40p_core_ip/core_i/id_stage_i/register_file_i/alu_en_ex_o_reg[26]
    SLICE_X102Y147       FDCE                                         r  cv32e40p_core_ip/core_i/id_stage_i/register_file_i/wdata_b_q_reg[26]/D
  -------------------------------------------------------------------    -------------------

                         (clock clk_out1_clk_wiz_0_1 rise edge)
                                                      0.000     0.000 r  
    H9                                                0.000     0.000 r  clk_p (IN)
                         net (fo=0)                   0.000     0.000    dutclk/inst/clk_in1_p
    H9                   IBUFDS (Prop_ibufds_I_O)     0.444     0.444 r  dutclk/inst/clkin1_ibufgds/O
                         net (fo=1, routed)           0.553     0.997    dutclk/inst/clk_in1_clk_wiz_0
    MMCME2_ADV_X1Y5      MMCME2_ADV (Prop_mmcme2_adv_CLKIN1_CLKOUT0)
                                                     -3.590    -2.593 r  dutclk/inst/mmcm_adv_inst/CLKOUT0
                         net (fo=1, routed)           1.044    -1.549    dutclk/inst/clk_out1_clk_wiz_0
    BUFGCTRL_X0Y16       BUFG (Prop_bufg_I_O)         0.030    -1.519 r  dutclk/inst/clkout1_buf/O
                         net (fo=11919, routed)       0.939    -0.580    cv32e40p_core_ip/core_i/sleep_unit_i/core_clock_gate_i/clk_gate_i/clk_out1
    SLICE_X90Y145        LUT3 (Prop_lut3_I0_O)        0.035    -0.545 r  cv32e40p_core_ip/core_i/sleep_unit_i/core_clock_gate_i/clk_gate_i/waddr_onehot_b_q[31]_i_3/O
                         net (fo=1, routed)           0.229    -0.316    cv32e40p_core_ip_n_90
    BUFGCTRL_X0Y1        BUFG (Prop_bufg_I_O)         0.030    -0.286 r  waddr_onehot_b_q_reg[31]_i_2/O
                         net (fo=95, routed)          0.761     0.475    cv32e40p_core_ip/core_i/id_stage_i/register_file_i/CLK
    SLICE_X102Y147       FDCE                                         r  cv32e40p_core_ip/core_i/id_stage_i/register_file_i/wdata_b_q_reg[26]/C

Slack:                    inf
  Source:                 cv32e40p_core_ip/core_i/ex_stage_i/mult_i/__0/ACOUT[16]
                            (internal pin)
  Destination:            cv32e40p_core_ip/core_i/id_stage_i/register_file_i/wdata_b_q_reg[21]/D
                            (rising edge-triggered cell FDCE clocked by clk_out1_clk_wiz_0_1  {rise@0.000ns fall@8.333ns period=16.667ns})
  Path Group:             (none)
  Path Type:              Hold (Min at Fast Process Corner)
  Data Path Delay:        1.806ns  (logic 0.774ns (42.866%)  route 1.032ns (57.134%))
  Logic Levels:           7  (CARRY4=2 DSP48E1=1 LUT2=1 LUT3=1 LUT6=2)
  Clock Uncertainty:      0.424ns  ((TSJ^2 + DJ^2)^1/2) / 2 + PE
    Total System Jitter     (TSJ):    0.050ns
    Discrete Jitter          (DJ):    0.255ns
    Phase Error              (PE):    0.294ns

    Location             Delay type                Incr(ns)  Path(ns)    Netlist Resource(s)
  -------------------------------------------------------------------    -------------------
    DSP48_X4Y57          DSP48E1                      0.000     0.000 r  cv32e40p_core_ip/core_i/ex_stage_i/mult_i/__0/ACOUT[16]
                         net (fo=1, routed)           0.000     0.000    cv32e40p_core_ip/core_i/ex_stage_i/mult_i/__0_n_37
    DSP48_X4Y58          DSP48E1 (Prop_dsp48e1_ACIN[16]_P[1])
                                                      0.442     0.442 r  cv32e40p_core_ip/core_i/ex_stage_i/mult_i/__1/P[1]
                         net (fo=2, routed)           0.195     0.637    cv32e40p_core_ip/core_i/ex_stage_i/mult_i/__1_n_104
    SLICE_X97Y147        LUT2 (Prop_lut2_I0_O)        0.028     0.665 r  cv32e40p_core_ip/core_i/ex_stage_i/mult_i/i__carry_i_2/O
                         net (fo=1, routed)           0.000     0.665    cv32e40p_core_ip/core_i/ex_stage_i/mult_i/i__carry_i_2_n_0
    SLICE_X97Y147        CARRY4 (Prop_carry4_S[2]_O[3])
                                                      0.075     0.740 r  cv32e40p_core_ip/core_i/ex_stage_i/mult_i/_inferred__2/i__carry/O[3]
                         net (fo=3, routed)           0.221     0.961    cv32e40p_core_ip/core_i/id_stage_i/_inferred__7/i___0_carry__4[3]
    SLICE_X97Y144        LUT3 (Prop_lut3_I0_O)        0.070     1.031 r  cv32e40p_core_ip/core_i/id_stage_i/i___0_carry__4_i_4/O
                         net (fo=1, routed)           0.000     1.031    cv32e40p_core_ip/core_i/ex_stage_i/mult_i/wdata_b_q[20]_i_3_0[0]
    SLICE_X97Y144        CARRY4 (Prop_carry4_DI[0]_O[1])
                                                      0.065     1.096 r  cv32e40p_core_ip/core_i/ex_stage_i/mult_i/_inferred__7/i___0_carry__4/O[1]
                         net (fo=1, routed)           0.162     1.258    cv32e40p_core_ip/core_i/ex_stage_i/mult_i/_inferred__7/i___0_carry__4_n_6
    SLICE_X95Y144        LUT6 (Prop_lut6_I5_O)        0.066     1.324 r  cv32e40p_core_ip/core_i/ex_stage_i/mult_i/wdata_b_q[21]_i_3/O
                         net (fo=1, routed)           0.161     1.485    cv32e40p_core_ip/core_i/id_stage_i/register_file_i/wdata_b_q_reg[21]_0
    SLICE_X95Y146        LUT6 (Prop_lut6_I3_O)        0.028     1.513 r  cv32e40p_core_ip/core_i/id_stage_i/register_file_i/wdata_b_q[21]_i_1/O
                         net (fo=5, routed)           0.292     1.806    cv32e40p_core_ip/core_i/id_stage_i/register_file_i/alu_en_ex_o_reg[21]
    SLICE_X107Y150       FDCE                                         r  cv32e40p_core_ip/core_i/id_stage_i/register_file_i/wdata_b_q_reg[21]/D
  -------------------------------------------------------------------    -------------------

                         (clock clk_out1_clk_wiz_0_1 rise edge)
                                                      0.000     0.000 r  
    H9                                                0.000     0.000 r  clk_p (IN)
                         net (fo=0)                   0.000     0.000    dutclk/inst/clk_in1_p
    H9                   IBUFDS (Prop_ibufds_I_O)     0.444     0.444 r  dutclk/inst/clkin1_ibufgds/O
                         net (fo=1, routed)           0.553     0.997    dutclk/inst/clk_in1_clk_wiz_0
    MMCME2_ADV_X1Y5      MMCME2_ADV (Prop_mmcme2_adv_CLKIN1_CLKOUT0)
                                                     -3.590    -2.593 r  dutclk/inst/mmcm_adv_inst/CLKOUT0
                         net (fo=1, routed)           1.044    -1.549    dutclk/inst/clk_out1_clk_wiz_0
    BUFGCTRL_X0Y16       BUFG (Prop_bufg_I_O)         0.030    -1.519 r  dutclk/inst/clkout1_buf/O
                         net (fo=11919, routed)       0.939    -0.580    cv32e40p_core_ip/core_i/sleep_unit_i/core_clock_gate_i/clk_gate_i/clk_out1
    SLICE_X90Y145        LUT3 (Prop_lut3_I0_O)        0.035    -0.545 r  cv32e40p_core_ip/core_i/sleep_unit_i/core_clock_gate_i/clk_gate_i/waddr_onehot_b_q[31]_i_3/O
                         net (fo=1, routed)           0.229    -0.316    cv32e40p_core_ip_n_90
    BUFGCTRL_X0Y1        BUFG (Prop_bufg_I_O)         0.030    -0.286 r  waddr_onehot_b_q_reg[31]_i_2/O
                         net (fo=95, routed)          0.754     0.468    cv32e40p_core_ip/core_i/id_stage_i/register_file_i/CLK
    SLICE_X107Y150       FDCE                                         r  cv32e40p_core_ip/core_i/id_stage_i/register_file_i/wdata_b_q_reg[21]/C

Slack:                    inf
  Source:                 cv32e40p_core_ip/core_i/ex_stage_i/mult_i/__0/ACOUT[16]
                            (internal pin)
  Destination:            cv32e40p_core_ip/core_i/id_stage_i/alu_operand_c_ex_o_reg[28]/D
                            (rising edge-triggered cell FDCE clocked by clk_out1_clk_wiz_0_1  {rise@0.000ns fall@8.333ns period=16.667ns})
  Path Group:             (none)
  Path Type:              Hold (Min at Fast Process Corner)
  Data Path Delay:        1.808ns  (logic 0.786ns (43.466%)  route 1.022ns (56.534%))
  Logic Levels:           7  (CARRY4=2 DSP48E1=1 LUT5=1 LUT6=3)
  Clock Uncertainty:      0.424ns  ((TSJ^2 + DJ^2)^1/2) / 2 + PE
    Total System Jitter     (TSJ):    0.050ns
    Discrete Jitter          (DJ):    0.255ns
    Phase Error              (PE):    0.294ns

    Location             Delay type                Incr(ns)  Path(ns)    Netlist Resource(s)
  -------------------------------------------------------------------    -------------------
    DSP48_X4Y57          DSP48E1                      0.000     0.000 r  cv32e40p_core_ip/core_i/ex_stage_i/mult_i/__0/ACOUT[16]
                         net (fo=1, routed)           0.000     0.000    cv32e40p_core_ip/core_i/ex_stage_i/mult_i/__0_n_37
    DSP48_X4Y58          DSP48E1 (Prop_dsp48e1_ACIN[16]_P[9])
                                                      0.442     0.442 r  cv32e40p_core_ip/core_i/ex_stage_i/mult_i/__1/P[9]
                         net (fo=2, routed)           0.200     0.642    cv32e40p_core_ip/core_i/ex_stage_i/mult_i/__1_n_96
    SLICE_X97Y149        CARRY4 (Prop_carry4_DI[2]_O[3])
                                                      0.099     0.741 r  cv32e40p_core_ip/core_i/ex_stage_i/mult_i/_inferred__2/i__carry__1/O[3]
                         net (fo=3, routed)           0.271     1.013    cv32e40p_core_ip/core_i/id_stage_i/register_file_i/_inferred__7/i___0_carry__6[0]
    SLICE_X97Y146        LUT5 (Prop_lut5_I1_O)        0.068     1.081 r  cv32e40p_core_ip/core_i/id_stage_i/register_file_i/i___0_carry__6_i_7/O
                         net (fo=1, routed)           0.000     1.081    cv32e40p_core_ip/core_i/ex_stage_i/mult_i/wdata_b_q[28]_i_3_1[0]
    SLICE_X97Y146        CARRY4 (Prop_carry4_S[0]_O[0])
                                                      0.055     1.136 r  cv32e40p_core_ip/core_i/ex_stage_i/mult_i/_inferred__7/i___0_carry__6/O[0]
                         net (fo=1, routed)           0.172     1.307    cv32e40p_core_ip/core_i/ex_stage_i/mult_i/_inferred__7/i___0_carry__6_n_7
    SLICE_X98Y146        LUT6 (Prop_lut6_I5_O)        0.066     1.373 r  cv32e40p_core_ip/core_i/ex_stage_i/mult_i/wdata_b_q[28]_i_3/O
                         net (fo=3, routed)           0.252     1.625    cv32e40p_core_ip/core_i/id_stage_i/register_file_i/wdata_b_q_reg[28]_2
    SLICE_X101Y149       LUT6 (Prop_lut6_I3_O)        0.028     1.653 r  cv32e40p_core_ip/core_i/id_stage_i/register_file_i/wdata_b_q[28]_i_1/O
                         net (fo=3, routed)           0.127     1.780    cv32e40p_core_ip/core_i/if_stage_i/regfile_alu_wdata_fw[21]
    SLICE_X100Y148       LUT6 (Prop_lut6_I0_O)        0.028     1.808 r  cv32e40p_core_ip/core_i/if_stage_i/alu_operand_c_ex_o[28]_i_1/O
                         net (fo=1, routed)           0.000     1.808    cv32e40p_core_ip/core_i/id_stage_i/alu_operand_c_ex_o_reg[31]_0[28]
    SLICE_X100Y148       FDCE                                         r  cv32e40p_core_ip/core_i/id_stage_i/alu_operand_c_ex_o_reg[28]/D
  -------------------------------------------------------------------    -------------------

                         (clock clk_out1_clk_wiz_0_1 rise edge)
                                                      0.000     0.000 r  
    H9                                                0.000     0.000 r  clk_p (IN)
                         net (fo=0)                   0.000     0.000    dutclk/inst/clk_in1_p
    H9                   IBUFDS (Prop_ibufds_I_O)     0.444     0.444 r  dutclk/inst/clkin1_ibufgds/O
                         net (fo=1, routed)           0.553     0.997    dutclk/inst/clk_in1_clk_wiz_0
    MMCME2_ADV_X1Y5      MMCME2_ADV (Prop_mmcme2_adv_CLKIN1_CLKOUT0)
                                                     -3.590    -2.593 r  dutclk/inst/mmcm_adv_inst/CLKOUT0
                         net (fo=1, routed)           1.044    -1.549    dutclk/inst/clk_out1_clk_wiz_0
    BUFGCTRL_X0Y16       BUFG (Prop_bufg_I_O)         0.030    -1.519 r  dutclk/inst/clkout1_buf/O
                         net (fo=11919, routed)       0.969    -0.551    cv32e40p_core_ip/core_i/sleep_unit_i/core_clock_gate_i/clk_gate_i/clk_out1
    SLICE_X89Y146        LUT2 (Prop_lut2_I0_O)        0.035    -0.516 r  cv32e40p_core_ip/core_i/sleep_unit_i/core_clock_gate_i/clk_gate_i/cnt_q[1]_i_5__0/O
                         net (fo=1, routed)           0.216    -0.300    cv32e40p_core_ip_n_101
    BUFGCTRL_X0Y0        BUFG (Prop_bufg_I_O)         0.030    -0.270 r  cnt_q_reg[1]_i_2/O
                         net (fo=1121, routed)        0.759     0.489    cv32e40p_core_ip/core_i/id_stage_i/clk
    SLICE_X100Y148       FDCE                                         r  cv32e40p_core_ip/core_i/id_stage_i/alu_operand_c_ex_o_reg[28]/C

Slack:                    inf
  Source:                 cv32e40p_core_ip/core_i/ex_stage_i/mult_i/__0/ACOUT[16]
                            (internal pin)
  Destination:            cv32e40p_core_ip/core_i/id_stage_i/alu_operand_b_ex_o_reg[18]/D
                            (rising edge-triggered cell FDCE clocked by clk_out1_clk_wiz_0_1  {rise@0.000ns fall@8.333ns period=16.667ns})
  Path Group:             (none)
  Path Type:              Hold (Min at Fast Process Corner)
  Data Path Delay:        1.809ns  (logic 0.762ns (42.132%)  route 1.047ns (57.868%))
  Logic Levels:           8  (CARRY4=2 DSP48E1=1 LUT2=1 LUT5=1 LUT6=3)
  Clock Uncertainty:      0.424ns  ((TSJ^2 + DJ^2)^1/2) / 2 + PE
    Total System Jitter     (TSJ):    0.050ns
    Discrete Jitter          (DJ):    0.255ns
    Phase Error              (PE):    0.294ns

    Location             Delay type                Incr(ns)  Path(ns)    Netlist Resource(s)
  -------------------------------------------------------------------    -------------------
    DSP48_X4Y57          DSP48E1                      0.000     0.000 r  cv32e40p_core_ip/core_i/ex_stage_i/mult_i/__0/ACOUT[16]
                         net (fo=1, routed)           0.000     0.000    cv32e40p_core_ip/core_i/ex_stage_i/mult_i/__0_n_37
    DSP48_X4Y58          DSP48E1 (Prop_dsp48e1_ACIN[16]_P[1])
                                                      0.442     0.442 r  cv32e40p_core_ip/core_i/ex_stage_i/mult_i/__1/P[1]
                         net (fo=2, routed)           0.195     0.637    cv32e40p_core_ip/core_i/ex_stage_i/mult_i/__1_n_104
    SLICE_X97Y147        LUT2 (Prop_lut2_I0_O)        0.028     0.665 r  cv32e40p_core_ip/core_i/ex_stage_i/mult_i/i__carry_i_2/O
                         net (fo=1, routed)           0.000     0.665    cv32e40p_core_ip/core_i/ex_stage_i/mult_i/i__carry_i_2_n_0
    SLICE_X97Y147        CARRY4 (Prop_carry4_S[2]_O[2])
                                                      0.051     0.716 r  cv32e40p_core_ip/core_i/ex_stage_i/mult_i/_inferred__2/i__carry/O[2]
                         net (fo=3, routed)           0.209     0.926    cv32e40p_core_ip/core_i/id_stage_i/_inferred__7/i___0_carry__4[2]
    SLICE_X97Y143        LUT5 (Prop_lut5_I4_O)        0.067     0.993 r  cv32e40p_core_ip/core_i/id_stage_i/i___0_carry__3_i_6/O
                         net (fo=1, routed)           0.000     0.993    cv32e40p_core_ip/core_i/ex_stage_i/mult_i/alu_operand_a_ex_o[16]_i_7_1[2]
    SLICE_X97Y143        CARRY4 (Prop_carry4_S[2]_O[2])
                                                      0.051     1.044 r  cv32e40p_core_ip/core_i/ex_stage_i/mult_i/_inferred__7/i___0_carry__3/O[2]
                         net (fo=1, routed)           0.106     1.149    cv32e40p_core_ip/core_i/ex_stage_i/mult_i/_inferred__7/i___0_carry__3_n_5
    SLICE_X96Y143        LUT6 (Prop_lut6_I5_O)        0.067     1.216 r  cv32e40p_core_ip/core_i/ex_stage_i/mult_i/wdata_b_q[18]_i_3/O
                         net (fo=3, routed)           0.303     1.519    cv32e40p_core_ip/core_i/id_stage_i/register_file_i/wdata_b_q_reg[18]_2
    SLICE_X100Y150       LUT6 (Prop_lut6_I3_O)        0.028     1.547 f  cv32e40p_core_ip/core_i/id_stage_i/register_file_i/alu_operand_a_ex_o[18]_i_2/O
                         net (fo=6, routed)           0.233     1.781    cv32e40p_core_ip/core_i/id_stage_i/register_file_i/instr_rdata_id_o_reg[24]_3
    SLICE_X98Y150        LUT6 (Prop_lut6_I0_O)        0.028     1.809 r  cv32e40p_core_ip/core_i/id_stage_i/register_file_i/alu_operand_b_ex_o[18]_i_1/O
                         net (fo=1, routed)           0.000     1.809    cv32e40p_core_ip/core_i/id_stage_i/register_file_i_n_14
    SLICE_X98Y150        FDCE                                         r  cv32e40p_core_ip/core_i/id_stage_i/alu_operand_b_ex_o_reg[18]/D
  -------------------------------------------------------------------    -------------------

                         (clock clk_out1_clk_wiz_0_1 rise edge)
                                                      0.000     0.000 r  
    H9                                                0.000     0.000 r  clk_p (IN)
                         net (fo=0)                   0.000     0.000    dutclk/inst/clk_in1_p
    H9                   IBUFDS (Prop_ibufds_I_O)     0.444     0.444 r  dutclk/inst/clkin1_ibufgds/O
                         net (fo=1, routed)           0.553     0.997    dutclk/inst/clk_in1_clk_wiz_0
    MMCME2_ADV_X1Y5      MMCME2_ADV (Prop_mmcme2_adv_CLKIN1_CLKOUT0)
                                                     -3.590    -2.593 r  dutclk/inst/mmcm_adv_inst/CLKOUT0
                         net (fo=1, routed)           1.044    -1.549    dutclk/inst/clk_out1_clk_wiz_0
    BUFGCTRL_X0Y16       BUFG (Prop_bufg_I_O)         0.030    -1.519 r  dutclk/inst/clkout1_buf/O
                         net (fo=11919, routed)       0.969    -0.551    cv32e40p_core_ip/core_i/sleep_unit_i/core_clock_gate_i/clk_gate_i/clk_out1
    SLICE_X89Y146        LUT2 (Prop_lut2_I0_O)        0.035    -0.516 r  cv32e40p_core_ip/core_i/sleep_unit_i/core_clock_gate_i/clk_gate_i/cnt_q[1]_i_5__0/O
                         net (fo=1, routed)           0.216    -0.300    cv32e40p_core_ip_n_101
    BUFGCTRL_X0Y0        BUFG (Prop_bufg_I_O)         0.030    -0.270 r  cnt_q_reg[1]_i_2/O
                         net (fo=1121, routed)        0.750     0.480    cv32e40p_core_ip/core_i/id_stage_i/clk
    SLICE_X98Y150        FDCE                                         r  cv32e40p_core_ip/core_i/id_stage_i/alu_operand_b_ex_o_reg[18]/C

Slack:                    inf
  Source:                 cv32e40p_core_ip/core_i/ex_stage_i/mult_i/__0/ACOUT[16]
                            (internal pin)
  Destination:            cv32e40p_core_ip/core_i/id_stage_i/mult_operand_c_ex_o_reg[30]/D
                            (rising edge-triggered cell FDCE clocked by clk_out1_clk_wiz_0_1  {rise@0.000ns fall@8.333ns period=16.667ns})
  Path Group:             (none)
  Path Type:              Hold (Min at Fast Process Corner)
  Data Path Delay:        1.813ns  (logic 0.832ns (45.891%)  route 0.981ns (54.109%))
  Logic Levels:           9  (CARRY4=3 DSP48E1=1 LUT2=1 LUT3=1 LUT6=3)
  Clock Uncertainty:      0.424ns  ((TSJ^2 + DJ^2)^1/2) / 2 + PE
    Total System Jitter     (TSJ):    0.050ns
    Discrete Jitter          (DJ):    0.255ns
    Phase Error              (PE):    0.294ns

    Location             Delay type                Incr(ns)  Path(ns)    Netlist Resource(s)
  -------------------------------------------------------------------    -------------------
    DSP48_X4Y57          DSP48E1                      0.000     0.000 r  cv32e40p_core_ip/core_i/ex_stage_i/mult_i/__0/ACOUT[16]
                         net (fo=1, routed)           0.000     0.000    cv32e40p_core_ip/core_i/ex_stage_i/mult_i/__0_n_37
    DSP48_X4Y58          DSP48E1 (Prop_dsp48e1_ACIN[16]_P[8])
                                                      0.442     0.442 r  cv32e40p_core_ip/core_i/ex_stage_i/mult_i/__1/P[8]
                         net (fo=2, routed)           0.196     0.638    cv32e40p_core_ip/core_i/ex_stage_i/mult_i/__1_n_97
    SLICE_X97Y149        LUT2 (Prop_lut2_I0_O)        0.028     0.666 r  cv32e40p_core_ip/core_i/ex_stage_i/mult_i/i__carry__1_i_3/O
                         net (fo=1, routed)           0.000     0.666    cv32e40p_core_ip/core_i/ex_stage_i/mult_i/i__carry__1_i_3_n_0
    SLICE_X97Y149        CARRY4 (Prop_carry4_S[1]_O[1])
                                                      0.049     0.715 r  cv32e40p_core_ip/core_i/ex_stage_i/mult_i/_inferred__2/i__carry__1/O[1]
                         net (fo=3, routed)           0.243     0.959    cv32e40p_core_ip/core_i/id_stage_i/_inferred__7/i___0_carry__5_0[1]
    SLICE_X97Y145        LUT3 (Prop_lut3_I0_O)        0.068     1.027 r  cv32e40p_core_ip/core_i/id_stage_i/i___0_carry__5_i_2/O
                         net (fo=1, routed)           0.000     1.027    cv32e40p_core_ip/core_i/ex_stage_i/mult_i/wdata_b_q[24]_i_3_0[2]
    SLICE_X97Y145        CARRY4 (Prop_carry4_DI[2]_CO[3])
                                                      0.069     1.096 r  cv32e40p_core_ip/core_i/ex_stage_i/mult_i/_inferred__7/i___0_carry__5/CO[3]
                         net (fo=1, routed)           0.000     1.096    cv32e40p_core_ip/core_i/ex_stage_i/mult_i/_inferred__7/i___0_carry__5_n_0
    SLICE_X97Y146        CARRY4 (Prop_carry4_CI_O[2])
                                                      0.053     1.149 r  cv32e40p_core_ip/core_i/ex_stage_i/mult_i/_inferred__7/i___0_carry__6/O[2]
                         net (fo=1, routed)           0.147     1.295    cv32e40p_core_ip/core_i/ex_stage_i/mult_i/_inferred__7/i___0_carry__6_n_5
    SLICE_X100Y146       LUT6 (Prop_lut6_I5_O)        0.067     1.362 r  cv32e40p_core_ip/core_i/ex_stage_i/mult_i/wdata_b_q[30]_i_3/O
                         net (fo=4, routed)           0.216     1.578    cv32e40p_core_ip/core_i/id_stage_i/wdata_b_q_reg[30]
    SLICE_X100Y149       LUT6 (Prop_lut6_I2_O)        0.028     1.606 r  cv32e40p_core_ip/core_i/id_stage_i/mult_operand_c_ex_o[30]_i_2/O
                         net (fo=1, routed)           0.179     1.785    cv32e40p_core_ip/core_i/if_stage_i/mult_operand_c_ex_o_reg[30]
    SLICE_X98Y148        LUT6 (Prop_lut6_I1_O)        0.028     1.813 r  cv32e40p_core_ip/core_i/if_stage_i/mult_operand_c_ex_o[30]_i_1/O
                         net (fo=1, routed)           0.000     1.813    cv32e40p_core_ip/core_i/id_stage_i/mult_operand_c_ex_o_reg[31]_2[12]
    SLICE_X98Y148        FDCE                                         r  cv32e40p_core_ip/core_i/id_stage_i/mult_operand_c_ex_o_reg[30]/D
  -------------------------------------------------------------------    -------------------

                         (clock clk_out1_clk_wiz_0_1 rise edge)
                                                      0.000     0.000 r  
    H9                                                0.000     0.000 r  clk_p (IN)
                         net (fo=0)                   0.000     0.000    dutclk/inst/clk_in1_p
    H9                   IBUFDS (Prop_ibufds_I_O)     0.444     0.444 r  dutclk/inst/clkin1_ibufgds/O
                         net (fo=1, routed)           0.553     0.997    dutclk/inst/clk_in1_clk_wiz_0
    MMCME2_ADV_X1Y5      MMCME2_ADV (Prop_mmcme2_adv_CLKIN1_CLKOUT0)
                                                     -3.590    -2.593 r  dutclk/inst/mmcm_adv_inst/CLKOUT0
                         net (fo=1, routed)           1.044    -1.549    dutclk/inst/clk_out1_clk_wiz_0
    BUFGCTRL_X0Y16       BUFG (Prop_bufg_I_O)         0.030    -1.519 r  dutclk/inst/clkout1_buf/O
                         net (fo=11919, routed)       0.969    -0.551    cv32e40p_core_ip/core_i/sleep_unit_i/core_clock_gate_i/clk_gate_i/clk_out1
    SLICE_X89Y146        LUT2 (Prop_lut2_I0_O)        0.035    -0.516 r  cv32e40p_core_ip/core_i/sleep_unit_i/core_clock_gate_i/clk_gate_i/cnt_q[1]_i_5__0/O
                         net (fo=1, routed)           0.216    -0.300    cv32e40p_core_ip_n_101
    BUFGCTRL_X0Y0        BUFG (Prop_bufg_I_O)         0.030    -0.270 r  cnt_q_reg[1]_i_2/O
                         net (fo=1121, routed)        0.759     0.489    cv32e40p_core_ip/core_i/id_stage_i/clk
    SLICE_X98Y148        FDCE                                         r  cv32e40p_core_ip/core_i/id_stage_i/mult_operand_c_ex_o_reg[30]/C





