Copyright 1986-2022 Xilinx, Inc. All Rights Reserved.
------------------------------------------------------------------------------------
| Tool Version : Vivado v.2022.2 (lin64) Build 3671981 Fri Oct 14 04:59:54 MDT 2022
| Date         : Fri Aug 30 14:32:57 2024
| Host         : karpuz running 64-bit Ubuntu 22.04.4 LTS
| Command      : report_control_sets -verbose -file air_soc_control_sets_placed.rpt
| Design       : air_soc
| Device       : xc7z045
------------------------------------------------------------------------------------

Control Set Information

Table of Contents
-----------------
1. Summary
2. Histogram
3. Flip-Flop Distribution
4. Detailed Control Set Information

1. Summary
----------

+----------------------------------------------------------+-------+
|                          Status                          | Count |
+----------------------------------------------------------+-------+
| Total control sets                                       |   305 |
|    Minimum number of control sets                        |   305 |
|    Addition due to synthesis replication                 |     0 |
|    Addition due to physical synthesis replication        |     0 |
| Unused register locations in slices containing registers |   153 |
+----------------------------------------------------------+-------+
* Control sets can be merged at opt_design using control_set_merge or merge_equivalent_drivers
** Run report_qor_suggestions for automated merging and remapping suggestions


2. Histogram
------------

+--------------------+-------+
|       Fanout       | Count |
+--------------------+-------+
| Total control sets |   305 |
| >= 0 to < 4        |    10 |
| >= 4 to < 6        |    17 |
| >= 6 to < 8        |     6 |
| >= 8 to < 10       |    67 |
| >= 10 to < 12      |     0 |
| >= 12 to < 14      |     2 |
| >= 14 to < 16      |     0 |
| >= 16              |   203 |
+--------------------+-------+
* Control sets can be remapped at either synth_design or opt_design


3. Flip-Flop Distribution
-------------------------

+--------------+-----------------------+------------------------+-----------------+--------------+
| Clock Enable | Synchronous Set/Reset | Asynchronous Set/Reset | Total Registers | Total Slices |
+--------------+-----------------------+------------------------+-----------------+--------------+
| No           | No                    | No                     |            1476 |          540 |
| No           | No                    | Yes                    |            3247 |         1178 |
| No           | Yes                   | No                     |            1148 |          561 |
| Yes          | No                    | No                     |             107 |           78 |
| Yes          | No                    | Yes                    |            1613 |          711 |
| Yes          | Yes                   | No                     |             992 |          468 |
+--------------+-----------------------+------------------------+-----------------+--------------+


4. Detailed Control Set Information
-----------------------------------

+----------------------------------------------------------------------------------------------+-------------------------------------------------------------------------------------------------------+---------------------------------------------------------------------+------------------+----------------+--------------+
|                                         Clock Signal                                         |                                             Enable Signal                                             |                           Set/Reset Signal                          | Slice Load Count | Bel Load Count | Bels / Slice |
+----------------------------------------------------------------------------------------------+-------------------------------------------------------------------------------------------------------+---------------------------------------------------------------------+------------------+----------------+--------------+
| ~dutclk/inst/clk_out1                                                                        |                                                                                                       |                                                                     |                1 |              1 |         1.00 |
|  cv32e40p_core_ip/core_i/sleep_unit_i/core_clock_gate_i/clk_gate_i/bbstub_clk_out1           |                                                                                                       |                                                                     |                1 |              1 |         1.00 |
|  dutclk/inst/clk_out1                                                                        | uart/uart_iface_dut/uart_rx_dut/p_0_in0_out[0]                                                        |                                                                     |                1 |              2 |         2.00 |
|  dutclk/inst/clk_out1                                                                        | uart/uart_iface_dut/uart_rx_dut/p_0_in0_out[1]                                                        |                                                                     |                1 |              2 |         2.00 |
|  dutclk/inst/clk_out1                                                                        | uart/uart_iface_dut/uart_rx_dut/p_0_in0_out[2]                                                        |                                                                     |                1 |              2 |         2.00 |
|  dutclk/inst/clk_out1                                                                        | uart/uart_iface_dut/uart_rx_dut/p_0_in0_out[3]                                                        |                                                                     |                1 |              2 |         2.00 |
|  dutclk/inst/clk_out1                                                                        | uart/uart_iface_dut/uart_rx_dut/p_0_in0_out[4]                                                        |                                                                     |                1 |              2 |         2.00 |
|  dutclk/inst/clk_out1                                                                        | uart/uart_iface_dut/uart_rx_dut/p_0_in0_out[7]                                                        |                                                                     |                1 |              2 |         2.00 |
|  dutclk/inst/clk_out1                                                                        | uart/uart_iface_dut/uart_rx_dut/p_0_in0_out[6]                                                        |                                                                     |                1 |              2 |         2.00 |
|  dutclk/inst/clk_out1                                                                        | uart/uart_iface_dut/uart_rx_dut/p_0_in0_out[5]                                                        |                                                                     |                1 |              2 |         2.00 |
|  dutclk/inst/clk_out1                                                                        | qspi/qspi_iface_dut/data_out[3]_i_2_n_0                                                               | qspi/qspi_iface_dut/data_out[3]_i_1_n_0                             |                1 |              4 |         4.00 |
|  dutclk/inst/clk_out1                                                                        |                                                                                                       | usb/usb_cdc_iface_dut/usb_cdc_inst/u_sie/u_phy_rx/bus_reset_q_reg_0 |                1 |              4 |         4.00 |
|  core_i/clk                                                                                  | cv32e40p_core_ip/core_i/ex_stage_i/mult_i/FSM_sequential_mulh_CS_reg[2]_2[0]                          | cv32e40p_core_ip/core_i/id_stage_i/register_file_i/rst_ni           |                2 |              4 |         2.00 |
|  dutclk/inst/clk_out1                                                                        | uart/uart_iface_dut/uart_rx_dut/uart_clk_pulse_reg_n_0                                                | cv32e40p_core_ip/core_i/id_stage_i/register_file_i/rst_ni           |                1 |              4 |         4.00 |
|  dutclk/inst/clk_out1                                                                        | uart/uart_iface_dut/uart_tx_dut/uart_clk_pulse                                                        | cv32e40p_core_ip/core_i/id_stage_i/register_file_i/rst_ni           |                2 |              4 |         2.00 |
|  dutclk/inst/clk_out1                                                                        | usb/usb_cdc_iface_dut/usb_cdc_inst/u_bulk_endps[0].u_bulk_endp/u_out_fifo/u_sync_data.app_out_valid_q | usb/usb_cdc_iface_dut/usb_cdc_inst/u_sie/u_phy_rx/bus_reset_q_reg_0 |                1 |              4 |         4.00 |
|  dutclk/inst/clk_out1                                                                        | obi_demux_dut/data_addr_reg[3]_0                                                                      | obi_demux_dut/data_addr_reg[3]_2                                    |                4 |              4 |         1.00 |
|  dutclk/inst/clk_out1                                                                        | usb/usb_cdc_iface_dut/usb_cdc_inst/u_bulk_endps[0].u_bulk_endp/u_in_fifo/in_last_q                    | usb/usb_cdc_iface_dut/usb_cdc_inst/u_sie/u_phy_rx/bus_reset_q_reg_0 |                2 |              4 |         2.00 |
|  dutclk/inst/clk_out1                                                                        | obi_demux_dut/data_addr_reg[3]_0                                                                      |                                                                     |                1 |              4 |         4.00 |
|  dutclk/inst/clk_out1                                                                        | uart/uart_iface_dut/uart_tx_dut/read_ptr__0                                                           | cv32e40p_core_ip/core_i/id_stage_i/register_file_i/rst_ni           |                1 |              5 |         5.00 |
|  core_i/clk                                                                                  | cv32e40p_core_ip/core_i/id_stage_i/regfile_we_ex_o_reg_2[0]                                           | cv32e40p_core_ip/core_i/id_stage_i/register_file_i/rst_ni           |                1 |              5 |         5.00 |
|  core_i/clk                                                                                  | cv32e40p_core_ip/core_i/if_stage_i/instr_rdata_id_o_reg[0]_2[0]                                       | cv32e40p_core_ip/core_i/id_stage_i/register_file_i/rst_ni           |                1 |              5 |         5.00 |
|  core_i/clk                                                                                  | cv32e40p_core_ip/core_i/ex_stage_i/mult_i/FSM_sequential_mulh_CS_reg[1]_5[0]                          | cv32e40p_core_ip/core_i/id_stage_i/register_file_i/rst_ni           |                2 |              5 |         2.50 |
|  dutclk/inst/clk_out1                                                                        | main_memory/rvalid_o_reg_2                                                                            | cv32e40p_core_ip/core_i/id_stage_i/register_file_i/rst_ni           |                2 |              5 |         2.50 |
|  dutclk/inst/clk_out1                                                                        | uart/uart_iface_dut/tx_we                                                                             | cv32e40p_core_ip/core_i/id_stage_i/register_file_i/rst_ni           |                1 |              5 |         5.00 |
|  dutclk/inst/clk_out1                                                                        | uart/uart_iface_dut/uart_rx_dut/write_ptr                                                             | cv32e40p_core_ip/core_i/id_stage_i/register_file_i/rst_ni           |                1 |              5 |         5.00 |
|  dutclk/inst/clk_out1                                                                        | uart/uart_iface_dut/rx_re_reg_n_0                                                                     | cv32e40p_core_ip/core_i/id_stage_i/register_file_i/rst_ni           |                3 |              5 |         1.67 |
|  core_i/clk                                                                                  | cv32e40p_core_ip/core_i/load_store_unit_i/ctrl_update                                                 | cv32e40p_core_ip/core_i/id_stage_i/register_file_i/rst_ni           |                4 |              6 |         1.50 |
|  core_i/clk                                                                                  | cv32e40p_core_ip/core_i/ex_stage_i/alu_i/alu_div_i/Cnt_DP[5]_i_1_n_0                                  | cv32e40p_core_ip/core_i/id_stage_i/register_file_i/rst_ni           |                3 |              6 |         2.00 |
|  dutclk/inst/clk_out1                                                                        |                                                                                                       | usb/usb_cdc_iface_dut/usb_cdc_inst/u_sie/u_phy_rx/rstn_sq_reg[0]    |                2 |              6 |         3.00 |
|  core_i/clk                                                                                  | cv32e40p_core_ip/core_i/id_stage_i/controller_i/E[0]                                                  | cv32e40p_core_ip/core_i/id_stage_i/register_file_i/rst_ni           |                4 |              6 |         1.50 |
|  core_i/clk                                                                                  | cv32e40p_core_ip/core_i/id_stage_i/controller_i/csr_access_ex_o_reg[0]                                | cv32e40p_core_ip/core_i/id_stage_i/register_file_i/rst_ni           |                4 |              6 |         1.50 |
|  core_i/clk                                                                                  | cv32e40p_core_ip/core_i/ex_stage_i/mult_i/E[0]                                                        | cv32e40p_core_ip/core_i/id_stage_i/register_file_i/rst_ni           |                5 |              7 |         1.40 |
|  dutclk/inst/clk_out1                                                                        | obi_demux_dut/data_be_reg[3]_5[2]                                                                     | cv32e40p_core_ip/core_i/id_stage_i/register_file_i/rst_ni           |                3 |              8 |         2.67 |
|  dutclk/inst/clk_out1                                                                        | obi_demux_dut/data_be_reg[3]_6[2]                                                                     | cv32e40p_core_ip/core_i/id_stage_i/register_file_i/rst_ni           |                5 |              8 |         1.60 |
|  dutclk/inst/clk_out1                                                                        | obi_demux_dut/data_be_reg[3]_5[1]                                                                     | cv32e40p_core_ip/core_i/id_stage_i/register_file_i/rst_ni           |                2 |              8 |         4.00 |
|  dutclk/inst/clk_out1                                                                        | obi_demux_dut/data_be_reg[3]_5[0]                                                                     | cv32e40p_core_ip/core_i/id_stage_i/register_file_i/rst_ni           |                2 |              8 |         4.00 |
|  dutclk/inst/clk_out1                                                                        | obi_demux_dut/data_be_reg[3]_4[3]                                                                     | cv32e40p_core_ip/core_i/id_stage_i/register_file_i/rst_ni           |                2 |              8 |         4.00 |
|  dutclk/inst/clk_out1                                                                        | obi_demux_dut/data_be_reg[3]_4[2]                                                                     | cv32e40p_core_ip/core_i/id_stage_i/register_file_i/rst_ni           |                3 |              8 |         2.67 |
|  dutclk/inst/clk_out1                                                                        | obi_demux_dut/data_be_reg[3]_4[1]                                                                     | cv32e40p_core_ip/core_i/id_stage_i/register_file_i/rst_ni           |                4 |              8 |         2.00 |
|  dutclk/inst/clk_out1                                                                        | obi_demux_dut/data_be_reg[3]_8[2]                                                                     | cv32e40p_core_ip/core_i/id_stage_i/register_file_i/rst_ni           |                6 |              8 |         1.33 |
|  dutclk/inst/clk_out1                                                                        | obi_demux_dut/data_be_reg[3]_4[0]                                                                     | cv32e40p_core_ip/core_i/id_stage_i/register_file_i/rst_ni           |                4 |              8 |         2.00 |
|  dutclk/inst/clk_out1                                                                        | obi_demux_dut/data_be_reg[3]_5[3]                                                                     | cv32e40p_core_ip/core_i/id_stage_i/register_file_i/rst_ni           |                3 |              8 |         2.67 |
|  dutclk/inst/clk_out1                                                                        | obi_demux_dut/data_be_reg[3]_6[0]                                                                     | cv32e40p_core_ip/core_i/id_stage_i/register_file_i/rst_ni           |                2 |              8 |         4.00 |
|  dutclk/inst/clk_out1                                                                        | obi_demux_dut/data_be_reg[3]_6[1]                                                                     | cv32e40p_core_ip/core_i/id_stage_i/register_file_i/rst_ni           |                3 |              8 |         2.67 |
|  dutclk/inst/clk_out1                                                                        | obi_demux_dut/data_be_reg[3]_8[0]                                                                     | cv32e40p_core_ip/core_i/id_stage_i/register_file_i/rst_ni           |                7 |              8 |         1.14 |
|  dutclk/inst/clk_out1                                                                        | obi_demux_dut/data_be_reg[3]_6[3]                                                                     | cv32e40p_core_ip/core_i/id_stage_i/register_file_i/rst_ni           |                3 |              8 |         2.67 |
|  dutclk/inst/clk_out1                                                                        | obi_demux_dut/data_be_reg[3]_7[0]                                                                     | cv32e40p_core_ip/core_i/id_stage_i/register_file_i/rst_ni           |                4 |              8 |         2.00 |
|  dutclk/inst/clk_out1                                                                        | obi_demux_dut/data_be_reg[3]_7[1]                                                                     | cv32e40p_core_ip/core_i/id_stage_i/register_file_i/rst_ni           |                6 |              8 |         1.33 |
|  dutclk/inst/clk_out1                                                                        | obi_demux_dut/QSPI_CCR_reg[20][0]                                                                     | cv32e40p_core_ip/core_i/id_stage_i/register_file_i/rst_ni           |                7 |              8 |         1.14 |
|  dutclk/inst/clk_out1                                                                        | obi_demux_dut/data_be_reg[3]_8[1]                                                                     | cv32e40p_core_ip/core_i/id_stage_i/register_file_i/rst_ni           |                8 |              8 |         1.00 |
|  dutclk/inst/clk_out1                                                                        | obi_demux_dut/data_be_reg[3]_7[3]                                                                     | cv32e40p_core_ip/core_i/id_stage_i/register_file_i/rst_ni           |                6 |              8 |         1.33 |
|  dutclk/inst/clk_out1                                                                        | obi_demux_dut/data_be_reg[3]_1[3]                                                                     | cv32e40p_core_ip/core_i/id_stage_i/register_file_i/rst_ni           |                2 |              8 |         4.00 |
|  dutclk/inst/clk_out1                                                                        | obi_demux_dut/QSPI_CCR_reg[20][1]                                                                     | cv32e40p_core_ip/core_i/id_stage_i/register_file_i/rst_ni           |                7 |              8 |         1.14 |
|  dutclk/inst/clk_out1                                                                        | obi_demux_dut/data_addr_reg[3]_7[0]                                                                   | cv32e40p_core_ip/core_i/id_stage_i/register_file_i/rst_ni           |                3 |              8 |         2.67 |
|  dutclk/inst/clk_out1                                                                        | obi_demux_dut/data_addr_reg[3]_7[1]                                                                   | cv32e40p_core_ip/core_i/id_stage_i/register_file_i/rst_ni           |                2 |              8 |         4.00 |
|  dutclk/inst/clk_out1                                                                        | obi_demux_dut/data_addr_reg[3]_7[2]                                                                   | cv32e40p_core_ip/core_i/id_stage_i/register_file_i/rst_ni           |                1 |              8 |         8.00 |
|  dutclk/inst/clk_out1                                                                        | obi_demux_dut/data_addr_reg[3]_8[0]                                                                   | cv32e40p_core_ip/core_i/id_stage_i/register_file_i/rst_ni           |                3 |              8 |         2.67 |
|  dutclk/inst/clk_out1                                                                        | obi_demux_dut/data_addr_reg[3]_8[1]                                                                   | cv32e40p_core_ip/core_i/id_stage_i/register_file_i/rst_ni           |                2 |              8 |         4.00 |
|  dutclk/inst/clk_out1                                                                        | obi_demux_dut/data_addr_reg[3]_8[3]                                                                   | cv32e40p_core_ip/core_i/id_stage_i/register_file_i/rst_ni           |                4 |              8 |         2.00 |
|  dutclk/inst/clk_out1                                                                        | obi_demux_dut/data_be_reg[3]_1[0]                                                                     | cv32e40p_core_ip/core_i/id_stage_i/register_file_i/rst_ni           |                2 |              8 |         4.00 |
|  dutclk/inst/clk_out1                                                                        | obi_demux_dut/data_be_reg[3]_1[1]                                                                     | cv32e40p_core_ip/core_i/id_stage_i/register_file_i/rst_ni           |                2 |              8 |         4.00 |
|  dutclk/inst/clk_out1                                                                        | obi_demux_dut/data_be_reg[3]_7[2]                                                                     | cv32e40p_core_ip/core_i/id_stage_i/register_file_i/rst_ni           |                6 |              8 |         1.33 |
|  dutclk/inst/clk_out1                                                                        | obi_demux_dut/data_be_reg[3]_1[2]                                                                     | cv32e40p_core_ip/core_i/id_stage_i/register_file_i/rst_ni           |                1 |              8 |         8.00 |
|  dutclk/inst/clk_out1                                                                        | obi_demux_dut/data_be_reg[3]_3[3]                                                                     | cv32e40p_core_ip/core_i/id_stage_i/register_file_i/rst_ni           |                2 |              8 |         4.00 |
|  dutclk/inst/clk_out1                                                                        | obi_demux_dut/data_be_reg[3]_10[0]                                                                    | cv32e40p_core_ip/core_i/id_stage_i/register_file_i/rst_ni           |                5 |              8 |         1.60 |
|  dutclk/inst/clk_out1                                                                        | obi_demux_dut/data_be_reg[3]_10[1]                                                                    | cv32e40p_core_ip/core_i/id_stage_i/register_file_i/rst_ni           |                4 |              8 |         2.00 |
|  dutclk/inst/clk_out1                                                                        | obi_demux_dut/data_be_reg[3]_10[2]                                                                    | cv32e40p_core_ip/core_i/id_stage_i/register_file_i/rst_ni           |                4 |              8 |         2.00 |
|  dutclk/inst/clk_out1                                                                        | obi_demux_dut/data_be_reg[3]_10[3]                                                                    | cv32e40p_core_ip/core_i/id_stage_i/register_file_i/rst_ni           |                6 |              8 |         1.33 |
|  dutclk/inst/clk_out1                                                                        | obi_demux_dut/data_be_reg[3]_2[0]                                                                     | cv32e40p_core_ip/core_i/id_stage_i/register_file_i/rst_ni           |                2 |              8 |         4.00 |
|  dutclk/inst/clk_out1                                                                        | obi_demux_dut/data_be_reg[3]_2[1]                                                                     | cv32e40p_core_ip/core_i/id_stage_i/register_file_i/rst_ni           |                3 |              8 |         2.67 |
|  dutclk/inst/clk_out1                                                                        | obi_demux_dut/data_be_reg[3]_2[2]                                                                     | cv32e40p_core_ip/core_i/id_stage_i/register_file_i/rst_ni           |                3 |              8 |         2.67 |
|  dutclk/inst/clk_out1                                                                        | obi_demux_dut/data_be_reg[3]_2[3]                                                                     | cv32e40p_core_ip/core_i/id_stage_i/register_file_i/rst_ni           |                1 |              8 |         8.00 |
|  dutclk/inst/clk_out1                                                                        | obi_demux_dut/data_be_reg[3]_3[0]                                                                     | cv32e40p_core_ip/core_i/id_stage_i/register_file_i/rst_ni           |                2 |              8 |         4.00 |
|  dutclk/inst/clk_out1                                                                        | obi_demux_dut/data_be_reg[3]_3[1]                                                                     | cv32e40p_core_ip/core_i/id_stage_i/register_file_i/rst_ni           |                4 |              8 |         2.00 |
|  dutclk/inst/clk_out1                                                                        | obi_demux_dut/data_be_reg[3]_3[2]                                                                     | cv32e40p_core_ip/core_i/id_stage_i/register_file_i/rst_ni           |                5 |              8 |         1.60 |
|  dutclk/inst/clk_out1                                                                        | qspi/qspi_iface_dut/QSPI_DR1[23]_i_1_n_0                                                              | cv32e40p_core_ip/core_i/id_stage_i/register_file_i/rst_ni           |                7 |              8 |         1.14 |
|  dutclk/inst/clk_out1                                                                        | qspi/qspi_iface_dut/buffer[255]_i_2_n_0                                                               | qspi/qspi_iface_dut/buffer[255]_i_1_n_0                             |                5 |              8 |         1.60 |
|  dutclk/inst/clk_out1                                                                        | qspi/qspi_iface_dut/QSPI_DR2[31]_i_1_n_0                                                              | cv32e40p_core_ip/core_i/id_stage_i/register_file_i/rst_ni           |                6 |              8 |         1.33 |
|  dutclk/inst/clk_out1                                                                        | qspi/qspi_iface_dut/QSPI_DR2[7]_i_1_n_0                                                               | cv32e40p_core_ip/core_i/id_stage_i/register_file_i/rst_ni           |                6 |              8 |         1.33 |
|  dutclk/inst/clk_out1                                                                        | qspi/qspi_iface_dut/QSPI_DR2[23]_i_1_n_0                                                              | cv32e40p_core_ip/core_i/id_stage_i/register_file_i/rst_ni           |                6 |              8 |         1.33 |
|  dutclk/inst/clk_out1                                                                        | obi_demux_dut/data_be_reg[3]_9[0]                                                                     | cv32e40p_core_ip/core_i/id_stage_i/register_file_i/rst_ni           |                3 |              8 |         2.67 |
|  dutclk/inst/clk_out1                                                                        | qspi/qspi_iface_dut/QSPI_DR3[15]_i_1_n_0                                                              | cv32e40p_core_ip/core_i/id_stage_i/register_file_i/rst_ni           |                8 |              8 |         1.00 |
|  dutclk/inst/clk_out1                                                                        | qspi/qspi_iface_dut/QSPI_DR3[23]_i_1_n_0                                                              | cv32e40p_core_ip/core_i/id_stage_i/register_file_i/rst_ni           |                8 |              8 |         1.00 |
|  dutclk/inst/clk_out1                                                                        | qspi/qspi_iface_dut/QSPI_DR3[31]_i_1_n_0                                                              | cv32e40p_core_ip/core_i/id_stage_i/register_file_i/rst_ni           |                8 |              8 |         1.00 |
|  dutclk/inst/clk_out1                                                                        | qspi/qspi_iface_dut/QSPI_DR4[15]_i_1_n_0                                                              | cv32e40p_core_ip/core_i/id_stage_i/register_file_i/rst_ni           |                8 |              8 |         1.00 |
|  dutclk/inst/clk_out1                                                                        | qspi/qspi_iface_dut/QSPI_DR2[15]_i_1_n_0                                                              | cv32e40p_core_ip/core_i/id_stage_i/register_file_i/rst_ni           |                8 |              8 |         1.00 |
|  dutclk/inst/clk_out1                                                                        | qspi/qspi_iface_dut/QSPI_DR1[7]_i_1_n_0                                                               | cv32e40p_core_ip/core_i/id_stage_i/register_file_i/rst_ni           |                7 |              8 |         1.14 |
|  dutclk/inst/clk_out1                                                                        | qspi/qspi_iface_dut/QSPI_DR1[31]_i_1_n_0                                                              | cv32e40p_core_ip/core_i/id_stage_i/register_file_i/rst_ni           |                7 |              8 |         1.14 |
|  dutclk/inst/clk_out1                                                                        | qspi/qspi_iface_dut/QSPI_DR1[15]_i_1_n_0                                                              | cv32e40p_core_ip/core_i/id_stage_i/register_file_i/rst_ni           |                6 |              8 |         1.33 |
|  dutclk/inst/clk_out1                                                                        | qspi/qspi_iface_dut/QSPI_DR4[23]_i_1_n_0                                                              | cv32e40p_core_ip/core_i/id_stage_i/register_file_i/rst_ni           |                6 |              8 |         1.33 |
|  dutclk/inst/clk_out1                                                                        | qspi/qspi_iface_dut/QSPI_DR6[7]_i_1_n_0                                                               | cv32e40p_core_ip/core_i/id_stage_i/register_file_i/rst_ni           |                5 |              8 |         1.60 |
|  dutclk/inst/clk_out1                                                                        | qspi/qspi_iface_dut/QSPI_DR7[15]_i_1_n_0                                                              | cv32e40p_core_ip/core_i/id_stage_i/register_file_i/rst_ni           |                5 |              8 |         1.60 |
|  dutclk/inst/clk_out1                                                                        | obi_demux_dut/wb_ack_r_reg[3]                                                                         | cv32e40p_core_ip/core_i/id_stage_i/register_file_i/rst_ni           |                1 |              8 |         8.00 |
|  dutclk/inst/clk_out1                                                                        | obi_demux_dut/wb_ack_r_reg[2]                                                                         | cv32e40p_core_ip/core_i/id_stage_i/register_file_i/rst_ni           |                1 |              8 |         8.00 |
|  dutclk/inst/clk_out1                                                                        | qspi/qspi_iface_dut/QSPI_DR7[23]_i_1_n_0                                                              | cv32e40p_core_ip/core_i/id_stage_i/register_file_i/rst_ni           |                3 |              8 |         2.67 |
|  dutclk/inst/clk_out1                                                                        | qspi/qspi_iface_dut/QSPI_DR7[7]_i_1_n_0                                                               | cv32e40p_core_ip/core_i/id_stage_i/register_file_i/rst_ni           |                6 |              8 |         1.33 |
|  dutclk/inst/clk_out1                                                                        | obi_demux_dut/wb_ack_r_reg[1]                                                                         | cv32e40p_core_ip/core_i/id_stage_i/register_file_i/rst_ni           |                2 |              8 |         4.00 |
|  dutclk/inst/clk_out1                                                                        | obi_demux_dut/wb_ack_r_reg[0]                                                                         | cv32e40p_core_ip/core_i/id_stage_i/register_file_i/rst_ni           |                3 |              8 |         2.67 |
|  dutclk/inst/clk_out1                                                                        | obi_demux_dut/state_reg[0][0]                                                                         | cv32e40p_core_ip/core_i/id_stage_i/register_file_i/rst_ni           |                6 |              8 |         1.33 |
|  dutclk/inst/clk_out1                                                                        | qspi/qspi_iface_dut/data_out_enable_next                                                              | cv32e40p_core_ip/core_i/id_stage_i/register_file_i/rst_ni           |                3 |             12 |         4.00 |
|  dutclk/inst/clk_out1                                                                        | uart/uart_iface_dut/uart_tx_dut/p_0_in                                                                |                                                                     |                2 |             12 |         6.00 |
|  dutclk/inst/clk_out1                                                                        | qspi/qspi_iface_dut/buffer[247]_i_2_n_0                                                               | qspi/qspi_iface_dut/buffer[247]_i_1_n_0                             |               12 |             16 |         1.33 |
|  dutclk/inst/clk_out1                                                                        | obi_demux_dut/data_be_reg[3]_0[0]                                                                     | cv32e40p_core_ip/core_i/id_stage_i/register_file_i/rst_ni           |                3 |             16 |         5.33 |
|  dutclk/inst/clk_out1                                                                        | uart/uart_iface_dut/uart_rx_dut/counter[15]_i_1_n_0                                                   |                                                                     |                5 |             16 |         3.20 |
|  dutclk/inst/clk_out1                                                                        | obi_demux_dut/data_addr_reg[3]_0                                                                      | obi_demux_dut/data_addr_reg[3]_9                                    |                4 |             16 |         4.00 |
|  dutclk/inst/clk_out1                                                                        |                                                                                                       | uart/uart_iface_dut/uart_tx_dut/counter[0]_i_1__1_n_0               |                4 |             16 |         4.00 |
|  core_i/clk                                                                                  | cv32e40p_core_ip/core_i/id_stage_i/csr_op_ex_o_reg[0]_16[0]                                           | cv32e40p_core_ip/core_i/id_stage_i/register_file_i/rst_ni           |                7 |             16 |         2.29 |
|  core_i/clk                                                                                  | cv32e40p_core_ip/core_i/id_stage_i/controller_i/ctrl_fsm_cs_reg[3]_3[0]                               | cv32e40p_core_ip/core_i/id_stage_i/register_file_i/rst_ni           |               12 |             18 |         1.50 |
|  dutclk/inst/clk_out1                                                                        | obi_demux_dut/data_addr_reg[3]_8[2]                                                                   | cv32e40p_core_ip/core_i/id_stage_i/register_file_i/rst_ni           |                5 |             18 |         3.60 |
|  core_i/clk                                                                                  | cv32e40p_core_ip/core_i/id_stage_i/alu_operand_b_ex_o_reg[11]_1[0]                                    | cv32e40p_core_ip/core_i/id_stage_i/register_file_i/rst_ni           |               10 |             19 |         1.90 |
|  dutclk/inst/clk_out1                                                                        | usb/usb_cdc_iface_dut/usb_cdc_inst/clk_gate_q                                                         | usb/usb_cdc_iface_dut/usb_cdc_inst/u_sie/u_phy_rx/rstn_sq_reg[0]    |                9 |             20 |         2.22 |
|  core_i/clk                                                                                  | cv32e40p_core_ip/core_i/id_stage_i/controller_i/ctrl_fsm_cs_reg[2]_2[0]                               | cv32e40p_core_ip/core_i/id_stage_i/register_file_i/rst_ni           |                5 |             24 |         4.80 |
|  dutclk/inst/clk_out1                                                                        | uart/uart_iface_dut/E[0]                                                                              | cv32e40p_core_ip/core_i/id_stage_i/register_file_i/rst_ni           |                9 |             24 |         2.67 |
|  dutclk/inst/clk_out1                                                                        | icache/way0/tags_reg_256_319_0_2_i_1__2_n_0                                                           |                                                                     |                7 |             28 |         4.00 |
|  dutclk/inst/clk_out1                                                                        | icache/way1/tags_reg_448_511_0_2_i_1__1_n_0                                                           |                                                                     |                7 |             28 |         4.00 |
|  dutclk/inst/clk_out1                                                                        | icache/way1/tags_reg_384_447_0_2_i_1__1_n_0                                                           |                                                                     |                7 |             28 |         4.00 |
|  dutclk/inst/clk_out1                                                                        | icache/way1/tags_reg_320_383_0_2_i_1__1_n_0                                                           |                                                                     |                7 |             28 |         4.00 |
|  dutclk/inst/clk_out1                                                                        | icache/way1/tags_reg_256_319_0_2_i_1__1_n_0                                                           |                                                                     |                7 |             28 |         4.00 |
|  dutclk/inst/clk_out1                                                                        | icache/way1/tags_reg_192_255_0_2_i_1__1_n_0                                                           |                                                                     |                7 |             28 |         4.00 |
|  dutclk/inst/clk_out1                                                                        | icache/way1/tags_reg_128_191_0_2_i_1__1_n_0                                                           |                                                                     |                7 |             28 |         4.00 |
|  dutclk/inst/clk_out1                                                                        | icache/way1/tags_reg_0_63_0_2_i_1__1_n_0                                                              |                                                                     |                7 |             28 |         4.00 |
|  dutclk/inst/clk_out1                                                                        | icache/way0/tags_reg_64_127_0_2_i_1__2_n_0                                                            |                                                                     |                7 |             28 |         4.00 |
|  dutclk/inst/clk_out1                                                                        | icache/way0/tags_reg_448_511_0_2_i_1__2_n_0                                                           |                                                                     |                7 |             28 |         4.00 |
|  dutclk/inst/clk_out1                                                                        | icache/way0/tags_reg_384_447_0_2_i_1__2_n_0                                                           |                                                                     |                7 |             28 |         4.00 |
|  dutclk/inst/clk_out1                                                                        | icache/way0/tags_reg_320_383_0_2_i_1__2_n_0                                                           |                                                                     |                7 |             28 |         4.00 |
|  dutclk/inst/clk_out1                                                                        | icache/way1/tags_reg_64_127_0_2_i_1__1_n_0                                                            |                                                                     |                7 |             28 |         4.00 |
|  dutclk/inst/clk_out1                                                                        | icache/way0/tags_reg_192_255_0_2_i_1__2_n_0                                                           |                                                                     |                7 |             28 |         4.00 |
|  dutclk/inst/clk_out1                                                                        | icache/way0/tags_reg_128_191_0_2_i_1__2_n_0                                                           |                                                                     |                7 |             28 |         4.00 |
|  dutclk/inst/clk_out1                                                                        | icache/way0/tags_reg_0_63_0_2_i_1__2_n_0                                                              |                                                                     |                7 |             28 |         4.00 |
|  dutclk/inst/clk_out1                                                                        | dcache/way1/tags_reg_64_127_0_2_i_1__0_n_0                                                            |                                                                     |                7 |             28 |         4.00 |
|  dutclk/inst/clk_out1                                                                        | dcache/way1/tags_reg_448_511_0_2_i_1__0_n_0                                                           |                                                                     |                7 |             28 |         4.00 |
|  dutclk/inst/clk_out1                                                                        | dcache/way1/tags_reg_384_447_0_2_i_1__0_n_0                                                           |                                                                     |                7 |             28 |         4.00 |
|  dutclk/inst/clk_out1                                                                        | dcache/way1/tags_reg_320_383_0_2_i_1__0_n_0                                                           |                                                                     |                7 |             28 |         4.00 |
|  dutclk/inst/clk_out1                                                                        | dcache/way1/tags_reg_0_63_0_2_i_1__0_n_0                                                              |                                                                     |                7 |             28 |         4.00 |
|  dutclk/inst/clk_out1                                                                        | dcache/way1/tags_reg_128_191_0_2_i_1__0_n_0                                                           |                                                                     |                7 |             28 |         4.00 |
|  dutclk/inst/clk_out1                                                                        | dcache/way1/tags_reg_192_255_0_2_i_1__0_n_0                                                           |                                                                     |                7 |             28 |         4.00 |
|  dutclk/inst/clk_out1                                                                        | dcache/way1/tags_reg_256_319_0_2_i_1__0_n_0                                                           |                                                                     |                7 |             28 |         4.00 |
|  dutclk/inst/clk_out1                                                                        | dcache/way0/tags_reg_256_319_0_2_i_1_n_0                                                              |                                                                     |                7 |             28 |         4.00 |
|  dutclk/inst/clk_out1                                                                        | dcache/way0/tags_reg_192_255_0_2_i_1_n_0                                                              |                                                                     |                7 |             28 |         4.00 |
|  dutclk/inst/clk_out1                                                                        | dcache/way0/tags_reg_384_447_0_2_i_1_n_0                                                              |                                                                     |                7 |             28 |         4.00 |
|  dutclk/inst/clk_out1                                                                        | dcache/way0/tags_reg_0_63_0_2_i_1_n_0                                                                 |                                                                     |                7 |             28 |         4.00 |
|  dutclk/inst/clk_out1                                                                        | dcache/way0/tags_reg_64_127_0_2_i_1_n_0                                                               |                                                                     |                7 |             28 |         4.00 |
|  dutclk/inst/clk_out1                                                                        | dcache/way0/tags_reg_128_191_0_2_i_1_n_0                                                              |                                                                     |                7 |             28 |         4.00 |
|  dutclk/inst/clk_out1                                                                        | dcache/way0/tags_reg_448_511_0_2_i_1_n_0                                                              |                                                                     |                7 |             28 |         4.00 |
|  dutclk/inst/clk_out1                                                                        | dcache/way0/tags_reg_320_383_0_2_i_1_n_0                                                              |                                                                     |                7 |             28 |         4.00 |
|  core_i/clk                                                                                  | cv32e40p_core_ip/core_i/if_stage_i/prefetch_buffer_i/prefetch_controller_i/trans_addr_q0              | cv32e40p_core_ip/core_i/id_stage_i/register_file_i/rst_ni           |               14 |             30 |         2.14 |
|  core_i/clk                                                                                  | icache/way1/gen_no_trans_stable.state_q_reg[0]                                                        | cv32e40p_core_ip/core_i/id_stage_i/register_file_i/rst_ni           |               15 |             30 |         2.00 |
|  core_i/clk                                                                                  | cv32e40p_core_ip/core_i/if_stage_i/aligner_i/pc_q                                                     | cv32e40p_core_ip/core_i/id_stage_i/register_file_i/rst_ni           |               14 |             31 |         2.21 |
|  cv32e40p_core_ip/core_i/sleep_unit_i/core_clock_gate_i/clk_gate_i/clk_en_reg_1              |                                                                                                       |                                                                     |               10 |             31 |         3.10 |
|  core_i/id_stage_i/register_file_i/clk_int                                                   |                                                                                                       | cv32e40p_core_ip/core_i/id_stage_i/register_file_i/rst_ni           |               11 |             31 |         2.82 |
|  core_i/clk                                                                                  | cv32e40p_core_ip/core_i/id_stage_i/controller_i/csr_op_ex_o_reg[1][0]                                 | cv32e40p_core_ip/core_i/id_stage_i/register_file_i/rst_ni           |               18 |             31 |         1.72 |
|  core_i/clk                                                                                  | cv32e40p_core_ip/core_i/id_stage_i/controller_i/csr_access_ex_o_reg_0[0]                              | cv32e40p_core_ip/core_i/id_stage_i/register_file_i/rst_ni           |               17 |             31 |         1.82 |
|  dutclk/inst/clk_out1                                                                        | timer/timer_iface_dut/tt/TIM_EVN_NEXT_R                                                               | timer/timer_iface_dut/tt/TIM_EVN_R[31]_i_1_n_0                      |                6 |             32 |         5.33 |
|  dutclk/inst/clk_out1                                                                        | obi_demux_dut/data_addr_reg[4]_2[0]                                                                   | cv32e40p_core_ip/core_i/id_stage_i/register_file_i/rst_ni           |               10 |             32 |         3.20 |
|  dutclk/inst/clk_out1                                                                        | qspi/qspi_iface_dut/E[0]                                                                              | cv32e40p_core_ip/core_i/id_stage_i/register_file_i/rst_ni           |                8 |             32 |         4.00 |
|  dutclk/inst/clk_out1                                                                        | qspi/qspi_iface_dut/bit_counter[0]_i_1_n_0                                                            | cv32e40p_core_ip/core_i/id_stage_i/register_file_i/rst_ni           |                8 |             32 |         4.00 |
|  dutclk/inst/clk_out1                                                                        | timer/timer_iface_dut/E[0]                                                                            | cv32e40p_core_ip/core_i/id_stage_i/register_file_i/rst_ni           |               10 |             32 |         3.20 |
|  dutclk/inst/clk_out1                                                                        | timer/timer_iface_dut/TIM_ENA[0]                                                                      | timer/timer_iface_dut/tt/counter[63]_i_1_n_0                        |                6 |             32 |         5.33 |
|  dutclk/inst/clk_out1                                                                        | dcache/way1/lines_reg_384_511_32_32_i_1_n_0                                                           |                                                                     |                8 |             32 |         4.00 |
|  dutclk/inst/clk_out1                                                                        | gpio/gpio_iface_dut/E[0]                                                                              | cv32e40p_core_ip/core_i/id_stage_i/register_file_i/rst_ni           |                9 |             32 |         3.56 |
|  core_i/id_stage_i/register_file_i/p_52_in                                                   |                                                                                                       | cv32e40p_core_ip/core_i/id_stage_i/register_file_i/rst_ni           |               15 |             32 |         2.13 |
|  core_i/id_stage_i/register_file_i/p_60_in                                                   |                                                                                                       | cv32e40p_core_ip/core_i/id_stage_i/register_file_i/rst_ni           |               16 |             32 |         2.00 |
|  core_i/id_stage_i/register_file_i/p_59_in                                                   |                                                                                                       | cv32e40p_core_ip/core_i/id_stage_i/register_file_i/rst_ni           |               17 |             32 |         1.88 |
|  core_i/id_stage_i/register_file_i/p_58_in                                                   |                                                                                                       | cv32e40p_core_ip/core_i/id_stage_i/register_file_i/rst_ni           |               17 |             32 |         1.88 |
|  core_i/id_stage_i/register_file_i/p_57_in                                                   |                                                                                                       | cv32e40p_core_ip/core_i/id_stage_i/register_file_i/rst_ni           |               20 |             32 |         1.60 |
|  core_i/id_stage_i/register_file_i/p_56_in                                                   |                                                                                                       | cv32e40p_core_ip/core_i/id_stage_i/register_file_i/rst_ni           |               20 |             32 |         1.60 |
|  core_i/id_stage_i/register_file_i/p_55_in                                                   |                                                                                                       | cv32e40p_core_ip/core_i/id_stage_i/register_file_i/rst_ni           |               21 |             32 |         1.52 |
|  core_i/id_stage_i/register_file_i/p_54_in                                                   |                                                                                                       | cv32e40p_core_ip/core_i/id_stage_i/register_file_i/rst_ni           |               20 |             32 |         1.60 |
|  core_i/id_stage_i/register_file_i/p_53_in                                                   |                                                                                                       | cv32e40p_core_ip/core_i/id_stage_i/register_file_i/rst_ni           |               18 |             32 |         1.78 |
|  dutclk/inst/clk_out1                                                                        |                                                                                                       | obi_demux_dut/SR[0]                                                 |               17 |             32 |         1.88 |
|  core_i/id_stage_i/register_file_i/p_51_in                                                   |                                                                                                       | cv32e40p_core_ip/core_i/id_stage_i/register_file_i/rst_ni           |               20 |             32 |         1.60 |
|  core_i/id_stage_i/register_file_i/clk_int                                                   | cv32e40p_core_ip/core_i/id_stage_i/regfile_alu_we_ex_o_reg_0                                          | cv32e40p_core_ip/core_i/id_stage_i/register_file_i/rst_ni           |               16 |             32 |         2.00 |
|  core_i/id_stage_i/register_file_i/clk_int                                                   | cv32e40p_core_ip/core_i/ex_stage_i/regfile_we_wb                                                      | cv32e40p_core_ip/core_i/id_stage_i/register_file_i/rst_ni           |               10 |             32 |         3.20 |
|  core_i/clk                                                                                  | obi_demux_dut/data_we_q_reg[0]                                                                        | cv32e40p_core_ip/core_i/id_stage_i/register_file_i/rst_ni           |               27 |             32 |         1.19 |
|  core_i/clk                                                                                  | cv32e40p_core_ip/core_i/if_stage_i/prefetch_buffer_i/fifo_i/mem_q[0][31]_i_1_n_0                      | cv32e40p_core_ip/core_i/id_stage_i/register_file_i/rst_ni           |               14 |             32 |         2.29 |
|  core_i/clk                                                                                  | cv32e40p_core_ip/core_i/if_stage_i/prefetch_buffer_i/fifo_i/mem_q                                     | cv32e40p_core_ip/core_i/id_stage_i/register_file_i/rst_ni           |               12 |             32 |         2.67 |
|  core_i/clk                                                                                  | cv32e40p_core_ip/core_i/id_stage_i/mhpmevent_minstret_o_reg_0[1]                                      | cv32e40p_core_ip/core_i/id_stage_i/register_file_i/rst_ni           |                8 |             32 |         4.00 |
|  dutclk/inst/clk_out1                                                                        | dcache/way0/lines_reg_0_127_24_24_i_1__0_n_0                                                          |                                                                     |                8 |             32 |         4.00 |
|  dutclk/inst/clk_out1                                                                        | dcache/way0/lines_reg_384_511_40_40_i_1__0_n_0                                                        |                                                                     |                8 |             32 |         4.00 |
|  dutclk/inst/clk_out1                                                                        | dcache/way0/lines_reg_384_511_32_32_i_1__0_n_0                                                        |                                                                     |                8 |             32 |         4.00 |
|  dutclk/inst/clk_out1                                                                        | dcache/way0/lines_reg_384_511_24_24_i_1__0_n_0                                                        |                                                                     |                8 |             32 |         4.00 |
|  dutclk/inst/clk_out1                                                                        | dcache/way0/lines_reg_256_383_48_48_i_1__0_n_0                                                        |                                                                     |                8 |             32 |         4.00 |
|  dutclk/inst/clk_out1                                                                        | dcache/way1/lines_reg_384_511_8_8_i_1_n_0                                                             |                                                                     |                8 |             32 |         4.00 |
|  dutclk/inst/clk_out1                                                                        | dcache/way0/lines_reg_128_255_16_16_i_1__0_n_0                                                        |                                                                     |                8 |             32 |         4.00 |
|  dutclk/inst/clk_out1                                                                        | dcache/way0/lines_reg_0_127_40_40_i_1__0_n_0                                                          |                                                                     |                8 |             32 |         4.00 |
|  dutclk/inst/clk_out1                                                                        | dcache/way0/lines_reg_0_127_32_32_i_1__0_n_0                                                          |                                                                     |                8 |             32 |         4.00 |
|  core_i/clk                                                                                  | cv32e40p_core_ip/core_i/id_stage_i/mhpmevent_minstret_o_reg_0[0]                                      | cv32e40p_core_ip/core_i/id_stage_i/register_file_i/rst_ni           |               13 |             32 |         2.46 |
|  dutclk/inst/clk_out1                                                                        | dcache/way0/lines_reg_0_127_0_0_i_1__0_n_0                                                            |                                                                     |                8 |             32 |         4.00 |
|  dutclk/inst/clk_out1                                                                        | dcache/way0/lines_reg_256_383_32_32_i_1__0_n_0                                                        |                                                                     |                8 |             32 |         4.00 |
|  dutclk/inst/clk_out1                                                                        | dcache/way0/lines_reg_256_383_24_24_i_1__0_n_0                                                        |                                                                     |                8 |             32 |         4.00 |
|  dutclk/inst/clk_out1                                                                        | dcache/way0/lines_reg_256_383_16_16_i_1__0_n_0                                                        |                                                                     |                8 |             32 |         4.00 |
|  dutclk/inst/clk_out1                                                                        | dcache/way0/lines_reg_256_383_0_0_i_1__0_n_0                                                          |                                                                     |                8 |             32 |         4.00 |
|  dutclk/inst/clk_out1                                                                        | dcache/way0/lines_reg_128_255_8_8_i_1__0_n_0                                                          |                                                                     |                8 |             32 |         4.00 |
|  dutclk/inst/clk_out1                                                                        |                                                                                                       | obi_demux_dut/wb_cyc_r_reg_0[0]                                     |                8 |             32 |         4.00 |
|  cv32e40p_core_ip/core_i/id_stage_i/register_file_i/CG_WE_GLOBAL/clk_gate_i/clk_en_reg_14[0] |                                                                                                       | cv32e40p_core_ip/core_i/id_stage_i/register_file_i/rst_ni           |               11 |             32 |         2.91 |
|  cv32e40p_core_ip/core_i/id_stage_i/register_file_i/CG_WE_GLOBAL/clk_gate_i/clk_en_reg_5[0]  |                                                                                                       | cv32e40p_core_ip/core_i/id_stage_i/register_file_i/rst_ni           |               14 |             32 |         2.29 |
|  cv32e40p_core_ip/core_i/id_stage_i/register_file_i/CG_WE_GLOBAL/clk_gate_i/clk_en_reg_4[0]  |                                                                                                       | cv32e40p_core_ip/core_i/id_stage_i/register_file_i/rst_ni           |               15 |             32 |         2.13 |
|  cv32e40p_core_ip/core_i/id_stage_i/register_file_i/CG_WE_GLOBAL/clk_gate_i/clk_en_reg_3[0]  |                                                                                                       | cv32e40p_core_ip/core_i/id_stage_i/register_file_i/rst_ni           |               15 |             32 |         2.13 |
|  cv32e40p_core_ip/core_i/id_stage_i/register_file_i/CG_WE_GLOBAL/clk_gate_i/clk_en_reg_29[0] |                                                                                                       | cv32e40p_core_ip/core_i/id_stage_i/register_file_i/rst_ni           |               14 |             32 |         2.29 |
|  cv32e40p_core_ip/core_i/id_stage_i/register_file_i/CG_WE_GLOBAL/clk_gate_i/clk_en_reg_2[0]  |                                                                                                       | cv32e40p_core_ip/core_i/id_stage_i/register_file_i/rst_ni           |               15 |             32 |         2.13 |
|  cv32e40p_core_ip/core_i/id_stage_i/register_file_i/CG_WE_GLOBAL/clk_gate_i/clk_en_reg_18[0] |                                                                                                       | cv32e40p_core_ip/core_i/id_stage_i/register_file_i/rst_ni           |               20 |             32 |         1.60 |
|  cv32e40p_core_ip/core_i/id_stage_i/register_file_i/CG_WE_GLOBAL/clk_gate_i/clk_en_reg_17[0] |                                                                                                       | cv32e40p_core_ip/core_i/id_stage_i/register_file_i/rst_ni           |               19 |             32 |         1.68 |
|  cv32e40p_core_ip/core_i/id_stage_i/register_file_i/CG_WE_GLOBAL/clk_gate_i/clk_en_reg_16[0] |                                                                                                       | cv32e40p_core_ip/core_i/id_stage_i/register_file_i/rst_ni           |               17 |             32 |         1.88 |
|  cv32e40p_core_ip/core_i/id_stage_i/register_file_i/CG_WE_GLOBAL/clk_gate_i/clk_en_reg_6[0]  |                                                                                                       | cv32e40p_core_ip/core_i/id_stage_i/register_file_i/rst_ni           |               12 |             32 |         2.67 |
|  cv32e40p_core_ip/core_i/id_stage_i/register_file_i/CG_WE_GLOBAL/clk_gate_i/clk_en_reg_13[0] |                                                                                                       | cv32e40p_core_ip/core_i/id_stage_i/register_file_i/rst_ni           |               10 |             32 |         3.20 |
|  cv32e40p_core_ip/core_i/id_stage_i/register_file_i/CG_WE_GLOBAL/clk_gate_i/clk_en_reg_15[0] |                                                                                                       | cv32e40p_core_ip/core_i/id_stage_i/register_file_i/rst_ni           |               22 |             32 |         1.45 |
|  cv32e40p_core_ip/core_i/id_stage_i/register_file_i/CG_WE_GLOBAL/clk_gate_i/clk_en_reg_12[0] |                                                                                                       | cv32e40p_core_ip/core_i/id_stage_i/register_file_i/rst_ni           |               14 |             32 |         2.29 |
|  cv32e40p_core_ip/core_i/id_stage_i/register_file_i/CG_WE_GLOBAL/clk_gate_i/clk_en_reg_11[0] |                                                                                                       | cv32e40p_core_ip/core_i/id_stage_i/register_file_i/rst_ni           |               14 |             32 |         2.29 |
|  cv32e40p_core_ip/core_i/id_stage_i/register_file_i/CG_WE_GLOBAL/clk_gate_i/clk_en_reg_10[0] |                                                                                                       | cv32e40p_core_ip/core_i/id_stage_i/register_file_i/rst_ni           |               15 |             32 |         2.13 |
|  cv32e40p_core_ip/core_i/id_stage_i/register_file_i/CG_WE_GLOBAL/clk_gate_i/clk_en_reg_1[0]  |                                                                                                       | cv32e40p_core_ip/core_i/id_stage_i/register_file_i/rst_ni           |               14 |             32 |         2.29 |
|  cv32e40p_core_ip/core_i/id_stage_i/register_file_i/CG_WE_GLOBAL/clk_gate_i/clk_en_reg_0[0]  |                                                                                                       | cv32e40p_core_ip/core_i/id_stage_i/register_file_i/rst_ni           |               19 |             32 |         1.68 |
|  core_i/clk                                                                                  | cv32e40p_core_ip/core_i/id_stage_i/controller_i/csr_op_ex_o_reg[0]_1[0]                               | cv32e40p_core_ip/core_i/id_stage_i/register_file_i/rst_ni           |                6 |             32 |         5.33 |
|  core_i/clk                                                                                  | cv32e40p_core_ip/core_i/id_stage_i/gen_mcountinhibit[0].gen_implemented.mcountinhibit_q_reg[0][1]     | cv32e40p_core_ip/core_i/id_stage_i/register_file_i/rst_ni           |               17 |             32 |         1.88 |
|  core_i/clk                                                                                  | cv32e40p_core_ip/core_i/id_stage_i/gen_mcountinhibit[0].gen_implemented.mcountinhibit_q_reg[0][0]     | cv32e40p_core_ip/core_i/id_stage_i/register_file_i/rst_ni           |               13 |             32 |         2.46 |
|  core_i/clk                                                                                  | cv32e40p_core_ip/core_i/id_stage_i/csr_op_ex_o_reg[1]_0[1]                                            | cv32e40p_core_ip/core_i/id_stage_i/register_file_i/rst_ni           |                6 |             32 |         5.33 |
|  core_i/clk                                                                                  | cv32e40p_core_ip/core_i/id_stage_i/csr_op_ex_o_reg[1]_0[0]                                            | cv32e40p_core_ip/core_i/id_stage_i/register_file_i/rst_ni           |               11 |             32 |         2.91 |
|  core_i/clk                                                                                  | cv32e40p_core_ip/core_i/id_stage_i/alu_operand_b_ex_o_reg[6]_0[0]                                     | cv32e40p_core_ip/core_i/id_stage_i/register_file_i/rst_ni           |               13 |             32 |         2.46 |
|  core_i/clk                                                                                  | cv32e40p_core_ip/core_i/id_stage_i/alu_operand_b_ex_o_reg[0]_1[0]                                     | cv32e40p_core_ip/core_i/id_stage_i/register_file_i/rst_ni           |               14 |             32 |         2.29 |
|  core_i/clk                                                                                  | cv32e40p_core_ip/core_i/id_stage_i/alu_operand_b_ex_o_reg[0]_0[0]                                     | cv32e40p_core_ip/core_i/id_stage_i/register_file_i/rst_ni           |               19 |             32 |         1.68 |
|  core_i/clk                                                                                  | cv32e40p_core_ip/core_i/id_stage_i/controller_i/prepost_useincr_ex_o_reg[0]                           | cv32e40p_core_ip/core_i/id_stage_i/register_file_i/rst_ni           |               11 |             32 |         2.91 |
|  dutclk/inst/clk_out1                                                                        | dcache/way0/lines_reg_128_255_24_24_i_1__0_n_0                                                        |                                                                     |                8 |             32 |         4.00 |
|  core_i/clk                                                                                  | cv32e40p_core_ip/core_i/id_stage_i/controller_i/branch_in_ex_o_reg_0[0]                               | cv32e40p_core_ip/core_i/id_stage_i/register_file_i/rst_ni           |               15 |             32 |         2.13 |
|  core_i/clk                                                                                  | cv32e40p_core_ip/core_i/ex_stage_i/mult_i/FSM_sequential_mulh_CS_reg[1]_4[0]                          | cv32e40p_core_ip/core_i/id_stage_i/register_file_i/rst_ni           |               18 |             32 |         1.78 |
|  core_i/clk                                                                                  | cv32e40p_core_ip/core_i/ex_stage_i/mult_i/FSM_sequential_mulh_CS_reg[1]_3[0]                          | cv32e40p_core_ip/core_i/id_stage_i/register_file_i/rst_ni           |               12 |             32 |         2.67 |
|  core_i/clk                                                                                  | cv32e40p_core_ip/core_i/ex_stage_i/alu_i/alu_div_i/ARegEn_S                                           | cv32e40p_core_ip/core_i/id_stage_i/register_file_i/rst_ni           |                8 |             32 |         4.00 |
|  cv32e40p_core_ip/core_i/id_stage_i/register_file_i/CG_WE_GLOBAL/clk_gate_i/clk_en_reg_9[0]  |                                                                                                       | cv32e40p_core_ip/core_i/id_stage_i/register_file_i/rst_ni           |               13 |             32 |         2.46 |
|  cv32e40p_core_ip/core_i/id_stage_i/register_file_i/CG_WE_GLOBAL/clk_gate_i/clk_en_reg_8[0]  |                                                                                                       | cv32e40p_core_ip/core_i/id_stage_i/register_file_i/rst_ni           |               19 |             32 |         1.68 |
|  cv32e40p_core_ip/core_i/id_stage_i/register_file_i/CG_WE_GLOBAL/clk_gate_i/clk_en_reg_7[0]  |                                                                                                       | cv32e40p_core_ip/core_i/id_stage_i/register_file_i/rst_ni           |               18 |             32 |         1.78 |
|  dutclk/inst/clk_out1                                                                        | dcache/way1/lines_reg_256_383_24_24_i_1_n_0                                                           |                                                                     |                8 |             32 |         4.00 |
|  dutclk/inst/clk_out1                                                                        | dcache/way1/lines_reg_0_127_56_56_i_2_n_0                                                             |                                                                     |                8 |             32 |         4.00 |
|  dutclk/inst/clk_out1                                                                        | dcache/way1/lines_reg_0_127_8_8_i_2_n_0                                                               |                                                                     |                8 |             32 |         4.00 |
|  dutclk/inst/clk_out1                                                                        | dcache/way1/lines_reg_128_255_0_0_i_1_n_0                                                             |                                                                     |                8 |             32 |         4.00 |
|  dutclk/inst/clk_out1                                                                        | dcache/way1/lines_reg_128_255_16_16_i_1_n_0                                                           |                                                                     |                8 |             32 |         4.00 |
|  dutclk/inst/clk_out1                                                                        | dcache/way1/lines_reg_128_255_24_24_i_1_n_0                                                           |                                                                     |                8 |             32 |         4.00 |
|  dutclk/inst/clk_out1                                                                        | dcache/way1/lines_reg_128_255_32_32_i_1_n_0                                                           |                                                                     |                8 |             32 |         4.00 |
|  dutclk/inst/clk_out1                                                                        | dcache/way1/lines_reg_128_255_40_40_i_1_n_0                                                           |                                                                     |                8 |             32 |         4.00 |
|  dutclk/inst/clk_out1                                                                        | dcache/way1/lines_reg_128_255_48_48_i_1_n_0                                                           |                                                                     |                8 |             32 |         4.00 |
|  dutclk/inst/clk_out1                                                                        | dcache/way1/lines_reg_128_255_56_56_i_1_n_0                                                           |                                                                     |                8 |             32 |         4.00 |
|  dutclk/inst/clk_out1                                                                        | dcache/way0/lines_reg_128_255_0_0_i_1__0_n_0                                                          |                                                                     |                8 |             32 |         4.00 |
|  dutclk/inst/clk_out1                                                                        | dcache/way1/lines_reg_256_383_0_0_i_1_n_0                                                             |                                                                     |                8 |             32 |         4.00 |
|  dutclk/inst/clk_out1                                                                        | dcache/way1/lines_reg_256_383_16_16_i_1_n_0                                                           |                                                                     |                8 |             32 |         4.00 |
|  dutclk/inst/clk_out1                                                                        | dcache/way1/lines_reg_128_255_8_8_i_1_n_0                                                             |                                                                     |                8 |             32 |         4.00 |
|  dutclk/inst/clk_out1                                                                        | dcache/way1/lines_reg_256_383_32_32_i_1_n_0                                                           |                                                                     |                8 |             32 |         4.00 |
|  dutclk/inst/clk_out1                                                                        | dcache/way1/lines_reg_256_383_40_40_i_1_n_0                                                           |                                                                     |                8 |             32 |         4.00 |
|  dutclk/inst/clk_out1                                                                        | dcache/way1/lines_reg_256_383_48_48_i_1_n_0                                                           |                                                                     |                8 |             32 |         4.00 |
|  dutclk/inst/clk_out1                                                                        | dcache/way1/lines_reg_256_383_56_56_i_1_n_0                                                           |                                                                     |                8 |             32 |         4.00 |
|  dutclk/inst/clk_out1                                                                        | dcache/way1/lines_reg_256_383_8_8_i_1_n_0                                                             |                                                                     |                8 |             32 |         4.00 |
|  dutclk/inst/clk_out1                                                                        | dcache/way1/lines_reg_384_511_0_0_i_1_n_0                                                             |                                                                     |                8 |             32 |         4.00 |
|  dutclk/inst/clk_out1                                                                        | dcache/way1/lines_reg_384_511_16_16_i_1_n_0                                                           |                                                                     |                8 |             32 |         4.00 |
|  dutclk/inst/clk_out1                                                                        | dcache/way1/lines_reg_384_511_24_24_i_1_n_0                                                           |                                                                     |                8 |             32 |         4.00 |
|  cv32e40p_core_ip/core_i/id_stage_i/register_file_i/CG_WE_GLOBAL/clk_gate_i/E[0]             |                                                                                                       | cv32e40p_core_ip/core_i/id_stage_i/register_file_i/rst_ni           |               20 |             32 |         1.60 |
|  dutclk/inst/clk_out1                                                                        | dcache/way1/lines_reg_384_511_40_40_i_1_n_0                                                           |                                                                     |                8 |             32 |         4.00 |
|  dutclk/inst/clk_out1                                                                        | dcache/way1/lines_reg_384_511_48_48_i_1_n_0                                                           |                                                                     |                8 |             32 |         4.00 |
|  dutclk/inst/clk_out1                                                                        | dcache/way1/lines_reg_384_511_56_56_i_1_n_0                                                           |                                                                     |                8 |             32 |         4.00 |
|  dutclk/inst/clk_out1                                                                        | dcache/way1/lines_reg_0_127_40_40_i_1_n_0                                                             |                                                                     |                8 |             32 |         4.00 |
|  dutclk/inst/clk_out1                                                                        | dcache/way0/lines_reg_0_127_8_8_i_1__0_n_0                                                            |                                                                     |                8 |             32 |         4.00 |
|  dutclk/inst/clk_out1                                                                        | dcache/way0/lines_reg_0_127_56_56_i_1__0_n_0                                                          |                                                                     |                8 |             32 |         4.00 |
|  dutclk/inst/clk_out1                                                                        | dcache/way0/lines_reg_0_127_48_48_i_1__0_n_0                                                          |                                                                     |                8 |             32 |         4.00 |
|  dutclk/inst/clk_out1                                                                        | dcache/way0/lines_reg_0_127_16_16_i_1__0_n_0                                                          |                                                                     |                8 |             32 |         4.00 |
|  dutclk/inst/clk_out1                                                                        | dcache/way0/lines_reg_128_255_32_32_i_1__0_n_0                                                        |                                                                     |                8 |             32 |         4.00 |
|  dutclk/inst/clk_out1                                                                        | dcache/way0/lines_reg_128_255_56_56_i_1__0_n_0                                                        |                                                                     |                8 |             32 |         4.00 |
|  dutclk/inst/clk_out1                                                                        | dcache/way0/lines_reg_256_383_40_40_i_1__0_n_0                                                        |                                                                     |                8 |             32 |         4.00 |
|  dutclk/inst/clk_out1                                                                        | dcache/way0/lines_reg_256_383_56_56_i_1__0_n_0                                                        |                                                                     |                8 |             32 |         4.00 |
|  dutclk/inst/clk_out1                                                                        | dcache/way0/lines_reg_256_383_8_8_i_1__0_n_0                                                          |                                                                     |                8 |             32 |         4.00 |
|  dutclk/inst/clk_out1                                                                        | dcache/way0/lines_reg_384_511_0_0_i_1__0_n_0                                                          |                                                                     |                8 |             32 |         4.00 |
|  dutclk/inst/clk_out1                                                                        | dcache/way0/lines_reg_384_511_16_16_i_1__0_n_0                                                        |                                                                     |                8 |             32 |         4.00 |
|  dutclk/inst/clk_out1                                                                        | dcache/way0/lines_reg_384_511_8_8_i_1__0_n_0                                                          |                                                                     |                8 |             32 |         4.00 |
|  dutclk/inst/clk_out1                                                                        | dcache/way0/lines_reg_384_511_56_56_i_1__0_n_0                                                        |                                                                     |                8 |             32 |         4.00 |
|  dutclk/inst/clk_out1                                                                        | dcache/way0/lines_reg_384_511_48_48_i_1__0_n_0                                                        |                                                                     |                8 |             32 |         4.00 |
|  dutclk/inst/clk_out1                                                                        | dcache/way0/lines_reg_128_255_40_40_i_1__0_n_0                                                        |                                                                     |                8 |             32 |         4.00 |
|  dutclk/inst/clk_out1                                                                        | dcache/way1/lines_reg_0_127_48_48_i_1_n_0                                                             |                                                                     |                8 |             32 |         4.00 |
|  dutclk/inst/clk_out1                                                                        | dcache/way1/lines_reg_0_127_32_32_i_1_n_0                                                             |                                                                     |                8 |             32 |         4.00 |
|  dutclk/inst/clk_out1                                                                        | dcache/way1/lines_reg_0_127_24_24_i_2_n_0                                                             |                                                                     |                8 |             32 |         4.00 |
|  dutclk/inst/clk_out1                                                                        | dcache/way1/lines_reg_0_127_16_16_i_2_n_0                                                             |                                                                     |                8 |             32 |         4.00 |
|  dutclk/inst/clk_out1                                                                        | dcache/way1/lines_reg_0_127_0_0_i_2_n_0                                                               |                                                                     |                8 |             32 |         4.00 |
|  dutclk/inst/clk_out1                                                                        | dcache/way0/lines_reg_128_255_48_48_i_1__0_n_0                                                        |                                                                     |                8 |             32 |         4.00 |
|  core_i/clk                                                                                  |                                                                                                       | cv32e40p_core_ip/core_i/id_stage_i/register_file_i/rst_ni           |               39 |             61 |         1.56 |
|  dutclk/inst/clk_out1                                                                        |                                                                                                       | timer/timer_iface_dut/tt/counter[63]_i_1_n_0                        |               11 |             64 |         5.82 |
|  core_i/clk                                                                                  | cv32e40p_core_ip/core_i/ex_stage_i/alu_i/alu_div_i/BReg_DP[31]_i_1_n_0                                | cv32e40p_core_ip/core_i/id_stage_i/register_file_i/rst_ni           |               30 |             64 |         2.13 |
|  core_i/clk                                                                                  | cv32e40p_core_ip/core_i/ex_stage_i/mult_i/FSM_sequential_mulh_CS_reg[2]_1[0]                          | cv32e40p_core_ip/core_i/id_stage_i/register_file_i/rst_ni           |               27 |             68 |         2.52 |
|  dutclk/inst/clk_out1                                                                        | obi_demux_dut/E[0]                                                                                    | cv32e40p_core_ip/core_i/id_stage_i/register_file_i/rst_ni           |               23 |             69 |         3.00 |
|  core_i/clk                                                                                  | cv32e40p_core_ip/core_i/if_stage_i/aligner_i/instr_valid_id_o0                                        | cv32e40p_core_ip/core_i/id_stage_i/register_file_i/rst_ni           |               41 |             72 |         1.76 |
|  dutclk/inst/clk_out1                                                                        | qspi/qspi_iface_dut/buffer[229]_i_1_n_0                                                               |                                                                     |               72 |             87 |         1.21 |
|  dutclk/inst/clk_out1                                                                        | icache/way1/lines_reg_384_511_0_0_i_1__1_n_0                                                          |                                                                     |               32 |            128 |         4.00 |
|  dutclk/inst/clk_out1                                                                        | icache/way1/lines_reg_384_511_32_32_i_1__1_n_0                                                        |                                                                     |               32 |            128 |         4.00 |
|  dutclk/inst/clk_out1                                                                        | icache/way0/lines_reg_0_127_0_0_i_1__2_n_0                                                            |                                                                     |               32 |            128 |         4.00 |
|  dutclk/inst/clk_out1                                                                        | icache/way0/lines_reg_0_127_32_32_i_1__2_n_0                                                          |                                                                     |               32 |            128 |         4.00 |
|  dutclk/inst/clk_out1                                                                        | icache/way0/lines_reg_128_255_0_0_i_1__2_n_0                                                          |                                                                     |               32 |            128 |         4.00 |
|  dutclk/inst/clk_out1                                                                        | icache/way0/lines_reg_128_255_32_32_i_1__2_n_0                                                        |                                                                     |               32 |            128 |         4.00 |
|  dutclk/inst/clk_out1                                                                        | icache/way0/lines_reg_256_383_0_0_i_1__2_n_0                                                          |                                                                     |               32 |            128 |         4.00 |
|  dutclk/inst/clk_out1                                                                        | icache/way0/lines_reg_256_383_32_32_i_1__2_n_0                                                        |                                                                     |               32 |            128 |         4.00 |
|  dutclk/inst/clk_out1                                                                        | icache/way0/lines_reg_384_511_0_0_i_1__2_n_0                                                          |                                                                     |               32 |            128 |         4.00 |
|  dutclk/inst/clk_out1                                                                        | icache/way0/lines_reg_384_511_32_32_i_1__2_n_0                                                        |                                                                     |               32 |            128 |         4.00 |
|  dutclk/inst/clk_out1                                                                        | icache/way1/lines_reg_256_383_32_32_i_1__1_n_0                                                        |                                                                     |               32 |            128 |         4.00 |
|  dutclk/inst/clk_out1                                                                        | icache/way1/lines_reg_256_383_0_0_i_1__1_n_0                                                          |                                                                     |               32 |            128 |         4.00 |
|  dutclk/inst/clk_out1                                                                        | icache/way1/lines_reg_128_255_32_32_i_1__1_n_0                                                        |                                                                     |               32 |            128 |         4.00 |
|  dutclk/inst/clk_out1                                                                        | icache/way1/lines_reg_0_127_0_0_i_2__1_n_0                                                            |                                                                     |               32 |            128 |         4.00 |
|  dutclk/inst/clk_out1                                                                        | icache/way1/lines_reg_128_255_0_0_i_1__1_n_0                                                          |                                                                     |               32 |            128 |         4.00 |
|  dutclk/inst/clk_out1                                                                        | icache/way1/lines_reg_0_127_32_32_i_1__1_n_0                                                          |                                                                     |               32 |            128 |         4.00 |
|  dutclk/inst/clk_out1                                                                        | icache/way1/cpu_addr_d                                                                                | cv32e40p_core_ip/core_i/id_stage_i/register_file_i/rst_ni           |               68 |            143 |         2.10 |
|  dutclk/inst/clk_out1                                                                        | qspi/qspi_iface_dut/buffer[229]_i_1_n_0                                                               | qspi/qspi_iface_dut/buffer[231]_i_1_n_0                             |               87 |            145 |         1.67 |
|  dutclk/inst/clk_out1                                                                        | dcache/way1/cpu_addr_d                                                                                | cv32e40p_core_ip/core_i/id_stage_i/register_file_i/rst_ni           |               94 |            193 |         2.05 |
|  dutclk/inst/clk_out1                                                                        |                                                                                                       |                                                                     |              528 |           1443 |         2.73 |
|  dutclk/inst/clk_out1                                                                        |                                                                                                       | cv32e40p_core_ip/core_i/id_stage_i/register_file_i/rst_ni           |             1132 |           3157 |         2.79 |
+----------------------------------------------------------------------------------------------+-------------------------------------------------------------------------------------------------------+---------------------------------------------------------------------+------------------+----------------+--------------+


