Copyright 1986-2022 Xilinx, Inc. All Rights Reserved.
------------------------------------------------------------------------------------------
| Tool Version      : Vivado v.2022.2 (lin64) Build 3671981 Fri Oct 14 04:59:54 MDT 2022
| Date              : Tue Sep  3 18:13:40 2024
| Host              : karpuz running 64-bit Ubuntu 22.04.4 LTS
| Command           : report_clock_utilization -file air_soc_clock_utilization_routed.rpt
| Design            : air_soc
| Device            : xcvu095-ffva2104
| Speed File        : -2  PRODUCTION 1.26 12-04-2018
| Temperature Grade : E
| Design State      : Routed
------------------------------------------------------------------------------------------

Clock Utilization Report

Table of Contents
-----------------
1. Clock Primitive Utilization
2. Global Clock Resources
3. Global Clock Source Details
4. Clock Regions : Clock Primitives
5. Clock Regions : Load Primitives
6. Clock Regions : Global Clock Summary
7. Clock Regions : Routing Resource Utilization
8. Device Cell Placement Summary for Global Clock g0
9. Device Cell Placement Summary for Global Clock g1
10. Device Cell Placement Summary for Global Clock g2
11. Device Cell Placement Summary for Global Clock g3
12. Device Cell Placement Summary for Global Clock g4
13. Device Cell Placement Summary for Global Clock g5
14. Device Cell Placement Summary for Global Clock g6
15. Device Cell Placement Summary for Global Clock g7
16. Device Cell Placement Summary for Global Clock g8
17. Device Cell Placement Summary for Global Clock g9
18. Device Cell Placement Summary for Global Clock g10
19. Device Cell Placement Summary for Global Clock g11
20. Device Cell Placement Summary for Global Clock g12
21. Device Cell Placement Summary for Global Clock g13
22. Device Cell Placement Summary for Global Clock g14
23. Device Cell Placement Summary for Global Clock g15
24. Device Cell Placement Summary for Global Clock g16
25. Device Cell Placement Summary for Global Clock g17
26. Device Cell Placement Summary for Global Clock g18
27. Device Cell Placement Summary for Global Clock g19
28. Device Cell Placement Summary for Global Clock g20
29. Device Cell Placement Summary for Global Clock g21
30. Device Cell Placement Summary for Global Clock g22
31. Device Cell Placement Summary for Global Clock g23
32. Clock Region Cell Placement per Global Clock: Region X2Y4
33. Clock Region Cell Placement per Global Clock: Region X2Y5
34. Clock Region Cell Placement per Global Clock: Region X2Y6
35. Clock Region Cell Placement per Global Clock: Region X2Y7

1. Clock Primitive Utilization
------------------------------

+------------+------+-----------+-----+--------------+--------+
| Type       | Used | Available | LOC | Clock Region | Pblock |
+------------+------+-----------+-----+--------------+--------+
| BUFGCE     |   24 |       384 |   0 |            0 |      0 |
| BUFGCE_DIV |    0 |        64 |   0 |            0 |      0 |
| BUFGCTRL   |    0 |       128 |   0 |            0 |      0 |
| BUFG_GT    |    0 |       384 |   0 |            0 |      0 |
| MMCM       |    1 |        16 |   0 |            0 |      0 |
| PLL        |    0 |        32 |   0 |            0 |      0 |
+------------+------+-----------+-----+--------------+--------+


2. Global Clock Resources
-------------------------

+-----------+-----------+-----------------+------------+---------------+--------------+------+-------------------+-------------------+-------------+-----------------+--------------+----------------------+----------------------------------------------------------------------------------------------+---------------------------------------------------------------------------------------+
| Global Id | Source Id | Driver Type/Pin | Constraint | Site          | Clock Region | Root | Clock Delay Group | Load Clock Region | Clock Loads | Non-Clock Loads | Clock Period | Clock                | Driver Pin                                                                                   | Net                                                                                   |
+-----------+-----------+-----------------+------------+---------------+--------------+------+-------------------+-------------------+-------------+-----------------+--------------+----------------------+----------------------------------------------------------------------------------------------+---------------------------------------------------------------------------------------+
| g0        | src0      | BUFGCE/O        | None       | BUFGCE_X1Y48  | X3Y2         | X2Y5 |                   |                 3 |        3400 |              35 |       16.667 | clk_out1_clk_wiz_0_1 | dutclk/inst/clkout1_buf/O                                                                    | dutclk/inst/clk_out1                                                                  |
| g1        | src0      | BUFGCE/O        | None       | BUFGCE_X0Y167 | X2Y6         | X2Y6 |                   |                 2 |        1120 |               0 |       16.667 | clk_out1_clk_wiz_0_1 | cnt_q_reg[1]_i_3/O                                                                           | core_i/clk                                                                            |
| g2        | src0      | BUFGCE/O        | None       | BUFGCE_X0Y166 | X2Y6         | X2Y6 |                   |                 1 |          95 |               0 |       16.667 | clk_out1_clk_wiz_0_1 | waddr_onehot_b_q_reg[31]_i_2/O                                                               | core_i/id_stage_i/register_file_i/clk_int                                             |
| g3        | src0      | BUFGCE/O        | None       | BUFGCE_X0Y157 | X2Y6         | X2Y6 |                   |                 2 |          32 |               0 |       16.667 | clk_out1_clk_wiz_0_1 | mem_reg[11][31]_i_2/O                                                                        | core_i/id_stage_i/register_file_i/p_51_in                                             |
| g4        | src0      | BUFGCE/O        | None       | BUFGCE_X0Y156 | X2Y6         | X2Y6 |                   |                 2 |          32 |               0 |       16.667 | clk_out1_clk_wiz_0_1 | mem_reg[10][31]_i_2/O                                                                        | core_i/id_stage_i/register_file_i/p_52_in                                             |
| g5        | src0      | BUFGCE/O        | None       | BUFGCE_X0Y165 | X2Y6         | X2Y6 |                   |                 2 |          32 |               0 |       16.667 | clk_out1_clk_wiz_0_1 | mem_reg[9][31]_i_2/O                                                                         | core_i/id_stage_i/register_file_i/p_53_in                                             |
| g6        | src0      | BUFGCE/O        | None       | BUFGCE_X0Y164 | X2Y6         | X2Y6 |                   |                 2 |          32 |               0 |       16.667 | clk_out1_clk_wiz_0_1 | mem_reg[8][31]_i_2/O                                                                         | core_i/id_stage_i/register_file_i/p_54_in                                             |
| g7        | src0      | BUFGCE/O        | None       | BUFGCE_X0Y163 | X2Y6         | X2Y6 |                   |                 2 |          32 |               0 |       16.667 | clk_out1_clk_wiz_0_1 | mem_reg[7][31]_i_2/O                                                                         | core_i/id_stage_i/register_file_i/p_55_in                                             |
| g8        | src0      | BUFGCE/O        | None       | BUFGCE_X0Y162 | X2Y6         | X2Y6 |                   |                 2 |          32 |               0 |       16.667 | clk_out1_clk_wiz_0_1 | mem_reg[6][31]_i_2/O                                                                         | core_i/id_stage_i/register_file_i/p_56_in                                             |
| g9        | src0      | BUFGCE/O        | None       | BUFGCE_X0Y161 | X2Y6         | X2Y6 |                   |                 2 |          32 |               0 |       16.667 | clk_out1_clk_wiz_0_1 | mem_reg[5][31]_i_2/O                                                                         | core_i/id_stage_i/register_file_i/p_57_in                                             |
| g10       | src0      | BUFGCE/O        | None       | BUFGCE_X0Y160 | X2Y6         | X2Y6 |                   |                 2 |          32 |               0 |       16.667 | clk_out1_clk_wiz_0_1 | mem_reg[4][31]_i_2/O                                                                         | core_i/id_stage_i/register_file_i/p_58_in                                             |
| g11       | src0      | BUFGCE/O        | None       | BUFGCE_X0Y159 | X2Y6         | X2Y6 |                   |                 2 |          32 |               0 |       16.667 | clk_out1_clk_wiz_0_1 | mem_reg[3][31]_i_2/O                                                                         | core_i/id_stage_i/register_file_i/p_59_in                                             |
| g12       | src0      | BUFGCE/O        | None       | BUFGCE_X0Y158 | X2Y6         | X2Y6 |                   |                 2 |          32 |               0 |       16.667 | clk_out1_clk_wiz_0_1 | mem_reg[2][31]_i_2/O                                                                         | core_i/id_stage_i/register_file_i/p_60_in                                             |
| g13       | src0      | BUFGCE/O        | None       | BUFGCE_X0Y146 | X2Y6         | X2Y6 |                   |                 2 |          32 |               0 |       16.667 | clk_out1_clk_wiz_0_1 | cv32e40p_core_ip/core_i/id_stage_i/register_file_i/CG_WE_GLOBAL/E[0]_BUFG_inst/O             | cv32e40p_core_ip/core_i/id_stage_i/register_file_i/CG_WE_GLOBAL/E_BUFG[0]             |
| g14       | src0      | BUFGCE/O        | None       | BUFGCE_X0Y147 | X2Y6         | X2Y6 |                   |                 2 |          32 |               0 |       16.667 | clk_out1_clk_wiz_0_1 | cv32e40p_core_ip/core_i/id_stage_i/register_file_i/CG_WE_GLOBAL/clk_en_reg_0[0]_BUFG_inst/O  | cv32e40p_core_ip/core_i/id_stage_i/register_file_i/CG_WE_GLOBAL/clk_en_reg_0_BUFG[0]  |
| g15       | src0      | BUFGCE/O        | None       | BUFGCE_X0Y145 | X2Y6         | X2Y6 |                   |                 2 |          32 |               0 |       16.667 | clk_out1_clk_wiz_0_1 | cv32e40p_core_ip/core_i/id_stage_i/register_file_i/CG_WE_GLOBAL/clk_en_reg_10[0]_BUFG_inst/O | cv32e40p_core_ip/core_i/id_stage_i/register_file_i/CG_WE_GLOBAL/clk_en_reg_10_BUFG[0] |
| g16       | src0      | BUFGCE/O        | None       | BUFGCE_X0Y148 | X2Y6         | X2Y6 |                   |                 2 |          32 |               0 |       16.667 | clk_out1_clk_wiz_0_1 | cv32e40p_core_ip/core_i/id_stage_i/register_file_i/CG_WE_GLOBAL/clk_en_reg_11[0]_BUFG_inst/O | cv32e40p_core_ip/core_i/id_stage_i/register_file_i/CG_WE_GLOBAL/clk_en_reg_11_BUFG[0] |
| g17       | src0      | BUFGCE/O        | None       | BUFGCE_X0Y149 | X2Y6         | X2Y6 |                   |                 2 |          32 |               0 |       16.667 | clk_out1_clk_wiz_0_1 | cv32e40p_core_ip/core_i/id_stage_i/register_file_i/CG_WE_GLOBAL/clk_en_reg_12[0]_BUFG_inst/O | cv32e40p_core_ip/core_i/id_stage_i/register_file_i/CG_WE_GLOBAL/clk_en_reg_12_BUFG[0] |
| g18       | src0      | BUFGCE/O        | None       | BUFGCE_X0Y150 | X2Y6         | X2Y6 |                   |                 2 |          32 |               0 |       16.667 | clk_out1_clk_wiz_0_1 | cv32e40p_core_ip/core_i/id_stage_i/register_file_i/CG_WE_GLOBAL/clk_en_reg_13[0]_BUFG_inst/O | cv32e40p_core_ip/core_i/id_stage_i/register_file_i/CG_WE_GLOBAL/clk_en_reg_13_BUFG[0] |
| g19       | src0      | BUFGCE/O        | None       | BUFGCE_X0Y151 | X2Y6         | X2Y6 |                   |                 2 |          32 |               0 |       16.667 | clk_out1_clk_wiz_0_1 | cv32e40p_core_ip/core_i/id_stage_i/register_file_i/CG_WE_GLOBAL/clk_en_reg_14[0]_BUFG_inst/O | cv32e40p_core_ip/core_i/id_stage_i/register_file_i/CG_WE_GLOBAL/clk_en_reg_14_BUFG[0] |
| g20       | src0      | BUFGCE/O        | None       | BUFGCE_X0Y152 | X2Y6         | X2Y6 |                   |                 2 |          32 |               0 |       16.667 | clk_out1_clk_wiz_0_1 | cv32e40p_core_ip/core_i/id_stage_i/register_file_i/CG_WE_GLOBAL/clk_en_reg_15[0]_BUFG_inst/O | cv32e40p_core_ip/core_i/id_stage_i/register_file_i/CG_WE_GLOBAL/clk_en_reg_15_BUFG[0] |
| g21       | src0      | BUFGCE/O        | None       | BUFGCE_X0Y153 | X2Y6         | X2Y6 |                   |                 2 |          32 |               0 |       16.667 | clk_out1_clk_wiz_0_1 | cv32e40p_core_ip/core_i/id_stage_i/register_file_i/CG_WE_GLOBAL/clk_en_reg_16[0]_BUFG_inst/O | cv32e40p_core_ip/core_i/id_stage_i/register_file_i/CG_WE_GLOBAL/clk_en_reg_16_BUFG[0] |
| g22       | src0      | BUFGCE/O        | None       | BUFGCE_X0Y154 | X2Y6         | X2Y6 |                   |                 2 |          32 |               0 |       16.667 | clk_out1_clk_wiz_0_1 | cv32e40p_core_ip/core_i/id_stage_i/register_file_i/CG_WE_GLOBAL/clk_en_reg_17[0]_BUFG_inst/O | cv32e40p_core_ip/core_i/id_stage_i/register_file_i/CG_WE_GLOBAL/clk_en_reg_17_BUFG[0] |
| g23       | src0      | BUFGCE/O        | None       | BUFGCE_X0Y155 | X2Y6         | X2Y6 |                   |                 2 |          32 |               0 |       16.667 | clk_out1_clk_wiz_0_1 | cv32e40p_core_ip/core_i/id_stage_i/register_file_i/CG_WE_GLOBAL/clk_en_reg_18[0]_BUFG_inst/O | cv32e40p_core_ip/core_i/id_stage_i/register_file_i/CG_WE_GLOBAL/clk_en_reg_18_BUFG[0] |
+-----------+-----------+-----------------+------------+---------------+--------------+------+-------------------+-------------------+-------------+-----------------+--------------+----------------------+----------------------------------------------------------------------------------------------+---------------------------------------------------------------------------------------+
* Clock Loads column represents cell count of net connects that connect to a clock pin. Internal cell leaf pins are not considered
** Non-Clock Loads column represents cell count of non-clock pin loads


3. Global Clock Source Details
------------------------------

+-----------+-----------+--------------------+------------+-----------------+--------------+-------------+-----------------+---------------------+----------------------+---------------------------------------------------------------------------------------+----------------------------------------------------------------------------------+
| Source Id | Global Id | Driver Type/Pin    | Constraint | Site            | Clock Region | Clock Loads | Non-Clock Loads | Source Clock Period | Source Clock         | Driver Pin                                                                            | Net                                                                              |
+-----------+-----------+--------------------+------------+-----------------+--------------+-------------+-----------------+---------------------+----------------------+---------------------------------------------------------------------------------------+----------------------------------------------------------------------------------+
| src0      | g0        | MMCME3_ADV/CLKOUT0 | None       | MMCME3_ADV_X1Y2 | X3Y2         |           1 |               0 |              16.667 | clk_out1_clk_wiz_0_1 | dutclk/inst/mmcme3_adv_inst/CLKOUT0                                                   | dutclk/inst/clk_out1_clk_wiz_0                                                   |
| src0      | g1        | LUT2/O             | None       | SLICE_X56Y394   | X2Y6         |           1 |               0 |              16.667 | clk_out1_clk_wiz_0_1 | cv32e40p_core_ip/core_i/sleep_unit_i/core_clock_gate_i/cnt_q[1]_i_7/O                 | cv32e40p_core_ip/core_i/sleep_unit_i/core_clock_gate_i/clk_en_reg_2              |
| src0      | g2        | LUT3/O             | None       | SLICE_X56Y396   | X2Y6         |           1 |               0 |              16.667 | clk_out1_clk_wiz_0_1 | cv32e40p_core_ip/core_i/sleep_unit_i/core_clock_gate_i/waddr_onehot_b_q[31]_i_3/O     | cv32e40p_core_ip/core_i/sleep_unit_i/core_clock_gate_i/clk_en_reg_0              |
| src0      | g3        | LUT4/O             | None       | SLICE_X56Y395   | X2Y6         |           1 |               0 |              16.667 | clk_out1_clk_wiz_0_1 | cv32e40p_core_ip/core_i/id_stage_i/register_file_i/CG_WE_GLOBAL/mem_reg[11][31]_i_3/O | cv32e40p_core_ip/core_i/id_stage_i/register_file_i/CG_WE_GLOBAL/clk_en_reg_19    |
| src0      | g4        | LUT4/O             | None       | SLICE_X56Y395   | X2Y6         |           1 |               0 |              16.667 | clk_out1_clk_wiz_0_1 | cv32e40p_core_ip/core_i/id_stage_i/register_file_i/CG_WE_GLOBAL/mem_reg[10][31]_i_3/O | cv32e40p_core_ip/core_i/id_stage_i/register_file_i/CG_WE_GLOBAL/clk_en_reg_20    |
| src0      | g5        | LUT4/O             | None       | SLICE_X56Y395   | X2Y6         |           1 |               0 |              16.667 | clk_out1_clk_wiz_0_1 | cv32e40p_core_ip/core_i/id_stage_i/register_file_i/CG_WE_GLOBAL/mem_reg[9][31]_i_3/O  | cv32e40p_core_ip/core_i/id_stage_i/register_file_i/CG_WE_GLOBAL/clk_en_reg_21    |
| src0      | g6        | LUT4/O             | None       | SLICE_X56Y395   | X2Y6         |           1 |               0 |              16.667 | clk_out1_clk_wiz_0_1 | cv32e40p_core_ip/core_i/id_stage_i/register_file_i/CG_WE_GLOBAL/mem_reg[8][31]_i_3/O  | cv32e40p_core_ip/core_i/id_stage_i/register_file_i/CG_WE_GLOBAL/clk_en_reg_22    |
| src0      | g7        | LUT4/O             | None       | SLICE_X56Y395   | X2Y6         |           1 |               0 |              16.667 | clk_out1_clk_wiz_0_1 | cv32e40p_core_ip/core_i/id_stage_i/register_file_i/CG_WE_GLOBAL/mem_reg[7][31]_i_3/O  | cv32e40p_core_ip/core_i/id_stage_i/register_file_i/CG_WE_GLOBAL/clk_en_reg_23    |
| src0      | g8        | LUT4/O             | None       | SLICE_X56Y395   | X2Y6         |           1 |               0 |              16.667 | clk_out1_clk_wiz_0_1 | cv32e40p_core_ip/core_i/id_stage_i/register_file_i/CG_WE_GLOBAL/mem_reg[6][31]_i_3/O  | cv32e40p_core_ip/core_i/id_stage_i/register_file_i/CG_WE_GLOBAL/clk_en_reg_24    |
| src0      | g9        | LUT4/O             | None       | SLICE_X56Y396   | X2Y6         |           1 |               0 |              16.667 | clk_out1_clk_wiz_0_1 | cv32e40p_core_ip/core_i/id_stage_i/register_file_i/CG_WE_GLOBAL/mem_reg[5][31]_i_3/O  | cv32e40p_core_ip/core_i/id_stage_i/register_file_i/CG_WE_GLOBAL/clk_en_reg_25    |
| src0      | g10       | LUT4/O             | None       | SLICE_X56Y396   | X2Y6         |           1 |               0 |              16.667 | clk_out1_clk_wiz_0_1 | cv32e40p_core_ip/core_i/id_stage_i/register_file_i/CG_WE_GLOBAL/mem_reg[4][31]_i_3/O  | cv32e40p_core_ip/core_i/id_stage_i/register_file_i/CG_WE_GLOBAL/clk_en_reg_26    |
| src0      | g11       | LUT4/O             | None       | SLICE_X56Y396   | X2Y6         |           1 |               0 |              16.667 | clk_out1_clk_wiz_0_1 | cv32e40p_core_ip/core_i/id_stage_i/register_file_i/CG_WE_GLOBAL/mem_reg[3][31]_i_3/O  | cv32e40p_core_ip/core_i/id_stage_i/register_file_i/CG_WE_GLOBAL/clk_en_reg_27    |
| src0      | g12       | LUT4/O             | None       | SLICE_X56Y396   | X2Y6         |           1 |               0 |              16.667 | clk_out1_clk_wiz_0_1 | cv32e40p_core_ip/core_i/id_stage_i/register_file_i/CG_WE_GLOBAL/mem_reg[2][31]_i_3/O  | cv32e40p_core_ip/core_i/id_stage_i/register_file_i/CG_WE_GLOBAL/clk_en_reg_28    |
| src0      | g13       | LUT4/O             | None       | SLICE_X56Y397   | X2Y6         |           1 |               0 |              16.667 | clk_out1_clk_wiz_0_1 | cv32e40p_core_ip/core_i/id_stage_i/register_file_i/CG_WE_GLOBAL/mem_reg[31][31]_i_2/O | cv32e40p_core_ip/core_i/id_stage_i/register_file_i/CG_WE_GLOBAL/E[0]             |
| src0      | g14       | LUT4/O             | None       | SLICE_X56Y397   | X2Y6         |           1 |               0 |              16.667 | clk_out1_clk_wiz_0_1 | cv32e40p_core_ip/core_i/id_stage_i/register_file_i/CG_WE_GLOBAL/mem_reg[30][31]_i_2/O | cv32e40p_core_ip/core_i/id_stage_i/register_file_i/CG_WE_GLOBAL/clk_en_reg_0[0]  |
| src0      | g15       | LUT4/O             | None       | SLICE_X56Y395   | X2Y6         |           1 |               0 |              16.667 | clk_out1_clk_wiz_0_1 | cv32e40p_core_ip/core_i/id_stage_i/register_file_i/CG_WE_GLOBAL/mem_reg[20][31]_i_2/O | cv32e40p_core_ip/core_i/id_stage_i/register_file_i/CG_WE_GLOBAL/clk_en_reg_10[0] |
| src0      | g16       | LUT4/O             | None       | SLICE_X56Y396   | X2Y6         |           1 |               0 |              16.667 | clk_out1_clk_wiz_0_1 | cv32e40p_core_ip/core_i/id_stage_i/register_file_i/CG_WE_GLOBAL/mem_reg[19][31]_i_2/O | cv32e40p_core_ip/core_i/id_stage_i/register_file_i/CG_WE_GLOBAL/clk_en_reg_11[0] |
| src0      | g17       | LUT4/O             | None       | SLICE_X56Y397   | X2Y6         |           1 |               0 |              16.667 | clk_out1_clk_wiz_0_1 | cv32e40p_core_ip/core_i/id_stage_i/register_file_i/CG_WE_GLOBAL/mem_reg[18][31]_i_2/O | cv32e40p_core_ip/core_i/id_stage_i/register_file_i/CG_WE_GLOBAL/clk_en_reg_12[0] |
| src0      | g18       | LUT4/O             | None       | SLICE_X56Y397   | X2Y6         |           1 |               0 |              16.667 | clk_out1_clk_wiz_0_1 | cv32e40p_core_ip/core_i/id_stage_i/register_file_i/CG_WE_GLOBAL/mem_reg[17][31]_i_2/O | cv32e40p_core_ip/core_i/id_stage_i/register_file_i/CG_WE_GLOBAL/clk_en_reg_13[0] |
| src0      | g19       | LUT4/O             | None       | SLICE_X56Y395   | X2Y6         |           1 |               0 |              16.667 | clk_out1_clk_wiz_0_1 | cv32e40p_core_ip/core_i/id_stage_i/register_file_i/CG_WE_GLOBAL/mem_reg[16][31]_i_2/O | cv32e40p_core_ip/core_i/id_stage_i/register_file_i/CG_WE_GLOBAL/clk_en_reg_14[0] |
| src0      | g20       | LUT4/O             | None       | SLICE_X56Y395   | X2Y6         |           1 |               0 |              16.667 | clk_out1_clk_wiz_0_1 | cv32e40p_core_ip/core_i/id_stage_i/register_file_i/CG_WE_GLOBAL/mem_reg[15][31]_i_2/O | cv32e40p_core_ip/core_i/id_stage_i/register_file_i/CG_WE_GLOBAL/clk_en_reg_15[0] |
| src0      | g21       | LUT4/O             | None       | SLICE_X56Y395   | X2Y6         |           1 |               0 |              16.667 | clk_out1_clk_wiz_0_1 | cv32e40p_core_ip/core_i/id_stage_i/register_file_i/CG_WE_GLOBAL/mem_reg[14][31]_i_2/O | cv32e40p_core_ip/core_i/id_stage_i/register_file_i/CG_WE_GLOBAL/clk_en_reg_16[0] |
| src0      | g22       | LUT4/O             | None       | SLICE_X56Y395   | X2Y6         |           1 |               0 |              16.667 | clk_out1_clk_wiz_0_1 | cv32e40p_core_ip/core_i/id_stage_i/register_file_i/CG_WE_GLOBAL/mem_reg[13][31]_i_2/O | cv32e40p_core_ip/core_i/id_stage_i/register_file_i/CG_WE_GLOBAL/clk_en_reg_17[0] |
| src0      | g23       | LUT4/O             | None       | SLICE_X56Y395   | X2Y6         |           1 |               0 |              16.667 | clk_out1_clk_wiz_0_1 | cv32e40p_core_ip/core_i/id_stage_i/register_file_i/CG_WE_GLOBAL/mem_reg[12][31]_i_2/O | cv32e40p_core_ip/core_i/id_stage_i/register_file_i/CG_WE_GLOBAL/clk_en_reg_18[0] |
+-----------+-----------+--------------------+------------+-----------------+--------------+-------------+-----------------+---------------------+----------------------+---------------------------------------------------------------------------------------+----------------------------------------------------------------------------------+
* Clock Loads column represents cell count of net connects that connect to a clock pin. Internal cell leaf pins are not considered
** Non-Clock Loads column represents cell count of non-clock pin loads


4. Clock Regions : Clock Primitives
-----------------------------------

+-------------------+---------------+---------------+---------------+---------------+---------------+---------------+---------------+
|                   |  Global Clock |     BUFGCE    |   BUFGCE_DIV  |    BUFGCTRL   |    BUFG_GT    |      MMCM     |      PLL      |
+-------------------+-------+-------+-------+-------+-------+-------+-------+-------+-------+-------+-------+-------+-------+-------+
| Clock Region Name | Used  | Avail | Used  | Avail | Used  | Avail | Used  | Avail | Used  | Avail | Used  | Avail | Used  | Avail |
+-------------------+-------+-------+-------+-------+-------+-------+-------+-------+-------+-------+-------+-------+-------+-------+
| X0Y0              |     0 |    24 |     0 |     0 |     0 |     0 |     0 |     0 |     0 |    24 |     0 |     0 |     0 |     0 |
| X1Y0              |     0 |    24 |     0 |     0 |     0 |     0 |     0 |     0 |     0 |     0 |     0 |     0 |     0 |     0 |
| X2Y0              |     0 |    24 |     0 |    24 |     0 |     4 |     0 |     8 |     0 |     0 |     0 |     1 |     0 |     2 |
| X3Y0              |     0 |    24 |     0 |    24 |     0 |     4 |     0 |     8 |     0 |     0 |     0 |     1 |     0 |     2 |
| X4Y0              |     0 |    24 |     0 |     0 |     0 |     0 |     0 |     0 |     0 |    24 |     0 |     0 |     0 |     0 |
| X0Y1              |     0 |    24 |     0 |     0 |     0 |     0 |     0 |     0 |     0 |    24 |     0 |     0 |     0 |     0 |
| X1Y1              |     0 |    24 |     0 |     0 |     0 |     0 |     0 |     0 |     0 |     0 |     0 |     0 |     0 |     0 |
| X2Y1              |     0 |    24 |     0 |    24 |     0 |     4 |     0 |     8 |     0 |     0 |     0 |     1 |     0 |     2 |
| X3Y1              |     0 |    24 |     0 |    24 |     0 |     4 |     0 |     8 |     0 |     0 |     0 |     1 |     0 |     2 |
| X4Y1              |     0 |    24 |     0 |     0 |     0 |     0 |     0 |     0 |     0 |    24 |     0 |     0 |     0 |     0 |
| X0Y2              |     0 |    24 |     0 |     0 |     0 |     0 |     0 |     0 |     0 |    24 |     0 |     0 |     0 |     0 |
| X1Y2              |     0 |    24 |     0 |     0 |     0 |     0 |     0 |     0 |     0 |     0 |     0 |     0 |     0 |     0 |
| X2Y2              |     0 |    24 |     0 |    24 |     0 |     4 |     0 |     8 |     0 |     0 |     0 |     1 |     0 |     2 |
| X3Y2              |     0 |    24 |     1 |    24 |     0 |     4 |     0 |     8 |     0 |     0 |     1 |     1 |     0 |     2 |
| X4Y2              |     0 |    24 |     0 |     0 |     0 |     0 |     0 |     0 |     0 |    24 |     0 |     0 |     0 |     0 |
| X0Y3              |     0 |    24 |     0 |     0 |     0 |     0 |     0 |     0 |     0 |    24 |     0 |     0 |     0 |     0 |
| X1Y3              |     0 |    24 |     0 |     0 |     0 |     0 |     0 |     0 |     0 |     0 |     0 |     0 |     0 |     0 |
| X2Y3              |     0 |    24 |     0 |    24 |     0 |     4 |     0 |     8 |     0 |     0 |     0 |     1 |     0 |     2 |
| X3Y3              |     0 |    24 |     0 |    24 |     0 |     4 |     0 |     8 |     0 |     0 |     0 |     1 |     0 |     2 |
| X4Y3              |     0 |    24 |     0 |     0 |     0 |     0 |     0 |     0 |     0 |    24 |     0 |     0 |     0 |     0 |
| X0Y4              |     0 |    24 |     0 |     0 |     0 |     0 |     0 |     0 |     0 |    24 |     0 |     0 |     0 |     0 |
| X1Y4              |     0 |    24 |     0 |     0 |     0 |     0 |     0 |     0 |     0 |     0 |     0 |     0 |     0 |     0 |
| X2Y4              |     1 |    24 |     0 |    24 |     0 |     4 |     0 |     8 |     0 |     0 |     0 |     1 |     0 |     2 |
| X3Y4              |     0 |    24 |     0 |    24 |     0 |     4 |     0 |     8 |     0 |     0 |     0 |     1 |     0 |     2 |
| X4Y4              |     0 |    24 |     0 |     0 |     0 |     0 |     0 |     0 |     0 |    24 |     0 |     0 |     0 |     0 |
| X0Y5              |     0 |    24 |     0 |     0 |     0 |     0 |     0 |     0 |     0 |    24 |     0 |     0 |     0 |     0 |
| X1Y5              |     0 |    24 |     0 |     0 |     0 |     0 |     0 |     0 |     0 |     0 |     0 |     0 |     0 |     0 |
| X2Y5              |     1 |    24 |     0 |    24 |     0 |     4 |     0 |     8 |     0 |     0 |     0 |     1 |     0 |     2 |
| X3Y5              |     0 |    24 |     0 |    24 |     0 |     4 |     0 |     8 |     0 |     0 |     0 |     1 |     0 |     2 |
| X4Y5              |     0 |    24 |     0 |     0 |     0 |     0 |     0 |     0 |     0 |    24 |     0 |     0 |     0 |     0 |
| X0Y6              |     0 |    24 |     0 |     0 |     0 |     0 |     0 |     0 |     0 |    24 |     0 |     0 |     0 |     0 |
| X1Y6              |     0 |    24 |     0 |     0 |     0 |     0 |     0 |     0 |     0 |     0 |     0 |     0 |     0 |     0 |
| X2Y6              |    24 |    24 |    23 |    24 |     0 |     4 |     0 |     8 |     0 |     0 |     0 |     1 |     0 |     2 |
| X3Y6              |     0 |    24 |     0 |    24 |     0 |     4 |     0 |     8 |     0 |     0 |     0 |     1 |     0 |     2 |
| X4Y6              |     0 |    24 |     0 |     0 |     0 |     0 |     0 |     0 |     0 |    24 |     0 |     0 |     0 |     0 |
| X0Y7              |     0 |    24 |     0 |     0 |     0 |     0 |     0 |     0 |     0 |    24 |     0 |     0 |     0 |     0 |
| X1Y7              |     0 |    24 |     0 |     0 |     0 |     0 |     0 |     0 |     0 |     0 |     0 |     0 |     0 |     0 |
| X2Y7              |    22 |    24 |     0 |    24 |     0 |     4 |     0 |     8 |     0 |     0 |     0 |     1 |     0 |     2 |
| X3Y7              |     0 |    24 |     0 |    24 |     0 |     4 |     0 |     8 |     0 |     0 |     0 |     1 |     0 |     2 |
| X4Y7              |     0 |    24 |     0 |     0 |     0 |     0 |     0 |     0 |     0 |    24 |     0 |     0 |     0 |     0 |
+-------------------+-------+-------+-------+-------+-------+-------+-------+-------+-------+-------+-------+-------+-------+-------+
* Global Clock column represents track count; while other columns represents cell counts


5. Clock Regions : Load Primitives
----------------------------------

+-------------------+------------------+------------------+------------------+------------------+------------------+------------------+------------------+
|                   |   Global Clock   |        FF        |      LUTRAM      |  Block RAM (18K) |        DSP       |        GT        |      HARD IP     |
+-------------------+--------+---------+--------+---------+--------+---------+--------+---------+--------+---------+--------+---------+--------+---------+
| Clock Region Name | Used   | Avail   | Used   | Avail   | Used   | Avail   | Used   | Avail   | Used   | Avail   | Used   | Avail   | Used   | Avail   |
+-------------------+--------+---------+--------+---------+--------+---------+--------+---------+--------+---------+--------+---------+--------+---------+
| X0Y0              |      0 |      24 |      0 |   24000 |      0 |    1440 |      0 |      72 |      0 |      24 |      0 |       4 |      0 |       1 |
| X1Y0              |      0 |      24 |      0 |   29760 |      0 |    2400 |      0 |      96 |      0 |      24 |      0 |       0 |      0 |       0 |
| X2Y0              |      0 |      24 |      0 |   28800 |      0 |    1920 |      0 |      96 |      0 |      24 |      0 |       0 |      0 |       0 |
| X3Y0              |      0 |      24 |      0 |   28800 |      0 |    1920 |      0 |      96 |      0 |      24 |      0 |       0 |      0 |       0 |
| X4Y0              |      0 |      24 |      0 |   23040 |      0 |    1920 |      0 |      72 |      0 |       0 |      0 |       4 |      0 |       1 |
| X0Y1              |      0 |      24 |      0 |   24000 |      0 |    1440 |      0 |      72 |      0 |      24 |      0 |       4 |      0 |       1 |
| X1Y1              |      0 |      24 |      0 |   29760 |      0 |    2400 |      0 |      96 |      0 |      24 |      0 |       0 |      0 |       0 |
| X2Y1              |      0 |      24 |      0 |   28800 |      0 |    1920 |      0 |      96 |      0 |      24 |      0 |       0 |      0 |       0 |
| X3Y1              |      0 |      24 |      0 |   28800 |      0 |    1920 |      0 |      96 |      0 |      24 |      0 |       0 |      0 |       0 |
| X4Y1              |      0 |      24 |      0 |   23040 |      0 |    1920 |      0 |      72 |      0 |       0 |      0 |       4 |      0 |       0 |
| X0Y2              |      0 |      24 |      0 |   24000 |      0 |    1440 |      0 |      72 |      0 |      24 |      0 |       4 |      0 |       1 |
| X1Y2              |      0 |      24 |      0 |   29760 |      0 |    2400 |      0 |      96 |      0 |      24 |      0 |       0 |      0 |       0 |
| X2Y2              |      0 |      24 |      0 |   28800 |      0 |    1920 |      0 |      96 |      0 |      24 |      0 |       0 |      0 |       0 |
| X3Y2              |      0 |      24 |      0 |   28800 |      0 |    1920 |      0 |      96 |      0 |      24 |      0 |       0 |      0 |       0 |
| X4Y2              |      0 |      24 |      0 |   23040 |      0 |    1920 |      0 |      72 |      0 |       0 |      0 |       4 |      0 |       0 |
| X0Y3              |      0 |      24 |      0 |   24000 |      0 |    1440 |      0 |      72 |      0 |      24 |      0 |       4 |      0 |       1 |
| X1Y3              |      0 |      24 |      0 |   29760 |      0 |    2400 |      0 |      96 |      0 |      24 |      0 |       0 |      0 |       0 |
| X2Y3              |      0 |      24 |      0 |   28800 |      0 |    1920 |      0 |      96 |      0 |      24 |      0 |       0 |      0 |       0 |
| X3Y3              |      0 |      24 |      0 |   28800 |      0 |    1920 |      0 |      96 |      0 |      24 |      0 |       0 |      0 |       0 |
| X4Y3              |      0 |      24 |      0 |   23040 |      0 |    1920 |      0 |      72 |      0 |       0 |      0 |       4 |      0 |       1 |
| X0Y4              |      0 |      24 |      0 |   24000 |      0 |    1440 |      0 |      72 |      0 |      24 |      0 |       4 |      0 |       1 |
| X1Y4              |      0 |      24 |      0 |   29760 |      0 |    2400 |      0 |      96 |      0 |      24 |      0 |       0 |      0 |       0 |
| X2Y4              |      1 |      24 |    662 |   28800 |      0 |    1920 |      0 |      96 |      0 |      24 |      0 |       0 |      0 |       0 |
| X3Y4              |      0 |      24 |      0 |   28800 |      0 |    1920 |      0 |      96 |      0 |      24 |      0 |       0 |      0 |       0 |
| X4Y4              |      0 |      24 |      0 |   23040 |      0 |    1920 |      0 |      72 |      0 |       0 |      0 |       4 |      0 |       1 |
| X0Y5              |      0 |      24 |      0 |   24000 |      0 |    1440 |      0 |      72 |      0 |      24 |      0 |       4 |      0 |       1 |
| X1Y5              |      0 |      24 |      0 |   29760 |      0 |    2400 |      0 |      96 |      0 |      24 |      0 |       0 |      0 |       0 |
| X2Y5              |      1 |      24 |   1493 |   28800 |      1 |    1920 |     56 |      96 |      0 |      24 |      0 |       0 |      0 |       0 |
| X3Y5              |      0 |      24 |      0 |   28800 |      0 |    1920 |      0 |      96 |      0 |      24 |      0 |       0 |      0 |       0 |
| X4Y5              |      0 |      24 |      0 |   23040 |      0 |    1920 |      0 |      72 |      0 |       0 |      0 |       4 |      0 |       1 |
| X0Y6              |      0 |      24 |      0 |   24000 |      0 |    1440 |      0 |      72 |      0 |      24 |      0 |       4 |      0 |       1 |
| X1Y6              |      0 |      24 |      0 |   29760 |      0 |    2400 |      0 |      96 |      0 |      24 |      0 |       0 |      0 |       0 |
| X2Y6              |     24 |      24 |   2412 |   28800 |      0 |    1920 |      8 |      96 |      0 |      24 |      0 |       0 |      0 |       0 |
| X3Y6              |      0 |      24 |      0 |   28800 |      0 |    1920 |      0 |      96 |      0 |      24 |      0 |       0 |      0 |       0 |
| X4Y6              |      0 |      24 |      0 |   23040 |      0 |    1920 |      0 |      72 |      0 |       0 |      0 |       4 |      0 |       1 |
| X0Y7              |      0 |      24 |      0 |   24000 |      0 |    1440 |      0 |      72 |      0 |      24 |      0 |       4 |      0 |       1 |
| X1Y7              |      0 |      24 |      0 |   29760 |      0 |    2400 |      0 |      96 |      0 |      24 |      0 |       0 |      0 |       0 |
| X2Y7              |     22 |      24 |     14 |   28800 |      0 |    1920 |      0 |      96 |      0 |      24 |      0 |       0 |      0 |       0 |
| X3Y7              |      0 |      24 |      0 |   28800 |      0 |    1920 |      0 |      96 |      0 |      24 |      0 |       0 |      0 |       0 |
| X4Y7              |      0 |      24 |      0 |   23040 |      0 |    1920 |      0 |      72 |      0 |       0 |      0 |       4 |      0 |       1 |
+-------------------+--------+---------+--------+---------+--------+---------+--------+---------+--------+---------+--------+---------+--------+---------+
* Global Clock column represents track count; while other columns represents cell counts


6. Clock Regions : Global Clock Summary
---------------------------------------

All Modules
+----+----+----+----+----+----+
|    | X0 | X1 | X2 | X3 | X4 |
+----+----+----+----+----+----+
| Y7 |  0 |  0 | 22 |  0 |  0 |
| Y6 |  0 |  0 | 24 |  0 |  0 |
| Y5 |  0 |  0 |  1 |  0 |  0 |
| Y4 |  0 |  0 |  1 |  0 |  0 |
| Y3 |  0 |  0 |  0 |  0 |  0 |
| Y2 |  0 |  0 |  0 |  0 |  0 |
| Y1 |  0 |  0 |  0 |  0 |  0 |
| Y0 |  0 |  0 |  0 |  0 |  0 |
+----+----+----+----+----+----+


7. Clock Regions : Routing Resource Utilization
-----------------------------------------------

All Modules
+-------------------+----------------------+-----------------------+----------------------+----------------------+
|                   |        HROUTES       |        HDISTRS        |        VROUTES       |        VDISTRS       |
+-------------------+------+-------+-------+------+-------+--------+------+-------+-------+------+-------+-------+
| Clock Region Name | Used | Avail | Util% | Used | Avail | Util%  | Used | Avail | Util% | Used | Avail | Util% |
+-------------------+------+-------+-------+------+-------+--------+------+-------+-------+------+-------+-------+
| X0Y0              |    0 |    24 |  0.00 |    0 |    24 |   0.00 |    0 |    24 |  0.00 |    0 |    24 |  0.00 |
| X1Y0              |    0 |    24 |  0.00 |    0 |    24 |   0.00 |    0 |    24 |  0.00 |    0 |    24 |  0.00 |
| X2Y0              |    0 |    24 |  0.00 |    0 |    24 |   0.00 |    0 |    24 |  0.00 |    0 |    24 |  0.00 |
| X3Y0              |    0 |    24 |  0.00 |    0 |    24 |   0.00 |    0 |    24 |  0.00 |    0 |    24 |  0.00 |
| X4Y0              |    0 |    24 |  0.00 |    0 |    24 |   0.00 |    0 |    24 |  0.00 |    0 |    24 |  0.00 |
| X0Y1              |    0 |    24 |  0.00 |    0 |    24 |   0.00 |    0 |    24 |  0.00 |    0 |    24 |  0.00 |
| X1Y1              |    0 |    24 |  0.00 |    0 |    24 |   0.00 |    0 |    24 |  0.00 |    0 |    24 |  0.00 |
| X2Y1              |    0 |    24 |  0.00 |    0 |    24 |   0.00 |    0 |    24 |  0.00 |    0 |    24 |  0.00 |
| X3Y1              |    0 |    24 |  0.00 |    0 |    24 |   0.00 |    0 |    24 |  0.00 |    0 |    24 |  0.00 |
| X4Y1              |    0 |    24 |  0.00 |    0 |    24 |   0.00 |    0 |    24 |  0.00 |    0 |    24 |  0.00 |
| X0Y2              |    0 |    24 |  0.00 |    0 |    24 |   0.00 |    0 |    24 |  0.00 |    0 |    24 |  0.00 |
| X1Y2              |    0 |    24 |  0.00 |    0 |    24 |   0.00 |    0 |    24 |  0.00 |    0 |    24 |  0.00 |
| X2Y2              |    2 |    24 |  8.33 |    0 |    24 |   0.00 |    0 |    24 |  0.00 |    0 |    24 |  0.00 |
| X3Y2              |    1 |    24 |  4.17 |    0 |    24 |   0.00 |    0 |    24 |  0.00 |    0 |    24 |  0.00 |
| X4Y2              |    0 |    24 |  0.00 |    0 |    24 |   0.00 |    0 |    24 |  0.00 |    0 |    24 |  0.00 |
| X0Y3              |    0 |    24 |  0.00 |    0 |    24 |   0.00 |    0 |    24 |  0.00 |    0 |    24 |  0.00 |
| X1Y3              |    0 |    24 |  0.00 |    0 |    24 |   0.00 |    0 |    24 |  0.00 |    0 |    24 |  0.00 |
| X2Y3              |    0 |    24 |  0.00 |    0 |    24 |   0.00 |    1 |    24 |  4.17 |    0 |    24 |  0.00 |
| X3Y3              |    0 |    24 |  0.00 |    0 |    24 |   0.00 |    0 |    24 |  0.00 |    0 |    24 |  0.00 |
| X4Y3              |    0 |    24 |  0.00 |    0 |    24 |   0.00 |    0 |    24 |  0.00 |    0 |    24 |  0.00 |
| X0Y4              |    0 |    24 |  0.00 |    0 |    24 |   0.00 |    0 |    24 |  0.00 |    0 |    24 |  0.00 |
| X1Y4              |    0 |    24 |  0.00 |    0 |    24 |   0.00 |    0 |    24 |  0.00 |    0 |    24 |  0.00 |
| X2Y4              |    0 |    24 |  0.00 |    1 |    24 |   4.17 |    1 |    24 |  4.17 |    1 |    24 |  4.17 |
| X3Y4              |    0 |    24 |  0.00 |    0 |    24 |   0.00 |    0 |    24 |  0.00 |    0 |    24 |  0.00 |
| X4Y4              |    0 |    24 |  0.00 |    0 |    24 |   0.00 |    0 |    24 |  0.00 |    0 |    24 |  0.00 |
| X0Y5              |    0 |    24 |  0.00 |    0 |    24 |   0.00 |    0 |    24 |  0.00 |    0 |    24 |  0.00 |
| X1Y5              |    0 |    24 |  0.00 |    0 |    24 |   0.00 |    0 |    24 |  0.00 |    0 |    24 |  0.00 |
| X2Y5              |    0 |    24 |  0.00 |    1 |    24 |   4.17 |    1 |    24 |  4.17 |    1 |    24 |  4.17 |
| X3Y5              |    0 |    24 |  0.00 |    0 |    24 |   0.00 |    0 |    24 |  0.00 |    0 |    24 |  0.00 |
| X4Y5              |    0 |    24 |  0.00 |    0 |    24 |   0.00 |    0 |    24 |  0.00 |    0 |    24 |  0.00 |
| X0Y6              |    0 |    24 |  0.00 |    0 |    24 |   0.00 |    0 |    24 |  0.00 |    0 |    24 |  0.00 |
| X1Y6              |    0 |    24 |  0.00 |    0 |    24 |   0.00 |    0 |    24 |  0.00 |    0 |    24 |  0.00 |
| X2Y6              |    0 |    24 |  0.00 |   24 |    24 | 100.00 |    0 |    24 |  0.00 |   22 |    24 | 91.67 |
| X3Y6              |    0 |    24 |  0.00 |    0 |    24 |   0.00 |    0 |    24 |  0.00 |    0 |    24 |  0.00 |
| X4Y6              |    0 |    24 |  0.00 |    0 |    24 |   0.00 |    0 |    24 |  0.00 |    0 |    24 |  0.00 |
| X0Y7              |    0 |    24 |  0.00 |    0 |    24 |   0.00 |    0 |    24 |  0.00 |    0 |    24 |  0.00 |
| X1Y7              |    0 |    24 |  0.00 |    0 |    24 |   0.00 |    0 |    24 |  0.00 |    0 |    24 |  0.00 |
| X2Y7              |    0 |    24 |  0.00 |   22 |    24 |  91.67 |    0 |    24 |  0.00 |    0 |    24 |  0.00 |
| X3Y7              |    0 |    24 |  0.00 |    0 |    24 |   0.00 |    0 |    24 |  0.00 |    0 |    24 |  0.00 |
| X4Y7              |    0 |    24 |  0.00 |    0 |    24 |   0.00 |    0 |    24 |  0.00 |    0 |    24 |  0.00 |
+-------------------+------+-------+-------+------+-------+--------+------+-------+-------+------+-------+-------+


8. Device Cell Placement Summary for Global Clock g0
----------------------------------------------------

+-----------+-----------------+-------------------+----------------------+-------------+---------------+----------+-------------+----------+----------------+----------+----------------------+
| Global Id | Driver Type/Pin | Driver Region (D) | Clock                | Period (ns) | Waveform (ns) | Root (R) | Slice Loads | IO Loads | Clocking Loads | GT Loads | Net                  |
+-----------+-----------------+-------------------+----------------------+-------------+---------------+----------+-------------+----------+----------------+----------+----------------------+
| g0        | BUFGCE/O        | X3Y2              | clk_out1_clk_wiz_0_1 |      16.667 | {0.000 8.333} | X2Y5     |        3435 |        0 |              0 |        0 | dutclk/inst/clk_out1 |
+-----------+-----------------+-------------------+----------------------+-------------+---------------+----------+-------------+----------+----------------+----------+----------------------+
* Slice Loads column represents load cell count of all cell types other than IO, GT and clock resources
** IO Loads column represents load cell count of IO types
*** Clocking Loads column represents load cell count that are clock resources (global clock buffer, MMCM, PLL, etc)
**** GT Loads column represents load cell count of GT types


+----+----+----+----------+--------+----+-----------------------+
|    | X0 | X1 | X2       | X3     | X4 | HORIZONTAL PROG DELAY |
+----+----+----+----------+--------+----+-----------------------+
| Y7 |  0 |  0 |        0 |      0 |  0 |                     - |
| Y6 |  0 |  0 |     1251 |      0 |  0 |                     1 |
| Y5 |  0 |  0 | (R) 1522 |      0 |  0 |                     1 |
| Y4 |  0 |  0 |      662 |      0 |  0 |                     0 |
| Y3 |  0 |  0 |        0 |      0 |  0 |                     - |
| Y2 |  0 |  0 |        0 |  (D) 0 |  0 |                     - |
| Y1 |  0 |  0 |        0 |      0 |  0 |                     - |
| Y0 |  0 |  0 |        0 |      0 |  0 |                     - |
+----+----+----+----------+--------+----+-----------------------+


9. Device Cell Placement Summary for Global Clock g1
----------------------------------------------------

+-----------+-----------------+-------------------+----------------------+-------------+---------------+----------+-------------+----------+----------------+----------+------------+
| Global Id | Driver Type/Pin | Driver Region (D) | Clock                | Period (ns) | Waveform (ns) | Root (R) | Slice Loads | IO Loads | Clocking Loads | GT Loads | Net        |
+-----------+-----------------+-------------------+----------------------+-------------+---------------+----------+-------------+----------+----------------+----------+------------+
| g1        | BUFGCE/O        | X2Y6              | clk_out1_clk_wiz_0_1 |      16.667 | {0.000 8.333} | X2Y6     |        1120 |        0 |              0 |        0 | core_i/clk |
+-----------+-----------------+-------------------+----------------------+-------------+---------------+----------+-------------+----------+----------------+----------+------------+
* Slice Loads column represents load cell count of all cell types other than IO, GT and clock resources
** IO Loads column represents load cell count of IO types
*** Clocking Loads column represents load cell count that are clock resources (global clock buffer, MMCM, PLL, etc)
**** GT Loads column represents load cell count of GT types


+----+----+----+--------------+----+----+-----------------------+
|    | X0 | X1 | X2           | X3 | X4 | HORIZONTAL PROG DELAY |
+----+----+----+--------------+----+----+-----------------------+
| Y7 |  0 |  0 |           14 |  0 |  0 |                     0 |
| Y6 |  0 |  0 | (R) (D) 1106 |  0 |  0 |                     0 |
| Y5 |  0 |  0 |            0 |  0 |  0 |                     - |
| Y4 |  0 |  0 |            0 |  0 |  0 |                     - |
| Y3 |  0 |  0 |            0 |  0 |  0 |                     - |
| Y2 |  0 |  0 |            0 |  0 |  0 |                     - |
| Y1 |  0 |  0 |            0 |  0 |  0 |                     - |
| Y0 |  0 |  0 |            0 |  0 |  0 |                     - |
+----+----+----+--------------+----+----+-----------------------+


10. Device Cell Placement Summary for Global Clock g2
-----------------------------------------------------

+-----------+-----------------+-------------------+----------------------+-------------+---------------+----------+-------------+----------+----------------+----------+-------------------------------------------+
| Global Id | Driver Type/Pin | Driver Region (D) | Clock                | Period (ns) | Waveform (ns) | Root (R) | Slice Loads | IO Loads | Clocking Loads | GT Loads | Net                                       |
+-----------+-----------------+-------------------+----------------------+-------------+---------------+----------+-------------+----------+----------------+----------+-------------------------------------------+
| g2        | BUFGCE/O        | X2Y6              | clk_out1_clk_wiz_0_1 |      16.667 | {0.000 8.333} | X2Y6     |          95 |        0 |              0 |        0 | core_i/id_stage_i/register_file_i/clk_int |
+-----------+-----------------+-------------------+----------------------+-------------+---------------+----------+-------------+----------+----------------+----------+-------------------------------------------+
* Slice Loads column represents load cell count of all cell types other than IO, GT and clock resources
** IO Loads column represents load cell count of IO types
*** Clocking Loads column represents load cell count that are clock resources (global clock buffer, MMCM, PLL, etc)
**** GT Loads column represents load cell count of GT types


+----+----+----+------------+----+----+-----------------------+
|    | X0 | X1 | X2         | X3 | X4 | HORIZONTAL PROG DELAY |
+----+----+----+------------+----+----+-----------------------+
| Y7 |  0 |  0 |          0 |  0 |  0 |                     - |
| Y6 |  0 |  0 | (R) (D) 95 |  0 |  0 |                     0 |
| Y5 |  0 |  0 |          0 |  0 |  0 |                     - |
| Y4 |  0 |  0 |          0 |  0 |  0 |                     - |
| Y3 |  0 |  0 |          0 |  0 |  0 |                     - |
| Y2 |  0 |  0 |          0 |  0 |  0 |                     - |
| Y1 |  0 |  0 |          0 |  0 |  0 |                     - |
| Y0 |  0 |  0 |          0 |  0 |  0 |                     - |
+----+----+----+------------+----+----+-----------------------+


11. Device Cell Placement Summary for Global Clock g3
-----------------------------------------------------

+-----------+-----------------+-------------------+----------------------+-------------+---------------+----------+-------------+----------+----------------+----------+-------------------------------------------+
| Global Id | Driver Type/Pin | Driver Region (D) | Clock                | Period (ns) | Waveform (ns) | Root (R) | Slice Loads | IO Loads | Clocking Loads | GT Loads | Net                                       |
+-----------+-----------------+-------------------+----------------------+-------------+---------------+----------+-------------+----------+----------------+----------+-------------------------------------------+
| g3        | BUFGCE/O        | X2Y6              | clk_out1_clk_wiz_0_1 |      16.667 | {0.000 8.333} | X2Y6     |          32 |        0 |              0 |        0 | core_i/id_stage_i/register_file_i/p_51_in |
+-----------+-----------------+-------------------+----------------------+-------------+---------------+----------+-------------+----------+----------------+----------+-------------------------------------------+
* Slice Loads column represents load cell count of all cell types other than IO, GT and clock resources
** IO Loads column represents load cell count of IO types
*** Clocking Loads column represents load cell count that are clock resources (global clock buffer, MMCM, PLL, etc)
**** GT Loads column represents load cell count of GT types


+----+----+----+------------+----+----+-----------------------+
|    | X0 | X1 | X2         | X3 | X4 | HORIZONTAL PROG DELAY |
+----+----+----+------------+----+----+-----------------------+
| Y7 |  0 |  0 |         12 |  0 |  0 |                     0 |
| Y6 |  0 |  0 | (R) (D) 20 |  0 |  0 |                     0 |
| Y5 |  0 |  0 |          0 |  0 |  0 |                     - |
| Y4 |  0 |  0 |          0 |  0 |  0 |                     - |
| Y3 |  0 |  0 |          0 |  0 |  0 |                     - |
| Y2 |  0 |  0 |          0 |  0 |  0 |                     - |
| Y1 |  0 |  0 |          0 |  0 |  0 |                     - |
| Y0 |  0 |  0 |          0 |  0 |  0 |                     - |
+----+----+----+------------+----+----+-----------------------+


12. Device Cell Placement Summary for Global Clock g4
-----------------------------------------------------

+-----------+-----------------+-------------------+----------------------+-------------+---------------+----------+-------------+----------+----------------+----------+-------------------------------------------+
| Global Id | Driver Type/Pin | Driver Region (D) | Clock                | Period (ns) | Waveform (ns) | Root (R) | Slice Loads | IO Loads | Clocking Loads | GT Loads | Net                                       |
+-----------+-----------------+-------------------+----------------------+-------------+---------------+----------+-------------+----------+----------------+----------+-------------------------------------------+
| g4        | BUFGCE/O        | X2Y6              | clk_out1_clk_wiz_0_1 |      16.667 | {0.000 8.333} | X2Y6     |          32 |        0 |              0 |        0 | core_i/id_stage_i/register_file_i/p_52_in |
+-----------+-----------------+-------------------+----------------------+-------------+---------------+----------+-------------+----------+----------------+----------+-------------------------------------------+
* Slice Loads column represents load cell count of all cell types other than IO, GT and clock resources
** IO Loads column represents load cell count of IO types
*** Clocking Loads column represents load cell count that are clock resources (global clock buffer, MMCM, PLL, etc)
**** GT Loads column represents load cell count of GT types


+----+----+----+------------+----+----+-----------------------+
|    | X0 | X1 | X2         | X3 | X4 | HORIZONTAL PROG DELAY |
+----+----+----+------------+----+----+-----------------------+
| Y7 |  0 |  0 |         10 |  0 |  0 |                     0 |
| Y6 |  0 |  0 | (R) (D) 22 |  0 |  0 |                     0 |
| Y5 |  0 |  0 |          0 |  0 |  0 |                     - |
| Y4 |  0 |  0 |          0 |  0 |  0 |                     - |
| Y3 |  0 |  0 |          0 |  0 |  0 |                     - |
| Y2 |  0 |  0 |          0 |  0 |  0 |                     - |
| Y1 |  0 |  0 |          0 |  0 |  0 |                     - |
| Y0 |  0 |  0 |          0 |  0 |  0 |                     - |
+----+----+----+------------+----+----+-----------------------+


13. Device Cell Placement Summary for Global Clock g5
-----------------------------------------------------

+-----------+-----------------+-------------------+----------------------+-------------+---------------+----------+-------------+----------+----------------+----------+-------------------------------------------+
| Global Id | Driver Type/Pin | Driver Region (D) | Clock                | Period (ns) | Waveform (ns) | Root (R) | Slice Loads | IO Loads | Clocking Loads | GT Loads | Net                                       |
+-----------+-----------------+-------------------+----------------------+-------------+---------------+----------+-------------+----------+----------------+----------+-------------------------------------------+
| g5        | BUFGCE/O        | X2Y6              | clk_out1_clk_wiz_0_1 |      16.667 | {0.000 8.333} | X2Y6     |          32 |        0 |              0 |        0 | core_i/id_stage_i/register_file_i/p_53_in |
+-----------+-----------------+-------------------+----------------------+-------------+---------------+----------+-------------+----------+----------------+----------+-------------------------------------------+
* Slice Loads column represents load cell count of all cell types other than IO, GT and clock resources
** IO Loads column represents load cell count of IO types
*** Clocking Loads column represents load cell count that are clock resources (global clock buffer, MMCM, PLL, etc)
**** GT Loads column represents load cell count of GT types


+----+----+----+------------+----+----+-----------------------+
|    | X0 | X1 | X2         | X3 | X4 | HORIZONTAL PROG DELAY |
+----+----+----+------------+----+----+-----------------------+
| Y7 |  0 |  0 |         11 |  0 |  0 |                     0 |
| Y6 |  0 |  0 | (R) (D) 21 |  0 |  0 |                     0 |
| Y5 |  0 |  0 |          0 |  0 |  0 |                     - |
| Y4 |  0 |  0 |          0 |  0 |  0 |                     - |
| Y3 |  0 |  0 |          0 |  0 |  0 |                     - |
| Y2 |  0 |  0 |          0 |  0 |  0 |                     - |
| Y1 |  0 |  0 |          0 |  0 |  0 |                     - |
| Y0 |  0 |  0 |          0 |  0 |  0 |                     - |
+----+----+----+------------+----+----+-----------------------+


14. Device Cell Placement Summary for Global Clock g6
-----------------------------------------------------

+-----------+-----------------+-------------------+----------------------+-------------+---------------+----------+-------------+----------+----------------+----------+-------------------------------------------+
| Global Id | Driver Type/Pin | Driver Region (D) | Clock                | Period (ns) | Waveform (ns) | Root (R) | Slice Loads | IO Loads | Clocking Loads | GT Loads | Net                                       |
+-----------+-----------------+-------------------+----------------------+-------------+---------------+----------+-------------+----------+----------------+----------+-------------------------------------------+
| g6        | BUFGCE/O        | X2Y6              | clk_out1_clk_wiz_0_1 |      16.667 | {0.000 8.333} | X2Y6     |          32 |        0 |              0 |        0 | core_i/id_stage_i/register_file_i/p_54_in |
+-----------+-----------------+-------------------+----------------------+-------------+---------------+----------+-------------+----------+----------------+----------+-------------------------------------------+
* Slice Loads column represents load cell count of all cell types other than IO, GT and clock resources
** IO Loads column represents load cell count of IO types
*** Clocking Loads column represents load cell count that are clock resources (global clock buffer, MMCM, PLL, etc)
**** GT Loads column represents load cell count of GT types


+----+----+----+------------+----+----+-----------------------+
|    | X0 | X1 | X2         | X3 | X4 | HORIZONTAL PROG DELAY |
+----+----+----+------------+----+----+-----------------------+
| Y7 |  0 |  0 |          8 |  0 |  0 |                     0 |
| Y6 |  0 |  0 | (R) (D) 24 |  0 |  0 |                     0 |
| Y5 |  0 |  0 |          0 |  0 |  0 |                     - |
| Y4 |  0 |  0 |          0 |  0 |  0 |                     - |
| Y3 |  0 |  0 |          0 |  0 |  0 |                     - |
| Y2 |  0 |  0 |          0 |  0 |  0 |                     - |
| Y1 |  0 |  0 |          0 |  0 |  0 |                     - |
| Y0 |  0 |  0 |          0 |  0 |  0 |                     - |
+----+----+----+------------+----+----+-----------------------+


15. Device Cell Placement Summary for Global Clock g7
-----------------------------------------------------

+-----------+-----------------+-------------------+----------------------+-------------+---------------+----------+-------------+----------+----------------+----------+-------------------------------------------+
| Global Id | Driver Type/Pin | Driver Region (D) | Clock                | Period (ns) | Waveform (ns) | Root (R) | Slice Loads | IO Loads | Clocking Loads | GT Loads | Net                                       |
+-----------+-----------------+-------------------+----------------------+-------------+---------------+----------+-------------+----------+----------------+----------+-------------------------------------------+
| g7        | BUFGCE/O        | X2Y6              | clk_out1_clk_wiz_0_1 |      16.667 | {0.000 8.333} | X2Y6     |          32 |        0 |              0 |        0 | core_i/id_stage_i/register_file_i/p_55_in |
+-----------+-----------------+-------------------+----------------------+-------------+---------------+----------+-------------+----------+----------------+----------+-------------------------------------------+
* Slice Loads column represents load cell count of all cell types other than IO, GT and clock resources
** IO Loads column represents load cell count of IO types
*** Clocking Loads column represents load cell count that are clock resources (global clock buffer, MMCM, PLL, etc)
**** GT Loads column represents load cell count of GT types


+----+----+----+------------+----+----+-----------------------+
|    | X0 | X1 | X2         | X3 | X4 | HORIZONTAL PROG DELAY |
+----+----+----+------------+----+----+-----------------------+
| Y7 |  0 |  0 |          8 |  0 |  0 |                     0 |
| Y6 |  0 |  0 | (R) (D) 24 |  0 |  0 |                     0 |
| Y5 |  0 |  0 |          0 |  0 |  0 |                     - |
| Y4 |  0 |  0 |          0 |  0 |  0 |                     - |
| Y3 |  0 |  0 |          0 |  0 |  0 |                     - |
| Y2 |  0 |  0 |          0 |  0 |  0 |                     - |
| Y1 |  0 |  0 |          0 |  0 |  0 |                     - |
| Y0 |  0 |  0 |          0 |  0 |  0 |                     - |
+----+----+----+------------+----+----+-----------------------+


16. Device Cell Placement Summary for Global Clock g8
-----------------------------------------------------

+-----------+-----------------+-------------------+----------------------+-------------+---------------+----------+-------------+----------+----------------+----------+-------------------------------------------+
| Global Id | Driver Type/Pin | Driver Region (D) | Clock                | Period (ns) | Waveform (ns) | Root (R) | Slice Loads | IO Loads | Clocking Loads | GT Loads | Net                                       |
+-----------+-----------------+-------------------+----------------------+-------------+---------------+----------+-------------+----------+----------------+----------+-------------------------------------------+
| g8        | BUFGCE/O        | X2Y6              | clk_out1_clk_wiz_0_1 |      16.667 | {0.000 8.333} | X2Y6     |          32 |        0 |              0 |        0 | core_i/id_stage_i/register_file_i/p_56_in |
+-----------+-----------------+-------------------+----------------------+-------------+---------------+----------+-------------+----------+----------------+----------+-------------------------------------------+
* Slice Loads column represents load cell count of all cell types other than IO, GT and clock resources
** IO Loads column represents load cell count of IO types
*** Clocking Loads column represents load cell count that are clock resources (global clock buffer, MMCM, PLL, etc)
**** GT Loads column represents load cell count of GT types


+----+----+----+------------+----+----+-----------------------+
|    | X0 | X1 | X2         | X3 | X4 | HORIZONTAL PROG DELAY |
+----+----+----+------------+----+----+-----------------------+
| Y7 |  0 |  0 |         12 |  0 |  0 |                     0 |
| Y6 |  0 |  0 | (R) (D) 20 |  0 |  0 |                     0 |
| Y5 |  0 |  0 |          0 |  0 |  0 |                     - |
| Y4 |  0 |  0 |          0 |  0 |  0 |                     - |
| Y3 |  0 |  0 |          0 |  0 |  0 |                     - |
| Y2 |  0 |  0 |          0 |  0 |  0 |                     - |
| Y1 |  0 |  0 |          0 |  0 |  0 |                     - |
| Y0 |  0 |  0 |          0 |  0 |  0 |                     - |
+----+----+----+------------+----+----+-----------------------+


17. Device Cell Placement Summary for Global Clock g9
-----------------------------------------------------

+-----------+-----------------+-------------------+----------------------+-------------+---------------+----------+-------------+----------+----------------+----------+-------------------------------------------+
| Global Id | Driver Type/Pin | Driver Region (D) | Clock                | Period (ns) | Waveform (ns) | Root (R) | Slice Loads | IO Loads | Clocking Loads | GT Loads | Net                                       |
+-----------+-----------------+-------------------+----------------------+-------------+---------------+----------+-------------+----------+----------------+----------+-------------------------------------------+
| g9        | BUFGCE/O        | X2Y6              | clk_out1_clk_wiz_0_1 |      16.667 | {0.000 8.333} | X2Y6     |          32 |        0 |              0 |        0 | core_i/id_stage_i/register_file_i/p_57_in |
+-----------+-----------------+-------------------+----------------------+-------------+---------------+----------+-------------+----------+----------------+----------+-------------------------------------------+
* Slice Loads column represents load cell count of all cell types other than IO, GT and clock resources
** IO Loads column represents load cell count of IO types
*** Clocking Loads column represents load cell count that are clock resources (global clock buffer, MMCM, PLL, etc)
**** GT Loads column represents load cell count of GT types


+----+----+----+------------+----+----+-----------------------+
|    | X0 | X1 | X2         | X3 | X4 | HORIZONTAL PROG DELAY |
+----+----+----+------------+----+----+-----------------------+
| Y7 |  0 |  0 |         12 |  0 |  0 |                     0 |
| Y6 |  0 |  0 | (R) (D) 20 |  0 |  0 |                     0 |
| Y5 |  0 |  0 |          0 |  0 |  0 |                     - |
| Y4 |  0 |  0 |          0 |  0 |  0 |                     - |
| Y3 |  0 |  0 |          0 |  0 |  0 |                     - |
| Y2 |  0 |  0 |          0 |  0 |  0 |                     - |
| Y1 |  0 |  0 |          0 |  0 |  0 |                     - |
| Y0 |  0 |  0 |          0 |  0 |  0 |                     - |
+----+----+----+------------+----+----+-----------------------+


18. Device Cell Placement Summary for Global Clock g10
------------------------------------------------------

+-----------+-----------------+-------------------+----------------------+-------------+---------------+----------+-------------+----------+----------------+----------+-------------------------------------------+
| Global Id | Driver Type/Pin | Driver Region (D) | Clock                | Period (ns) | Waveform (ns) | Root (R) | Slice Loads | IO Loads | Clocking Loads | GT Loads | Net                                       |
+-----------+-----------------+-------------------+----------------------+-------------+---------------+----------+-------------+----------+----------------+----------+-------------------------------------------+
| g10       | BUFGCE/O        | X2Y6              | clk_out1_clk_wiz_0_1 |      16.667 | {0.000 8.333} | X2Y6     |          32 |        0 |              0 |        0 | core_i/id_stage_i/register_file_i/p_58_in |
+-----------+-----------------+-------------------+----------------------+-------------+---------------+----------+-------------+----------+----------------+----------+-------------------------------------------+
* Slice Loads column represents load cell count of all cell types other than IO, GT and clock resources
** IO Loads column represents load cell count of IO types
*** Clocking Loads column represents load cell count that are clock resources (global clock buffer, MMCM, PLL, etc)
**** GT Loads column represents load cell count of GT types


+----+----+----+------------+----+----+-----------------------+
|    | X0 | X1 | X2         | X3 | X4 | HORIZONTAL PROG DELAY |
+----+----+----+------------+----+----+-----------------------+
| Y7 |  0 |  0 |         11 |  0 |  0 |                     0 |
| Y6 |  0 |  0 | (R) (D) 21 |  0 |  0 |                     0 |
| Y5 |  0 |  0 |          0 |  0 |  0 |                     - |
| Y4 |  0 |  0 |          0 |  0 |  0 |                     - |
| Y3 |  0 |  0 |          0 |  0 |  0 |                     - |
| Y2 |  0 |  0 |          0 |  0 |  0 |                     - |
| Y1 |  0 |  0 |          0 |  0 |  0 |                     - |
| Y0 |  0 |  0 |          0 |  0 |  0 |                     - |
+----+----+----+------------+----+----+-----------------------+


19. Device Cell Placement Summary for Global Clock g11
------------------------------------------------------

+-----------+-----------------+-------------------+----------------------+-------------+---------------+----------+-------------+----------+----------------+----------+-------------------------------------------+
| Global Id | Driver Type/Pin | Driver Region (D) | Clock                | Period (ns) | Waveform (ns) | Root (R) | Slice Loads | IO Loads | Clocking Loads | GT Loads | Net                                       |
+-----------+-----------------+-------------------+----------------------+-------------+---------------+----------+-------------+----------+----------------+----------+-------------------------------------------+
| g11       | BUFGCE/O        | X2Y6              | clk_out1_clk_wiz_0_1 |      16.667 | {0.000 8.333} | X2Y6     |          32 |        0 |              0 |        0 | core_i/id_stage_i/register_file_i/p_59_in |
+-----------+-----------------+-------------------+----------------------+-------------+---------------+----------+-------------+----------+----------------+----------+-------------------------------------------+
* Slice Loads column represents load cell count of all cell types other than IO, GT and clock resources
** IO Loads column represents load cell count of IO types
*** Clocking Loads column represents load cell count that are clock resources (global clock buffer, MMCM, PLL, etc)
**** GT Loads column represents load cell count of GT types


+----+----+----+------------+----+----+-----------------------+
|    | X0 | X1 | X2         | X3 | X4 | HORIZONTAL PROG DELAY |
+----+----+----+------------+----+----+-----------------------+
| Y7 |  0 |  0 |         11 |  0 |  0 |                     0 |
| Y6 |  0 |  0 | (R) (D) 21 |  0 |  0 |                     0 |
| Y5 |  0 |  0 |          0 |  0 |  0 |                     - |
| Y4 |  0 |  0 |          0 |  0 |  0 |                     - |
| Y3 |  0 |  0 |          0 |  0 |  0 |                     - |
| Y2 |  0 |  0 |          0 |  0 |  0 |                     - |
| Y1 |  0 |  0 |          0 |  0 |  0 |                     - |
| Y0 |  0 |  0 |          0 |  0 |  0 |                     - |
+----+----+----+------------+----+----+-----------------------+


20. Device Cell Placement Summary for Global Clock g12
------------------------------------------------------

+-----------+-----------------+-------------------+----------------------+-------------+---------------+----------+-------------+----------+----------------+----------+-------------------------------------------+
| Global Id | Driver Type/Pin | Driver Region (D) | Clock                | Period (ns) | Waveform (ns) | Root (R) | Slice Loads | IO Loads | Clocking Loads | GT Loads | Net                                       |
+-----------+-----------------+-------------------+----------------------+-------------+---------------+----------+-------------+----------+----------------+----------+-------------------------------------------+
| g12       | BUFGCE/O        | X2Y6              | clk_out1_clk_wiz_0_1 |      16.667 | {0.000 8.333} | X2Y6     |          32 |        0 |              0 |        0 | core_i/id_stage_i/register_file_i/p_60_in |
+-----------+-----------------+-------------------+----------------------+-------------+---------------+----------+-------------+----------+----------------+----------+-------------------------------------------+
* Slice Loads column represents load cell count of all cell types other than IO, GT and clock resources
** IO Loads column represents load cell count of IO types
*** Clocking Loads column represents load cell count that are clock resources (global clock buffer, MMCM, PLL, etc)
**** GT Loads column represents load cell count of GT types


+----+----+----+------------+----+----+-----------------------+
|    | X0 | X1 | X2         | X3 | X4 | HORIZONTAL PROG DELAY |
+----+----+----+------------+----+----+-----------------------+
| Y7 |  0 |  0 |         11 |  0 |  0 |                     0 |
| Y6 |  0 |  0 | (R) (D) 21 |  0 |  0 |                     0 |
| Y5 |  0 |  0 |          0 |  0 |  0 |                     - |
| Y4 |  0 |  0 |          0 |  0 |  0 |                     - |
| Y3 |  0 |  0 |          0 |  0 |  0 |                     - |
| Y2 |  0 |  0 |          0 |  0 |  0 |                     - |
| Y1 |  0 |  0 |          0 |  0 |  0 |                     - |
| Y0 |  0 |  0 |          0 |  0 |  0 |                     - |
+----+----+----+------------+----+----+-----------------------+


21. Device Cell Placement Summary for Global Clock g13
------------------------------------------------------

+-----------+-----------------+-------------------+----------------------+-------------+---------------+----------+-------------+----------+----------------+----------+---------------------------------------------------------------------------+
| Global Id | Driver Type/Pin | Driver Region (D) | Clock                | Period (ns) | Waveform (ns) | Root (R) | Slice Loads | IO Loads | Clocking Loads | GT Loads | Net                                                                       |
+-----------+-----------------+-------------------+----------------------+-------------+---------------+----------+-------------+----------+----------------+----------+---------------------------------------------------------------------------+
| g13       | BUFGCE/O        | X2Y6              | clk_out1_clk_wiz_0_1 |      16.667 | {0.000 8.333} | X2Y6     |          32 |        0 |              0 |        0 | cv32e40p_core_ip/core_i/id_stage_i/register_file_i/CG_WE_GLOBAL/E_BUFG[0] |
+-----------+-----------------+-------------------+----------------------+-------------+---------------+----------+-------------+----------+----------------+----------+---------------------------------------------------------------------------+
* Slice Loads column represents load cell count of all cell types other than IO, GT and clock resources
** IO Loads column represents load cell count of IO types
*** Clocking Loads column represents load cell count that are clock resources (global clock buffer, MMCM, PLL, etc)
**** GT Loads column represents load cell count of GT types


+----+----+----+------------+----+----+-----------------------+
|    | X0 | X1 | X2         | X3 | X4 | HORIZONTAL PROG DELAY |
+----+----+----+------------+----+----+-----------------------+
| Y7 |  0 |  0 |          6 |  0 |  0 |                     0 |
| Y6 |  0 |  0 | (R) (D) 26 |  0 |  0 |                     0 |
| Y5 |  0 |  0 |          0 |  0 |  0 |                     - |
| Y4 |  0 |  0 |          0 |  0 |  0 |                     - |
| Y3 |  0 |  0 |          0 |  0 |  0 |                     - |
| Y2 |  0 |  0 |          0 |  0 |  0 |                     - |
| Y1 |  0 |  0 |          0 |  0 |  0 |                     - |
| Y0 |  0 |  0 |          0 |  0 |  0 |                     - |
+----+----+----+------------+----+----+-----------------------+


22. Device Cell Placement Summary for Global Clock g14
------------------------------------------------------

+-----------+-----------------+-------------------+----------------------+-------------+---------------+----------+-------------+----------+----------------+----------+--------------------------------------------------------------------------------------+
| Global Id | Driver Type/Pin | Driver Region (D) | Clock                | Period (ns) | Waveform (ns) | Root (R) | Slice Loads | IO Loads | Clocking Loads | GT Loads | Net                                                                                  |
+-----------+-----------------+-------------------+----------------------+-------------+---------------+----------+-------------+----------+----------------+----------+--------------------------------------------------------------------------------------+
| g14       | BUFGCE/O        | X2Y6              | clk_out1_clk_wiz_0_1 |      16.667 | {0.000 8.333} | X2Y6     |          32 |        0 |              0 |        0 | cv32e40p_core_ip/core_i/id_stage_i/register_file_i/CG_WE_GLOBAL/clk_en_reg_0_BUFG[0] |
+-----------+-----------------+-------------------+----------------------+-------------+---------------+----------+-------------+----------+----------------+----------+--------------------------------------------------------------------------------------+
* Slice Loads column represents load cell count of all cell types other than IO, GT and clock resources
** IO Loads column represents load cell count of IO types
*** Clocking Loads column represents load cell count that are clock resources (global clock buffer, MMCM, PLL, etc)
**** GT Loads column represents load cell count of GT types


+----+----+----+------------+----+----+-----------------------+
|    | X0 | X1 | X2         | X3 | X4 | HORIZONTAL PROG DELAY |
+----+----+----+------------+----+----+-----------------------+
| Y7 |  0 |  0 |         10 |  0 |  0 |                     0 |
| Y6 |  0 |  0 | (R) (D) 22 |  0 |  0 |                     0 |
| Y5 |  0 |  0 |          0 |  0 |  0 |                     - |
| Y4 |  0 |  0 |          0 |  0 |  0 |                     - |
| Y3 |  0 |  0 |          0 |  0 |  0 |                     - |
| Y2 |  0 |  0 |          0 |  0 |  0 |                     - |
| Y1 |  0 |  0 |          0 |  0 |  0 |                     - |
| Y0 |  0 |  0 |          0 |  0 |  0 |                     - |
+----+----+----+------------+----+----+-----------------------+


23. Device Cell Placement Summary for Global Clock g15
------------------------------------------------------

+-----------+-----------------+-------------------+----------------------+-------------+---------------+----------+-------------+----------+----------------+----------+---------------------------------------------------------------------------------------+
| Global Id | Driver Type/Pin | Driver Region (D) | Clock                | Period (ns) | Waveform (ns) | Root (R) | Slice Loads | IO Loads | Clocking Loads | GT Loads | Net                                                                                   |
+-----------+-----------------+-------------------+----------------------+-------------+---------------+----------+-------------+----------+----------------+----------+---------------------------------------------------------------------------------------+
| g15       | BUFGCE/O        | X2Y6              | clk_out1_clk_wiz_0_1 |      16.667 | {0.000 8.333} | X2Y6     |          32 |        0 |              0 |        0 | cv32e40p_core_ip/core_i/id_stage_i/register_file_i/CG_WE_GLOBAL/clk_en_reg_10_BUFG[0] |
+-----------+-----------------+-------------------+----------------------+-------------+---------------+----------+-------------+----------+----------------+----------+---------------------------------------------------------------------------------------+
* Slice Loads column represents load cell count of all cell types other than IO, GT and clock resources
** IO Loads column represents load cell count of IO types
*** Clocking Loads column represents load cell count that are clock resources (global clock buffer, MMCM, PLL, etc)
**** GT Loads column represents load cell count of GT types


+----+----+----+------------+----+----+-----------------------+
|    | X0 | X1 | X2         | X3 | X4 | HORIZONTAL PROG DELAY |
+----+----+----+------------+----+----+-----------------------+
| Y7 |  0 |  0 |          9 |  0 |  0 |                     0 |
| Y6 |  0 |  0 | (R) (D) 23 |  0 |  0 |                     0 |
| Y5 |  0 |  0 |          0 |  0 |  0 |                     - |
| Y4 |  0 |  0 |          0 |  0 |  0 |                     - |
| Y3 |  0 |  0 |          0 |  0 |  0 |                     - |
| Y2 |  0 |  0 |          0 |  0 |  0 |                     - |
| Y1 |  0 |  0 |          0 |  0 |  0 |                     - |
| Y0 |  0 |  0 |          0 |  0 |  0 |                     - |
+----+----+----+------------+----+----+-----------------------+


24. Device Cell Placement Summary for Global Clock g16
------------------------------------------------------

+-----------+-----------------+-------------------+----------------------+-------------+---------------+----------+-------------+----------+----------------+----------+---------------------------------------------------------------------------------------+
| Global Id | Driver Type/Pin | Driver Region (D) | Clock                | Period (ns) | Waveform (ns) | Root (R) | Slice Loads | IO Loads | Clocking Loads | GT Loads | Net                                                                                   |
+-----------+-----------------+-------------------+----------------------+-------------+---------------+----------+-------------+----------+----------------+----------+---------------------------------------------------------------------------------------+
| g16       | BUFGCE/O        | X2Y6              | clk_out1_clk_wiz_0_1 |      16.667 | {0.000 8.333} | X2Y6     |          32 |        0 |              0 |        0 | cv32e40p_core_ip/core_i/id_stage_i/register_file_i/CG_WE_GLOBAL/clk_en_reg_11_BUFG[0] |
+-----------+-----------------+-------------------+----------------------+-------------+---------------+----------+-------------+----------+----------------+----------+---------------------------------------------------------------------------------------+
* Slice Loads column represents load cell count of all cell types other than IO, GT and clock resources
** IO Loads column represents load cell count of IO types
*** Clocking Loads column represents load cell count that are clock resources (global clock buffer, MMCM, PLL, etc)
**** GT Loads column represents load cell count of GT types


+----+----+----+------------+----+----+-----------------------+
|    | X0 | X1 | X2         | X3 | X4 | HORIZONTAL PROG DELAY |
+----+----+----+------------+----+----+-----------------------+
| Y7 |  0 |  0 |          9 |  0 |  0 |                     0 |
| Y6 |  0 |  0 | (R) (D) 23 |  0 |  0 |                     0 |
| Y5 |  0 |  0 |          0 |  0 |  0 |                     - |
| Y4 |  0 |  0 |          0 |  0 |  0 |                     - |
| Y3 |  0 |  0 |          0 |  0 |  0 |                     - |
| Y2 |  0 |  0 |          0 |  0 |  0 |                     - |
| Y1 |  0 |  0 |          0 |  0 |  0 |                     - |
| Y0 |  0 |  0 |          0 |  0 |  0 |                     - |
+----+----+----+------------+----+----+-----------------------+


25. Device Cell Placement Summary for Global Clock g17
------------------------------------------------------

+-----------+-----------------+-------------------+----------------------+-------------+---------------+----------+-------------+----------+----------------+----------+---------------------------------------------------------------------------------------+
| Global Id | Driver Type/Pin | Driver Region (D) | Clock                | Period (ns) | Waveform (ns) | Root (R) | Slice Loads | IO Loads | Clocking Loads | GT Loads | Net                                                                                   |
+-----------+-----------------+-------------------+----------------------+-------------+---------------+----------+-------------+----------+----------------+----------+---------------------------------------------------------------------------------------+
| g17       | BUFGCE/O        | X2Y6              | clk_out1_clk_wiz_0_1 |      16.667 | {0.000 8.333} | X2Y6     |          32 |        0 |              0 |        0 | cv32e40p_core_ip/core_i/id_stage_i/register_file_i/CG_WE_GLOBAL/clk_en_reg_12_BUFG[0] |
+-----------+-----------------+-------------------+----------------------+-------------+---------------+----------+-------------+----------+----------------+----------+---------------------------------------------------------------------------------------+
* Slice Loads column represents load cell count of all cell types other than IO, GT and clock resources
** IO Loads column represents load cell count of IO types
*** Clocking Loads column represents load cell count that are clock resources (global clock buffer, MMCM, PLL, etc)
**** GT Loads column represents load cell count of GT types


+----+----+----+------------+----+----+-----------------------+
|    | X0 | X1 | X2         | X3 | X4 | HORIZONTAL PROG DELAY |
+----+----+----+------------+----+----+-----------------------+
| Y7 |  0 |  0 |          8 |  0 |  0 |                     0 |
| Y6 |  0 |  0 | (R) (D) 24 |  0 |  0 |                     0 |
| Y5 |  0 |  0 |          0 |  0 |  0 |                     - |
| Y4 |  0 |  0 |          0 |  0 |  0 |                     - |
| Y3 |  0 |  0 |          0 |  0 |  0 |                     - |
| Y2 |  0 |  0 |          0 |  0 |  0 |                     - |
| Y1 |  0 |  0 |          0 |  0 |  0 |                     - |
| Y0 |  0 |  0 |          0 |  0 |  0 |                     - |
+----+----+----+------------+----+----+-----------------------+


26. Device Cell Placement Summary for Global Clock g18
------------------------------------------------------

+-----------+-----------------+-------------------+----------------------+-------------+---------------+----------+-------------+----------+----------------+----------+---------------------------------------------------------------------------------------+
| Global Id | Driver Type/Pin | Driver Region (D) | Clock                | Period (ns) | Waveform (ns) | Root (R) | Slice Loads | IO Loads | Clocking Loads | GT Loads | Net                                                                                   |
+-----------+-----------------+-------------------+----------------------+-------------+---------------+----------+-------------+----------+----------------+----------+---------------------------------------------------------------------------------------+
| g18       | BUFGCE/O        | X2Y6              | clk_out1_clk_wiz_0_1 |      16.667 | {0.000 8.333} | X2Y6     |          32 |        0 |              0 |        0 | cv32e40p_core_ip/core_i/id_stage_i/register_file_i/CG_WE_GLOBAL/clk_en_reg_13_BUFG[0] |
+-----------+-----------------+-------------------+----------------------+-------------+---------------+----------+-------------+----------+----------------+----------+---------------------------------------------------------------------------------------+
* Slice Loads column represents load cell count of all cell types other than IO, GT and clock resources
** IO Loads column represents load cell count of IO types
*** Clocking Loads column represents load cell count that are clock resources (global clock buffer, MMCM, PLL, etc)
**** GT Loads column represents load cell count of GT types


+----+----+----+------------+----+----+-----------------------+
|    | X0 | X1 | X2         | X3 | X4 | HORIZONTAL PROG DELAY |
+----+----+----+------------+----+----+-----------------------+
| Y7 |  0 |  0 |          7 |  0 |  0 |                     0 |
| Y6 |  0 |  0 | (R) (D) 25 |  0 |  0 |                     0 |
| Y5 |  0 |  0 |          0 |  0 |  0 |                     - |
| Y4 |  0 |  0 |          0 |  0 |  0 |                     - |
| Y3 |  0 |  0 |          0 |  0 |  0 |                     - |
| Y2 |  0 |  0 |          0 |  0 |  0 |                     - |
| Y1 |  0 |  0 |          0 |  0 |  0 |                     - |
| Y0 |  0 |  0 |          0 |  0 |  0 |                     - |
+----+----+----+------------+----+----+-----------------------+


27. Device Cell Placement Summary for Global Clock g19
------------------------------------------------------

+-----------+-----------------+-------------------+----------------------+-------------+---------------+----------+-------------+----------+----------------+----------+---------------------------------------------------------------------------------------+
| Global Id | Driver Type/Pin | Driver Region (D) | Clock                | Period (ns) | Waveform (ns) | Root (R) | Slice Loads | IO Loads | Clocking Loads | GT Loads | Net                                                                                   |
+-----------+-----------------+-------------------+----------------------+-------------+---------------+----------+-------------+----------+----------------+----------+---------------------------------------------------------------------------------------+
| g19       | BUFGCE/O        | X2Y6              | clk_out1_clk_wiz_0_1 |      16.667 | {0.000 8.333} | X2Y6     |          32 |        0 |              0 |        0 | cv32e40p_core_ip/core_i/id_stage_i/register_file_i/CG_WE_GLOBAL/clk_en_reg_14_BUFG[0] |
+-----------+-----------------+-------------------+----------------------+-------------+---------------+----------+-------------+----------+----------------+----------+---------------------------------------------------------------------------------------+
* Slice Loads column represents load cell count of all cell types other than IO, GT and clock resources
** IO Loads column represents load cell count of IO types
*** Clocking Loads column represents load cell count that are clock resources (global clock buffer, MMCM, PLL, etc)
**** GT Loads column represents load cell count of GT types


+----+----+----+------------+----+----+-----------------------+
|    | X0 | X1 | X2         | X3 | X4 | HORIZONTAL PROG DELAY |
+----+----+----+------------+----+----+-----------------------+
| Y7 |  0 |  0 |          7 |  0 |  0 |                     0 |
| Y6 |  0 |  0 | (R) (D) 25 |  0 |  0 |                     0 |
| Y5 |  0 |  0 |          0 |  0 |  0 |                     - |
| Y4 |  0 |  0 |          0 |  0 |  0 |                     - |
| Y3 |  0 |  0 |          0 |  0 |  0 |                     - |
| Y2 |  0 |  0 |          0 |  0 |  0 |                     - |
| Y1 |  0 |  0 |          0 |  0 |  0 |                     - |
| Y0 |  0 |  0 |          0 |  0 |  0 |                     - |
+----+----+----+------------+----+----+-----------------------+


28. Device Cell Placement Summary for Global Clock g20
------------------------------------------------------

+-----------+-----------------+-------------------+----------------------+-------------+---------------+----------+-------------+----------+----------------+----------+---------------------------------------------------------------------------------------+
| Global Id | Driver Type/Pin | Driver Region (D) | Clock                | Period (ns) | Waveform (ns) | Root (R) | Slice Loads | IO Loads | Clocking Loads | GT Loads | Net                                                                                   |
+-----------+-----------------+-------------------+----------------------+-------------+---------------+----------+-------------+----------+----------------+----------+---------------------------------------------------------------------------------------+
| g20       | BUFGCE/O        | X2Y6              | clk_out1_clk_wiz_0_1 |      16.667 | {0.000 8.333} | X2Y6     |          32 |        0 |              0 |        0 | cv32e40p_core_ip/core_i/id_stage_i/register_file_i/CG_WE_GLOBAL/clk_en_reg_15_BUFG[0] |
+-----------+-----------------+-------------------+----------------------+-------------+---------------+----------+-------------+----------+----------------+----------+---------------------------------------------------------------------------------------+
* Slice Loads column represents load cell count of all cell types other than IO, GT and clock resources
** IO Loads column represents load cell count of IO types
*** Clocking Loads column represents load cell count that are clock resources (global clock buffer, MMCM, PLL, etc)
**** GT Loads column represents load cell count of GT types


+----+----+----+------------+----+----+-----------------------+
|    | X0 | X1 | X2         | X3 | X4 | HORIZONTAL PROG DELAY |
+----+----+----+------------+----+----+-----------------------+
| Y7 |  0 |  0 |          7 |  0 |  0 |                     0 |
| Y6 |  0 |  0 | (R) (D) 25 |  0 |  0 |                     0 |
| Y5 |  0 |  0 |          0 |  0 |  0 |                     - |
| Y4 |  0 |  0 |          0 |  0 |  0 |                     - |
| Y3 |  0 |  0 |          0 |  0 |  0 |                     - |
| Y2 |  0 |  0 |          0 |  0 |  0 |                     - |
| Y1 |  0 |  0 |          0 |  0 |  0 |                     - |
| Y0 |  0 |  0 |          0 |  0 |  0 |                     - |
+----+----+----+------------+----+----+-----------------------+


29. Device Cell Placement Summary for Global Clock g21
------------------------------------------------------

+-----------+-----------------+-------------------+----------------------+-------------+---------------+----------+-------------+----------+----------------+----------+---------------------------------------------------------------------------------------+
| Global Id | Driver Type/Pin | Driver Region (D) | Clock                | Period (ns) | Waveform (ns) | Root (R) | Slice Loads | IO Loads | Clocking Loads | GT Loads | Net                                                                                   |
+-----------+-----------------+-------------------+----------------------+-------------+---------------+----------+-------------+----------+----------------+----------+---------------------------------------------------------------------------------------+
| g21       | BUFGCE/O        | X2Y6              | clk_out1_clk_wiz_0_1 |      16.667 | {0.000 8.333} | X2Y6     |          32 |        0 |              0 |        0 | cv32e40p_core_ip/core_i/id_stage_i/register_file_i/CG_WE_GLOBAL/clk_en_reg_16_BUFG[0] |
+-----------+-----------------+-------------------+----------------------+-------------+---------------+----------+-------------+----------+----------------+----------+---------------------------------------------------------------------------------------+
* Slice Loads column represents load cell count of all cell types other than IO, GT and clock resources
** IO Loads column represents load cell count of IO types
*** Clocking Loads column represents load cell count that are clock resources (global clock buffer, MMCM, PLL, etc)
**** GT Loads column represents load cell count of GT types


+----+----+----+------------+----+----+-----------------------+
|    | X0 | X1 | X2         | X3 | X4 | HORIZONTAL PROG DELAY |
+----+----+----+------------+----+----+-----------------------+
| Y7 |  0 |  0 |         11 |  0 |  0 |                     0 |
| Y6 |  0 |  0 | (R) (D) 21 |  0 |  0 |                     0 |
| Y5 |  0 |  0 |          0 |  0 |  0 |                     - |
| Y4 |  0 |  0 |          0 |  0 |  0 |                     - |
| Y3 |  0 |  0 |          0 |  0 |  0 |                     - |
| Y2 |  0 |  0 |          0 |  0 |  0 |                     - |
| Y1 |  0 |  0 |          0 |  0 |  0 |                     - |
| Y0 |  0 |  0 |          0 |  0 |  0 |                     - |
+----+----+----+------------+----+----+-----------------------+


30. Device Cell Placement Summary for Global Clock g22
------------------------------------------------------

+-----------+-----------------+-------------------+----------------------+-------------+---------------+----------+-------------+----------+----------------+----------+---------------------------------------------------------------------------------------+
| Global Id | Driver Type/Pin | Driver Region (D) | Clock                | Period (ns) | Waveform (ns) | Root (R) | Slice Loads | IO Loads | Clocking Loads | GT Loads | Net                                                                                   |
+-----------+-----------------+-------------------+----------------------+-------------+---------------+----------+-------------+----------+----------------+----------+---------------------------------------------------------------------------------------+
| g22       | BUFGCE/O        | X2Y6              | clk_out1_clk_wiz_0_1 |      16.667 | {0.000 8.333} | X2Y6     |          32 |        0 |              0 |        0 | cv32e40p_core_ip/core_i/id_stage_i/register_file_i/CG_WE_GLOBAL/clk_en_reg_17_BUFG[0] |
+-----------+-----------------+-------------------+----------------------+-------------+---------------+----------+-------------+----------+----------------+----------+---------------------------------------------------------------------------------------+
* Slice Loads column represents load cell count of all cell types other than IO, GT and clock resources
** IO Loads column represents load cell count of IO types
*** Clocking Loads column represents load cell count that are clock resources (global clock buffer, MMCM, PLL, etc)
**** GT Loads column represents load cell count of GT types


+----+----+----+------------+----+----+-----------------------+
|    | X0 | X1 | X2         | X3 | X4 | HORIZONTAL PROG DELAY |
+----+----+----+------------+----+----+-----------------------+
| Y7 |  0 |  0 |         12 |  0 |  0 |                     0 |
| Y6 |  0 |  0 | (R) (D) 20 |  0 |  0 |                     0 |
| Y5 |  0 |  0 |          0 |  0 |  0 |                     - |
| Y4 |  0 |  0 |          0 |  0 |  0 |                     - |
| Y3 |  0 |  0 |          0 |  0 |  0 |                     - |
| Y2 |  0 |  0 |          0 |  0 |  0 |                     - |
| Y1 |  0 |  0 |          0 |  0 |  0 |                     - |
| Y0 |  0 |  0 |          0 |  0 |  0 |                     - |
+----+----+----+------------+----+----+-----------------------+


31. Device Cell Placement Summary for Global Clock g23
------------------------------------------------------

+-----------+-----------------+-------------------+----------------------+-------------+---------------+----------+-------------+----------+----------------+----------+---------------------------------------------------------------------------------------+
| Global Id | Driver Type/Pin | Driver Region (D) | Clock                | Period (ns) | Waveform (ns) | Root (R) | Slice Loads | IO Loads | Clocking Loads | GT Loads | Net                                                                                   |
+-----------+-----------------+-------------------+----------------------+-------------+---------------+----------+-------------+----------+----------------+----------+---------------------------------------------------------------------------------------+
| g23       | BUFGCE/O        | X2Y6              | clk_out1_clk_wiz_0_1 |      16.667 | {0.000 8.333} | X2Y6     |          32 |        0 |              0 |        0 | cv32e40p_core_ip/core_i/id_stage_i/register_file_i/CG_WE_GLOBAL/clk_en_reg_18_BUFG[0] |
+-----------+-----------------+-------------------+----------------------+-------------+---------------+----------+-------------+----------+----------------+----------+---------------------------------------------------------------------------------------+
* Slice Loads column represents load cell count of all cell types other than IO, GT and clock resources
** IO Loads column represents load cell count of IO types
*** Clocking Loads column represents load cell count that are clock resources (global clock buffer, MMCM, PLL, etc)
**** GT Loads column represents load cell count of GT types


+----+----+----+------------+----+----+-----------------------+
|    | X0 | X1 | X2         | X3 | X4 | HORIZONTAL PROG DELAY |
+----+----+----+------------+----+----+-----------------------+
| Y7 |  0 |  0 |         10 |  0 |  0 |                     0 |
| Y6 |  0 |  0 | (R) (D) 22 |  0 |  0 |                     0 |
| Y5 |  0 |  0 |          0 |  0 |  0 |                     - |
| Y4 |  0 |  0 |          0 |  0 |  0 |                     - |
| Y3 |  0 |  0 |          0 |  0 |  0 |                     - |
| Y2 |  0 |  0 |          0 |  0 |  0 |                     - |
| Y1 |  0 |  0 |          0 |  0 |  0 |                     - |
| Y0 |  0 |  0 |          0 |  0 |  0 |                     - |
+----+----+----+------------+----+----+-----------------------+


32. Clock Region Cell Placement per Global Clock: Region X2Y4
-------------------------------------------------------------

+-----------+-------+-----------------+------------+-------------+-----------------+-----+-------------+------+-----+----+------+-----+---------+----------------------+
| Global Id | Track | Driver Type/Pin | Constraint | Clock Loads | Non-Clock Loads | FF  | Memory LUTs | RAMB | DSP | GT | MMCM | PLL | Hard IP | Net                  |
+-----------+-------+-----------------+------------+-------------+-----------------+-----+-------------+------+-----+----+------+-----+---------+----------------------+
| g0        | 0     | BUFGCE/O        | None       |         662 |               0 | 662 |           0 |    0 |   0 |  0 |    0 |   0 |       0 | dutclk/inst/clk_out1 |
+-----------+-------+-----------------+------------+-------------+-----------------+-----+-------------+------+-----+----+------+-----+---------+----------------------+
* Clock Loads column represents cell count of net connects that connect to a clock pin. Internal cell leaf pins are not considered
** Non-Clock Loads column represents cell count of non-clock pin loads
*** Columns FF, LUTRAM, RAMB through 'Hard IP' represents load cell counts


33. Clock Region Cell Placement per Global Clock: Region X2Y5
-------------------------------------------------------------

+-----------+-------+-----------------+------------+-------------+-----------------+------+-------------+------+-----+----+------+-----+---------+----------------------+
| Global Id | Track | Driver Type/Pin | Constraint | Clock Loads | Non-Clock Loads | FF   | Memory LUTs | RAMB | DSP | GT | MMCM | PLL | Hard IP | Net                  |
+-----------+-------+-----------------+------------+-------------+-----------------+------+-------------+------+-----+----+------+-----+---------+----------------------+
| g0        | 0     | BUFGCE/O        | None       |        1522 |               0 | 1493 |           1 |   28 |   0 |  0 |    0 |   0 |       0 | dutclk/inst/clk_out1 |
+-----------+-------+-----------------+------------+-------------+-----------------+------+-------------+------+-----+----+------+-----+---------+----------------------+
* Clock Loads column represents cell count of net connects that connect to a clock pin. Internal cell leaf pins are not considered
** Non-Clock Loads column represents cell count of non-clock pin loads
*** Columns FF, LUTRAM, RAMB through 'Hard IP' represents load cell counts


34. Clock Region Cell Placement per Global Clock: Region X2Y6
-------------------------------------------------------------

+-----------+-------+-----------------+------------+-------------+-----------------+------+-------------+------+-----+----+------+-----+---------+---------------------------------------------------------------------------------------+
| Global Id | Track | Driver Type/Pin | Constraint | Clock Loads | Non-Clock Loads | FF   | Memory LUTs | RAMB | DSP | GT | MMCM | PLL | Hard IP | Net                                                                                   |
+-----------+-------+-----------------+------------+-------------+-----------------+------+-------------+------+-----+----+------+-----+---------+---------------------------------------------------------------------------------------+
| g0        | 0     | BUFGCE/O        | None       |        1216 |              35 | 1211 |           0 |    4 |   0 |  0 |    0 |   0 |       0 | dutclk/inst/clk_out1                                                                  |
| g1        | 23    | BUFGCE/O        | None       |        1106 |               0 | 1106 |           0 |    0 |   0 |  0 |    0 |   0 |       0 | core_i/clk                                                                            |
| g2        | 22    | BUFGCE/O        | None       |          95 |               0 |   95 |           0 |    0 |   0 |  0 |    0 |   0 |       0 | core_i/id_stage_i/register_file_i/clk_int                                             |
| g3        | 13    | BUFGCE/O        | None       |          20 |               0 |    0 |           0 |    0 |   0 |  0 |    0 |   0 |       0 | core_i/id_stage_i/register_file_i/p_51_in                                             |
| g4        | 12    | BUFGCE/O        | None       |          22 |               0 |    0 |           0 |    0 |   0 |  0 |    0 |   0 |       0 | core_i/id_stage_i/register_file_i/p_52_in                                             |
| g5        | 21    | BUFGCE/O        | None       |          21 |               0 |    0 |           0 |    0 |   0 |  0 |    0 |   0 |       0 | core_i/id_stage_i/register_file_i/p_53_in                                             |
| g6        | 20    | BUFGCE/O        | None       |          24 |               0 |    0 |           0 |    0 |   0 |  0 |    0 |   0 |       0 | core_i/id_stage_i/register_file_i/p_54_in                                             |
| g7        | 19    | BUFGCE/O        | None       |          24 |               0 |    0 |           0 |    0 |   0 |  0 |    0 |   0 |       0 | core_i/id_stage_i/register_file_i/p_55_in                                             |
| g8        | 18    | BUFGCE/O        | None       |          20 |               0 |    0 |           0 |    0 |   0 |  0 |    0 |   0 |       0 | core_i/id_stage_i/register_file_i/p_56_in                                             |
| g9        | 17    | BUFGCE/O        | None       |          20 |               0 |    0 |           0 |    0 |   0 |  0 |    0 |   0 |       0 | core_i/id_stage_i/register_file_i/p_57_in                                             |
| g10       | 16    | BUFGCE/O        | None       |          21 |               0 |    0 |           0 |    0 |   0 |  0 |    0 |   0 |       0 | core_i/id_stage_i/register_file_i/p_58_in                                             |
| g11       | 15    | BUFGCE/O        | None       |          21 |               0 |    0 |           0 |    0 |   0 |  0 |    0 |   0 |       0 | core_i/id_stage_i/register_file_i/p_59_in                                             |
| g12       | 14    | BUFGCE/O        | None       |          21 |               0 |    0 |           0 |    0 |   0 |  0 |    0 |   0 |       0 | core_i/id_stage_i/register_file_i/p_60_in                                             |
| g13       | 2     | BUFGCE/O        | None       |          26 |               0 |    0 |           0 |    0 |   0 |  0 |    0 |   0 |       0 | cv32e40p_core_ip/core_i/id_stage_i/register_file_i/CG_WE_GLOBAL/E_BUFG[0]             |
| g14       | 3     | BUFGCE/O        | None       |          22 |               0 |    0 |           0 |    0 |   0 |  0 |    0 |   0 |       0 | cv32e40p_core_ip/core_i/id_stage_i/register_file_i/CG_WE_GLOBAL/clk_en_reg_0_BUFG[0]  |
| g15       | 1     | BUFGCE/O        | None       |          23 |               0 |    0 |           0 |    0 |   0 |  0 |    0 |   0 |       0 | cv32e40p_core_ip/core_i/id_stage_i/register_file_i/CG_WE_GLOBAL/clk_en_reg_10_BUFG[0] |
| g16       | 4     | BUFGCE/O        | None       |          23 |               0 |    0 |           0 |    0 |   0 |  0 |    0 |   0 |       0 | cv32e40p_core_ip/core_i/id_stage_i/register_file_i/CG_WE_GLOBAL/clk_en_reg_11_BUFG[0] |
| g17       | 5     | BUFGCE/O        | None       |          24 |               0 |    0 |           0 |    0 |   0 |  0 |    0 |   0 |       0 | cv32e40p_core_ip/core_i/id_stage_i/register_file_i/CG_WE_GLOBAL/clk_en_reg_12_BUFG[0] |
| g18       | 6     | BUFGCE/O        | None       |          25 |               0 |    0 |           0 |    0 |   0 |  0 |    0 |   0 |       0 | cv32e40p_core_ip/core_i/id_stage_i/register_file_i/CG_WE_GLOBAL/clk_en_reg_13_BUFG[0] |
| g19       | 7     | BUFGCE/O        | None       |          25 |               0 |    0 |           0 |    0 |   0 |  0 |    0 |   0 |       0 | cv32e40p_core_ip/core_i/id_stage_i/register_file_i/CG_WE_GLOBAL/clk_en_reg_14_BUFG[0] |
| g20       | 8     | BUFGCE/O        | None       |          25 |               0 |    0 |           0 |    0 |   0 |  0 |    0 |   0 |       0 | cv32e40p_core_ip/core_i/id_stage_i/register_file_i/CG_WE_GLOBAL/clk_en_reg_15_BUFG[0] |
| g21       | 9     | BUFGCE/O        | None       |          21 |               0 |    0 |           0 |    0 |   0 |  0 |    0 |   0 |       0 | cv32e40p_core_ip/core_i/id_stage_i/register_file_i/CG_WE_GLOBAL/clk_en_reg_16_BUFG[0] |
| g22       | 10    | BUFGCE/O        | None       |          20 |               0 |    0 |           0 |    0 |   0 |  0 |    0 |   0 |       0 | cv32e40p_core_ip/core_i/id_stage_i/register_file_i/CG_WE_GLOBAL/clk_en_reg_17_BUFG[0] |
| g23       | 11    | BUFGCE/O        | None       |          22 |               0 |    0 |           0 |    0 |   0 |  0 |    0 |   0 |       0 | cv32e40p_core_ip/core_i/id_stage_i/register_file_i/CG_WE_GLOBAL/clk_en_reg_18_BUFG[0] |
+-----------+-------+-----------------+------------+-------------+-----------------+------+-------------+------+-----+----+------+-----+---------+---------------------------------------------------------------------------------------+
* Clock Loads column represents cell count of net connects that connect to a clock pin. Internal cell leaf pins are not considered
** Non-Clock Loads column represents cell count of non-clock pin loads
*** Columns FF, LUTRAM, RAMB through 'Hard IP' represents load cell counts


35. Clock Region Cell Placement per Global Clock: Region X2Y7
-------------------------------------------------------------

+-----------+-------+-----------------+------------+-------------+-----------------+----+-------------+------+-----+----+------+-----+---------+---------------------------------------------------------------------------------------+
| Global Id | Track | Driver Type/Pin | Constraint | Clock Loads | Non-Clock Loads | FF | Memory LUTs | RAMB | DSP | GT | MMCM | PLL | Hard IP | Net                                                                                   |
+-----------+-------+-----------------+------------+-------------+-----------------+----+-------------+------+-----+----+------+-----+---------+---------------------------------------------------------------------------------------+
| g1        | 23    | BUFGCE/O        | None       |          14 |               0 | 14 |           0 |    0 |   0 |  0 |    0 |   0 |       0 | core_i/clk                                                                            |
| g3        | 13    | BUFGCE/O        | None       |          12 |               0 |  0 |           0 |    0 |   0 |  0 |    0 |   0 |       0 | core_i/id_stage_i/register_file_i/p_51_in                                             |
| g4        | 12    | BUFGCE/O        | None       |          10 |               0 |  0 |           0 |    0 |   0 |  0 |    0 |   0 |       0 | core_i/id_stage_i/register_file_i/p_52_in                                             |
| g5        | 21    | BUFGCE/O        | None       |          11 |               0 |  0 |           0 |    0 |   0 |  0 |    0 |   0 |       0 | core_i/id_stage_i/register_file_i/p_53_in                                             |
| g6        | 20    | BUFGCE/O        | None       |           8 |               0 |  0 |           0 |    0 |   0 |  0 |    0 |   0 |       0 | core_i/id_stage_i/register_file_i/p_54_in                                             |
| g7        | 19    | BUFGCE/O        | None       |           8 |               0 |  0 |           0 |    0 |   0 |  0 |    0 |   0 |       0 | core_i/id_stage_i/register_file_i/p_55_in                                             |
| g8        | 18    | BUFGCE/O        | None       |          12 |               0 |  0 |           0 |    0 |   0 |  0 |    0 |   0 |       0 | core_i/id_stage_i/register_file_i/p_56_in                                             |
| g9        | 17    | BUFGCE/O        | None       |          12 |               0 |  0 |           0 |    0 |   0 |  0 |    0 |   0 |       0 | core_i/id_stage_i/register_file_i/p_57_in                                             |
| g10       | 16    | BUFGCE/O        | None       |          11 |               0 |  0 |           0 |    0 |   0 |  0 |    0 |   0 |       0 | core_i/id_stage_i/register_file_i/p_58_in                                             |
| g11       | 15    | BUFGCE/O        | None       |          11 |               0 |  0 |           0 |    0 |   0 |  0 |    0 |   0 |       0 | core_i/id_stage_i/register_file_i/p_59_in                                             |
| g12       | 14    | BUFGCE/O        | None       |          11 |               0 |  0 |           0 |    0 |   0 |  0 |    0 |   0 |       0 | core_i/id_stage_i/register_file_i/p_60_in                                             |
| g13       | 2     | BUFGCE/O        | None       |           6 |               0 |  0 |           0 |    0 |   0 |  0 |    0 |   0 |       0 | cv32e40p_core_ip/core_i/id_stage_i/register_file_i/CG_WE_GLOBAL/E_BUFG[0]             |
| g14       | 3     | BUFGCE/O        | None       |          10 |               0 |  0 |           0 |    0 |   0 |  0 |    0 |   0 |       0 | cv32e40p_core_ip/core_i/id_stage_i/register_file_i/CG_WE_GLOBAL/clk_en_reg_0_BUFG[0]  |
| g15       | 1     | BUFGCE/O        | None       |           9 |               0 |  0 |           0 |    0 |   0 |  0 |    0 |   0 |       0 | cv32e40p_core_ip/core_i/id_stage_i/register_file_i/CG_WE_GLOBAL/clk_en_reg_10_BUFG[0] |
| g16       | 4     | BUFGCE/O        | None       |           9 |               0 |  0 |           0 |    0 |   0 |  0 |    0 |   0 |       0 | cv32e40p_core_ip/core_i/id_stage_i/register_file_i/CG_WE_GLOBAL/clk_en_reg_11_BUFG[0] |
| g17       | 5     | BUFGCE/O        | None       |           8 |               0 |  0 |           0 |    0 |   0 |  0 |    0 |   0 |       0 | cv32e40p_core_ip/core_i/id_stage_i/register_file_i/CG_WE_GLOBAL/clk_en_reg_12_BUFG[0] |
| g18       | 6     | BUFGCE/O        | None       |           7 |               0 |  0 |           0 |    0 |   0 |  0 |    0 |   0 |       0 | cv32e40p_core_ip/core_i/id_stage_i/register_file_i/CG_WE_GLOBAL/clk_en_reg_13_BUFG[0] |
| g19       | 7     | BUFGCE/O        | None       |           7 |               0 |  0 |           0 |    0 |   0 |  0 |    0 |   0 |       0 | cv32e40p_core_ip/core_i/id_stage_i/register_file_i/CG_WE_GLOBAL/clk_en_reg_14_BUFG[0] |
| g20       | 8     | BUFGCE/O        | None       |           7 |               0 |  0 |           0 |    0 |   0 |  0 |    0 |   0 |       0 | cv32e40p_core_ip/core_i/id_stage_i/register_file_i/CG_WE_GLOBAL/clk_en_reg_15_BUFG[0] |
| g21       | 9     | BUFGCE/O        | None       |          11 |               0 |  0 |           0 |    0 |   0 |  0 |    0 |   0 |       0 | cv32e40p_core_ip/core_i/id_stage_i/register_file_i/CG_WE_GLOBAL/clk_en_reg_16_BUFG[0] |
| g22       | 10    | BUFGCE/O        | None       |          12 |               0 |  0 |           0 |    0 |   0 |  0 |    0 |   0 |       0 | cv32e40p_core_ip/core_i/id_stage_i/register_file_i/CG_WE_GLOBAL/clk_en_reg_17_BUFG[0] |
| g23       | 11    | BUFGCE/O        | None       |          10 |               0 |  0 |           0 |    0 |   0 |  0 |    0 |   0 |       0 | cv32e40p_core_ip/core_i/id_stage_i/register_file_i/CG_WE_GLOBAL/clk_en_reg_18_BUFG[0] |
+-----------+-------+-----------------+------------+-------------+-----------------+----+-------------+------+-----+----+------+-----+---------+---------------------------------------------------------------------------------------+
* Clock Loads column represents cell count of net connects that connect to a clock pin. Internal cell leaf pins are not considered
** Non-Clock Loads column represents cell count of non-clock pin loads
*** Columns FF, LUTRAM, RAMB through 'Hard IP' represents load cell counts


