Copyright 1986-2022 Xilinx, Inc. All Rights Reserved.
------------------------------------------------------------------------------------
| Tool Version : Vivado v.2022.2 (lin64) Build 3671981 Fri Oct 14 04:59:54 MDT 2022
| Date         : Tue Sep  3 18:11:52 2024
| Host         : karpuz running 64-bit Ubuntu 22.04.4 LTS
| Command      : report_control_sets -verbose -file air_soc_control_sets_placed.rpt
| Design       : air_soc
| Device       : xcvu095
------------------------------------------------------------------------------------

Control Set Information

Table of Contents
-----------------
1. Summary
2. Histogram
3. Flip-Flop Distribution
4. Detailed Control Set Information

1. Summary
----------

+----------------------------------------------------------+-------+
|                          Status                          | Count |
+----------------------------------------------------------+-------+
| Total control sets                                       |   347 |
|    Minimum number of control sets                        |   347 |
|    Addition due to synthesis replication                 |     0 |
|    Addition due to physical synthesis replication        |     0 |
| Unused register locations in slices containing registers |   162 |
+----------------------------------------------------------+-------+
* Control sets can be merged at opt_design using control_set_merge or merge_equivalent_drivers
** Run report_qor_suggestions for automated merging and remapping suggestions


2. Histogram
------------

+--------------------+-------+
|       Fanout       | Count |
+--------------------+-------+
| Total control sets |   347 |
| >= 0 to < 4        |    52 |
| >= 4 to < 6        |     8 |
| >= 6 to < 8        |     5 |
| >= 8 to < 10       |   163 |
| >= 10 to < 12      |     0 |
| >= 12 to < 14      |     1 |
| >= 14 to < 16      |     1 |
| >= 16              |   117 |
+--------------------+-------+
* Control sets can be remapped at either synth_design or opt_design


3. Flip-Flop Distribution
-------------------------

+--------------+-----------------------+------------------------+-----------------+--------------+
| Clock Enable | Synchronous Set/Reset | Asynchronous Set/Reset | Total Registers | Total Slices |
+--------------+-----------------------+------------------------+-----------------+--------------+
| No           | No                    | No                     |              54 |           22 |
| No           | No                    | Yes                    |             111 |           54 |
| No           | Yes                   | No                     |            1124 |          318 |
| Yes          | No                    | No                     |             462 |          179 |
| Yes          | No                    | Yes                    |            2810 |          676 |
| Yes          | Yes                   | No                     |            1045 |          356 |
+--------------+-----------------------+------------------------+-----------------+--------------+


4. Detailed Control Set Information
-----------------------------------

+----------------------------------------------------------------------------------------+---------------------------------------------------------------------------------------------------+--------------------------------------------------------+------------------+----------------+--------------+
|                                      Clock Signal                                      |                                           Enable Signal                                           |                    Set/Reset Signal                    | Slice Load Count | Bel Load Count | Bels / Slice |
+----------------------------------------------------------------------------------------+---------------------------------------------------------------------------------------------------+--------------------------------------------------------+------------------+----------------+--------------+
| ~dutclk/inst/clk_out1                                                                  |                                                                                                   |                                                        |                1 |              1 |         1.00 |
|  cv32e40p_core_ip/core_i/sleep_unit_i/core_clock_gate_i/bbstub_clk_out1                |                                                                                                   |                                                        |                1 |              1 |         1.00 |
|  dutclk/inst/clk_out1                                                                  | icache/way0/req_sources58_out                                                                     |                                                        |                1 |              2 |         2.00 |
|  dutclk/inst/clk_out1                                                                  | icache/way0/req_sources70_out                                                                     |                                                        |                2 |              2 |         1.00 |
|  dutclk/inst/clk_out1                                                                  | icache/way0/req_sources73_out                                                                     |                                                        |                1 |              2 |         2.00 |
|  dutclk/inst/clk_out1                                                                  | icache/way0/req_sources76_out                                                                     |                                                        |                1 |              2 |         2.00 |
|  dutclk/inst/clk_out1                                                                  | icache/way0/req_sources79_out                                                                     |                                                        |                1 |              2 |         2.00 |
|  dutclk/inst/clk_out1                                                                  | icache/way0/req_sources7_out                                                                      |                                                        |                1 |              2 |         2.00 |
|  dutclk/inst/clk_out1                                                                  | icache/way0/req_sources82_out                                                                     |                                                        |                1 |              2 |         2.00 |
|  dutclk/inst/clk_out1                                                                  | icache/way0/req_sources85_out                                                                     |                                                        |                1 |              2 |         2.00 |
|  dutclk/inst/clk_out1                                                                  | icache/way0/req_sources88_out                                                                     |                                                        |                1 |              2 |         2.00 |
|  dutclk/inst/clk_out1                                                                  |                                                                                                   | uart/uart_iface_dut/wb_cyc_r_reg                       |                2 |              2 |         1.00 |
|  dutclk/inst/clk_out1                                                                  | icache/way0/req_sources91_out                                                                     |                                                        |                2 |              2 |         1.00 |
|  dutclk/inst/clk_out1                                                                  | icache/way0/req_sources67_out                                                                     |                                                        |                2 |              2 |         1.00 |
|  core_i/clk                                                                            | obi_demux_dut/data_req_ex_o_reg[0]                                                                | rst_ni_IBUF_inst/O                                     |                1 |              2 |         2.00 |
|  dutclk/inst/clk_out1                                                                  | icache/way0/req_sources55_out                                                                     |                                                        |                1 |              2 |         2.00 |
|  core_i/clk                                                                            | cv32e40p_core_ip/core_i/if_stage_i/prefetch_buffer_i/prefetch_controller_i/cnt_q[1]_i_1__0_n_0    | rst_ni_IBUF_inst/O                                     |                1 |              2 |         2.00 |
|  core_i/clk                                                                            | cv32e40p_core_ip/core_i/if_stage_i/prefetch_buffer_i/fifo_i/status_cnt_q[1]_i_1_n_0               | rst_ni_IBUF_inst/O                                     |                1 |              2 |         2.00 |
|  dutclk/inst/clk_out1                                                                  | icache/way0/req_sources52_out                                                                     |                                                        |                1 |              2 |         2.00 |
|  dutclk/inst/clk_out1                                                                  | icache/way0/req_sources4_out                                                                      |                                                        |                1 |              2 |         2.00 |
|  dutclk/inst/clk_out1                                                                  | icache/way0/req_sources49_out                                                                     |                                                        |                1 |              2 |         2.00 |
|  dutclk/inst/clk_out1                                                                  | icache/way0/req_sources46_out                                                                     |                                                        |                1 |              2 |         2.00 |
|  dutclk/inst/clk_out1                                                                  | obi_demux_dut/tx_en                                                                               | rst_ni_IBUF_inst/O                                     |                2 |              2 |         1.00 |
|  dutclk/inst/clk_out1                                                                  | icache/way0/req_sources25_out                                                                     |                                                        |                1 |              2 |         2.00 |
|  dutclk/inst/clk_out1                                                                  | dcache/way0/E[0]                                                                                  | rst_ni_IBUF_inst/O                                     |                1 |              2 |         2.00 |
|  dutclk/inst/clk_out1                                                                  | icache/way0/E[0]                                                                                  | rst_ni_IBUF_inst/O                                     |                1 |              2 |         2.00 |
|  dutclk/inst/clk_out1                                                                  | obi_demux_dut/wb_cyc_r_reg[0]                                                                     | rst_ni_IBUF_inst/O                                     |                1 |              2 |         2.00 |
|  dutclk/inst/clk_out1                                                                  | icache/way0/req_sources10_out                                                                     |                                                        |                1 |              2 |         2.00 |
|  dutclk/inst/clk_out1                                                                  | icache/way0/req_sources13_out                                                                     |                                                        |                1 |              2 |         2.00 |
|  dutclk/inst/clk_out1                                                                  | icache/way0/req_sources16_out                                                                     |                                                        |                1 |              2 |         2.00 |
|  dutclk/inst/clk_out1                                                                  | icache/way0/req_sources19_out                                                                     |                                                        |                1 |              2 |         2.00 |
|  dutclk/inst/clk_out1                                                                  | icache/way0/req_sources1_out                                                                      |                                                        |                1 |              2 |         2.00 |
|  dutclk/inst/clk_out1                                                                  | icache/way0/req_sources22_out                                                                     |                                                        |                1 |              2 |         2.00 |
|  dutclk/inst/clk_out1                                                                  | dcache/way1/E[0]                                                                                  | rst_ni_IBUF_inst/O                                     |                1 |              2 |         2.00 |
|  dutclk/inst/clk_out1                                                                  | icache/way0/req_sources28_out                                                                     |                                                        |                1 |              2 |         2.00 |
|  dutclk/inst/clk_out1                                                                  | icache/way0/req_sources31_out                                                                     |                                                        |                1 |              2 |         2.00 |
|  dutclk/inst/clk_out1                                                                  | icache/way0/req_sources34_out                                                                     |                                                        |                1 |              2 |         2.00 |
|  dutclk/inst/clk_out1                                                                  | icache/way0/req_sources37_out                                                                     |                                                        |                1 |              2 |         2.00 |
|  dutclk/inst/clk_out1                                                                  | icache/way0/req_sources40_out                                                                     |                                                        |                1 |              2 |         2.00 |
|  dutclk/inst/clk_out1                                                                  | icache/way0/req_sources43_out                                                                     |                                                        |                1 |              2 |         2.00 |
|  dutclk/inst/clk_out1                                                                  | icache/way0/req_sources61_out                                                                     |                                                        |                1 |              2 |         2.00 |
|  dutclk/inst/clk_out1                                                                  | icache/way0/req_sources64_out                                                                     |                                                        |                1 |              2 |         2.00 |
|  core_i/clk                                                                            | cv32e40p_core_ip/core_i/if_stage_i/prefetch_buffer_i/prefetch_controller_i/flush_cnt_q[1]_i_1_n_0 | rst_ni_IBUF_inst/O                                     |                1 |              2 |         2.00 |
|  core_i/clk                                                                            | cv32e40p_core_ip/core_i/id_stage_i/controller_i/debug_mode_q_reg_5                                | rst_ni_IBUF_inst/O                                     |                1 |              2 |         2.00 |
|  dutclk/inst/clk_out1                                                                  | main_memory/req_sources                                                                           |                                                        |                1 |              2 |         2.00 |
|  core_i/clk                                                                            | cv32e40p_core_ip/core_i/id_stage_i/controller_i/debug_mode_q_reg_3                                | rst_ni_IBUF_inst/O                                     |                2 |              3 |         1.50 |
|  core_i/clk                                                                            | cv32e40p_core_ip/core_i/id_stage_i/mult_en_ex_o_reg_0[0]                                          | rst_ni_IBUF_inst/O                                     |                2 |              3 |         1.50 |
|  core_i/clk                                                                            | cv32e40p_core_ip/core_i/ex_stage_i/alu_i/alu_div_i/FSM_onehot_State_SP[2]_i_1_n_0                 | rst_ni_IBUF_inst/O                                     |                1 |              3 |         3.00 |
|  dutclk/inst/clk_out1                                                                  | icache/way0/mem_req_cnt_q_reg[0][0]                                                               | rst_ni_IBUF_inst/O                                     |                1 |              3 |         3.00 |
|  core_i/clk                                                                            | cv32e40p_core_ip/core_i/id_stage_i/LoadEn_S                                                       | rst_ni_IBUF_inst/O                                     |                1 |              3 |         3.00 |
|  core_i/clk                                                                            | cv32e40p_core_ip/core_i/id_stage_i/alu_operand_b_ex_o_reg[0]_0                                    | rst_ni_IBUF_inst/O                                     |                3 |              3 |         1.00 |
|  dutclk/inst/clk_out1                                                                  | qspi/qspi_iface_dut/state[2]_i_1__0_n_0                                                           | rst_ni_IBUF_inst/O                                     |                2 |              3 |         1.50 |
|  dutclk/inst/clk_out1                                                                  | uart/uart_iface_dut/uart_tx_dut/uart_clk_pulse                                                    | rst_ni_IBUF_inst/O                                     |                2 |              4 |         2.00 |
|  core_i/clk                                                                            | cv32e40p_core_ip/core_i/ex_stage_i/mult_i/FSM_sequential_mulh_CS_reg[2]_2[0]                      | rst_ni_IBUF_inst/O                                     |                2 |              4 |         2.00 |
|  dutclk/inst/clk_out1                                                                  | uart/uart_iface_dut/uart_rx_dut/uart_clk_pulse                                                    | rst_ni_IBUF_inst/O                                     |                3 |              4 |         1.33 |
|  dutclk/inst/clk_out1                                                                  | qspi/qspi_iface_dut/bit_counter_reg[6]_0                                                          | qspi/qspi_iface_dut/data_out[3]_i_1_n_0                |                1 |              4 |         4.00 |
|  core_i/clk                                                                            | cv32e40p_core_ip/core_i/id_stage_i/controller_i/E[0]                                              | rst_ni_IBUF_inst/O                                     |                1 |              5 |         5.00 |
|  core_i/clk                                                                            | cv32e40p_core_ip/core_i/id_stage_i/controller_i/instr_rdata_id_o_reg[5][0]                        | rst_ni_IBUF_inst/O                                     |                2 |              5 |         2.50 |
|  core_i/clk                                                                            | cv32e40p_core_ip/core_i/id_stage_i/regfile_we_ex_o_reg_2[0]                                       | rst_ni_IBUF_inst/O                                     |                2 |              5 |         2.50 |
|  dutclk/inst/clk_out1                                                                  | main_memory/E[0]                                                                                  | rst_ni_IBUF_inst/O                                     |                2 |              5 |         2.50 |
|  core_i/clk                                                                            | cv32e40p_core_ip/core_i/id_stage_i/controller_i/FSM_sequential_mulh_CS_reg[1][0]                  | rst_ni_IBUF_inst/O                                     |                5 |              6 |         1.20 |
|  core_i/clk                                                                            | cv32e40p_core_ip/core_i/ex_stage_i/alu_i/alu_div_i/Cnt_DP[5]_i_1_n_0                              | rst_ni_IBUF_inst/O                                     |                2 |              6 |         3.00 |
|  core_i/clk                                                                            | cv32e40p_core_ip/core_i/id_stage_i/controller_i/csr_access_ex_o_reg[0]                            | rst_ni_IBUF_inst/O                                     |                3 |              6 |         2.00 |
|  core_i/clk                                                                            | cv32e40p_core_ip/core_i/load_store_unit_i/ctrl_update                                             | rst_ni_IBUF_inst/O                                     |                4 |              6 |         1.50 |
|  core_i/clk                                                                            | cv32e40p_core_ip/core_i/ex_stage_i/mult_i/E[0]                                                    | rst_ni_IBUF_inst/O                                     |                5 |              7 |         1.40 |
|  dutclk/inst/clk_out1                                                                  | qspi/qspi_iface_dut/QSPI_DR1[15]_i_1_n_0                                                          | rst_ni_IBUF_inst/O                                     |                8 |              8 |         1.00 |
|  dutclk/inst/clk_out1                                                                  | obi_demux_dut/data_be_reg[3]_9[3]                                                                 | rst_ni_IBUF_inst/O                                     |                8 |              8 |         1.00 |
|  dutclk/inst/clk_out1                                                                  | obi_demux_dut/data_be_reg[3]_3[1]                                                                 | rst_ni_IBUF_inst/O                                     |                5 |              8 |         1.60 |
|  dutclk/inst/clk_out1                                                                  | obi_demux_dut/data_be_reg[3]_9[2]                                                                 | rst_ni_IBUF_inst/O                                     |                8 |              8 |         1.00 |
|  dutclk/inst/clk_out1                                                                  | obi_demux_dut/data_be_reg[3]_9[1]                                                                 | rst_ni_IBUF_inst/O                                     |                8 |              8 |         1.00 |
|  dutclk/inst/clk_out1                                                                  | obi_demux_dut/data_be_reg[3]_5[2]                                                                 | rst_ni_IBUF_inst/O                                     |                4 |              8 |         2.00 |
|  dutclk/inst/clk_out1                                                                  | obi_demux_dut/data_be_reg[3]_5[1]                                                                 | rst_ni_IBUF_inst/O                                     |                4 |              8 |         2.00 |
|  dutclk/inst/clk_out1                                                                  | obi_demux_dut/data_be_reg[3]_5[0]                                                                 | rst_ni_IBUF_inst/O                                     |                5 |              8 |         1.60 |
|  dutclk/inst/clk_out1                                                                  | obi_demux_dut/data_be_reg[3]_4[3]                                                                 | rst_ni_IBUF_inst/O                                     |                4 |              8 |         2.00 |
|  dutclk/inst/clk_out1                                                                  | obi_demux_dut/data_be_reg[3]_4[2]                                                                 | rst_ni_IBUF_inst/O                                     |                3 |              8 |         2.67 |
|  dutclk/inst/clk_out1                                                                  | obi_demux_dut/data_be_reg[3]_4[1]                                                                 | rst_ni_IBUF_inst/O                                     |                4 |              8 |         2.00 |
|  dutclk/inst/clk_out1                                                                  | obi_demux_dut/data_be_reg[3]_4[0]                                                                 | rst_ni_IBUF_inst/O                                     |                4 |              8 |         2.00 |
|  dutclk/inst/clk_out1                                                                  | obi_demux_dut/data_be_reg[3]_3[3]                                                                 | rst_ni_IBUF_inst/O                                     |                6 |              8 |         1.33 |
|  dutclk/inst/clk_out1                                                                  | obi_demux_dut/data_be_reg[3]_3[2]                                                                 | rst_ni_IBUF_inst/O                                     |                4 |              8 |         2.00 |
|  dutclk/inst/clk_out1                                                                  | obi_demux_dut/data_be_reg[3]_10[0]                                                                | rst_ni_IBUF_inst/O                                     |                8 |              8 |         1.00 |
|  dutclk/inst/clk_out1                                                                  | dcache/way0/lines[3][23]_i_1__0_n_0                                                               | rst_ni_IBUF_inst/O                                     |                5 |              8 |         1.60 |
|  dutclk/inst/clk_out1                                                                  | dcache/way0/lines[1][7]_i_1__0_n_0                                                                | rst_ni_IBUF_inst/O                                     |                4 |              8 |         2.00 |
|  dutclk/inst/clk_out1                                                                  | dcache/way0/lines[2][15]_i_1__0_n_0                                                               | rst_ni_IBUF_inst/O                                     |                3 |              8 |         2.67 |
|  dutclk/inst/clk_out1                                                                  | dcache/way0/lines[2][23]_i_1__0_n_0                                                               | rst_ni_IBUF_inst/O                                     |                5 |              8 |         1.60 |
|  dutclk/inst/clk_out1                                                                  | dcache/way0/lines[2][31]_i_1__0_n_0                                                               | rst_ni_IBUF_inst/O                                     |                7 |              8 |         1.14 |
|  dutclk/inst/clk_out1                                                                  | dcache/way0/lines[2][39]_i_1__0_n_0                                                               | rst_ni_IBUF_inst/O                                     |                4 |              8 |         2.00 |
|  dutclk/inst/clk_out1                                                                  | dcache/way0/lines[2][47]_i_1__0_n_0                                                               | rst_ni_IBUF_inst/O                                     |                5 |              8 |         1.60 |
|  dutclk/inst/clk_out1                                                                  | dcache/way0/lines[2][55]_i_1__0_n_0                                                               | rst_ni_IBUF_inst/O                                     |                4 |              8 |         2.00 |
|  dutclk/inst/clk_out1                                                                  | dcache/way0/lines[2][63]_i_1__0_n_0                                                               | rst_ni_IBUF_inst/O                                     |                4 |              8 |         2.00 |
|  dutclk/inst/clk_out1                                                                  | dcache/way0/lines[2][7]_i_1__0_n_0                                                                | rst_ni_IBUF_inst/O                                     |                4 |              8 |         2.00 |
|  dutclk/inst/clk_out1                                                                  | dcache/way0/lines[3][15]_i_1__0_n_0                                                               | rst_ni_IBUF_inst/O                                     |                3 |              8 |         2.67 |
|  dutclk/inst/clk_out1                                                                  | qspi/qspi_iface_dut/QSPI_DR1[23]_i_1_n_0                                                          | rst_ni_IBUF_inst/O                                     |                8 |              8 |         1.00 |
|  dutclk/inst/clk_out1                                                                  | dcache/way0/lines[3][31]_i_1__0_n_0                                                               | rst_ni_IBUF_inst/O                                     |                6 |              8 |         1.33 |
|  dutclk/inst/clk_out1                                                                  | dcache/way0/lines[3][39]_i_1__0_n_0                                                               | rst_ni_IBUF_inst/O                                     |                4 |              8 |         2.00 |
|  dutclk/inst/clk_out1                                                                  | dcache/way0/lines[3][47]_i_1__0_n_0                                                               | rst_ni_IBUF_inst/O                                     |                4 |              8 |         2.00 |
|  dutclk/inst/clk_out1                                                                  | dcache/way0/lines[3][55]_i_1__0_n_0                                                               | rst_ni_IBUF_inst/O                                     |                5 |              8 |         1.60 |
|  dutclk/inst/clk_out1                                                                  | dcache/way0/lines[3][63]_i_1__0_n_0                                                               | rst_ni_IBUF_inst/O                                     |                4 |              8 |         2.00 |
|  dutclk/inst/clk_out1                                                                  | dcache/way0/lines[3][7]_i_1__0_n_0                                                                | rst_ni_IBUF_inst/O                                     |                4 |              8 |         2.00 |
|  dutclk/inst/clk_out1                                                                  | obi_demux_dut/data_be_reg[3]_6[0]                                                                 | rst_ni_IBUF_inst/O                                     |                5 |              8 |         1.60 |
|  dutclk/inst/clk_out1                                                                  | obi_demux_dut/data_be_reg[3]_5[3]                                                                 | rst_ni_IBUF_inst/O                                     |                4 |              8 |         2.00 |
|  dutclk/inst/clk_out1                                                                  | qspi/qspi_iface_dut/QSPI_DR1[31]_i_1_n_0                                                          | rst_ni_IBUF_inst/O                                     |                6 |              8 |         1.33 |
|  dutclk/inst/clk_out1                                                                  | obi_demux_dut/QSPI_CCR_reg[19][2]                                                                 | rst_ni_IBUF_inst/O                                     |                4 |              8 |         2.00 |
|  dutclk/inst/clk_out1                                                                  | obi_demux_dut/data_be_reg[3]_1[2]                                                                 | rst_ni_IBUF_inst/O                                     |                1 |              8 |         8.00 |
|  dutclk/inst/clk_out1                                                                  | obi_demux_dut/data_be_reg[3]_6[1]                                                                 | rst_ni_IBUF_inst/O                                     |                2 |              8 |         4.00 |
|  dutclk/inst/clk_out1                                                                  | obi_demux_dut/data_be_reg[3]_1[1]                                                                 | rst_ni_IBUF_inst/O                                     |                5 |              8 |         1.60 |
|  dutclk/inst/clk_out1                                                                  | obi_demux_dut/data_be_reg[3]_1[0]                                                                 | rst_ni_IBUF_inst/O                                     |                6 |              8 |         1.33 |
|  dutclk/inst/clk_out1                                                                  | obi_demux_dut/data_be_reg[3]_6[2]                                                                 | rst_ni_IBUF_inst/O                                     |                3 |              8 |         2.67 |
|  dutclk/inst/clk_out1                                                                  | obi_demux_dut/data_addr_reg[2]_1                                                                  |                                                        |                7 |              8 |         1.14 |
|  dutclk/inst/clk_out1                                                                  | obi_demux_dut/data_be_reg[3]_7[0]                                                                 | rst_ni_IBUF_inst/O                                     |                3 |              8 |         2.67 |
|  dutclk/inst/clk_out1                                                                  | obi_demux_dut/data_be_reg[3]_6[3]                                                                 | rst_ni_IBUF_inst/O                                     |                5 |              8 |         1.60 |
|  dutclk/inst/clk_out1                                                                  | obi_demux_dut/QSPI_CCR_reg[19][0]                                                                 | rst_ni_IBUF_inst/O                                     |                5 |              8 |         1.60 |
|  dutclk/inst/clk_out1                                                                  | obi_demux_dut/QSPI_CCR_reg[19][1]                                                                 | rst_ni_IBUF_inst/O                                     |                6 |              8 |         1.33 |
|  dutclk/inst/clk_out1                                                                  | obi_demux_dut/data_be_reg[3]_7[1]                                                                 | rst_ni_IBUF_inst/O                                     |                3 |              8 |         2.67 |
|  dutclk/inst/clk_out1                                                                  | obi_demux_dut/QSPI_CCR_reg[20][0]                                                                 | rst_ni_IBUF_inst/O                                     |                8 |              8 |         1.00 |
|  dutclk/inst/clk_out1                                                                  | obi_demux_dut/QSPI_CCR_reg[20][1]                                                                 | rst_ni_IBUF_inst/O                                     |                7 |              8 |         1.14 |
|  dutclk/inst/clk_out1                                                                  | obi_demux_dut/QSPI_CCR_reg[20][2]                                                                 | rst_ni_IBUF_inst/O                                     |                8 |              8 |         1.00 |
|  dutclk/inst/clk_out1                                                                  | obi_demux_dut/QSPI_CCR_reg[20][3]                                                                 | rst_ni_IBUF_inst/O                                     |                8 |              8 |         1.00 |
|  dutclk/inst/clk_out1                                                                  | obi_demux_dut/data_addr_reg[2]_5[0]                                                               | rst_ni_IBUF_inst/O                                     |                4 |              8 |         2.00 |
|  dutclk/inst/clk_out1                                                                  | obi_demux_dut/data_addr_reg[2]_5[1]                                                               | rst_ni_IBUF_inst/O                                     |                6 |              8 |         1.33 |
|  dutclk/inst/clk_out1                                                                  | obi_demux_dut/data_addr_reg[2]_5[2]                                                               | rst_ni_IBUF_inst/O                                     |                5 |              8 |         1.60 |
|  dutclk/inst/clk_out1                                                                  | obi_demux_dut/data_addr_reg[4]_3[0]                                                               | rst_ni_IBUF_inst/O                                     |                4 |              8 |         2.00 |
|  dutclk/inst/clk_out1                                                                  | obi_demux_dut/data_addr_reg[4]_3[1]                                                               | rst_ni_IBUF_inst/O                                     |                4 |              8 |         2.00 |
|  dutclk/inst/clk_out1                                                                  | dcache/way1/lines[3][47]_i_1_n_0                                                                  | rst_ni_IBUF_inst/O                                     |                5 |              8 |         1.60 |
|  dutclk/inst/clk_out1                                                                  | obi_demux_dut/data_be_reg[3]_2[3]                                                                 | rst_ni_IBUF_inst/O                                     |                5 |              8 |         1.60 |
|  dutclk/inst/clk_out1                                                                  | obi_demux_dut/data_be_reg[3]_2[2]                                                                 | rst_ni_IBUF_inst/O                                     |                2 |              8 |         4.00 |
|  dutclk/inst/clk_out1                                                                  | obi_demux_dut/data_be_reg[3]_2[1]                                                                 | rst_ni_IBUF_inst/O                                     |                3 |              8 |         2.67 |
|  dutclk/inst/clk_out1                                                                  | obi_demux_dut/data_be_reg[3]_2[0]                                                                 | rst_ni_IBUF_inst/O                                     |                2 |              8 |         4.00 |
|  dutclk/inst/clk_out1                                                                  | obi_demux_dut/data_be_reg[3]_10[3]                                                                | rst_ni_IBUF_inst/O                                     |                6 |              8 |         1.33 |
|  dutclk/inst/clk_out1                                                                  | obi_demux_dut/data_be_reg[3]_10[2]                                                                | rst_ni_IBUF_inst/O                                     |                8 |              8 |         1.00 |
|  dutclk/inst/clk_out1                                                                  | obi_demux_dut/data_be_reg[3]_10[1]                                                                | rst_ni_IBUF_inst/O                                     |                8 |              8 |         1.00 |
|  dutclk/inst/clk_out1                                                                  | obi_demux_dut/data_addr_reg[4]_3[3]                                                               | rst_ni_IBUF_inst/O                                     |                8 |              8 |         1.00 |
|  dutclk/inst/clk_out1                                                                  | obi_demux_dut/data_be_reg[3]_1[3]                                                                 | rst_ni_IBUF_inst/O                                     |                1 |              8 |         8.00 |
|  dutclk/inst/clk_out1                                                                  | dcache/way1/lines[1][23]_i_1_n_0                                                                  | rst_ni_IBUF_inst/O                                     |                4 |              8 |         2.00 |
|  dutclk/inst/clk_out1                                                                  | obi_demux_dut/data_be_reg[3]_3[0]                                                                 | rst_ni_IBUF_inst/O                                     |                5 |              8 |         1.60 |
|  dutclk/inst/clk_out1                                                                  | dcache/way1/lines[2][23]_i_1_n_0                                                                  | rst_ni_IBUF_inst/O                                     |                4 |              8 |         2.00 |
|  dutclk/inst/clk_out1                                                                  | dcache/way1/lines[2][15]_i_1_n_0                                                                  | rst_ni_IBUF_inst/O                                     |                4 |              8 |         2.00 |
|  dutclk/inst/clk_out1                                                                  | obi_demux_dut/data_be_reg[3]_9[0]                                                                 | rst_ni_IBUF_inst/O                                     |                8 |              8 |         1.00 |
|  dutclk/inst/clk_out1                                                                  | obi_demux_dut/data_be_reg[3]_8[3]                                                                 | rst_ni_IBUF_inst/O                                     |                7 |              8 |         1.14 |
|  dutclk/inst/clk_out1                                                                  | obi_demux_dut/data_be_reg[3]_8[2]                                                                 | rst_ni_IBUF_inst/O                                     |                8 |              8 |         1.00 |
|  dutclk/inst/clk_out1                                                                  | obi_demux_dut/data_be_reg[3]_8[1]                                                                 | rst_ni_IBUF_inst/O                                     |                7 |              8 |         1.14 |
|  dutclk/inst/clk_out1                                                                  | obi_demux_dut/data_be_reg[3]_8[0]                                                                 | rst_ni_IBUF_inst/O                                     |                5 |              8 |         1.60 |
|  dutclk/inst/clk_out1                                                                  | obi_demux_dut/data_be_reg[3]_7[3]                                                                 | rst_ni_IBUF_inst/O                                     |                2 |              8 |         4.00 |
|  dutclk/inst/clk_out1                                                                  | obi_demux_dut/data_be_reg[3]_7[2]                                                                 | rst_ni_IBUF_inst/O                                     |                2 |              8 |         4.00 |
|  dutclk/inst/clk_out1                                                                  | qspi/qspi_iface_dut/QSPI_DR3[23]_i_1_n_0                                                          | rst_ni_IBUF_inst/O                                     |                8 |              8 |         1.00 |
|  dutclk/inst/clk_out1                                                                  | qspi/qspi_iface_dut/buffer[159]_i_1_n_0                                                           | rst_ni_IBUF_inst/O                                     |                3 |              8 |         2.67 |
|  dutclk/inst/clk_out1                                                                  | qspi/qspi_iface_dut/buffer[151]_i_1_n_0                                                           | rst_ni_IBUF_inst/O                                     |                4 |              8 |         2.00 |
|  dutclk/inst/clk_out1                                                                  | qspi/qspi_iface_dut/buffer[143]_i_1_n_0                                                           | rst_ni_IBUF_inst/O                                     |                3 |              8 |         2.67 |
|  dutclk/inst/clk_out1                                                                  | qspi/qspi_iface_dut/buffer[135]_i_1_n_0                                                           | rst_ni_IBUF_inst/O                                     |                4 |              8 |         2.00 |
|  dutclk/inst/clk_out1                                                                  | qspi/qspi_iface_dut/buffer[127]_i_1_n_0                                                           | rst_ni_IBUF_inst/O                                     |                3 |              8 |         2.67 |
|  dutclk/inst/clk_out1                                                                  | qspi/qspi_iface_dut/buffer[119]_i_1_n_0                                                           | rst_ni_IBUF_inst/O                                     |                5 |              8 |         1.60 |
|  dutclk/inst/clk_out1                                                                  | qspi/qspi_iface_dut/buffer[111]_i_1_n_0                                                           | rst_ni_IBUF_inst/O                                     |                3 |              8 |         2.67 |
|  dutclk/inst/clk_out1                                                                  | qspi/qspi_iface_dut/buffer[103]_i_1_n_0                                                           | rst_ni_IBUF_inst/O                                     |                3 |              8 |         2.67 |
|  dutclk/inst/clk_out1                                                                  | qspi/qspi_iface_dut/QSPI_DR7[31]_i_1_n_0                                                          | rst_ni_IBUF_inst/O                                     |                5 |              8 |         1.60 |
|  dutclk/inst/clk_out1                                                                  | qspi/qspi_iface_dut/QSPI_DR3[7]_i_1_n_0                                                           | rst_ni_IBUF_inst/O                                     |                8 |              8 |         1.00 |
|  dutclk/inst/clk_out1                                                                  | qspi/qspi_iface_dut/QSPI_DR3[31]_i_1_n_0                                                          | rst_ni_IBUF_inst/O                                     |                8 |              8 |         1.00 |
|  dutclk/inst/clk_out1                                                                  | qspi/qspi_iface_dut/buffer[15]_i_1_n_0                                                            | rst_ni_IBUF_inst/O                                     |                4 |              8 |         2.00 |
|  dutclk/inst/clk_out1                                                                  | qspi/qspi_iface_dut/QSPI_DR3[15]_i_1_n_0                                                          | rst_ni_IBUF_inst/O                                     |                8 |              8 |         1.00 |
|  dutclk/inst/clk_out1                                                                  | qspi/qspi_iface_dut/QSPI_DR2[7]_i_1_n_0                                                           | rst_ni_IBUF_inst/O                                     |                6 |              8 |         1.33 |
|  dutclk/inst/clk_out1                                                                  | qspi/qspi_iface_dut/QSPI_DR2[31]_i_1_n_0                                                          | rst_ni_IBUF_inst/O                                     |                5 |              8 |         1.60 |
|  dutclk/inst/clk_out1                                                                  | qspi/qspi_iface_dut/QSPI_DR2[23]_i_1_n_0                                                          | rst_ni_IBUF_inst/O                                     |                6 |              8 |         1.33 |
|  dutclk/inst/clk_out1                                                                  | qspi/qspi_iface_dut/QSPI_DR2[15]_i_1_n_0                                                          | rst_ni_IBUF_inst/O                                     |                8 |              8 |         1.00 |
|  dutclk/inst/clk_out1                                                                  | dcache/way1/lines[0][39]_i_1_n_0                                                                  | rst_ni_IBUF_inst/O                                     |                4 |              8 |         2.00 |
|  dutclk/inst/clk_out1                                                                  | dcache/way1/lines[0][47]_i_1_n_0                                                                  | rst_ni_IBUF_inst/O                                     |                5 |              8 |         1.60 |
|  dutclk/inst/clk_out1                                                                  | dcache/way1/lines[0][55]_i_1_n_0                                                                  | rst_ni_IBUF_inst/O                                     |                5 |              8 |         1.60 |
|  dutclk/inst/clk_out1                                                                  | dcache/way1/lines[0][63]_i_1_n_0                                                                  | rst_ni_IBUF_inst/O                                     |                5 |              8 |         1.60 |
|  dutclk/inst/clk_out1                                                                  | dcache/way1/lines[0][7]_i_1_n_0                                                                   | rst_ni_IBUF_inst/O                                     |                4 |              8 |         2.00 |
|  dutclk/inst/clk_out1                                                                  | dcache/way1/lines[1][15]_i_1_n_0                                                                  | rst_ni_IBUF_inst/O                                     |                3 |              8 |         2.67 |
|  dutclk/inst/clk_out1                                                                  | qspi/qspi_iface_dut/buffer[247]_i_1_n_0                                                           |                                                        |                6 |              8 |         1.33 |
|  dutclk/inst/clk_out1                                                                  | qspi/qspi_iface_dut/buffer[95]_i_1_n_0                                                            | rst_ni_IBUF_inst/O                                     |                3 |              8 |         2.67 |
|  dutclk/inst/clk_out1                                                                  | qspi/qspi_iface_dut/buffer[87]_i_2_n_0                                                            | qspi/qspi_iface_dut/buffer[87]_i_1_n_0                 |                4 |              8 |         2.00 |
|  dutclk/inst/clk_out1                                                                  | qspi/qspi_iface_dut/buffer[7]_i_2_n_0                                                             | qspi/qspi_iface_dut/buffer[7]_i_1_n_0                  |                3 |              8 |         2.67 |
|  dutclk/inst/clk_out1                                                                  | qspi/qspi_iface_dut/buffer[79]_i_1_n_0                                                            | rst_ni_IBUF_inst/O                                     |                3 |              8 |         2.67 |
|  dutclk/inst/clk_out1                                                                  | qspi/qspi_iface_dut/buffer[71]_i_1_n_0                                                            | rst_ni_IBUF_inst/O                                     |                6 |              8 |         1.33 |
|  dutclk/inst/clk_out1                                                                  | qspi/qspi_iface_dut/buffer[63]_i_2_n_0                                                            | qspi/qspi_iface_dut/buffer[63]_i_1_n_0                 |                2 |              8 |         4.00 |
|  dutclk/inst/clk_out1                                                                  | qspi/qspi_iface_dut/buffer[55]_i_1_n_0                                                            | rst_ni_IBUF_inst/O                                     |                4 |              8 |         2.00 |
|  dutclk/inst/clk_out1                                                                  | qspi/qspi_iface_dut/buffer[47]_i_1_n_0                                                            | rst_ni_IBUF_inst/O                                     |                3 |              8 |         2.67 |
|  dutclk/inst/clk_out1                                                                  | qspi/qspi_iface_dut/buffer[39]_i_2_n_0                                                            | qspi/qspi_iface_dut/buffer[39]_i_1_n_0                 |                2 |              8 |         4.00 |
|  dutclk/inst/clk_out1                                                                  | qspi/qspi_iface_dut/buffer[31]_i_2_n_0                                                            | qspi/qspi_iface_dut/buffer[31]_i_1_n_0                 |                3 |              8 |         2.67 |
|  dutclk/inst/clk_out1                                                                  | qspi/qspi_iface_dut/buffer[255]_i_1_n_0                                                           | rst_ni_IBUF_inst/O                                     |                5 |              8 |         1.60 |
|  dutclk/inst/clk_out1                                                                  | dcache/way0/lines[1][55]_i_1__0_n_0                                                               | rst_ni_IBUF_inst/O                                     |                5 |              8 |         1.60 |
|  dutclk/inst/clk_out1                                                                  | qspi/qspi_iface_dut/buffer[23]_i_2_n_0                                                            | qspi/qspi_iface_dut/buffer[23]_i_1_n_0                 |                5 |              8 |         1.60 |
|  dutclk/inst/clk_out1                                                                  | qspi/qspi_iface_dut/buffer[239]_i_2_n_0                                                           | qspi/qspi_iface_dut/buffer[239]_i_1_n_0                |                5 |              8 |         1.60 |
|  dutclk/inst/clk_out1                                                                  | qspi/qspi_iface_dut/buffer[231]_i_1_n_0                                                           | rst_ni_IBUF_inst/O                                     |                4 |              8 |         2.00 |
|  dutclk/inst/clk_out1                                                                  | qspi/qspi_iface_dut/buffer[223]_i_1_n_0                                                           | rst_ni_IBUF_inst/O                                     |                5 |              8 |         1.60 |
|  dutclk/inst/clk_out1                                                                  | qspi/qspi_iface_dut/buffer[215]_i_1_n_0                                                           | rst_ni_IBUF_inst/O                                     |                6 |              8 |         1.33 |
|  dutclk/inst/clk_out1                                                                  | qspi/qspi_iface_dut/buffer[207]_i_1_n_0                                                           | rst_ni_IBUF_inst/O                                     |                4 |              8 |         2.00 |
|  dutclk/inst/clk_out1                                                                  | qspi/qspi_iface_dut/buffer[199]_i_1_n_0                                                           | rst_ni_IBUF_inst/O                                     |                4 |              8 |         2.00 |
|  dutclk/inst/clk_out1                                                                  | qspi/qspi_iface_dut/buffer[191]_i_1_n_0                                                           | rst_ni_IBUF_inst/O                                     |                4 |              8 |         2.00 |
|  dutclk/inst/clk_out1                                                                  | qspi/qspi_iface_dut/buffer[183]_i_2_n_0                                                           | qspi/qspi_iface_dut/buffer[183]_i_1_n_0                |                3 |              8 |         2.67 |
|  dutclk/inst/clk_out1                                                                  | qspi/qspi_iface_dut/buffer[175]_i_2_n_0                                                           | qspi/qspi_iface_dut/buffer[175]_i_1_n_0                |                6 |              8 |         1.33 |
|  dutclk/inst/clk_out1                                                                  | qspi/qspi_iface_dut/buffer[167]_i_2_n_0                                                           | qspi/qspi_iface_dut/buffer[167]_i_1_n_0                |                5 |              8 |         1.60 |
|  dutclk/inst/clk_out1                                                                  | qspi/qspi_iface_dut/QSPI_DR1[7]_i_1_n_0                                                           | rst_ni_IBUF_inst/O                                     |                7 |              8 |         1.14 |
|  dutclk/inst/clk_out1                                                                  | dcache/way1/lines[3][31]_i_1_n_0                                                                  | rst_ni_IBUF_inst/O                                     |                5 |              8 |         1.60 |
|  dutclk/inst/clk_out1                                                                  | dcache/way1/lines[3][39]_i_1_n_0                                                                  | rst_ni_IBUF_inst/O                                     |                4 |              8 |         2.00 |
|  dutclk/inst/clk_out1                                                                  | dcache/way0/lines[1][31]_i_1__0_n_0                                                               | rst_ni_IBUF_inst/O                                     |                5 |              8 |         1.60 |
|  dutclk/inst/clk_out1                                                                  | dcache/way0/lines[1][23]_i_1__0_n_0                                                               | rst_ni_IBUF_inst/O                                     |                5 |              8 |         1.60 |
|  dutclk/inst/clk_out1                                                                  | dcache/way0/lines[1][15]_i_1__0_n_0                                                               | rst_ni_IBUF_inst/O                                     |                4 |              8 |         2.00 |
|  dutclk/inst/clk_out1                                                                  | dcache/way1/lines[3][55]_i_1_n_0                                                                  | rst_ni_IBUF_inst/O                                     |                5 |              8 |         1.60 |
|  dutclk/inst/clk_out1                                                                  | dcache/way0/lines[0][7]_i_1__0_n_0                                                                | rst_ni_IBUF_inst/O                                     |                4 |              8 |         2.00 |
|  dutclk/inst/clk_out1                                                                  | dcache/way1/lines[3][63]_i_1_n_0                                                                  | rst_ni_IBUF_inst/O                                     |                4 |              8 |         2.00 |
|  dutclk/inst/clk_out1                                                                  | dcache/way1/lines[3][7]_i_1_n_0                                                                   | rst_ni_IBUF_inst/O                                     |                5 |              8 |         1.60 |
|  dutclk/inst/clk_out1                                                                  | dcache/way0/lines[0][63]_i_1__0_n_0                                                               | rst_ni_IBUF_inst/O                                     |                5 |              8 |         1.60 |
|  dutclk/inst/clk_out1                                                                  | dcache/way1/lines[1][39]_i_1_n_0                                                                  | rst_ni_IBUF_inst/O                                     |                4 |              8 |         2.00 |
|  dutclk/inst/clk_out1                                                                  | dcache/way1/lines[0][15]_i_1_n_0                                                                  | rst_ni_IBUF_inst/O                                     |                3 |              8 |         2.67 |
|  dutclk/inst/clk_out1                                                                  | dcache/way1/lines[0][23]_i_1_n_0                                                                  | rst_ni_IBUF_inst/O                                     |                5 |              8 |         1.60 |
|  dutclk/inst/clk_out1                                                                  | dcache/way0/lines[0][55]_i_1__0_n_0                                                               | rst_ni_IBUF_inst/O                                     |                4 |              8 |         2.00 |
|  dutclk/inst/clk_out1                                                                  | dcache/way1/lines[0][31]_i_1_n_0                                                                  | rst_ni_IBUF_inst/O                                     |                5 |              8 |         1.60 |
|  dutclk/inst/clk_out1                                                                  | dcache/way0/lines[0][47]_i_1__0_n_0                                                               | rst_ni_IBUF_inst/O                                     |                5 |              8 |         1.60 |
|  dutclk/inst/clk_out1                                                                  | dcache/way1/lines[1][31]_i_1_n_0                                                                  | rst_ni_IBUF_inst/O                                     |                4 |              8 |         2.00 |
|  dutclk/inst/clk_out1                                                                  | dcache/way0/lines[0][39]_i_1__0_n_0                                                               | rst_ni_IBUF_inst/O                                     |                4 |              8 |         2.00 |
|  dutclk/inst/clk_out1                                                                  | dcache/way0/lines[0][31]_i_1__0_n_0                                                               | rst_ni_IBUF_inst/O                                     |                7 |              8 |         1.14 |
|  dutclk/inst/clk_out1                                                                  | dcache/way0/lines[0][23]_i_1__0_n_0                                                               | rst_ni_IBUF_inst/O                                     |                5 |              8 |         1.60 |
|  dutclk/inst/clk_out1                                                                  | dcache/way0/lines[0][15]_i_1__0_n_0                                                               | rst_ni_IBUF_inst/O                                     |                3 |              8 |         2.67 |
|  dutclk/inst/clk_out1                                                                  | dcache/way1/lines[2][55]_i_1_n_0                                                                  | rst_ni_IBUF_inst/O                                     |                5 |              8 |         1.60 |
|  dutclk/inst/clk_out1                                                                  | dcache/way1/lines[2][31]_i_1_n_0                                                                  | rst_ni_IBUF_inst/O                                     |                4 |              8 |         2.00 |
|  dutclk/inst/clk_out1                                                                  | dcache/way1/lines[1][7]_i_1_n_0                                                                   | rst_ni_IBUF_inst/O                                     |                4 |              8 |         2.00 |
|  dutclk/inst/clk_out1                                                                  | dcache/way1/lines[1][63]_i_1_n_0                                                                  | rst_ni_IBUF_inst/O                                     |                4 |              8 |         2.00 |
|  dutclk/inst/clk_out1                                                                  | dcache/way1/lines[1][55]_i_1_n_0                                                                  | rst_ni_IBUF_inst/O                                     |                5 |              8 |         1.60 |
|  dutclk/inst/clk_out1                                                                  | dcache/way1/lines[2][39]_i_1_n_0                                                                  | rst_ni_IBUF_inst/O                                     |                4 |              8 |         2.00 |
|  dutclk/inst/clk_out1                                                                  | dcache/way1/lines[1][47]_i_1_n_0                                                                  | rst_ni_IBUF_inst/O                                     |                5 |              8 |         1.60 |
|  dutclk/inst/clk_out1                                                                  | dcache/way1/lines[2][47]_i_1_n_0                                                                  | rst_ni_IBUF_inst/O                                     |                5 |              8 |         1.60 |
|  dutclk/inst/clk_out1                                                                  | dcache/way0/lines[1][39]_i_1__0_n_0                                                               | rst_ni_IBUF_inst/O                                     |                4 |              8 |         2.00 |
|  dutclk/inst/clk_out1                                                                  | dcache/way1/lines[2][63]_i_1_n_0                                                                  | rst_ni_IBUF_inst/O                                     |                5 |              8 |         1.60 |
|  dutclk/inst/clk_out1                                                                  | dcache/way1/lines[2][7]_i_1_n_0                                                                   | rst_ni_IBUF_inst/O                                     |                5 |              8 |         1.60 |
|  dutclk/inst/clk_out1                                                                  | dcache/way1/lines[3][15]_i_1_n_0                                                                  | rst_ni_IBUF_inst/O                                     |                4 |              8 |         2.00 |
|  dutclk/inst/clk_out1                                                                  | dcache/way1/lines[3][23]_i_1_n_0                                                                  | rst_ni_IBUF_inst/O                                     |                5 |              8 |         1.60 |
|  dutclk/inst/clk_out1                                                                  | dcache/way0/lines[1][63]_i_1__0_n_0                                                               | rst_ni_IBUF_inst/O                                     |                3 |              8 |         2.67 |
|  dutclk/inst/clk_out1                                                                  | dcache/way0/lines[1][47]_i_1__0_n_0                                                               | rst_ni_IBUF_inst/O                                     |                5 |              8 |         1.60 |
|  dutclk/inst/clk_out1                                                                  | qspi/qspi_iface_dut/data_out_enable_next                                                          | rst_ni_IBUF_inst/O                                     |                3 |             12 |         4.00 |
|  dutclk/inst/clk_out1                                                                  | obi_demux_dut/data_addr_reg[4]_3[2]                                                               | rst_ni_IBUF_inst/O                                     |                8 |             15 |         1.88 |
|  dutclk/inst/clk_out1                                                                  | uart/uart_iface_dut/uart_tx_dut/p_0_in                                                            |                                                        |                1 |             16 |        16.00 |
|  core_i/clk                                                                            | cv32e40p_core_ip/core_i/id_stage_i/csr_op_ex_o_reg[0]_16[0]                                       | rst_ni_IBUF_inst/O                                     |               10 |             16 |         1.60 |
|  dutclk/inst/clk_out1                                                                  | uart/uart_iface_dut/uart_rx_dut/counter[15]_i_1_n_0                                               |                                                        |                7 |             16 |         2.29 |
|  dutclk/inst/clk_out1                                                                  |                                                                                                   | uart/uart_iface_dut/uart_tx_dut/counter[15]_i_1__1_n_0 |                5 |             16 |         3.20 |
|  core_i/clk                                                                            | cv32e40p_core_ip/core_i/id_stage_i/controller_i/ctrl_fsm_cs_reg[3]_3[0]                           | rst_ni_IBUF_inst/O                                     |               11 |             18 |         1.64 |
|  core_i/clk                                                                            | cv32e40p_core_ip/core_i/id_stage_i/alu_operand_b_ex_o_reg[11]_1[0]                                | rst_ni_IBUF_inst/O                                     |               12 |             19 |         1.58 |
|  dutclk/inst/clk_out1                                                                  |                                                                                                   |                                                        |               11 |             21 |         1.91 |
|  dutclk/inst/clk_out1                                                                  | obi_demux_dut/data_addr_reg[2]_1                                                                  | obi_demux_dut/data_addr_reg[2]_8                       |                5 |             24 |         4.80 |
|  core_i/clk                                                                            | cv32e40p_core_ip/core_i/id_stage_i/controller_i/debug_mode_q_reg_4[0]                             | rst_ni_IBUF_inst/O                                     |                9 |             24 |         2.67 |
|  dutclk/inst/clk_out1                                                                  | dcache/way0/tags[0][26]_i_1__0_n_0                                                                | rst_ni_IBUF_inst/O                                     |               14 |             27 |         1.93 |
|  dutclk/inst/clk_out1                                                                  | dcache/way1/tags[2][26]_i_1_n_0                                                                   | rst_ni_IBUF_inst/O                                     |               10 |             27 |         2.70 |
|  dutclk/inst/clk_out1                                                                  | dcache/way1/tags[1][26]_i_1_n_0                                                                   | rst_ni_IBUF_inst/O                                     |               14 |             27 |         1.93 |
|  dutclk/inst/clk_out1                                                                  | dcache/way1/tags[0][26]_i_1_n_0                                                                   | rst_ni_IBUF_inst/O                                     |               14 |             27 |         1.93 |
|  dutclk/inst/clk_out1                                                                  | icache/way0/tags                                                                                  | rst_ni_IBUF_inst/O                                     |               17 |             27 |         1.59 |
|  dutclk/inst/clk_out1                                                                  | icache/way0/tags[0][26]_i_1__2_n_0                                                                | rst_ni_IBUF_inst/O                                     |               14 |             27 |         1.93 |
|  dutclk/inst/clk_out1                                                                  | icache/way0/tags[2][26]_i_1__2_n_0                                                                | rst_ni_IBUF_inst/O                                     |               18 |             27 |         1.50 |
|  dutclk/inst/clk_out1                                                                  | dcache/way1/tags[3][26]_i_1_n_0                                                                   | rst_ni_IBUF_inst/O                                     |               14 |             27 |         1.93 |
|  dutclk/inst/clk_out1                                                                  | icache/way0/tags[1][26]_i_1__2_n_0                                                                | rst_ni_IBUF_inst/O                                     |               18 |             27 |         1.50 |
|  dutclk/inst/clk_out1                                                                  | icache/way1/tags[3][26]_i_1__1_n_0                                                                | rst_ni_IBUF_inst/O                                     |               15 |             27 |         1.80 |
|  dutclk/inst/clk_out1                                                                  | icache/way1/tags[1][26]_i_1__1_n_0                                                                | rst_ni_IBUF_inst/O                                     |               14 |             27 |         1.93 |
|  dutclk/inst/clk_out1                                                                  | icache/way1/tags[0][26]_i_1__1_n_0                                                                | rst_ni_IBUF_inst/O                                     |               14 |             27 |         1.93 |
|  dutclk/inst/clk_out1                                                                  | icache/way1/tags[2][26]_i_1__1_n_0                                                                | rst_ni_IBUF_inst/O                                     |               15 |             27 |         1.80 |
|  dutclk/inst/clk_out1                                                                  | dcache/way0/tags[2][26]_i_1__0_n_0                                                                | rst_ni_IBUF_inst/O                                     |               13 |             27 |         2.08 |
|  dutclk/inst/clk_out1                                                                  | dcache/way0/tags[1][26]_i_1__0_n_0                                                                | rst_ni_IBUF_inst/O                                     |               16 |             27 |         1.69 |
|  dutclk/inst/clk_out1                                                                  | dcache/way0/tags                                                                                  | rst_ni_IBUF_inst/O                                     |               12 |             27 |         2.25 |
|  core_i/clk                                                                            | cv32e40p_core_ip/core_i/if_stage_i/prefetch_buffer_i/prefetch_controller_i/trans_addr_q0          | rst_ni_IBUF_inst/O                                     |               13 |             30 |         2.31 |
|  core_i/clk                                                                            | icache/way0/mem_data_cnt_q_reg[1]_rep[0]                                                          | rst_ni_IBUF_inst/O                                     |               17 |             30 |         1.76 |
|  dutclk/inst/clk_out1                                                                  | icache/way0/gen_no_trans_stable.state_q_reg[0]                                                    | rst_ni_IBUF_inst/O                                     |               13 |             30 |         2.31 |
|  cv32e40p_core_ip/core_i/sleep_unit_i/core_clock_gate_i/clk_en_reg_1                   |                                                                                                   |                                                        |               10 |             31 |         3.10 |
|  core_i/id_stage_i/register_file_i/clk_int                                             |                                                                                                   | rst_ni_IBUF_inst/O                                     |                9 |             31 |         3.44 |
|  core_i/clk                                                                            | cv32e40p_core_ip/core_i/if_stage_i/aligner_i/pc_q                                                 | rst_ni_IBUF_inst/O                                     |                9 |             31 |         3.44 |
|  core_i/clk                                                                            | cv32e40p_core_ip/core_i/id_stage_i/controller_i/csr_access_ex_o_reg_0[0]                          | rst_ni_IBUF_inst/O                                     |               22 |             31 |         1.41 |
|  core_i/clk                                                                            | cv32e40p_core_ip/core_i/id_stage_i/controller_i/csr_op_ex_o_reg[1][0]                             | rst_ni_IBUF_inst/O                                     |               21 |             31 |         1.48 |
|  dutclk/inst/clk_out1                                                                  | qspi/qspi_iface_dut/bit_counter[0]_i_1_n_0                                                        | rst_ni_IBUF_inst/O                                     |                4 |             32 |         8.00 |
|  dutclk/inst/clk_out1                                                                  | qspi/qspi_iface_dut/E[0]                                                                          | rst_ni_IBUF_inst/O                                     |                4 |             32 |         8.00 |
|  dutclk/inst/clk_out1                                                                  | timer/timer_iface_dut/tt/TIM_EVN_NEXT_R                                                           | timer/timer_iface_dut/tt/TIM_EVN_R[31]_i_1_n_0         |                7 |             32 |         4.57 |
|  dutclk/inst/clk_out1                                                                  | timer/timer_iface_dut/E[0]                                                                        | rst_ni_IBUF_inst/O                                     |                8 |             32 |         4.00 |
|  dutclk/inst/clk_out1                                                                  | timer/timer_iface_dut/TIM_ENA[0]                                                                  | timer/timer_iface_dut/tt/counter[63]_i_1_n_0           |                7 |             32 |         4.57 |
|  dutclk/inst/clk_out1                                                                  | uart/uart_iface_dut/E[0]                                                                          | rst_ni_IBUF_inst/O                                     |                9 |             32 |         3.56 |
|  dutclk/inst/clk_out1                                                                  | icache/way1/lines[1][31]_i_1__1_n_0                                                               | rst_ni_IBUF_inst/O                                     |               23 |             32 |         1.39 |
|  core_i/clk                                                                            | cv32e40p_core_ip/core_i/id_stage_i/controller_i/prepost_useincr_ex_o_reg[0]                       | rst_ni_IBUF_inst/O                                     |               19 |             32 |         1.68 |
|  cv32e40p_core_ip/core_i/id_stage_i/register_file_i/CG_WE_GLOBAL/clk_en_reg_8[0]       |                                                                                                   | rst_ni_IBUF_inst/O                                     |               15 |             32 |         2.13 |
|  cv32e40p_core_ip/core_i/id_stage_i/register_file_i/CG_WE_GLOBAL/clk_en_reg_9[0]       |                                                                                                   | rst_ni_IBUF_inst/O                                     |               13 |             32 |         2.46 |
|  core_i/id_stage_i/register_file_i/clk_int                                             | cv32e40p_core_ip/core_i/ex_stage_i/regfile_we_wb                                                  | rst_ni_IBUF_inst/O                                     |               18 |             32 |         1.78 |
|  core_i/id_stage_i/register_file_i/clk_int                                             | cv32e40p_core_ip/core_i/id_stage_i/regfile_alu_we_ex_o_reg_0                                      | rst_ni_IBUF_inst/O                                     |               17 |             32 |         1.88 |
|  core_i/clk                                                                            | cv32e40p_core_ip/core_i/ex_stage_i/alu_i/alu_div_i/ARegEn_S                                       | rst_ni_IBUF_inst/O                                     |                4 |             32 |         8.00 |
|  core_i/clk                                                                            | cv32e40p_core_ip/core_i/ex_stage_i/mult_i/FSM_sequential_mulh_CS_reg[2]_1[0]                      | rst_ni_IBUF_inst/O                                     |               15 |             32 |         2.13 |
|  core_i/clk                                                                            | cv32e40p_core_ip/core_i/id_stage_i/controller_i/FSM_sequential_mulh_CS_reg[2]_0[0]                | rst_ni_IBUF_inst/O                                     |               19 |             32 |         1.68 |
|  core_i/clk                                                                            | cv32e40p_core_ip/core_i/id_stage_i/controller_i/branch_in_ex_o_reg_0[0]                           | rst_ni_IBUF_inst/O                                     |               17 |             32 |         1.88 |
|  core_i/clk                                                                            | cv32e40p_core_ip/core_i/id_stage_i/controller_i/csr_op_ex_o_reg[0]_1[0]                           | rst_ni_IBUF_inst/O                                     |               13 |             32 |         2.46 |
|  cv32e40p_core_ip/core_i/id_stage_i/register_file_i/CG_WE_GLOBAL/clk_en_reg_7[0]       |                                                                                                   | rst_ni_IBUF_inst/O                                     |               15 |             32 |         2.13 |
|  core_i/clk                                                                            | cv32e40p_core_ip/core_i/id_stage_i/alu_operand_b_ex_o_reg[0]_1[0]                                 | rst_ni_IBUF_inst/O                                     |               19 |             32 |         1.68 |
|  core_i/clk                                                                            | cv32e40p_core_ip/core_i/id_stage_i/alu_operand_b_ex_o_reg[0]_2[0]                                 | rst_ni_IBUF_inst/O                                     |               23 |             32 |         1.39 |
|  core_i/clk                                                                            | cv32e40p_core_ip/core_i/id_stage_i/alu_operand_b_ex_o_reg[6]_0[0]                                 | rst_ni_IBUF_inst/O                                     |               23 |             32 |         1.39 |
|  core_i/clk                                                                            | cv32e40p_core_ip/core_i/id_stage_i/csr_op_ex_o_reg[1]_0[0]                                        | rst_ni_IBUF_inst/O                                     |               17 |             32 |         1.88 |
|  core_i/clk                                                                            | cv32e40p_core_ip/core_i/id_stage_i/csr_op_ex_o_reg[1]_0[1]                                        | rst_ni_IBUF_inst/O                                     |               10 |             32 |         3.20 |
|  core_i/clk                                                                            | cv32e40p_core_ip/core_i/id_stage_i/gen_mcountinhibit[0].gen_implemented.mcountinhibit_q_reg[0][0] | rst_ni_IBUF_inst/O                                     |               20 |             32 |         1.60 |
|  dutclk/inst/clk_out1                                                                  | obi_demux_dut/data_addr_reg[5]_0[0]                                                               | rst_ni_IBUF_inst/O                                     |               12 |             32 |         2.67 |
|  core_i/clk                                                                            | cv32e40p_core_ip/core_i/id_stage_i/mhpmevent_minstret_o_reg_0[0]                                  | rst_ni_IBUF_inst/O                                     |               17 |             32 |         1.88 |
|  cv32e40p_core_ip/core_i/id_stage_i/register_file_i/CG_WE_GLOBAL/clk_en_reg_16_BUFG[0] |                                                                                                   | rst_ni_IBUF_inst/O                                     |               19 |             32 |         1.68 |
|  cv32e40p_core_ip/core_i/id_stage_i/register_file_i/CG_WE_GLOBAL/clk_en_reg_0_BUFG[0]  |                                                                                                   | rst_ni_IBUF_inst/O                                     |               12 |             32 |         2.67 |
|  cv32e40p_core_ip/core_i/id_stage_i/register_file_i/CG_WE_GLOBAL/clk_en_reg_1[0]       |                                                                                                   | rst_ni_IBUF_inst/O                                     |               11 |             32 |         2.91 |
|  cv32e40p_core_ip/core_i/id_stage_i/register_file_i/CG_WE_GLOBAL/clk_en_reg_10_BUFG[0] |                                                                                                   | rst_ni_IBUF_inst/O                                     |               18 |             32 |         1.78 |
|  cv32e40p_core_ip/core_i/id_stage_i/register_file_i/CG_WE_GLOBAL/clk_en_reg_11_BUFG[0] |                                                                                                   | rst_ni_IBUF_inst/O                                     |               18 |             32 |         1.78 |
|  cv32e40p_core_ip/core_i/id_stage_i/register_file_i/CG_WE_GLOBAL/clk_en_reg_12_BUFG[0] |                                                                                                   | rst_ni_IBUF_inst/O                                     |               17 |             32 |         1.88 |
|  cv32e40p_core_ip/core_i/id_stage_i/register_file_i/CG_WE_GLOBAL/clk_en_reg_15_BUFG[0] |                                                                                                   | rst_ni_IBUF_inst/O                                     |               19 |             32 |         1.68 |
|  cv32e40p_core_ip/core_i/id_stage_i/register_file_i/CG_WE_GLOBAL/clk_en_reg_13_BUFG[0] |                                                                                                   | rst_ni_IBUF_inst/O                                     |               15 |             32 |         2.13 |
|  cv32e40p_core_ip/core_i/id_stage_i/register_file_i/CG_WE_GLOBAL/clk_en_reg_14_BUFG[0] |                                                                                                   | rst_ni_IBUF_inst/O                                     |               19 |             32 |         1.68 |
|  core_i/clk                                                                            | cv32e40p_core_ip/core_i/id_stage_i/gen_mcountinhibit[0].gen_implemented.mcountinhibit_q_reg[0][1] | rst_ni_IBUF_inst/O                                     |               21 |             32 |         1.52 |
|  cv32e40p_core_ip/core_i/id_stage_i/register_file_i/CG_WE_GLOBAL/clk_en_reg_17_BUFG[0] |                                                                                                   | rst_ni_IBUF_inst/O                                     |               19 |             32 |         1.68 |
|  cv32e40p_core_ip/core_i/id_stage_i/register_file_i/CG_WE_GLOBAL/clk_en_reg_18_BUFG[0] |                                                                                                   | rst_ni_IBUF_inst/O                                     |               16 |             32 |         2.00 |
|  cv32e40p_core_ip/core_i/id_stage_i/register_file_i/CG_WE_GLOBAL/clk_en_reg_2[0]       |                                                                                                   | rst_ni_IBUF_inst/O                                     |               13 |             32 |         2.46 |
|  cv32e40p_core_ip/core_i/id_stage_i/register_file_i/CG_WE_GLOBAL/clk_en_reg_29[0]      |                                                                                                   | rst_ni_IBUF_inst/O                                     |               17 |             32 |         1.88 |
|  cv32e40p_core_ip/core_i/id_stage_i/register_file_i/CG_WE_GLOBAL/clk_en_reg_3[0]       |                                                                                                   | rst_ni_IBUF_inst/O                                     |               12 |             32 |         2.67 |
|  cv32e40p_core_ip/core_i/id_stage_i/register_file_i/CG_WE_GLOBAL/clk_en_reg_4[0]       |                                                                                                   | rst_ni_IBUF_inst/O                                     |               23 |             32 |         1.39 |
|  cv32e40p_core_ip/core_i/id_stage_i/register_file_i/CG_WE_GLOBAL/clk_en_reg_5[0]       |                                                                                                   | rst_ni_IBUF_inst/O                                     |               20 |             32 |         1.60 |
|  cv32e40p_core_ip/core_i/id_stage_i/register_file_i/CG_WE_GLOBAL/clk_en_reg_6[0]       |                                                                                                   | rst_ni_IBUF_inst/O                                     |               17 |             32 |         1.88 |
|  dutclk/inst/clk_out1                                                                  | icache/way1/lines[0][31]_i_1__1_n_0                                                               | rst_ni_IBUF_inst/O                                     |               24 |             32 |         1.33 |
|  core_i/id_stage_i/register_file_i/p_60_in                                             |                                                                                                   | rst_ni_IBUF_inst/O                                     |               18 |             32 |         1.78 |
|  dutclk/inst/clk_out1                                                                  | icache/way1/lines[2][31]_i_1__1_n_0                                                               | rst_ni_IBUF_inst/O                                     |               24 |             32 |         1.33 |
|  dutclk/inst/clk_out1                                                                  | icache/way1/lines[3][63]_i_1__1_n_0                                                               | rst_ni_IBUF_inst/O                                     |               25 |             32 |         1.28 |
|  dutclk/inst/clk_out1                                                                  | icache/way1/lines[3][31]_i_1__1_n_0                                                               | rst_ni_IBUF_inst/O                                     |               25 |             32 |         1.28 |
|  dutclk/inst/clk_out1                                                                  | icache/way1/lines[2][63]_i_1__1_n_0                                                               | rst_ni_IBUF_inst/O                                     |               27 |             32 |         1.19 |
|  dutclk/inst/clk_out1                                                                  | icache/way1/lines[1][63]_i_1__1_n_0                                                               | rst_ni_IBUF_inst/O                                     |               26 |             32 |         1.23 |
|  cv32e40p_core_ip/core_i/id_stage_i/register_file_i/CG_WE_GLOBAL/E_BUFG[0]             |                                                                                                   | rst_ni_IBUF_inst/O                                     |               11 |             32 |         2.91 |
|  dutclk/inst/clk_out1                                                                  | icache/way1/lines[0][63]_i_1__1_n_0                                                               | rst_ni_IBUF_inst/O                                     |               26 |             32 |         1.23 |
|  dutclk/inst/clk_out1                                                                  |                                                                                                   | obi_demux_dut/SR[0]                                    |               21 |             32 |         1.52 |
|  dutclk/inst/clk_out1                                                                  | icache/way0/lines[3][63]_i_1__2_n_0                                                               | rst_ni_IBUF_inst/O                                     |               24 |             32 |         1.33 |
|  dutclk/inst/clk_out1                                                                  | icache/way0/lines[3][31]_i_1__2_n_0                                                               | rst_ni_IBUF_inst/O                                     |               19 |             32 |         1.68 |
|  dutclk/inst/clk_out1                                                                  | icache/way0/lines[2][63]_i_1__2_n_0                                                               | rst_ni_IBUF_inst/O                                     |               25 |             32 |         1.28 |
|  dutclk/inst/clk_out1                                                                  | icache/way0/lines[2][31]_i_1__2_n_0                                                               | rst_ni_IBUF_inst/O                                     |               21 |             32 |         1.52 |
|  dutclk/inst/clk_out1                                                                  | icache/way0/lines[1][63]_i_1__2_n_0                                                               | rst_ni_IBUF_inst/O                                     |               20 |             32 |         1.60 |
|  dutclk/inst/clk_out1                                                                  | icache/way0/lines[1][31]_i_1__2_n_0                                                               | rst_ni_IBUF_inst/O                                     |               18 |             32 |         1.78 |
|  dutclk/inst/clk_out1                                                                  | icache/way0/lines[0][63]_i_1__2_n_0                                                               | rst_ni_IBUF_inst/O                                     |               21 |             32 |         1.52 |
|  core_i/id_stage_i/register_file_i/p_56_in                                             |                                                                                                   | rst_ni_IBUF_inst/O                                     |               15 |             32 |         2.13 |
|  core_i/clk                                                                            | cv32e40p_core_ip/core_i/id_stage_i/mhpmevent_minstret_o_reg_0[1]                                  | rst_ni_IBUF_inst/O                                     |               10 |             32 |         3.20 |
|  core_i/clk                                                                            | cv32e40p_core_ip/core_i/if_stage_i/prefetch_buffer_i/fifo_i/mem_q                                 | rst_ni_IBUF_inst/O                                     |               11 |             32 |         2.91 |
|  core_i/clk                                                                            | cv32e40p_core_ip/core_i/if_stage_i/prefetch_buffer_i/fifo_i/mem_q[0][31]_i_1_n_0                  | rst_ni_IBUF_inst/O                                     |               11 |             32 |         2.91 |
|  core_i/clk                                                                            | obi_demux_dut/data_we_q_reg[0]                                                                    | rst_ni_IBUF_inst/O                                     |               18 |             32 |         1.78 |
|  core_i/id_stage_i/register_file_i/p_51_in                                             |                                                                                                   | rst_ni_IBUF_inst/O                                     |               17 |             32 |         1.88 |
|  core_i/id_stage_i/register_file_i/p_52_in                                             |                                                                                                   | rst_ni_IBUF_inst/O                                     |               17 |             32 |         1.88 |
|  core_i/id_stage_i/register_file_i/p_53_in                                             |                                                                                                   | rst_ni_IBUF_inst/O                                     |               17 |             32 |         1.88 |
|  core_i/id_stage_i/register_file_i/p_54_in                                             |                                                                                                   | rst_ni_IBUF_inst/O                                     |               17 |             32 |         1.88 |
|  core_i/id_stage_i/register_file_i/p_55_in                                             |                                                                                                   | rst_ni_IBUF_inst/O                                     |               16 |             32 |         2.00 |
|  core_i/id_stage_i/register_file_i/p_57_in                                             |                                                                                                   | rst_ni_IBUF_inst/O                                     |               15 |             32 |         2.13 |
|  core_i/id_stage_i/register_file_i/p_58_in                                             |                                                                                                   | rst_ni_IBUF_inst/O                                     |               14 |             32 |         2.29 |
|  dutclk/inst/clk_out1                                                                  | icache/way0/lines[0][31]_i_1__2_n_0                                                               | rst_ni_IBUF_inst/O                                     |               19 |             32 |         1.68 |
|  core_i/id_stage_i/register_file_i/p_59_in                                             |                                                                                                   | rst_ni_IBUF_inst/O                                     |               14 |             32 |         2.29 |
|  core_i/clk                                                                            |                                                                                                   | rst_ni_IBUF_inst/O                                     |               25 |             36 |         1.44 |
|  dutclk/inst/clk_out1                                                                  |                                                                                                   | rst_ni_IBUF_inst/O                                     |               31 |             62 |         2.00 |
|  core_i/clk                                                                            | cv32e40p_core_ip/core_i/ex_stage_i/alu_i/alu_div_i/BReg_DP[31]_i_1_n_0                            | rst_ni_IBUF_inst/O                                     |               24 |             64 |         2.67 |
|  dutclk/inst/clk_out1                                                                  |                                                                                                   | timer/timer_iface_dut/tt/counter[63]_i_1_n_0           |                7 |             64 |         9.14 |
|  dutclk/inst/clk_out1                                                                  | obi_demux_dut/FSM_sequential_state_reg_inv_0[0]                                                   | rst_ni_IBUF_inst/O                                     |               38 |             66 |         1.74 |
|  core_i/clk                                                                            | cv32e40p_core_ip/core_i/ex_stage_i/mult_i/FSM_sequential_mulh_CS_reg[2]_0[0]                      | rst_ni_IBUF_inst/O                                     |               35 |             68 |         1.94 |
|  dutclk/inst/clk_out1                                                                  | obi_demux_dut/E[0]                                                                                | rst_ni_IBUF_inst/O                                     |               18 |             71 |         3.94 |
|  core_i/clk                                                                            | cv32e40p_core_ip/core_i/if_stage_i/aligner_i/instr_valid_id_o0                                    | rst_ni_IBUF_inst/O                                     |               42 |             71 |         1.69 |
|  dutclk/inst/clk_out1                                                                  | rst_ni_IBUF_inst/O                                                                                |                                                        |              139 |            366 |         2.63 |
+----------------------------------------------------------------------------------------+---------------------------------------------------------------------------------------------------+--------------------------------------------------------+------------------+----------------+--------------+


