Copyright 1986-2022 Xilinx, Inc. All Rights Reserved.
----------------------------------------------------------------------------------------------------------------------------------------------------------------------------------------------------
| Tool Version      : Vivado v.2022.2 (lin64) Build 3671981 Fri Oct 14 04:59:54 MDT 2022
| Date              : Tue Sep  3 18:13:33 2024
| Host              : karpuz running 64-bit Ubuntu 22.04.4 LTS
| Command           : report_timing_summary -max_paths 10 -report_unconstrained -file air_soc_timing_summary_routed.rpt -pb air_soc_timing_summary_routed.pb -rpx air_soc_timing_summary_routed.rpx
| Design            : air_soc
| Device            : xcvu095-ffva2104
| Speed File        : -2  PRODUCTION 1.26 12-04-2018
| Temperature Grade : E
----------------------------------------------------------------------------------------------------------------------------------------------------------------------------------------------------

Timing Summary Report

------------------------------------------------------------------------------------------------
| Timer Settings
| --------------
------------------------------------------------------------------------------------------------

  Enable Multi Corner Analysis               :  Yes
  Enable Pessimism Removal                   :  Yes
  Pessimism Removal Resolution               :  Nearest Common Node
  Enable Input Delay Default Clock           :  No
  Enable Preset / Clear Arcs                 :  No
  Disable Flight Delays                      :  No
  Ignore I/O Paths                           :  No
  Timing Early Launch at Borrowing Latches   :  No
  Borrow Time for Max Delay Exceptions       :  Yes
  Merge Timing Exceptions                    :  Yes

  Corner  Analyze    Analyze    
  Name    Max Paths  Min Paths  
  ------  ---------  ---------  
  Slow    Yes        Yes        
  Fast    Yes        Yes        


------------------------------------------------------------------------------------------------
| Report Methodology
| ------------------
------------------------------------------------------------------------------------------------

Rule       Severity          Description                                             Violations  
---------  ----------------  ------------------------------------------------------  ----------  
TIMING-14  Critical Warning  LUT on the clock tree                                   35          
DPIR-2     Warning           Asynchronous driver check                               32          
SYNTH-10   Warning           Wide multiplier                                         3           
SYNTH-15   Warning           Byte wide write enable not inferred                     32          
XDCC-7     Warning           Scoped Clock constraint overwritten on the same source  1           
LATCH-1    Advisory          Existing latches in the design                          1           

Note: This report is based on the most recent report_methodology run and may not be up-to-date. Run report_methodology on the current design for the latest report.



check_timing report

Table of Contents
-----------------
1. checking no_clock (0)
2. checking constant_clock (0)
3. checking pulse_width_clock (0)
4. checking unconstrained_internal_endpoints (0)
5. checking no_input_delay (6)
6. checking no_output_delay (7)
7. checking multiple_clock (0)
8. checking generated_clocks (0)
9. checking loops (0)
10. checking partial_input_delay (0)
11. checking partial_output_delay (0)
12. checking latch_loops (0)

1. checking no_clock (0)
------------------------
 There are 0 register/latch pins with no clock.


2. checking constant_clock (0)
------------------------------
 There are 0 register/latch pins with constant_clock.


3. checking pulse_width_clock (0)
---------------------------------
 There are 0 register/latch pins which need pulse_width check


4. checking unconstrained_internal_endpoints (0)
------------------------------------------------
 There are 0 pins that are not constrained for maximum delay.

 There are 0 pins that are not constrained for maximum delay due to constant clock.


5. checking no_input_delay (6)
------------------------------
 There are 6 input ports with no input delay specified. (HIGH)

 There are 0 input ports with no input delay but user has a false path constraint.


6. checking no_output_delay (7)
-------------------------------
 There are 7 ports with no output delay specified. (HIGH)

 There are 0 ports with no output delay but user has a false path constraint

 There are 0 ports with no output delay but with a timing clock defined on it or propagating through it


7. checking multiple_clock (0)
------------------------------
 There are 0 register/latch pins with multiple clocks.


8. checking generated_clocks (0)
--------------------------------
 There are 0 generated clocks that are not connected to a clock source.


9. checking loops (0)
---------------------
 There are 0 combinational loops in the design.


10. checking partial_input_delay (0)
------------------------------------
 There are 0 input ports with partial input delay specified.


11. checking partial_output_delay (0)
-------------------------------------
 There are 0 ports with partial output delay specified.


12. checking latch_loops (0)
----------------------------
 There are 0 combinational latch loops in the design through latch input



------------------------------------------------------------------------------------------------
| Design Timing Summary
| ---------------------
------------------------------------------------------------------------------------------------

    WNS(ns)      TNS(ns)  TNS Failing Endpoints  TNS Total Endpoints      WHS(ns)      THS(ns)  THS Failing Endpoints  THS Total Endpoints     WPWS(ns)     TPWS(ns)  TPWS Failing Endpoints  TPWS Total Endpoints  
    -------      -------  ---------------------  -------------------      -------      -------  ---------------------  -------------------     --------     --------  ----------------------  --------------------  
      0.000        0.000                      0                11029        0.032        0.000                      0                11029        1.600        0.000                       0                  5712  


All user specified timing constraints are met.


------------------------------------------------------------------------------------------------
| Clock Summary
| -------------
------------------------------------------------------------------------------------------------

Clock                   Waveform(ns)         Period(ns)      Frequency(MHz)
-----                   ------------         ----------      --------------
clk_125mhz_p            {0.000 4.000}        8.000           125.000         
  clk_out1_clk_wiz_0_1  {0.000 8.333}        16.667          60.000          


------------------------------------------------------------------------------------------------
| Intra Clock Table
| -----------------
------------------------------------------------------------------------------------------------

Clock                       WNS(ns)      TNS(ns)  TNS Failing Endpoints  TNS Total Endpoints      WHS(ns)      THS(ns)  THS Failing Endpoints  THS Total Endpoints     WPWS(ns)     TPWS(ns)  TPWS Failing Endpoints  TPWS Total Endpoints  
-----                       -------      -------  ---------------------  -------------------      -------      -------  ---------------------  -------------------     --------     --------  ----------------------  --------------------  
clk_125mhz_p                                                                                                                                                              1.600        0.000                       0                     1  
  clk_out1_clk_wiz_0_1        0.000        0.000                      0                11029        0.032        0.000                      0                11029        7.353        0.000                       0                  5711  


------------------------------------------------------------------------------------------------
| Inter Clock Table
| -----------------
------------------------------------------------------------------------------------------------

From Clock    To Clock          WNS(ns)      TNS(ns)  TNS Failing Endpoints  TNS Total Endpoints      WHS(ns)      THS(ns)  THS Failing Endpoints  THS Total Endpoints  
----------    --------          -------      -------  ---------------------  -------------------      -------      -------  ---------------------  -------------------  


------------------------------------------------------------------------------------------------
| Other Path Groups Table
| -----------------------
------------------------------------------------------------------------------------------------

Path Group    From Clock    To Clock          WNS(ns)      TNS(ns)  TNS Failing Endpoints  TNS Total Endpoints      WHS(ns)      THS(ns)  THS Failing Endpoints  THS Total Endpoints  
----------    ----------    --------          -------      -------  ---------------------  -------------------      -------      -------  ---------------------  -------------------  


------------------------------------------------------------------------------------------------
| User Ignored Path Table
| -----------------------
------------------------------------------------------------------------------------------------

Path Group    From Clock    To Clock    
----------    ----------    --------    


------------------------------------------------------------------------------------------------
| Unconstrained Path Table
| ------------------------
------------------------------------------------------------------------------------------------

Path Group            From Clock            To Clock            
----------            ----------            --------            
(none)                clk_out1_clk_wiz_0_1                        
(none)                                      clk_out1_clk_wiz_0_1  


------------------------------------------------------------------------------------------------
| Timing Details
| --------------
------------------------------------------------------------------------------------------------


---------------------------------------------------------------------------------------------------
From Clock:  clk_125mhz_p
  To Clock:  clk_125mhz_p

Setup :           NA  Failing Endpoints,  Worst Slack           NA  ,  Total Violation           NA
Hold  :           NA  Failing Endpoints,  Worst Slack           NA  ,  Total Violation           NA
PW    :            0  Failing Endpoints,  Worst Slack        1.600ns,  Total Violation        0.000ns
---------------------------------------------------------------------------------------------------


Pulse Width Checks
--------------------------------------------------------------------------------------
Clock Name:         clk_125mhz_p
Waveform(ns):       { 0.000 4.000 }
Period(ns):         8.000
Sources:            { clk_p }

Check Type        Corner  Lib Pin            Reference Pin  Required(ns)  Actual(ns)  Slack(ns)  Location         Pin
Min Period        n/a     MMCME3_ADV/CLKIN1  n/a            1.071         8.000       6.929      MMCME3_ADV_X1Y2  dutclk/inst/mmcme3_adv_inst/CLKIN1
Low Pulse Width   Slow    MMCME3_ADV/CLKIN1  n/a            2.400         4.000       1.600      MMCME3_ADV_X1Y2  dutclk/inst/mmcme3_adv_inst/CLKIN1
Low Pulse Width   Fast    MMCME3_ADV/CLKIN1  n/a            2.400         4.000       1.600      MMCME3_ADV_X1Y2  dutclk/inst/mmcme3_adv_inst/CLKIN1
High Pulse Width  Slow    MMCME3_ADV/CLKIN1  n/a            2.400         4.000       1.600      MMCME3_ADV_X1Y2  dutclk/inst/mmcme3_adv_inst/CLKIN1
High Pulse Width  Fast    MMCME3_ADV/CLKIN1  n/a            2.400         4.000       1.600      MMCME3_ADV_X1Y2  dutclk/inst/mmcme3_adv_inst/CLKIN1



---------------------------------------------------------------------------------------------------
From Clock:  clk_out1_clk_wiz_0_1
  To Clock:  clk_out1_clk_wiz_0_1

Setup :            0  Failing Endpoints,  Worst Slack        0.000ns,  Total Violation        0.000ns
Hold  :            0  Failing Endpoints,  Worst Slack        0.032ns,  Total Violation        0.000ns
PW    :            0  Failing Endpoints,  Worst Slack        7.353ns,  Total Violation        0.000ns
---------------------------------------------------------------------------------------------------


Max Delay Paths
--------------------------------------------------------------------------------------
Slack (MET) :             0.000ns  (required time - arrival time)
  Source:                 cv32e40p_core_ip/core_i/id_stage_i/register_file_i/wdata_b_q_reg[6]/C
                            (rising edge-triggered cell FDCE clocked by clk_out1_clk_wiz_0_1  {rise@0.000ns fall@8.333ns period=16.667ns})
  Destination:            cv32e40p_core_ip/core_i/id_stage_i/register_file_i/mem_reg[24][6]/D
                            (positive level-sensitive latch clocked by clk_out1_clk_wiz_0_1  {rise@0.000ns fall@8.333ns period=16.667ns})
  Path Group:             clk_out1_clk_wiz_0_1
  Path Type:              Setup (Max at Slow Process Corner)
  Requirement:            0.000ns  (clk_out1_clk_wiz_0_1 rise@0.000ns - clk_out1_clk_wiz_0_1 rise@0.000ns)
  Data Path Delay:        1.243ns  (logic 0.266ns (21.400%)  route 0.977ns (78.600%))
  Logic Levels:           1  (LUT3=1)
  Clock Path Skew:        -2.136ns (DCD - SCD + CPR)
    Destination Clock Delay (DCD):    4.845ns
    Source Clock Delay      (SCD):    6.986ns
    Clock Pessimism Removal (CPR):    0.005ns
  Time Borrowing:         
    Nominal pulse width:              8.333ns
    Library setup time:               0.066ns
    Computed max time borrow:         8.399ns
    Time borrowed from endpoint:      3.379ns
    Open edge CRPR:                   0.007ns
    Time given to startpoint:         3.386ns
  Clock Net Delay (Source):      1.262ns (routing 0.002ns, distribution 1.260ns)
  Clock Net Delay (Destination): 2.395ns (routing 1.169ns, distribution 1.226ns)

    Location             Delay type                Incr(ns)  Path(ns)    Netlist Resource(s)
  -------------------------------------------------------------------    -------------------
                         (clock clk_out1_clk_wiz_0_1 rise edge)
                                                      0.000     0.000 r  
    BC9                                               0.000     0.000 r  clk_p (IN)
                         net (fo=0)                   0.001     0.001    dutclk/inst/clkin1_ibufds/I
    HPIOBDIFFINBUF_X1Y59 DIFFINBUF (Prop_DIFFINBUF_HPIOBDIFFINBUF_DIFF_IN_P_O)
                                                      0.591     0.592 r  dutclk/inst/clkin1_ibufds/DIFFINBUF_INST/O
                         net (fo=1, routed)           0.090     0.682    dutclk/inst/clkin1_ibufds/OUT
    BC9                  IBUFCTRL (Prop_IBUFCTRL_HPIOB_I_O)
                                                      0.000     0.682 r  dutclk/inst/clkin1_ibufds/IBUFCTRL_INST/O
                         net (fo=1, routed)           0.865     1.547    dutclk/inst/clk_in1_clk_wiz_0
    MMCME3_ADV_X1Y2      MMCME3_ADV (Prop_MMCME3_ADV_CLKIN1_CLKOUT0)
                                                     -0.231     1.316 r  dutclk/inst/mmcme3_adv_inst/CLKOUT0
                         net (fo=1, routed)           0.437     1.753    dutclk/inst/clk_out1_clk_wiz_0
    BUFGCE_X1Y48         BUFGCE (Prop_BUFCE_BUFGCE_I_O)
                                                      0.083     1.836 r  dutclk/inst/clkout1_buf/O
                         net (fo=3482, routed)        2.766     4.602    cv32e40p_core_ip/core_i/sleep_unit_i/core_clock_gate_i/clk_out1
    SLICE_X56Y396        LUT3 (Prop_B5LUT_SLICEL_I0_O)
                                                      0.201     4.803 r  cv32e40p_core_ip/core_i/sleep_unit_i/core_clock_gate_i/waddr_onehot_b_q[31]_i_3/O
                         net (fo=1, routed)           0.838     5.641    cv32e40p_core_ip_n_87
    BUFGCE_X0Y166        BUFGCE (Prop_BUFCE_BUFGCE_I_O)
                                                      0.083     5.724 r  waddr_onehot_b_q_reg[31]_i_2/O
    X2Y6 (CLOCK_ROOT)    net (fo=95, routed)          1.262     6.986    cv32e40p_core_ip/core_i/id_stage_i/register_file_i/CLK
    SLICE_X78Y403        FDCE                                         r  cv32e40p_core_ip/core_i/id_stage_i/register_file_i/wdata_b_q_reg[6]/C
  -------------------------------------------------------------------    -------------------
    SLICE_X78Y403        FDCE (Prop_EFF2_SLICEL_C_Q)
                                                      0.116     7.102 r  cv32e40p_core_ip/core_i/id_stage_i/register_file_i/wdata_b_q_reg[6]/Q
                         net (fo=31, routed)          0.614     7.716    cv32e40p_core_ip/core_i/id_stage_i/register_file_i/wdata_b_q[6]
    SLICE_X65Y398        LUT3 (Prop_C5LUT_SLICEL_I0_O)
                                                      0.150     7.866 r  cv32e40p_core_ip/core_i/id_stage_i/register_file_i/mem_reg[24][6]_i_1/O
                         net (fo=1, routed)           0.363     8.229    cv32e40p_core_ip/core_i/id_stage_i/register_file_i/mem_reg[24][6]_i_1_n_0
    SLICE_X64Y398        LDCE                                         r  cv32e40p_core_ip/core_i/id_stage_i/register_file_i/mem_reg[24][6]/D
  -------------------------------------------------------------------    -------------------

                         (clock clk_out1_clk_wiz_0_1 rise edge)
                                                      0.000     0.000 r  
    BC9                                               0.000     0.000 r  clk_p (IN)
                         net (fo=0)                   0.001     0.001    dutclk/inst/clkin1_ibufds/I
    HPIOBDIFFINBUF_X1Y59 DIFFINBUF (Prop_DIFFINBUF_HPIOBDIFFINBUF_DIFF_IN_P_O)
                                                      0.393     0.394 r  dutclk/inst/clkin1_ibufds/DIFFINBUF_INST/O
                         net (fo=1, routed)           0.051     0.445    dutclk/inst/clkin1_ibufds/OUT
    BC9                  IBUFCTRL (Prop_IBUFCTRL_HPIOB_I_O)
                                                      0.000     0.445 r  dutclk/inst/clkin1_ibufds/IBUFCTRL_INST/O
                         net (fo=1, routed)           0.778     1.223    dutclk/inst/clk_in1_clk_wiz_0
    MMCME3_ADV_X1Y2      MMCME3_ADV (Prop_MMCME3_ADV_CLKIN1_CLKOUT0)
                                                      0.335     1.558 r  dutclk/inst/mmcme3_adv_inst/CLKOUT0
                         net (fo=1, routed)           0.372     1.930    dutclk/inst/clk_out1_clk_wiz_0
    BUFGCE_X1Y48         BUFGCE (Prop_BUFCE_BUFGCE_I_O)
                                                      0.075     2.005 r  dutclk/inst/clkout1_buf/O
    X2Y5 (CLOCK_ROOT)    net (fo=3482, routed)        2.395     4.400    cv32e40p_core_ip/core_i/id_stage_i/register_file_i/CG_WE_GLOBAL/clk_out1
    SLICE_X61Y398        LUT4 (Prop_D6LUT_SLICEL_I0_O)
                                                      0.134     4.534 r  cv32e40p_core_ip/core_i/id_stage_i/register_file_i/CG_WE_GLOBAL/mem_reg[24][31]_i_2/O
                         net (fo=32, routed)          0.311     4.845    cv32e40p_core_ip/core_i/id_stage_i/register_file_i/p_38_in
    SLICE_X64Y398        LDCE                                         r  cv32e40p_core_ip/core_i/id_stage_i/register_file_i/mem_reg[24][6]/G
                         clock pessimism              0.005     4.849    
                         time borrowed                3.379     8.229    
  -------------------------------------------------------------------
                         required time                          8.229    
                         arrival time                          -8.229    
  -------------------------------------------------------------------
                         slack                                  0.000    

Slack (MET) :             0.000ns  (required time - arrival time)
  Source:                 cv32e40p_core_ip/core_i/id_stage_i/register_file_i/wdata_b_q_reg[6]/C
                            (rising edge-triggered cell FDCE clocked by clk_out1_clk_wiz_0_1  {rise@0.000ns fall@8.333ns period=16.667ns})
  Destination:            cv32e40p_core_ip/core_i/id_stage_i/register_file_i/mem_reg[1][6]/D
                            (positive level-sensitive latch clocked by clk_out1_clk_wiz_0_1  {rise@0.000ns fall@8.333ns period=16.667ns})
  Path Group:             clk_out1_clk_wiz_0_1
  Path Type:              Setup (Max at Slow Process Corner)
  Requirement:            0.000ns  (clk_out1_clk_wiz_0_1 rise@0.000ns - clk_out1_clk_wiz_0_1 rise@0.000ns)
  Data Path Delay:        1.287ns  (logic 0.322ns (25.019%)  route 0.965ns (74.981%))
  Logic Levels:           1  (LUT3=1)
  Clock Path Skew:        -2.084ns (DCD - SCD + CPR)
    Destination Clock Delay (DCD):    4.897ns
    Source Clock Delay      (SCD):    6.986ns
    Clock Pessimism Removal (CPR):    0.005ns
  Time Borrowing:         
    Nominal pulse width:              8.333ns
    Library setup time:               0.066ns
    Computed max time borrow:         8.399ns
    Time borrowed from endpoint:      3.371ns
    Open edge CRPR:                   0.007ns
    Time given to startpoint:         3.379ns
  Clock Net Delay (Source):      1.262ns (routing 0.002ns, distribution 1.260ns)
  Clock Net Delay (Destination): 2.395ns (routing 1.169ns, distribution 1.226ns)

    Location             Delay type                Incr(ns)  Path(ns)    Netlist Resource(s)
  -------------------------------------------------------------------    -------------------
                         (clock clk_out1_clk_wiz_0_1 rise edge)
                                                      0.000     0.000 r  
    BC9                                               0.000     0.000 r  clk_p (IN)
                         net (fo=0)                   0.001     0.001    dutclk/inst/clkin1_ibufds/I
    HPIOBDIFFINBUF_X1Y59 DIFFINBUF (Prop_DIFFINBUF_HPIOBDIFFINBUF_DIFF_IN_P_O)
                                                      0.591     0.592 r  dutclk/inst/clkin1_ibufds/DIFFINBUF_INST/O
                         net (fo=1, routed)           0.090     0.682    dutclk/inst/clkin1_ibufds/OUT
    BC9                  IBUFCTRL (Prop_IBUFCTRL_HPIOB_I_O)
                                                      0.000     0.682 r  dutclk/inst/clkin1_ibufds/IBUFCTRL_INST/O
                         net (fo=1, routed)           0.865     1.547    dutclk/inst/clk_in1_clk_wiz_0
    MMCME3_ADV_X1Y2      MMCME3_ADV (Prop_MMCME3_ADV_CLKIN1_CLKOUT0)
                                                     -0.231     1.316 r  dutclk/inst/mmcme3_adv_inst/CLKOUT0
                         net (fo=1, routed)           0.437     1.753    dutclk/inst/clk_out1_clk_wiz_0
    BUFGCE_X1Y48         BUFGCE (Prop_BUFCE_BUFGCE_I_O)
                                                      0.083     1.836 r  dutclk/inst/clkout1_buf/O
                         net (fo=3482, routed)        2.766     4.602    cv32e40p_core_ip/core_i/sleep_unit_i/core_clock_gate_i/clk_out1
    SLICE_X56Y396        LUT3 (Prop_B5LUT_SLICEL_I0_O)
                                                      0.201     4.803 r  cv32e40p_core_ip/core_i/sleep_unit_i/core_clock_gate_i/waddr_onehot_b_q[31]_i_3/O
                         net (fo=1, routed)           0.838     5.641    cv32e40p_core_ip_n_87
    BUFGCE_X0Y166        BUFGCE (Prop_BUFCE_BUFGCE_I_O)
                                                      0.083     5.724 r  waddr_onehot_b_q_reg[31]_i_2/O
    X2Y6 (CLOCK_ROOT)    net (fo=95, routed)          1.262     6.986    cv32e40p_core_ip/core_i/id_stage_i/register_file_i/CLK
    SLICE_X78Y403        FDCE                                         r  cv32e40p_core_ip/core_i/id_stage_i/register_file_i/wdata_b_q_reg[6]/C
  -------------------------------------------------------------------    -------------------
    SLICE_X78Y403        FDCE (Prop_EFF2_SLICEL_C_Q)
                                                      0.116     7.102 r  cv32e40p_core_ip/core_i/id_stage_i/register_file_i/wdata_b_q_reg[6]/Q
                         net (fo=31, routed)          0.613     7.715    cv32e40p_core_ip/core_i/id_stage_i/register_file_i/wdata_b_q[6]
    SLICE_X64Y397        LUT3 (Prop_H5LUT_SLICEL_I0_O)
                                                      0.206     7.921 r  cv32e40p_core_ip/core_i/id_stage_i/register_file_i/mem_reg[1][6]_i_1/O
                         net (fo=1, routed)           0.352     8.273    cv32e40p_core_ip/core_i/id_stage_i/register_file_i/mem_reg[1][6]_i_1_n_0
    SLICE_X64Y397        LDCE                                         r  cv32e40p_core_ip/core_i/id_stage_i/register_file_i/mem_reg[1][6]/D
  -------------------------------------------------------------------    -------------------

                         (clock clk_out1_clk_wiz_0_1 rise edge)
                                                      0.000     0.000 r  
    BC9                                               0.000     0.000 r  clk_p (IN)
                         net (fo=0)                   0.001     0.001    dutclk/inst/clkin1_ibufds/I
    HPIOBDIFFINBUF_X1Y59 DIFFINBUF (Prop_DIFFINBUF_HPIOBDIFFINBUF_DIFF_IN_P_O)
                                                      0.393     0.394 r  dutclk/inst/clkin1_ibufds/DIFFINBUF_INST/O
                         net (fo=1, routed)           0.051     0.445    dutclk/inst/clkin1_ibufds/OUT
    BC9                  IBUFCTRL (Prop_IBUFCTRL_HPIOB_I_O)
                                                      0.000     0.445 r  dutclk/inst/clkin1_ibufds/IBUFCTRL_INST/O
                         net (fo=1, routed)           0.778     1.223    dutclk/inst/clk_in1_clk_wiz_0
    MMCME3_ADV_X1Y2      MMCME3_ADV (Prop_MMCME3_ADV_CLKIN1_CLKOUT0)
                                                      0.335     1.558 r  dutclk/inst/mmcme3_adv_inst/CLKOUT0
                         net (fo=1, routed)           0.372     1.930    dutclk/inst/clk_out1_clk_wiz_0
    BUFGCE_X1Y48         BUFGCE (Prop_BUFCE_BUFGCE_I_O)
                                                      0.075     2.005 r  dutclk/inst/clkout1_buf/O
    X2Y5 (CLOCK_ROOT)    net (fo=3482, routed)        2.395     4.400    cv32e40p_core_ip/core_i/id_stage_i/register_file_i/CG_WE_GLOBAL/clk_out1
    SLICE_X60Y399        LUT4 (Prop_F6LUT_SLICEL_I0_O)
                                                      0.124     4.524 r  cv32e40p_core_ip/core_i/id_stage_i/register_file_i/CG_WE_GLOBAL/mem_reg[1][31]_i_2/O
                         net (fo=32, routed)          0.373     4.897    cv32e40p_core_ip/core_i/id_stage_i/register_file_i/p_61_in
    SLICE_X64Y397        LDCE                                         r  cv32e40p_core_ip/core_i/id_stage_i/register_file_i/mem_reg[1][6]/G
                         clock pessimism              0.005     4.901    
                         time borrowed                3.371     8.273    
  -------------------------------------------------------------------
                         required time                          8.273    
                         arrival time                          -8.273    
  -------------------------------------------------------------------
                         slack                                  0.000    

Slack (MET) :             0.000ns  (required time - arrival time)
  Source:                 cv32e40p_core_ip/core_i/id_stage_i/register_file_i/wdata_b_q_reg[8]/C
                            (rising edge-triggered cell FDCE clocked by clk_out1_clk_wiz_0_1  {rise@0.000ns fall@8.333ns period=16.667ns})
  Destination:            cv32e40p_core_ip/core_i/id_stage_i/register_file_i/mem_reg[1][8]/D
                            (positive level-sensitive latch clocked by clk_out1_clk_wiz_0_1  {rise@0.000ns fall@8.333ns period=16.667ns})
  Path Group:             clk_out1_clk_wiz_0_1
  Path Type:              Setup (Max at Slow Process Corner)
  Requirement:            0.000ns  (clk_out1_clk_wiz_0_1 rise@0.000ns - clk_out1_clk_wiz_0_1 rise@0.000ns)
  Data Path Delay:        1.251ns  (logic 0.217ns (17.346%)  route 1.034ns (82.654%))
  Logic Levels:           1  (LUT3=1)
  Clock Path Skew:        -2.083ns (DCD - SCD + CPR)
    Destination Clock Delay (DCD):    4.897ns
    Source Clock Delay      (SCD):    6.985ns
    Clock Pessimism Removal (CPR):    0.005ns
  Time Borrowing:         
    Nominal pulse width:              8.333ns
    Library setup time:               0.066ns
    Computed max time borrow:         8.399ns
    Time borrowed from endpoint:      3.334ns
    Open edge CRPR:                   0.007ns
    Time given to startpoint:         3.342ns
  Clock Net Delay (Source):      1.261ns (routing 0.002ns, distribution 1.259ns)
  Clock Net Delay (Destination): 2.395ns (routing 1.169ns, distribution 1.226ns)

    Location             Delay type                Incr(ns)  Path(ns)    Netlist Resource(s)
  -------------------------------------------------------------------    -------------------
                         (clock clk_out1_clk_wiz_0_1 rise edge)
                                                      0.000     0.000 r  
    BC9                                               0.000     0.000 r  clk_p (IN)
                         net (fo=0)                   0.001     0.001    dutclk/inst/clkin1_ibufds/I
    HPIOBDIFFINBUF_X1Y59 DIFFINBUF (Prop_DIFFINBUF_HPIOBDIFFINBUF_DIFF_IN_P_O)
                                                      0.591     0.592 r  dutclk/inst/clkin1_ibufds/DIFFINBUF_INST/O
                         net (fo=1, routed)           0.090     0.682    dutclk/inst/clkin1_ibufds/OUT
    BC9                  IBUFCTRL (Prop_IBUFCTRL_HPIOB_I_O)
                                                      0.000     0.682 r  dutclk/inst/clkin1_ibufds/IBUFCTRL_INST/O
                         net (fo=1, routed)           0.865     1.547    dutclk/inst/clk_in1_clk_wiz_0
    MMCME3_ADV_X1Y2      MMCME3_ADV (Prop_MMCME3_ADV_CLKIN1_CLKOUT0)
                                                     -0.231     1.316 r  dutclk/inst/mmcme3_adv_inst/CLKOUT0
                         net (fo=1, routed)           0.437     1.753    dutclk/inst/clk_out1_clk_wiz_0
    BUFGCE_X1Y48         BUFGCE (Prop_BUFCE_BUFGCE_I_O)
                                                      0.083     1.836 r  dutclk/inst/clkout1_buf/O
                         net (fo=3482, routed)        2.766     4.602    cv32e40p_core_ip/core_i/sleep_unit_i/core_clock_gate_i/clk_out1
    SLICE_X56Y396        LUT3 (Prop_B5LUT_SLICEL_I0_O)
                                                      0.201     4.803 r  cv32e40p_core_ip/core_i/sleep_unit_i/core_clock_gate_i/waddr_onehot_b_q[31]_i_3/O
                         net (fo=1, routed)           0.838     5.641    cv32e40p_core_ip_n_87
    BUFGCE_X0Y166        BUFGCE (Prop_BUFCE_BUFGCE_I_O)
                                                      0.083     5.724 r  waddr_onehot_b_q_reg[31]_i_2/O
    X2Y6 (CLOCK_ROOT)    net (fo=95, routed)          1.261     6.985    cv32e40p_core_ip/core_i/id_stage_i/register_file_i/CLK
    SLICE_X78Y402        FDCE                                         r  cv32e40p_core_ip/core_i/id_stage_i/register_file_i/wdata_b_q_reg[8]/C
  -------------------------------------------------------------------    -------------------
    SLICE_X78Y402        FDCE (Prop_EFF_SLICEL_C_Q)
                                                      0.114     7.099 r  cv32e40p_core_ip/core_i/id_stage_i/register_file_i/wdata_b_q_reg[8]/Q
                         net (fo=31, routed)          0.619     7.718    cv32e40p_core_ip/core_i/id_stage_i/register_file_i/wdata_b_q[8]
    SLICE_X64Y397        LUT3 (Prop_F5LUT_SLICEL_I0_O)
                                                      0.103     7.821 r  cv32e40p_core_ip/core_i/id_stage_i/register_file_i/mem_reg[1][8]_i_1/O
                         net (fo=1, routed)           0.415     8.236    cv32e40p_core_ip/core_i/id_stage_i/register_file_i/mem_reg[1][8]_i_1_n_0
    SLICE_X64Y397        LDCE                                         r  cv32e40p_core_ip/core_i/id_stage_i/register_file_i/mem_reg[1][8]/D
  -------------------------------------------------------------------    -------------------

                         (clock clk_out1_clk_wiz_0_1 rise edge)
                                                      0.000     0.000 r  
    BC9                                               0.000     0.000 r  clk_p (IN)
                         net (fo=0)                   0.001     0.001    dutclk/inst/clkin1_ibufds/I
    HPIOBDIFFINBUF_X1Y59 DIFFINBUF (Prop_DIFFINBUF_HPIOBDIFFINBUF_DIFF_IN_P_O)
                                                      0.393     0.394 r  dutclk/inst/clkin1_ibufds/DIFFINBUF_INST/O
                         net (fo=1, routed)           0.051     0.445    dutclk/inst/clkin1_ibufds/OUT
    BC9                  IBUFCTRL (Prop_IBUFCTRL_HPIOB_I_O)
                                                      0.000     0.445 r  dutclk/inst/clkin1_ibufds/IBUFCTRL_INST/O
                         net (fo=1, routed)           0.778     1.223    dutclk/inst/clk_in1_clk_wiz_0
    MMCME3_ADV_X1Y2      MMCME3_ADV (Prop_MMCME3_ADV_CLKIN1_CLKOUT0)
                                                      0.335     1.558 r  dutclk/inst/mmcme3_adv_inst/CLKOUT0
                         net (fo=1, routed)           0.372     1.930    dutclk/inst/clk_out1_clk_wiz_0
    BUFGCE_X1Y48         BUFGCE (Prop_BUFCE_BUFGCE_I_O)
                                                      0.075     2.005 r  dutclk/inst/clkout1_buf/O
    X2Y5 (CLOCK_ROOT)    net (fo=3482, routed)        2.395     4.400    cv32e40p_core_ip/core_i/id_stage_i/register_file_i/CG_WE_GLOBAL/clk_out1
    SLICE_X60Y399        LUT4 (Prop_F6LUT_SLICEL_I0_O)
                                                      0.124     4.524 r  cv32e40p_core_ip/core_i/id_stage_i/register_file_i/CG_WE_GLOBAL/mem_reg[1][31]_i_2/O
                         net (fo=32, routed)          0.373     4.897    cv32e40p_core_ip/core_i/id_stage_i/register_file_i/p_61_in
    SLICE_X64Y397        LDCE                                         r  cv32e40p_core_ip/core_i/id_stage_i/register_file_i/mem_reg[1][8]/G
                         clock pessimism              0.005     4.901    
                         time borrowed                3.334     8.236    
  -------------------------------------------------------------------
                         required time                          8.236    
                         arrival time                          -8.236    
  -------------------------------------------------------------------
                         slack                                  0.000    

Slack (MET) :             0.000ns  (required time - arrival time)
  Source:                 cv32e40p_core_ip/core_i/id_stage_i/register_file_i/wdata_b_q_reg[6]/C
                            (rising edge-triggered cell FDCE clocked by clk_out1_clk_wiz_0_1  {rise@0.000ns fall@8.333ns period=16.667ns})
  Destination:            cv32e40p_core_ip/core_i/id_stage_i/register_file_i/mem_reg[29][6]/D
                            (positive level-sensitive latch clocked by clk_out1_clk_wiz_0_1  {rise@0.000ns fall@8.333ns period=16.667ns})
  Path Group:             clk_out1_clk_wiz_0_1
  Path Type:              Setup (Max at Slow Process Corner)
  Requirement:            0.000ns  (clk_out1_clk_wiz_0_1 rise@0.000ns - clk_out1_clk_wiz_0_1 rise@0.000ns)
  Data Path Delay:        1.287ns  (logic 0.207ns (16.084%)  route 1.080ns (83.916%))
  Logic Levels:           1  (LUT3=1)
  Clock Path Skew:        -2.004ns (DCD - SCD + CPR)
    Destination Clock Delay (DCD):    4.977ns
    Source Clock Delay      (SCD):    6.986ns
    Clock Pessimism Removal (CPR):    0.005ns
  Time Borrowing:         
    Nominal pulse width:              8.333ns
    Library setup time:               0.066ns
    Computed max time borrow:         8.399ns
    Time borrowed from endpoint:      3.291ns
    Open edge CRPR:                   0.007ns
    Time given to startpoint:         3.298ns
  Clock Net Delay (Source):      1.262ns (routing 0.002ns, distribution 1.260ns)
  Clock Net Delay (Destination): 2.390ns (routing 1.169ns, distribution 1.221ns)

    Location             Delay type                Incr(ns)  Path(ns)    Netlist Resource(s)
  -------------------------------------------------------------------    -------------------
                         (clock clk_out1_clk_wiz_0_1 rise edge)
                                                      0.000     0.000 r  
    BC9                                               0.000     0.000 r  clk_p (IN)
                         net (fo=0)                   0.001     0.001    dutclk/inst/clkin1_ibufds/I
    HPIOBDIFFINBUF_X1Y59 DIFFINBUF (Prop_DIFFINBUF_HPIOBDIFFINBUF_DIFF_IN_P_O)
                                                      0.591     0.592 r  dutclk/inst/clkin1_ibufds/DIFFINBUF_INST/O
                         net (fo=1, routed)           0.090     0.682    dutclk/inst/clkin1_ibufds/OUT
    BC9                  IBUFCTRL (Prop_IBUFCTRL_HPIOB_I_O)
                                                      0.000     0.682 r  dutclk/inst/clkin1_ibufds/IBUFCTRL_INST/O
                         net (fo=1, routed)           0.865     1.547    dutclk/inst/clk_in1_clk_wiz_0
    MMCME3_ADV_X1Y2      MMCME3_ADV (Prop_MMCME3_ADV_CLKIN1_CLKOUT0)
                                                     -0.231     1.316 r  dutclk/inst/mmcme3_adv_inst/CLKOUT0
                         net (fo=1, routed)           0.437     1.753    dutclk/inst/clk_out1_clk_wiz_0
    BUFGCE_X1Y48         BUFGCE (Prop_BUFCE_BUFGCE_I_O)
                                                      0.083     1.836 r  dutclk/inst/clkout1_buf/O
                         net (fo=3482, routed)        2.766     4.602    cv32e40p_core_ip/core_i/sleep_unit_i/core_clock_gate_i/clk_out1
    SLICE_X56Y396        LUT3 (Prop_B5LUT_SLICEL_I0_O)
                                                      0.201     4.803 r  cv32e40p_core_ip/core_i/sleep_unit_i/core_clock_gate_i/waddr_onehot_b_q[31]_i_3/O
                         net (fo=1, routed)           0.838     5.641    cv32e40p_core_ip_n_87
    BUFGCE_X0Y166        BUFGCE (Prop_BUFCE_BUFGCE_I_O)
                                                      0.083     5.724 r  waddr_onehot_b_q_reg[31]_i_2/O
    X2Y6 (CLOCK_ROOT)    net (fo=95, routed)          1.262     6.986    cv32e40p_core_ip/core_i/id_stage_i/register_file_i/CLK
    SLICE_X78Y403        FDCE                                         r  cv32e40p_core_ip/core_i/id_stage_i/register_file_i/wdata_b_q_reg[6]/C
  -------------------------------------------------------------------    -------------------
    SLICE_X78Y403        FDCE (Prop_EFF2_SLICEL_C_Q)
                                                      0.116     7.102 r  cv32e40p_core_ip/core_i/id_stage_i/register_file_i/wdata_b_q_reg[6]/Q
                         net (fo=31, routed)          0.680     7.782    cv32e40p_core_ip/core_i/id_stage_i/register_file_i/wdata_b_q[6]
    SLICE_X65Y397        LUT3 (Prop_H5LUT_SLICEL_I0_O)
                                                      0.091     7.873 r  cv32e40p_core_ip/core_i/id_stage_i/register_file_i/mem_reg[29][6]_i_1/O
                         net (fo=1, routed)           0.400     8.273    cv32e40p_core_ip/core_i/id_stage_i/register_file_i/mem_reg[29][6]_i_1_n_0
    SLICE_X65Y397        LDCE                                         r  cv32e40p_core_ip/core_i/id_stage_i/register_file_i/mem_reg[29][6]/D
  -------------------------------------------------------------------    -------------------

                         (clock clk_out1_clk_wiz_0_1 rise edge)
                                                      0.000     0.000 r  
    BC9                                               0.000     0.000 r  clk_p (IN)
                         net (fo=0)                   0.001     0.001    dutclk/inst/clkin1_ibufds/I
    HPIOBDIFFINBUF_X1Y59 DIFFINBUF (Prop_DIFFINBUF_HPIOBDIFFINBUF_DIFF_IN_P_O)
                                                      0.393     0.394 r  dutclk/inst/clkin1_ibufds/DIFFINBUF_INST/O
                         net (fo=1, routed)           0.051     0.445    dutclk/inst/clkin1_ibufds/OUT
    BC9                  IBUFCTRL (Prop_IBUFCTRL_HPIOB_I_O)
                                                      0.000     0.445 r  dutclk/inst/clkin1_ibufds/IBUFCTRL_INST/O
                         net (fo=1, routed)           0.778     1.223    dutclk/inst/clk_in1_clk_wiz_0
    MMCME3_ADV_X1Y2      MMCME3_ADV (Prop_MMCME3_ADV_CLKIN1_CLKOUT0)
                                                      0.335     1.558 r  dutclk/inst/mmcme3_adv_inst/CLKOUT0
                         net (fo=1, routed)           0.372     1.930    dutclk/inst/clk_out1_clk_wiz_0
    BUFGCE_X1Y48         BUFGCE (Prop_BUFCE_BUFGCE_I_O)
                                                      0.075     2.005 r  dutclk/inst/clkout1_buf/O
    X2Y5 (CLOCK_ROOT)    net (fo=3482, routed)        2.390     4.395    cv32e40p_core_ip/core_i/id_stage_i/register_file_i/CG_WE_GLOBAL/clk_out1
    SLICE_X59Y399        LUT4 (Prop_F5LUT_SLICEL_I0_O)
                                                      0.153     4.548 r  cv32e40p_core_ip/core_i/id_stage_i/register_file_i/CG_WE_GLOBAL/mem_reg[29][31]_i_2/O
                         net (fo=32, routed)          0.429     4.977    cv32e40p_core_ip/core_i/id_stage_i/register_file_i/p_33_in
    SLICE_X65Y397        LDCE                                         r  cv32e40p_core_ip/core_i/id_stage_i/register_file_i/mem_reg[29][6]/G
                         clock pessimism              0.005     4.982    
                         time borrowed                3.291     8.273    
  -------------------------------------------------------------------
                         required time                          8.273    
                         arrival time                          -8.273    
  -------------------------------------------------------------------
                         slack                                  0.000    

Slack (MET) :             0.000ns  (required time - arrival time)
  Source:                 cv32e40p_core_ip/core_i/id_stage_i/register_file_i/waddr_onehot_b_q_reg[1]/C
                            (rising edge-triggered cell FDCE clocked by clk_out1_clk_wiz_0_1  {rise@0.000ns fall@8.333ns period=16.667ns})
  Destination:            cv32e40p_core_ip/core_i/id_stage_i/register_file_i/mem_reg[1][15]/D
                            (positive level-sensitive latch clocked by clk_out1_clk_wiz_0_1  {rise@0.000ns fall@8.333ns period=16.667ns})
  Path Group:             clk_out1_clk_wiz_0_1
  Path Type:              Setup (Max at Slow Process Corner)
  Requirement:            0.000ns  (clk_out1_clk_wiz_0_1 rise@0.000ns - clk_out1_clk_wiz_0_1 rise@0.000ns)
  Data Path Delay:        1.500ns  (logic 0.250ns (16.667%)  route 1.250ns (83.333%))
  Logic Levels:           1  (LUT3=1)
  Clock Path Skew:        -1.775ns (DCD - SCD + CPR)
    Destination Clock Delay (DCD):    5.162ns
    Source Clock Delay      (SCD):    6.942ns
    Clock Pessimism Removal (CPR):    0.005ns
  Time Borrowing:         
    Nominal pulse width:              8.333ns
    Library setup time:               0.066ns
    Computed max time borrow:         8.399ns
    Time borrowed from endpoint:      3.275ns
    Open edge CRPR:                   0.007ns
    Time given to startpoint:         3.283ns
  Clock Net Delay (Source):      1.218ns (routing 0.002ns, distribution 1.216ns)
  Clock Net Delay (Destination): 2.395ns (routing 1.169ns, distribution 1.226ns)

    Location             Delay type                Incr(ns)  Path(ns)    Netlist Resource(s)
  -------------------------------------------------------------------    -------------------
                         (clock clk_out1_clk_wiz_0_1 rise edge)
                                                      0.000     0.000 r  
    BC9                                               0.000     0.000 r  clk_p (IN)
                         net (fo=0)                   0.001     0.001    dutclk/inst/clkin1_ibufds/I
    HPIOBDIFFINBUF_X1Y59 DIFFINBUF (Prop_DIFFINBUF_HPIOBDIFFINBUF_DIFF_IN_P_O)
                                                      0.591     0.592 r  dutclk/inst/clkin1_ibufds/DIFFINBUF_INST/O
                         net (fo=1, routed)           0.090     0.682    dutclk/inst/clkin1_ibufds/OUT
    BC9                  IBUFCTRL (Prop_IBUFCTRL_HPIOB_I_O)
                                                      0.000     0.682 r  dutclk/inst/clkin1_ibufds/IBUFCTRL_INST/O
                         net (fo=1, routed)           0.865     1.547    dutclk/inst/clk_in1_clk_wiz_0
    MMCME3_ADV_X1Y2      MMCME3_ADV (Prop_MMCME3_ADV_CLKIN1_CLKOUT0)
                                                     -0.231     1.316 r  dutclk/inst/mmcme3_adv_inst/CLKOUT0
                         net (fo=1, routed)           0.437     1.753    dutclk/inst/clk_out1_clk_wiz_0
    BUFGCE_X1Y48         BUFGCE (Prop_BUFCE_BUFGCE_I_O)
                                                      0.083     1.836 r  dutclk/inst/clkout1_buf/O
                         net (fo=3482, routed)        2.766     4.602    cv32e40p_core_ip/core_i/sleep_unit_i/core_clock_gate_i/clk_out1
    SLICE_X56Y396        LUT3 (Prop_B5LUT_SLICEL_I0_O)
                                                      0.201     4.803 r  cv32e40p_core_ip/core_i/sleep_unit_i/core_clock_gate_i/waddr_onehot_b_q[31]_i_3/O
                         net (fo=1, routed)           0.838     5.641    cv32e40p_core_ip_n_87
    BUFGCE_X0Y166        BUFGCE (Prop_BUFCE_BUFGCE_I_O)
                                                      0.083     5.724 r  waddr_onehot_b_q_reg[31]_i_2/O
    X2Y6 (CLOCK_ROOT)    net (fo=95, routed)          1.218     6.942    cv32e40p_core_ip/core_i/id_stage_i/register_file_i/CLK
    SLICE_X61Y399        FDCE                                         r  cv32e40p_core_ip/core_i/id_stage_i/register_file_i/waddr_onehot_b_q_reg[1]/C
  -------------------------------------------------------------------    -------------------
    SLICE_X61Y399        FDCE (Prop_AFF_SLICEL_C_Q)
                                                      0.115     7.057 r  cv32e40p_core_ip/core_i/id_stage_i/register_file_i/waddr_onehot_b_q_reg[1]/Q
                         net (fo=32, routed)          0.740     7.797    cv32e40p_core_ip/core_i/id_stage_i/register_file_i/waddr_onehot_b_q_reg_n_0_[1]
    SLICE_X71Y408        LUT3 (Prop_G5LUT_SLICEM_I2_O)
                                                      0.135     7.932 r  cv32e40p_core_ip/core_i/id_stage_i/register_file_i/mem_reg[1][15]_i_1/O
                         net (fo=1, routed)           0.510     8.442    cv32e40p_core_ip/core_i/id_stage_i/register_file_i/mem_reg[1][15]_i_1_n_0
    SLICE_X71Y408        LDCE                                         r  cv32e40p_core_ip/core_i/id_stage_i/register_file_i/mem_reg[1][15]/D
  -------------------------------------------------------------------    -------------------

                         (clock clk_out1_clk_wiz_0_1 rise edge)
                                                      0.000     0.000 r  
    BC9                                               0.000     0.000 r  clk_p (IN)
                         net (fo=0)                   0.001     0.001    dutclk/inst/clkin1_ibufds/I
    HPIOBDIFFINBUF_X1Y59 DIFFINBUF (Prop_DIFFINBUF_HPIOBDIFFINBUF_DIFF_IN_P_O)
                                                      0.393     0.394 r  dutclk/inst/clkin1_ibufds/DIFFINBUF_INST/O
                         net (fo=1, routed)           0.051     0.445    dutclk/inst/clkin1_ibufds/OUT
    BC9                  IBUFCTRL (Prop_IBUFCTRL_HPIOB_I_O)
                                                      0.000     0.445 r  dutclk/inst/clkin1_ibufds/IBUFCTRL_INST/O
                         net (fo=1, routed)           0.778     1.223    dutclk/inst/clk_in1_clk_wiz_0
    MMCME3_ADV_X1Y2      MMCME3_ADV (Prop_MMCME3_ADV_CLKIN1_CLKOUT0)
                                                      0.335     1.558 r  dutclk/inst/mmcme3_adv_inst/CLKOUT0
                         net (fo=1, routed)           0.372     1.930    dutclk/inst/clk_out1_clk_wiz_0
    BUFGCE_X1Y48         BUFGCE (Prop_BUFCE_BUFGCE_I_O)
                                                      0.075     2.005 r  dutclk/inst/clkout1_buf/O
    X2Y5 (CLOCK_ROOT)    net (fo=3482, routed)        2.395     4.400    cv32e40p_core_ip/core_i/id_stage_i/register_file_i/CG_WE_GLOBAL/clk_out1
    SLICE_X60Y399        LUT4 (Prop_F6LUT_SLICEL_I0_O)
                                                      0.124     4.524 r  cv32e40p_core_ip/core_i/id_stage_i/register_file_i/CG_WE_GLOBAL/mem_reg[1][31]_i_2/O
                         net (fo=32, routed)          0.638     5.162    cv32e40p_core_ip/core_i/id_stage_i/register_file_i/p_61_in
    SLICE_X71Y408        LDCE                                         r  cv32e40p_core_ip/core_i/id_stage_i/register_file_i/mem_reg[1][15]/G
                         clock pessimism              0.005     5.166    
                         time borrowed                3.275     8.442    
  -------------------------------------------------------------------
                         required time                          8.442    
                         arrival time                          -8.442    
  -------------------------------------------------------------------
                         slack                                  0.000    

Slack (MET) :             0.000ns  (required time - arrival time)
  Source:                 cv32e40p_core_ip/core_i/id_stage_i/register_file_i/waddr_onehot_b_q_reg[24]/C
                            (rising edge-triggered cell FDCE clocked by clk_out1_clk_wiz_0_1  {rise@0.000ns fall@8.333ns period=16.667ns})
  Destination:            cv32e40p_core_ip/core_i/id_stage_i/register_file_i/mem_reg[24][19]/D
                            (positive level-sensitive latch clocked by clk_out1_clk_wiz_0_1  {rise@0.000ns fall@8.333ns period=16.667ns})
  Path Group:             clk_out1_clk_wiz_0_1
  Path Type:              Setup (Max at Slow Process Corner)
  Requirement:            0.000ns  (clk_out1_clk_wiz_0_1 rise@0.000ns - clk_out1_clk_wiz_0_1 rise@0.000ns)
  Data Path Delay:        1.384ns  (logic 0.266ns (19.220%)  route 1.118ns (80.780%))
  Logic Levels:           1  (LUT3=1)
  Clock Path Skew:        -1.854ns (DCD - SCD + CPR)
    Destination Clock Delay (DCD):    5.118ns
    Source Clock Delay      (SCD):    6.977ns
    Clock Pessimism Removal (CPR):    0.005ns
  Time Borrowing:         
    Nominal pulse width:              8.333ns
    Library setup time:               0.066ns
    Computed max time borrow:         8.399ns
    Time borrowed from endpoint:      3.238ns
    Open edge CRPR:                   0.007ns
    Time given to startpoint:         3.245ns
  Clock Net Delay (Source):      1.253ns (routing 0.002ns, distribution 1.251ns)
  Clock Net Delay (Destination): 2.395ns (routing 1.169ns, distribution 1.226ns)

    Location             Delay type                Incr(ns)  Path(ns)    Netlist Resource(s)
  -------------------------------------------------------------------    -------------------
                         (clock clk_out1_clk_wiz_0_1 rise edge)
                                                      0.000     0.000 r  
    BC9                                               0.000     0.000 r  clk_p (IN)
                         net (fo=0)                   0.001     0.001    dutclk/inst/clkin1_ibufds/I
    HPIOBDIFFINBUF_X1Y59 DIFFINBUF (Prop_DIFFINBUF_HPIOBDIFFINBUF_DIFF_IN_P_O)
                                                      0.591     0.592 r  dutclk/inst/clkin1_ibufds/DIFFINBUF_INST/O
                         net (fo=1, routed)           0.090     0.682    dutclk/inst/clkin1_ibufds/OUT
    BC9                  IBUFCTRL (Prop_IBUFCTRL_HPIOB_I_O)
                                                      0.000     0.682 r  dutclk/inst/clkin1_ibufds/IBUFCTRL_INST/O
                         net (fo=1, routed)           0.865     1.547    dutclk/inst/clk_in1_clk_wiz_0
    MMCME3_ADV_X1Y2      MMCME3_ADV (Prop_MMCME3_ADV_CLKIN1_CLKOUT0)
                                                     -0.231     1.316 r  dutclk/inst/mmcme3_adv_inst/CLKOUT0
                         net (fo=1, routed)           0.437     1.753    dutclk/inst/clk_out1_clk_wiz_0
    BUFGCE_X1Y48         BUFGCE (Prop_BUFCE_BUFGCE_I_O)
                                                      0.083     1.836 r  dutclk/inst/clkout1_buf/O
                         net (fo=3482, routed)        2.766     4.602    cv32e40p_core_ip/core_i/sleep_unit_i/core_clock_gate_i/clk_out1
    SLICE_X56Y396        LUT3 (Prop_B5LUT_SLICEL_I0_O)
                                                      0.201     4.803 r  cv32e40p_core_ip/core_i/sleep_unit_i/core_clock_gate_i/waddr_onehot_b_q[31]_i_3/O
                         net (fo=1, routed)           0.838     5.641    cv32e40p_core_ip_n_87
    BUFGCE_X0Y166        BUFGCE (Prop_BUFCE_BUFGCE_I_O)
                                                      0.083     5.724 r  waddr_onehot_b_q_reg[31]_i_2/O
    X2Y6 (CLOCK_ROOT)    net (fo=95, routed)          1.253     6.977    cv32e40p_core_ip/core_i/id_stage_i/register_file_i/CLK
    SLICE_X67Y405        FDCE                                         r  cv32e40p_core_ip/core_i/id_stage_i/register_file_i/waddr_onehot_b_q_reg[24]/C
  -------------------------------------------------------------------    -------------------
    SLICE_X67Y405        FDCE (Prop_CFF_SLICEL_C_Q)
                                                      0.114     7.091 r  cv32e40p_core_ip/core_i/id_stage_i/register_file_i/waddr_onehot_b_q_reg[24]/Q
                         net (fo=32, routed)          0.548     7.639    cv32e40p_core_ip/core_i/id_stage_i/register_file_i/waddr_onehot_b_q_reg_n_0_[24]
    SLICE_X70Y411        LUT3 (Prop_A5LUT_SLICEL_I1_O)
                                                      0.152     7.791 r  cv32e40p_core_ip/core_i/id_stage_i/register_file_i/mem_reg[24][19]_i_1/O
                         net (fo=1, routed)           0.570     8.361    cv32e40p_core_ip/core_i/id_stage_i/register_file_i/mem_reg[24][19]_i_1_n_0
    SLICE_X67Y411        LDCE                                         r  cv32e40p_core_ip/core_i/id_stage_i/register_file_i/mem_reg[24][19]/D
  -------------------------------------------------------------------    -------------------

                         (clock clk_out1_clk_wiz_0_1 rise edge)
                                                      0.000     0.000 r  
    BC9                                               0.000     0.000 r  clk_p (IN)
                         net (fo=0)                   0.001     0.001    dutclk/inst/clkin1_ibufds/I
    HPIOBDIFFINBUF_X1Y59 DIFFINBUF (Prop_DIFFINBUF_HPIOBDIFFINBUF_DIFF_IN_P_O)
                                                      0.393     0.394 r  dutclk/inst/clkin1_ibufds/DIFFINBUF_INST/O
                         net (fo=1, routed)           0.051     0.445    dutclk/inst/clkin1_ibufds/OUT
    BC9                  IBUFCTRL (Prop_IBUFCTRL_HPIOB_I_O)
                                                      0.000     0.445 r  dutclk/inst/clkin1_ibufds/IBUFCTRL_INST/O
                         net (fo=1, routed)           0.778     1.223    dutclk/inst/clk_in1_clk_wiz_0
    MMCME3_ADV_X1Y2      MMCME3_ADV (Prop_MMCME3_ADV_CLKIN1_CLKOUT0)
                                                      0.335     1.558 r  dutclk/inst/mmcme3_adv_inst/CLKOUT0
                         net (fo=1, routed)           0.372     1.930    dutclk/inst/clk_out1_clk_wiz_0
    BUFGCE_X1Y48         BUFGCE (Prop_BUFCE_BUFGCE_I_O)
                                                      0.075     2.005 r  dutclk/inst/clkout1_buf/O
    X2Y5 (CLOCK_ROOT)    net (fo=3482, routed)        2.395     4.400    cv32e40p_core_ip/core_i/id_stage_i/register_file_i/CG_WE_GLOBAL/clk_out1
    SLICE_X61Y398        LUT4 (Prop_D6LUT_SLICEL_I0_O)
                                                      0.134     4.534 r  cv32e40p_core_ip/core_i/id_stage_i/register_file_i/CG_WE_GLOBAL/mem_reg[24][31]_i_2/O
                         net (fo=32, routed)          0.584     5.118    cv32e40p_core_ip/core_i/id_stage_i/register_file_i/p_38_in
    SLICE_X67Y411        LDCE                                         r  cv32e40p_core_ip/core_i/id_stage_i/register_file_i/mem_reg[24][19]/G
                         clock pessimism              0.005     5.122    
                         time borrowed                3.238     8.361    
  -------------------------------------------------------------------
                         required time                          8.361    
                         arrival time                          -8.361    
  -------------------------------------------------------------------
                         slack                                  0.000    

Slack (MET) :             0.000ns  (required time - arrival time)
  Source:                 cv32e40p_core_ip/core_i/id_stage_i/register_file_i/wdata_a_q_reg[9]/C
                            (rising edge-triggered cell FDCE clocked by clk_out1_clk_wiz_0_1  {rise@0.000ns fall@8.333ns period=16.667ns})
  Destination:            cv32e40p_core_ip/core_i/id_stage_i/register_file_i/mem_reg[1][9]/D
                            (positive level-sensitive latch clocked by clk_out1_clk_wiz_0_1  {rise@0.000ns fall@8.333ns period=16.667ns})
  Path Group:             clk_out1_clk_wiz_0_1
  Path Type:              Setup (Max at Slow Process Corner)
  Requirement:            0.000ns  (clk_out1_clk_wiz_0_1 rise@0.000ns - clk_out1_clk_wiz_0_1 rise@0.000ns)
  Data Path Delay:        1.152ns  (logic 0.254ns (22.049%)  route 0.898ns (77.951%))
  Logic Levels:           1  (LUT3=1)
  Clock Path Skew:        -2.063ns (DCD - SCD + CPR)
    Destination Clock Delay (DCD):    4.897ns
    Source Clock Delay      (SCD):    6.965ns
    Clock Pessimism Removal (CPR):    0.005ns
  Time Borrowing:         
    Nominal pulse width:              8.333ns
    Library setup time:               0.066ns
    Computed max time borrow:         8.399ns
    Time borrowed from endpoint:      3.215ns
    Open edge CRPR:                   0.007ns
    Time given to startpoint:         3.223ns
  Clock Net Delay (Source):      1.241ns (routing 0.002ns, distribution 1.239ns)
  Clock Net Delay (Destination): 2.395ns (routing 1.169ns, distribution 1.226ns)

    Location             Delay type                Incr(ns)  Path(ns)    Netlist Resource(s)
  -------------------------------------------------------------------    -------------------
                         (clock clk_out1_clk_wiz_0_1 rise edge)
                                                      0.000     0.000 r  
    BC9                                               0.000     0.000 r  clk_p (IN)
                         net (fo=0)                   0.001     0.001    dutclk/inst/clkin1_ibufds/I
    HPIOBDIFFINBUF_X1Y59 DIFFINBUF (Prop_DIFFINBUF_HPIOBDIFFINBUF_DIFF_IN_P_O)
                                                      0.591     0.592 r  dutclk/inst/clkin1_ibufds/DIFFINBUF_INST/O
                         net (fo=1, routed)           0.090     0.682    dutclk/inst/clkin1_ibufds/OUT
    BC9                  IBUFCTRL (Prop_IBUFCTRL_HPIOB_I_O)
                                                      0.000     0.682 r  dutclk/inst/clkin1_ibufds/IBUFCTRL_INST/O
                         net (fo=1, routed)           0.865     1.547    dutclk/inst/clk_in1_clk_wiz_0
    MMCME3_ADV_X1Y2      MMCME3_ADV (Prop_MMCME3_ADV_CLKIN1_CLKOUT0)
                                                     -0.231     1.316 r  dutclk/inst/mmcme3_adv_inst/CLKOUT0
                         net (fo=1, routed)           0.437     1.753    dutclk/inst/clk_out1_clk_wiz_0
    BUFGCE_X1Y48         BUFGCE (Prop_BUFCE_BUFGCE_I_O)
                                                      0.083     1.836 r  dutclk/inst/clkout1_buf/O
                         net (fo=3482, routed)        2.766     4.602    cv32e40p_core_ip/core_i/sleep_unit_i/core_clock_gate_i/clk_out1
    SLICE_X56Y396        LUT3 (Prop_B5LUT_SLICEL_I0_O)
                                                      0.201     4.803 r  cv32e40p_core_ip/core_i/sleep_unit_i/core_clock_gate_i/waddr_onehot_b_q[31]_i_3/O
                         net (fo=1, routed)           0.838     5.641    cv32e40p_core_ip_n_87
    BUFGCE_X0Y166        BUFGCE (Prop_BUFCE_BUFGCE_I_O)
                                                      0.083     5.724 r  waddr_onehot_b_q_reg[31]_i_2/O
    X2Y6 (CLOCK_ROOT)    net (fo=95, routed)          1.241     6.965    cv32e40p_core_ip/core_i/id_stage_i/register_file_i/CLK
    SLICE_X73Y396        FDCE                                         r  cv32e40p_core_ip/core_i/id_stage_i/register_file_i/wdata_a_q_reg[9]/C
  -------------------------------------------------------------------    -------------------
    SLICE_X73Y396        FDCE (Prop_EFF2_SLICEL_C_Q)
                                                      0.116     7.081 r  cv32e40p_core_ip/core_i/id_stage_i/register_file_i/wdata_a_q_reg[9]/Q
                         net (fo=31, routed)          0.478     7.559    cv32e40p_core_ip/core_i/id_stage_i/register_file_i/wdata_a_q[9]
    SLICE_X64Y397        LUT3 (Prop_E5LUT_SLICEL_I1_O)
                                                      0.138     7.697 r  cv32e40p_core_ip/core_i/id_stage_i/register_file_i/mem_reg[1][9]_i_1/O
                         net (fo=1, routed)           0.420     8.117    cv32e40p_core_ip/core_i/id_stage_i/register_file_i/mem_reg[1][9]_i_1_n_0
    SLICE_X64Y397        LDCE                                         r  cv32e40p_core_ip/core_i/id_stage_i/register_file_i/mem_reg[1][9]/D
  -------------------------------------------------------------------    -------------------

                         (clock clk_out1_clk_wiz_0_1 rise edge)
                                                      0.000     0.000 r  
    BC9                                               0.000     0.000 r  clk_p (IN)
                         net (fo=0)                   0.001     0.001    dutclk/inst/clkin1_ibufds/I
    HPIOBDIFFINBUF_X1Y59 DIFFINBUF (Prop_DIFFINBUF_HPIOBDIFFINBUF_DIFF_IN_P_O)
                                                      0.393     0.394 r  dutclk/inst/clkin1_ibufds/DIFFINBUF_INST/O
                         net (fo=1, routed)           0.051     0.445    dutclk/inst/clkin1_ibufds/OUT
    BC9                  IBUFCTRL (Prop_IBUFCTRL_HPIOB_I_O)
                                                      0.000     0.445 r  dutclk/inst/clkin1_ibufds/IBUFCTRL_INST/O
                         net (fo=1, routed)           0.778     1.223    dutclk/inst/clk_in1_clk_wiz_0
    MMCME3_ADV_X1Y2      MMCME3_ADV (Prop_MMCME3_ADV_CLKIN1_CLKOUT0)
                                                      0.335     1.558 r  dutclk/inst/mmcme3_adv_inst/CLKOUT0
                         net (fo=1, routed)           0.372     1.930    dutclk/inst/clk_out1_clk_wiz_0
    BUFGCE_X1Y48         BUFGCE (Prop_BUFCE_BUFGCE_I_O)
                                                      0.075     2.005 r  dutclk/inst/clkout1_buf/O
    X2Y5 (CLOCK_ROOT)    net (fo=3482, routed)        2.395     4.400    cv32e40p_core_ip/core_i/id_stage_i/register_file_i/CG_WE_GLOBAL/clk_out1
    SLICE_X60Y399        LUT4 (Prop_F6LUT_SLICEL_I0_O)
                                                      0.124     4.524 r  cv32e40p_core_ip/core_i/id_stage_i/register_file_i/CG_WE_GLOBAL/mem_reg[1][31]_i_2/O
                         net (fo=32, routed)          0.373     4.897    cv32e40p_core_ip/core_i/id_stage_i/register_file_i/p_61_in
    SLICE_X64Y397        LDCE                                         r  cv32e40p_core_ip/core_i/id_stage_i/register_file_i/mem_reg[1][9]/G
                         clock pessimism              0.005     4.901    
                         time borrowed                3.215     8.117    
  -------------------------------------------------------------------
                         required time                          8.117    
                         arrival time                          -8.117    
  -------------------------------------------------------------------
                         slack                                  0.000    

Slack (MET) :             0.000ns  (required time - arrival time)
  Source:                 cv32e40p_core_ip/core_i/id_stage_i/register_file_i/waddr_onehot_b_q_reg[1]/C
                            (rising edge-triggered cell FDCE clocked by clk_out1_clk_wiz_0_1  {rise@0.000ns fall@8.333ns period=16.667ns})
  Destination:            cv32e40p_core_ip/core_i/id_stage_i/register_file_i/mem_reg[1][27]/D
                            (positive level-sensitive latch clocked by clk_out1_clk_wiz_0_1  {rise@0.000ns fall@8.333ns period=16.667ns})
  Path Group:             clk_out1_clk_wiz_0_1
  Path Type:              Setup (Max at Slow Process Corner)
  Requirement:            0.000ns  (clk_out1_clk_wiz_0_1 rise@0.000ns - clk_out1_clk_wiz_0_1 rise@0.000ns)
  Data Path Delay:        1.542ns  (logic 0.265ns (17.185%)  route 1.277ns (82.814%))
  Logic Levels:           1  (LUT3=1)
  Clock Path Skew:        -1.664ns (DCD - SCD + CPR)
    Destination Clock Delay (DCD):    5.273ns
    Source Clock Delay      (SCD):    6.942ns
    Clock Pessimism Removal (CPR):    0.005ns
  Time Borrowing:         
    Nominal pulse width:              8.333ns
    Library setup time:               0.066ns
    Computed max time borrow:         8.399ns
    Time borrowed from endpoint:      3.206ns
    Open edge CRPR:                   0.007ns
    Time given to startpoint:         3.214ns
  Clock Net Delay (Source):      1.218ns (routing 0.002ns, distribution 1.216ns)
  Clock Net Delay (Destination): 2.395ns (routing 1.169ns, distribution 1.226ns)

    Location             Delay type                Incr(ns)  Path(ns)    Netlist Resource(s)
  -------------------------------------------------------------------    -------------------
                         (clock clk_out1_clk_wiz_0_1 rise edge)
                                                      0.000     0.000 r  
    BC9                                               0.000     0.000 r  clk_p (IN)
                         net (fo=0)                   0.001     0.001    dutclk/inst/clkin1_ibufds/I
    HPIOBDIFFINBUF_X1Y59 DIFFINBUF (Prop_DIFFINBUF_HPIOBDIFFINBUF_DIFF_IN_P_O)
                                                      0.591     0.592 r  dutclk/inst/clkin1_ibufds/DIFFINBUF_INST/O
                         net (fo=1, routed)           0.090     0.682    dutclk/inst/clkin1_ibufds/OUT
    BC9                  IBUFCTRL (Prop_IBUFCTRL_HPIOB_I_O)
                                                      0.000     0.682 r  dutclk/inst/clkin1_ibufds/IBUFCTRL_INST/O
                         net (fo=1, routed)           0.865     1.547    dutclk/inst/clk_in1_clk_wiz_0
    MMCME3_ADV_X1Y2      MMCME3_ADV (Prop_MMCME3_ADV_CLKIN1_CLKOUT0)
                                                     -0.231     1.316 r  dutclk/inst/mmcme3_adv_inst/CLKOUT0
                         net (fo=1, routed)           0.437     1.753    dutclk/inst/clk_out1_clk_wiz_0
    BUFGCE_X1Y48         BUFGCE (Prop_BUFCE_BUFGCE_I_O)
                                                      0.083     1.836 r  dutclk/inst/clkout1_buf/O
                         net (fo=3482, routed)        2.766     4.602    cv32e40p_core_ip/core_i/sleep_unit_i/core_clock_gate_i/clk_out1
    SLICE_X56Y396        LUT3 (Prop_B5LUT_SLICEL_I0_O)
                                                      0.201     4.803 r  cv32e40p_core_ip/core_i/sleep_unit_i/core_clock_gate_i/waddr_onehot_b_q[31]_i_3/O
                         net (fo=1, routed)           0.838     5.641    cv32e40p_core_ip_n_87
    BUFGCE_X0Y166        BUFGCE (Prop_BUFCE_BUFGCE_I_O)
                                                      0.083     5.724 r  waddr_onehot_b_q_reg[31]_i_2/O
    X2Y6 (CLOCK_ROOT)    net (fo=95, routed)          1.218     6.942    cv32e40p_core_ip/core_i/id_stage_i/register_file_i/CLK
    SLICE_X61Y399        FDCE                                         r  cv32e40p_core_ip/core_i/id_stage_i/register_file_i/waddr_onehot_b_q_reg[1]/C
  -------------------------------------------------------------------    -------------------
    SLICE_X61Y399        FDCE (Prop_AFF_SLICEL_C_Q)
                                                      0.115     7.057 r  cv32e40p_core_ip/core_i/id_stage_i/register_file_i/waddr_onehot_b_q_reg[1]/Q
                         net (fo=32, routed)          0.874     7.931    cv32e40p_core_ip/core_i/id_stage_i/register_file_i/waddr_onehot_b_q_reg_n_0_[1]
    SLICE_X75Y420        LUT3 (Prop_H5LUT_SLICEL_I2_O)
                                                      0.150     8.081 r  cv32e40p_core_ip/core_i/id_stage_i/register_file_i/mem_reg[1][27]_i_1/O
                         net (fo=1, routed)           0.403     8.484    cv32e40p_core_ip/core_i/id_stage_i/register_file_i/mem_reg[1][27]_i_1_n_0
    SLICE_X75Y420        LDCE                                         r  cv32e40p_core_ip/core_i/id_stage_i/register_file_i/mem_reg[1][27]/D
  -------------------------------------------------------------------    -------------------

                         (clock clk_out1_clk_wiz_0_1 rise edge)
                                                      0.000     0.000 r  
    BC9                                               0.000     0.000 r  clk_p (IN)
                         net (fo=0)                   0.001     0.001    dutclk/inst/clkin1_ibufds/I
    HPIOBDIFFINBUF_X1Y59 DIFFINBUF (Prop_DIFFINBUF_HPIOBDIFFINBUF_DIFF_IN_P_O)
                                                      0.393     0.394 r  dutclk/inst/clkin1_ibufds/DIFFINBUF_INST/O
                         net (fo=1, routed)           0.051     0.445    dutclk/inst/clkin1_ibufds/OUT
    BC9                  IBUFCTRL (Prop_IBUFCTRL_HPIOB_I_O)
                                                      0.000     0.445 r  dutclk/inst/clkin1_ibufds/IBUFCTRL_INST/O
                         net (fo=1, routed)           0.778     1.223    dutclk/inst/clk_in1_clk_wiz_0
    MMCME3_ADV_X1Y2      MMCME3_ADV (Prop_MMCME3_ADV_CLKIN1_CLKOUT0)
                                                      0.335     1.558 r  dutclk/inst/mmcme3_adv_inst/CLKOUT0
                         net (fo=1, routed)           0.372     1.930    dutclk/inst/clk_out1_clk_wiz_0
    BUFGCE_X1Y48         BUFGCE (Prop_BUFCE_BUFGCE_I_O)
                                                      0.075     2.005 r  dutclk/inst/clkout1_buf/O
    X2Y5 (CLOCK_ROOT)    net (fo=3482, routed)        2.395     4.400    cv32e40p_core_ip/core_i/id_stage_i/register_file_i/CG_WE_GLOBAL/clk_out1
    SLICE_X60Y399        LUT4 (Prop_F6LUT_SLICEL_I0_O)
                                                      0.124     4.524 r  cv32e40p_core_ip/core_i/id_stage_i/register_file_i/CG_WE_GLOBAL/mem_reg[1][31]_i_2/O
                         net (fo=32, routed)          0.749     5.273    cv32e40p_core_ip/core_i/id_stage_i/register_file_i/p_61_in
    SLICE_X75Y420        LDCE                                         r  cv32e40p_core_ip/core_i/id_stage_i/register_file_i/mem_reg[1][27]/G
                         clock pessimism              0.005     5.277    
                         time borrowed                3.206     8.484    
  -------------------------------------------------------------------
                         required time                          8.484    
                         arrival time                          -8.484    
  -------------------------------------------------------------------
                         slack                                  0.000    

Slack (MET) :             0.000ns  (required time - arrival time)
  Source:                 cv32e40p_core_ip/core_i/id_stage_i/register_file_i/wdata_a_q_reg[18]/C
                            (rising edge-triggered cell FDCE clocked by clk_out1_clk_wiz_0_1  {rise@0.000ns fall@8.333ns period=16.667ns})
  Destination:            cv32e40p_core_ip/core_i/id_stage_i/register_file_i/mem_reg[1][18]/D
                            (positive level-sensitive latch clocked by clk_out1_clk_wiz_0_1  {rise@0.000ns fall@8.333ns period=16.667ns})
  Path Group:             clk_out1_clk_wiz_0_1
  Path Type:              Setup (Max at Slow Process Corner)
  Requirement:            0.000ns  (clk_out1_clk_wiz_0_1 rise@0.000ns - clk_out1_clk_wiz_0_1 rise@0.000ns)
  Data Path Delay:        1.219ns  (logic 0.208ns (17.063%)  route 1.011ns (82.937%))
  Logic Levels:           1  (LUT3=1)
  Clock Path Skew:        -1.979ns (DCD - SCD + CPR)
    Destination Clock Delay (DCD):    5.001ns
    Source Clock Delay      (SCD):    6.985ns
    Clock Pessimism Removal (CPR):    0.005ns
  Time Borrowing:         
    Nominal pulse width:              8.333ns
    Library setup time:               0.066ns
    Computed max time borrow:         8.399ns
    Time borrowed from endpoint:      3.198ns
    Open edge CRPR:                   0.007ns
    Time given to startpoint:         3.206ns
  Clock Net Delay (Source):      1.261ns (routing 0.002ns, distribution 1.259ns)
  Clock Net Delay (Destination): 2.395ns (routing 1.169ns, distribution 1.226ns)

    Location             Delay type                Incr(ns)  Path(ns)    Netlist Resource(s)
  -------------------------------------------------------------------    -------------------
                         (clock clk_out1_clk_wiz_0_1 rise edge)
                                                      0.000     0.000 r  
    BC9                                               0.000     0.000 r  clk_p (IN)
                         net (fo=0)                   0.001     0.001    dutclk/inst/clkin1_ibufds/I
    HPIOBDIFFINBUF_X1Y59 DIFFINBUF (Prop_DIFFINBUF_HPIOBDIFFINBUF_DIFF_IN_P_O)
                                                      0.591     0.592 r  dutclk/inst/clkin1_ibufds/DIFFINBUF_INST/O
                         net (fo=1, routed)           0.090     0.682    dutclk/inst/clkin1_ibufds/OUT
    BC9                  IBUFCTRL (Prop_IBUFCTRL_HPIOB_I_O)
                                                      0.000     0.682 r  dutclk/inst/clkin1_ibufds/IBUFCTRL_INST/O
                         net (fo=1, routed)           0.865     1.547    dutclk/inst/clk_in1_clk_wiz_0
    MMCME3_ADV_X1Y2      MMCME3_ADV (Prop_MMCME3_ADV_CLKIN1_CLKOUT0)
                                                     -0.231     1.316 r  dutclk/inst/mmcme3_adv_inst/CLKOUT0
                         net (fo=1, routed)           0.437     1.753    dutclk/inst/clk_out1_clk_wiz_0
    BUFGCE_X1Y48         BUFGCE (Prop_BUFCE_BUFGCE_I_O)
                                                      0.083     1.836 r  dutclk/inst/clkout1_buf/O
                         net (fo=3482, routed)        2.766     4.602    cv32e40p_core_ip/core_i/sleep_unit_i/core_clock_gate_i/clk_out1
    SLICE_X56Y396        LUT3 (Prop_B5LUT_SLICEL_I0_O)
                                                      0.201     4.803 r  cv32e40p_core_ip/core_i/sleep_unit_i/core_clock_gate_i/waddr_onehot_b_q[31]_i_3/O
                         net (fo=1, routed)           0.838     5.641    cv32e40p_core_ip_n_87
    BUFGCE_X0Y166        BUFGCE (Prop_BUFCE_BUFGCE_I_O)
                                                      0.083     5.724 r  waddr_onehot_b_q_reg[31]_i_2/O
    X2Y6 (CLOCK_ROOT)    net (fo=95, routed)          1.261     6.985    cv32e40p_core_ip/core_i/id_stage_i/register_file_i/CLK
    SLICE_X72Y401        FDCE                                         r  cv32e40p_core_ip/core_i/id_stage_i/register_file_i/wdata_a_q_reg[18]/C
  -------------------------------------------------------------------    -------------------
    SLICE_X72Y401        FDCE (Prop_HFF2_SLICEL_C_Q)
                                                      0.117     7.102 r  cv32e40p_core_ip/core_i/id_stage_i/register_file_i/wdata_a_q_reg[18]/Q
                         net (fo=31, routed)          0.611     7.713    cv32e40p_core_ip/core_i/id_stage_i/register_file_i/wdata_a_q[18]
    SLICE_X63Y408        LUT3 (Prop_H5LUT_SLICEL_I1_O)
                                                      0.091     7.804 r  cv32e40p_core_ip/core_i/id_stage_i/register_file_i/mem_reg[1][18]_i_1/O
                         net (fo=1, routed)           0.400     8.204    cv32e40p_core_ip/core_i/id_stage_i/register_file_i/mem_reg[1][18]_i_1_n_0
    SLICE_X63Y408        LDCE                                         r  cv32e40p_core_ip/core_i/id_stage_i/register_file_i/mem_reg[1][18]/D
  -------------------------------------------------------------------    -------------------

                         (clock clk_out1_clk_wiz_0_1 rise edge)
                                                      0.000     0.000 r  
    BC9                                               0.000     0.000 r  clk_p (IN)
                         net (fo=0)                   0.001     0.001    dutclk/inst/clkin1_ibufds/I
    HPIOBDIFFINBUF_X1Y59 DIFFINBUF (Prop_DIFFINBUF_HPIOBDIFFINBUF_DIFF_IN_P_O)
                                                      0.393     0.394 r  dutclk/inst/clkin1_ibufds/DIFFINBUF_INST/O
                         net (fo=1, routed)           0.051     0.445    dutclk/inst/clkin1_ibufds/OUT
    BC9                  IBUFCTRL (Prop_IBUFCTRL_HPIOB_I_O)
                                                      0.000     0.445 r  dutclk/inst/clkin1_ibufds/IBUFCTRL_INST/O
                         net (fo=1, routed)           0.778     1.223    dutclk/inst/clk_in1_clk_wiz_0
    MMCME3_ADV_X1Y2      MMCME3_ADV (Prop_MMCME3_ADV_CLKIN1_CLKOUT0)
                                                      0.335     1.558 r  dutclk/inst/mmcme3_adv_inst/CLKOUT0
                         net (fo=1, routed)           0.372     1.930    dutclk/inst/clk_out1_clk_wiz_0
    BUFGCE_X1Y48         BUFGCE (Prop_BUFCE_BUFGCE_I_O)
                                                      0.075     2.005 r  dutclk/inst/clkout1_buf/O
    X2Y5 (CLOCK_ROOT)    net (fo=3482, routed)        2.395     4.400    cv32e40p_core_ip/core_i/id_stage_i/register_file_i/CG_WE_GLOBAL/clk_out1
    SLICE_X60Y399        LUT4 (Prop_F6LUT_SLICEL_I0_O)
                                                      0.124     4.524 r  cv32e40p_core_ip/core_i/id_stage_i/register_file_i/CG_WE_GLOBAL/mem_reg[1][31]_i_2/O
                         net (fo=32, routed)          0.477     5.001    cv32e40p_core_ip/core_i/id_stage_i/register_file_i/p_61_in
    SLICE_X63Y408        LDCE                                         r  cv32e40p_core_ip/core_i/id_stage_i/register_file_i/mem_reg[1][18]/G
                         clock pessimism              0.005     5.005    
                         time borrowed                3.198     8.204    
  -------------------------------------------------------------------
                         required time                          8.204    
                         arrival time                          -8.204    
  -------------------------------------------------------------------
                         slack                                  0.000    

Slack (MET) :             0.000ns  (required time - arrival time)
  Source:                 cv32e40p_core_ip/core_i/id_stage_i/register_file_i/waddr_onehot_b_q_reg[1]/C
                            (rising edge-triggered cell FDCE clocked by clk_out1_clk_wiz_0_1  {rise@0.000ns fall@8.333ns period=16.667ns})
  Destination:            cv32e40p_core_ip/core_i/id_stage_i/register_file_i/mem_reg[1][31]/D
                            (positive level-sensitive latch clocked by clk_out1_clk_wiz_0_1  {rise@0.000ns fall@8.333ns period=16.667ns})
  Path Group:             clk_out1_clk_wiz_0_1
  Path Type:              Setup (Max at Slow Process Corner)
  Requirement:            0.000ns  (clk_out1_clk_wiz_0_1 rise@0.000ns - clk_out1_clk_wiz_0_1 rise@0.000ns)
  Data Path Delay:        1.410ns  (logic 0.264ns (18.723%)  route 1.146ns (81.277%))
  Logic Levels:           1  (LUT3=1)
  Clock Path Skew:        -1.775ns (DCD - SCD + CPR)
    Destination Clock Delay (DCD):    5.162ns
    Source Clock Delay      (SCD):    6.942ns
    Clock Pessimism Removal (CPR):    0.005ns
  Time Borrowing:         
    Nominal pulse width:              8.333ns
    Library setup time:               0.066ns
    Computed max time borrow:         8.399ns
    Time borrowed from endpoint:      3.185ns
    Open edge CRPR:                   0.007ns
    Time given to startpoint:         3.193ns
  Clock Net Delay (Source):      1.218ns (routing 0.002ns, distribution 1.216ns)
  Clock Net Delay (Destination): 2.395ns (routing 1.169ns, distribution 1.226ns)

    Location             Delay type                Incr(ns)  Path(ns)    Netlist Resource(s)
  -------------------------------------------------------------------    -------------------
                         (clock clk_out1_clk_wiz_0_1 rise edge)
                                                      0.000     0.000 r  
    BC9                                               0.000     0.000 r  clk_p (IN)
                         net (fo=0)                   0.001     0.001    dutclk/inst/clkin1_ibufds/I
    HPIOBDIFFINBUF_X1Y59 DIFFINBUF (Prop_DIFFINBUF_HPIOBDIFFINBUF_DIFF_IN_P_O)
                                                      0.591     0.592 r  dutclk/inst/clkin1_ibufds/DIFFINBUF_INST/O
                         net (fo=1, routed)           0.090     0.682    dutclk/inst/clkin1_ibufds/OUT
    BC9                  IBUFCTRL (Prop_IBUFCTRL_HPIOB_I_O)
                                                      0.000     0.682 r  dutclk/inst/clkin1_ibufds/IBUFCTRL_INST/O
                         net (fo=1, routed)           0.865     1.547    dutclk/inst/clk_in1_clk_wiz_0
    MMCME3_ADV_X1Y2      MMCME3_ADV (Prop_MMCME3_ADV_CLKIN1_CLKOUT0)
                                                     -0.231     1.316 r  dutclk/inst/mmcme3_adv_inst/CLKOUT0
                         net (fo=1, routed)           0.437     1.753    dutclk/inst/clk_out1_clk_wiz_0
    BUFGCE_X1Y48         BUFGCE (Prop_BUFCE_BUFGCE_I_O)
                                                      0.083     1.836 r  dutclk/inst/clkout1_buf/O
                         net (fo=3482, routed)        2.766     4.602    cv32e40p_core_ip/core_i/sleep_unit_i/core_clock_gate_i/clk_out1
    SLICE_X56Y396        LUT3 (Prop_B5LUT_SLICEL_I0_O)
                                                      0.201     4.803 r  cv32e40p_core_ip/core_i/sleep_unit_i/core_clock_gate_i/waddr_onehot_b_q[31]_i_3/O
                         net (fo=1, routed)           0.838     5.641    cv32e40p_core_ip_n_87
    BUFGCE_X0Y166        BUFGCE (Prop_BUFCE_BUFGCE_I_O)
                                                      0.083     5.724 r  waddr_onehot_b_q_reg[31]_i_2/O
    X2Y6 (CLOCK_ROOT)    net (fo=95, routed)          1.218     6.942    cv32e40p_core_ip/core_i/id_stage_i/register_file_i/CLK
    SLICE_X61Y399        FDCE                                         r  cv32e40p_core_ip/core_i/id_stage_i/register_file_i/waddr_onehot_b_q_reg[1]/C
  -------------------------------------------------------------------    -------------------
    SLICE_X61Y399        FDCE (Prop_AFF_SLICEL_C_Q)
                                                      0.115     7.057 r  cv32e40p_core_ip/core_i/id_stage_i/register_file_i/waddr_onehot_b_q_reg[1]/Q
                         net (fo=32, routed)          0.741     7.798    cv32e40p_core_ip/core_i/id_stage_i/register_file_i/waddr_onehot_b_q_reg_n_0_[1]
    SLICE_X71Y408        LUT3 (Prop_F5LUT_SLICEM_I2_O)
                                                      0.149     7.947 r  cv32e40p_core_ip/core_i/id_stage_i/register_file_i/mem_reg[1][31]_i_1/O
                         net (fo=1, routed)           0.405     8.352    cv32e40p_core_ip/core_i/id_stage_i/register_file_i/mem_reg[1][31]_i_1_n_0
    SLICE_X71Y408        LDCE                                         r  cv32e40p_core_ip/core_i/id_stage_i/register_file_i/mem_reg[1][31]/D
  -------------------------------------------------------------------    -------------------

                         (clock clk_out1_clk_wiz_0_1 rise edge)
                                                      0.000     0.000 r  
    BC9                                               0.000     0.000 r  clk_p (IN)
                         net (fo=0)                   0.001     0.001    dutclk/inst/clkin1_ibufds/I
    HPIOBDIFFINBUF_X1Y59 DIFFINBUF (Prop_DIFFINBUF_HPIOBDIFFINBUF_DIFF_IN_P_O)
                                                      0.393     0.394 r  dutclk/inst/clkin1_ibufds/DIFFINBUF_INST/O
                         net (fo=1, routed)           0.051     0.445    dutclk/inst/clkin1_ibufds/OUT
    BC9                  IBUFCTRL (Prop_IBUFCTRL_HPIOB_I_O)
                                                      0.000     0.445 r  dutclk/inst/clkin1_ibufds/IBUFCTRL_INST/O
                         net (fo=1, routed)           0.778     1.223    dutclk/inst/clk_in1_clk_wiz_0
    MMCME3_ADV_X1Y2      MMCME3_ADV (Prop_MMCME3_ADV_CLKIN1_CLKOUT0)
                                                      0.335     1.558 r  dutclk/inst/mmcme3_adv_inst/CLKOUT0
                         net (fo=1, routed)           0.372     1.930    dutclk/inst/clk_out1_clk_wiz_0
    BUFGCE_X1Y48         BUFGCE (Prop_BUFCE_BUFGCE_I_O)
                                                      0.075     2.005 r  dutclk/inst/clkout1_buf/O
    X2Y5 (CLOCK_ROOT)    net (fo=3482, routed)        2.395     4.400    cv32e40p_core_ip/core_i/id_stage_i/register_file_i/CG_WE_GLOBAL/clk_out1
    SLICE_X60Y399        LUT4 (Prop_F6LUT_SLICEL_I0_O)
                                                      0.124     4.524 r  cv32e40p_core_ip/core_i/id_stage_i/register_file_i/CG_WE_GLOBAL/mem_reg[1][31]_i_2/O
                         net (fo=32, routed)          0.638     5.162    cv32e40p_core_ip/core_i/id_stage_i/register_file_i/p_61_in
    SLICE_X71Y408        LDCE                                         r  cv32e40p_core_ip/core_i/id_stage_i/register_file_i/mem_reg[1][31]/G
                         clock pessimism              0.005     5.166    
                         time borrowed                3.185     8.352    
  -------------------------------------------------------------------
                         required time                          8.352    
                         arrival time                          -8.352    
  -------------------------------------------------------------------
                         slack                                  0.000    





Min Delay Paths
--------------------------------------------------------------------------------------
Slack (MET) :             0.032ns  (arrival time - required time)
  Source:                 main_memory/rvalid_o_reg/C
                            (rising edge-triggered cell FDCE clocked by clk_out1_clk_wiz_0_1  {rise@0.000ns fall@8.333ns period=16.667ns})
  Destination:            req_write_reg[1]/D
                            (rising edge-triggered cell FDRE clocked by clk_out1_clk_wiz_0_1  {rise@0.000ns fall@8.333ns period=16.667ns})
  Path Group:             clk_out1_clk_wiz_0_1
  Path Type:              Hold (Min at Fast Process Corner)
  Requirement:            0.000ns  (clk_out1_clk_wiz_0_1 rise@0.000ns - clk_out1_clk_wiz_0_1 rise@0.000ns)
  Data Path Delay:        0.164ns  (logic 0.065ns (39.634%)  route 0.099ns (60.366%))
  Logic Levels:           1  (LUT4=1)
  Clock Path Skew:        0.076ns (DCD - SCD - CPR)
    Destination Clock Delay (DCD):    2.524ns
    Source Clock Delay      (SCD):    2.424ns
    Clock Pessimism Removal (CPR):    0.024ns
  Clock Net Delay (Source):      1.255ns (routing 0.631ns, distribution 0.624ns)
  Clock Net Delay (Destination): 1.458ns (routing 0.701ns, distribution 0.757ns)

    Location             Delay type                Incr(ns)  Path(ns)    Netlist Resource(s)
  -------------------------------------------------------------------    -------------------
                         (clock clk_out1_clk_wiz_0_1 rise edge)
                                                      0.000     0.000 r  
    BC9                                               0.000     0.000 r  clk_p (IN)
                         net (fo=0)                   0.001     0.001    dutclk/inst/clkin1_ibufds/I
    HPIOBDIFFINBUF_X1Y59 DIFFINBUF (Prop_DIFFINBUF_HPIOBDIFFINBUF_DIFF_IN_P_O)
                                                      0.271     0.272 r  dutclk/inst/clkin1_ibufds/DIFFINBUF_INST/O
                         net (fo=1, routed)           0.028     0.300    dutclk/inst/clkin1_ibufds/OUT
    BC9                  IBUFCTRL (Prop_IBUFCTRL_HPIOB_I_O)
                                                      0.000     0.300 r  dutclk/inst/clkin1_ibufds/IBUFCTRL_INST/O
                         net (fo=1, routed)           0.405     0.705    dutclk/inst/clk_in1_clk_wiz_0
    MMCME3_ADV_X1Y2      MMCME3_ADV (Prop_MMCME3_ADV_CLKIN1_CLKOUT0)
                                                      0.270     0.975 r  dutclk/inst/mmcme3_adv_inst/CLKOUT0
                         net (fo=1, routed)           0.167     1.142    dutclk/inst/clk_out1_clk_wiz_0
    BUFGCE_X1Y48         BUFGCE (Prop_BUFCE_BUFGCE_I_O)
                                                      0.027     1.169 r  dutclk/inst/clkout1_buf/O
    X2Y5 (CLOCK_ROOT)    net (fo=3482, routed)        1.255     2.424    main_memory/clk_out1
    SLICE_X61Y362        FDCE                                         r  main_memory/rvalid_o_reg/C
  -------------------------------------------------------------------    -------------------
    SLICE_X61Y362        FDCE (Prop_EFF_SLICEL_C_Q)
                                                      0.049     2.473 r  main_memory/rvalid_o_reg/Q
                         net (fo=102, routed)         0.083     2.556    dcache/way1/mem_rvalid
    SLICE_X62Y362        LUT4 (Prop_D6LUT_SLICEM_I2_O)
                                                      0.016     2.572 r  dcache/way1/req_write[1]_i_2/O
                         net (fo=1, routed)           0.016     2.588    dcache_n_106
    SLICE_X62Y362        FDRE                                         r  req_write_reg[1]/D
  -------------------------------------------------------------------    -------------------

                         (clock clk_out1_clk_wiz_0_1 rise edge)
                                                      0.000     0.000 r  
    BC9                                               0.000     0.000 r  clk_p (IN)
                         net (fo=0)                   0.001     0.001    dutclk/inst/clkin1_ibufds/I
    HPIOBDIFFINBUF_X1Y59 DIFFINBUF (Prop_DIFFINBUF_HPIOBDIFFINBUF_DIFF_IN_P_O)
                                                      0.527     0.528 r  dutclk/inst/clkin1_ibufds/DIFFINBUF_INST/O
                         net (fo=1, routed)           0.048     0.576    dutclk/inst/clkin1_ibufds/OUT
    BC9                  IBUFCTRL (Prop_IBUFCTRL_HPIOB_I_O)
                                                      0.000     0.576 r  dutclk/inst/clkin1_ibufds/IBUFCTRL_INST/O
                         net (fo=1, routed)           0.457     1.033    dutclk/inst/clk_in1_clk_wiz_0
    MMCME3_ADV_X1Y2      MMCME3_ADV (Prop_MMCME3_ADV_CLKIN1_CLKOUT0)
                                                     -0.207     0.826 r  dutclk/inst/mmcme3_adv_inst/CLKOUT0
                         net (fo=1, routed)           0.209     1.035    dutclk/inst/clk_out1_clk_wiz_0
    BUFGCE_X1Y48         BUFGCE (Prop_BUFCE_BUFGCE_I_O)
                                                      0.031     1.066 r  dutclk/inst/clkout1_buf/O
    X2Y5 (CLOCK_ROOT)    net (fo=3482, routed)        1.458     2.524    clk_i
    SLICE_X62Y362        FDRE                                         r  req_write_reg[1]/C
                         clock pessimism             -0.024     2.500    
    SLICE_X62Y362        FDRE (Hold_DFF_SLICEM_C_D)
                                                      0.056     2.556    req_write_reg[1]
  -------------------------------------------------------------------
                         required time                         -2.556    
                         arrival time                           2.588    
  -------------------------------------------------------------------
                         slack                                  0.032    

Slack (MET) :             0.032ns  (arrival time - required time)
  Source:                 uart/uart_iface_dut/baud_div_reg[3]/C
                            (rising edge-triggered cell FDRE clocked by clk_out1_clk_wiz_0_1  {rise@0.000ns fall@8.333ns period=16.667ns})
  Destination:            uart/uart_iface_dut/uart_tx_dut/counter_reg[2]/D
                            (rising edge-triggered cell FDRE clocked by clk_out1_clk_wiz_0_1  {rise@0.000ns fall@8.333ns period=16.667ns})
  Path Group:             clk_out1_clk_wiz_0_1
  Path Type:              Hold (Min at Fast Process Corner)
  Requirement:            0.000ns  (clk_out1_clk_wiz_0_1 rise@0.000ns - clk_out1_clk_wiz_0_1 rise@0.000ns)
  Data Path Delay:        0.166ns  (logic 0.080ns (48.193%)  route 0.086ns (51.807%))
  Logic Levels:           1  (LUT5=1)
  Clock Path Skew:        0.078ns (DCD - SCD - CPR)
    Destination Clock Delay (DCD):    2.512ns
    Source Clock Delay      (SCD):    2.413ns
    Clock Pessimism Removal (CPR):    0.022ns
  Clock Net Delay (Source):      1.244ns (routing 0.631ns, distribution 0.613ns)
  Clock Net Delay (Destination): 1.446ns (routing 0.701ns, distribution 0.745ns)

    Location             Delay type                Incr(ns)  Path(ns)    Netlist Resource(s)
  -------------------------------------------------------------------    -------------------
                         (clock clk_out1_clk_wiz_0_1 rise edge)
                                                      0.000     0.000 r  
    BC9                                               0.000     0.000 r  clk_p (IN)
                         net (fo=0)                   0.001     0.001    dutclk/inst/clkin1_ibufds/I
    HPIOBDIFFINBUF_X1Y59 DIFFINBUF (Prop_DIFFINBUF_HPIOBDIFFINBUF_DIFF_IN_P_O)
                                                      0.271     0.272 r  dutclk/inst/clkin1_ibufds/DIFFINBUF_INST/O
                         net (fo=1, routed)           0.028     0.300    dutclk/inst/clkin1_ibufds/OUT
    BC9                  IBUFCTRL (Prop_IBUFCTRL_HPIOB_I_O)
                                                      0.000     0.300 r  dutclk/inst/clkin1_ibufds/IBUFCTRL_INST/O
                         net (fo=1, routed)           0.405     0.705    dutclk/inst/clk_in1_clk_wiz_0
    MMCME3_ADV_X1Y2      MMCME3_ADV (Prop_MMCME3_ADV_CLKIN1_CLKOUT0)
                                                      0.270     0.975 r  dutclk/inst/mmcme3_adv_inst/CLKOUT0
                         net (fo=1, routed)           0.167     1.142    dutclk/inst/clk_out1_clk_wiz_0
    BUFGCE_X1Y48         BUFGCE (Prop_BUFCE_BUFGCE_I_O)
                                                      0.027     1.169 r  dutclk/inst/clkout1_buf/O
    X2Y5 (CLOCK_ROOT)    net (fo=3482, routed)        1.244     2.413    uart/uart_iface_dut/clk_out1
    SLICE_X69Y341        FDRE                                         r  uart/uart_iface_dut/baud_div_reg[3]/C
  -------------------------------------------------------------------    -------------------
    SLICE_X69Y341        FDRE (Prop_EFF_SLICEL_C_Q)
                                                      0.049     2.462 r  uart/uart_iface_dut/baud_div_reg[3]/Q
                         net (fo=7, routed)           0.070     2.532    uart/uart_iface_dut/uart_tx_dut/Q[3]
    SLICE_X68Y341        LUT5 (Prop_H6LUT_SLICEL_I0_O)
                                                      0.031     2.563 r  uart/uart_iface_dut/uart_tx_dut/counter[2]_i_1/O
                         net (fo=1, routed)           0.016     2.579    uart/uart_iface_dut/uart_tx_dut/p_0_in__0[2]
    SLICE_X68Y341        FDRE                                         r  uart/uart_iface_dut/uart_tx_dut/counter_reg[2]/D
  -------------------------------------------------------------------    -------------------

                         (clock clk_out1_clk_wiz_0_1 rise edge)
                                                      0.000     0.000 r  
    BC9                                               0.000     0.000 r  clk_p (IN)
                         net (fo=0)                   0.001     0.001    dutclk/inst/clkin1_ibufds/I
    HPIOBDIFFINBUF_X1Y59 DIFFINBUF (Prop_DIFFINBUF_HPIOBDIFFINBUF_DIFF_IN_P_O)
                                                      0.527     0.528 r  dutclk/inst/clkin1_ibufds/DIFFINBUF_INST/O
                         net (fo=1, routed)           0.048     0.576    dutclk/inst/clkin1_ibufds/OUT
    BC9                  IBUFCTRL (Prop_IBUFCTRL_HPIOB_I_O)
                                                      0.000     0.576 r  dutclk/inst/clkin1_ibufds/IBUFCTRL_INST/O
                         net (fo=1, routed)           0.457     1.033    dutclk/inst/clk_in1_clk_wiz_0
    MMCME3_ADV_X1Y2      MMCME3_ADV (Prop_MMCME3_ADV_CLKIN1_CLKOUT0)
                                                     -0.207     0.826 r  dutclk/inst/mmcme3_adv_inst/CLKOUT0
                         net (fo=1, routed)           0.209     1.035    dutclk/inst/clk_out1_clk_wiz_0
    BUFGCE_X1Y48         BUFGCE (Prop_BUFCE_BUFGCE_I_O)
                                                      0.031     1.066 r  dutclk/inst/clkout1_buf/O
    X2Y5 (CLOCK_ROOT)    net (fo=3482, routed)        1.446     2.512    uart/uart_iface_dut/uart_tx_dut/clk_out1
    SLICE_X68Y341        FDRE                                         r  uart/uart_iface_dut/uart_tx_dut/counter_reg[2]/C
                         clock pessimism             -0.022     2.490    
    SLICE_X68Y341        FDRE (Hold_HFF_SLICEL_C_D)
                                                      0.056     2.546    uart/uart_iface_dut/uart_tx_dut/counter_reg[2]
  -------------------------------------------------------------------
                         required time                         -2.546    
                         arrival time                           2.579    
  -------------------------------------------------------------------
                         slack                                  0.032    

Slack (MET) :             0.035ns  (arrival time - required time)
  Source:                 req_write_reg[21]/C
                            (rising edge-triggered cell FDRE clocked by clk_out1_clk_wiz_0_1  {rise@0.000ns fall@8.333ns period=16.667ns})
  Destination:            req_write_reg[20]/D
                            (rising edge-triggered cell FDRE clocked by clk_out1_clk_wiz_0_1  {rise@0.000ns fall@8.333ns period=16.667ns})
  Path Group:             clk_out1_clk_wiz_0_1
  Path Type:              Hold (Min at Fast Process Corner)
  Requirement:            0.000ns  (clk_out1_clk_wiz_0_1 rise@0.000ns - clk_out1_clk_wiz_0_1 rise@0.000ns)
  Data Path Delay:        0.148ns  (logic 0.064ns (43.243%)  route 0.084ns (56.757%))
  Logic Levels:           1  (LUT5=1)
  Clock Path Skew:        0.057ns (DCD - SCD - CPR)
    Destination Clock Delay (DCD):    2.509ns
    Source Clock Delay      (SCD):    2.399ns
    Clock Pessimism Removal (CPR):    0.054ns
  Clock Net Delay (Source):      1.230ns (routing 0.631ns, distribution 0.599ns)
  Clock Net Delay (Destination): 1.443ns (routing 0.701ns, distribution 0.742ns)

    Location             Delay type                Incr(ns)  Path(ns)    Netlist Resource(s)
  -------------------------------------------------------------------    -------------------
                         (clock clk_out1_clk_wiz_0_1 rise edge)
                                                      0.000     0.000 r  
    BC9                                               0.000     0.000 r  clk_p (IN)
                         net (fo=0)                   0.001     0.001    dutclk/inst/clkin1_ibufds/I
    HPIOBDIFFINBUF_X1Y59 DIFFINBUF (Prop_DIFFINBUF_HPIOBDIFFINBUF_DIFF_IN_P_O)
                                                      0.271     0.272 r  dutclk/inst/clkin1_ibufds/DIFFINBUF_INST/O
                         net (fo=1, routed)           0.028     0.300    dutclk/inst/clkin1_ibufds/OUT
    BC9                  IBUFCTRL (Prop_IBUFCTRL_HPIOB_I_O)
                                                      0.000     0.300 r  dutclk/inst/clkin1_ibufds/IBUFCTRL_INST/O
                         net (fo=1, routed)           0.405     0.705    dutclk/inst/clk_in1_clk_wiz_0
    MMCME3_ADV_X1Y2      MMCME3_ADV (Prop_MMCME3_ADV_CLKIN1_CLKOUT0)
                                                      0.270     0.975 r  dutclk/inst/mmcme3_adv_inst/CLKOUT0
                         net (fo=1, routed)           0.167     1.142    dutclk/inst/clk_out1_clk_wiz_0
    BUFGCE_X1Y48         BUFGCE (Prop_BUFCE_BUFGCE_I_O)
                                                      0.027     1.169 r  dutclk/inst/clkout1_buf/O
    X2Y5 (CLOCK_ROOT)    net (fo=3482, routed)        1.230     2.399    clk_i
    SLICE_X61Y358        FDRE                                         r  req_write_reg[21]/C
  -------------------------------------------------------------------    -------------------
    SLICE_X61Y358        FDRE (Prop_DFF_SLICEL_C_Q)
                                                      0.049     2.448 r  req_write_reg[21]/Q
                         net (fo=1, routed)           0.068     2.516    dcache/way1/req_write_reg[20]_0
    SLICE_X61Y359        LUT5 (Prop_D6LUT_SLICEL_I4_O)
                                                      0.015     2.531 r  dcache/way1/req_write[20]_i_2/O
                         net (fo=1, routed)           0.016     2.547    dcache_n_152
    SLICE_X61Y359        FDRE                                         r  req_write_reg[20]/D
  -------------------------------------------------------------------    -------------------

                         (clock clk_out1_clk_wiz_0_1 rise edge)
                                                      0.000     0.000 r  
    BC9                                               0.000     0.000 r  clk_p (IN)
                         net (fo=0)                   0.001     0.001    dutclk/inst/clkin1_ibufds/I
    HPIOBDIFFINBUF_X1Y59 DIFFINBUF (Prop_DIFFINBUF_HPIOBDIFFINBUF_DIFF_IN_P_O)
                                                      0.527     0.528 r  dutclk/inst/clkin1_ibufds/DIFFINBUF_INST/O
                         net (fo=1, routed)           0.048     0.576    dutclk/inst/clkin1_ibufds/OUT
    BC9                  IBUFCTRL (Prop_IBUFCTRL_HPIOB_I_O)
                                                      0.000     0.576 r  dutclk/inst/clkin1_ibufds/IBUFCTRL_INST/O
                         net (fo=1, routed)           0.457     1.033    dutclk/inst/clk_in1_clk_wiz_0
    MMCME3_ADV_X1Y2      MMCME3_ADV (Prop_MMCME3_ADV_CLKIN1_CLKOUT0)
                                                     -0.207     0.826 r  dutclk/inst/mmcme3_adv_inst/CLKOUT0
                         net (fo=1, routed)           0.209     1.035    dutclk/inst/clk_out1_clk_wiz_0
    BUFGCE_X1Y48         BUFGCE (Prop_BUFCE_BUFGCE_I_O)
                                                      0.031     1.066 r  dutclk/inst/clkout1_buf/O
    X2Y5 (CLOCK_ROOT)    net (fo=3482, routed)        1.443     2.509    clk_i
    SLICE_X61Y359        FDRE                                         r  req_write_reg[20]/C
                         clock pessimism             -0.054     2.455    
    SLICE_X61Y359        FDRE (Hold_DFF_SLICEL_C_D)
                                                      0.056     2.511    req_write_reg[20]
  -------------------------------------------------------------------
                         required time                         -2.511    
                         arrival time                           2.547    
  -------------------------------------------------------------------
                         slack                                  0.035    

Slack (MET) :             0.036ns  (arrival time - required time)
  Source:                 cv32e40p_core_ip/core_i/id_stage_i/alu_operand_b_ex_o_reg[0]/C
                            (rising edge-triggered cell FDCE clocked by clk_out1_clk_wiz_0_1  {rise@0.000ns fall@8.333ns period=16.667ns})
  Destination:            cv32e40p_core_ip/core_i/load_store_unit_i/rdata_offset_q_reg[0]/D
                            (rising edge-triggered cell FDCE clocked by clk_out1_clk_wiz_0_1  {rise@0.000ns fall@8.333ns period=16.667ns})
  Path Group:             clk_out1_clk_wiz_0_1
  Path Type:              Hold (Min at Fast Process Corner)
  Requirement:            0.000ns  (clk_out1_clk_wiz_0_1 rise@0.000ns - clk_out1_clk_wiz_0_1 rise@0.000ns)
  Data Path Delay:        0.181ns  (logic 0.096ns (53.039%)  route 0.085ns (46.961%))
  Logic Levels:           2  (CARRY8=1 LUT3=1)
  Clock Path Skew:        0.089ns (DCD - SCD - CPR)
    Destination Clock Delay (DCD):    3.902ns
    Source Clock Delay      (SCD):    3.534ns
    Clock Pessimism Removal (CPR):    0.279ns
  Clock Net Delay (Source):      0.745ns (routing 0.127ns, distribution 0.618ns)
  Clock Net Delay (Destination): 0.896ns (routing 0.142ns, distribution 0.754ns)

    Location             Delay type                Incr(ns)  Path(ns)    Netlist Resource(s)
  -------------------------------------------------------------------    -------------------
                         (clock clk_out1_clk_wiz_0_1 rise edge)
                                                      0.000     0.000 r  
    BC9                                               0.000     0.000 r  clk_p (IN)
                         net (fo=0)                   0.001     0.001    dutclk/inst/clkin1_ibufds/I
    HPIOBDIFFINBUF_X1Y59 DIFFINBUF (Prop_DIFFINBUF_HPIOBDIFFINBUF_DIFF_IN_P_O)
                                                      0.271     0.272 r  dutclk/inst/clkin1_ibufds/DIFFINBUF_INST/O
                         net (fo=1, routed)           0.028     0.300    dutclk/inst/clkin1_ibufds/OUT
    BC9                  IBUFCTRL (Prop_IBUFCTRL_HPIOB_I_O)
                                                      0.000     0.300 r  dutclk/inst/clkin1_ibufds/IBUFCTRL_INST/O
                         net (fo=1, routed)           0.405     0.705    dutclk/inst/clk_in1_clk_wiz_0
    MMCME3_ADV_X1Y2      MMCME3_ADV (Prop_MMCME3_ADV_CLKIN1_CLKOUT0)
                                                      0.270     0.975 r  dutclk/inst/mmcme3_adv_inst/CLKOUT0
                         net (fo=1, routed)           0.167     1.142    dutclk/inst/clk_out1_clk_wiz_0
    BUFGCE_X1Y48         BUFGCE (Prop_BUFCE_BUFGCE_I_O)
                                                      0.027     1.169 r  dutclk/inst/clkout1_buf/O
                         net (fo=3482, routed)        1.195     2.364    cv32e40p_core_ip/core_i/sleep_unit_i/core_clock_gate_i/clk_out1
    SLICE_X56Y394        LUT2 (Prop_D5LUT_SLICEL_I0_O)
                                                      0.082     2.446 r  cv32e40p_core_ip/core_i/sleep_unit_i/core_clock_gate_i/cnt_q[1]_i_7/O
                         net (fo=1, routed)           0.316     2.762    cv32e40p_core_ip_n_98
    BUFGCE_X0Y167        BUFGCE (Prop_BUFCE_BUFGCE_I_O)
                                                      0.027     2.789 r  cnt_q_reg[1]_i_3/O
    X2Y6 (CLOCK_ROOT)    net (fo=1120, routed)        0.745     3.534    cv32e40p_core_ip/core_i/id_stage_i/clk
    SLICE_X75Y398        FDCE                                         r  cv32e40p_core_ip/core_i/id_stage_i/alu_operand_b_ex_o_reg[0]/C
  -------------------------------------------------------------------    -------------------
    SLICE_X75Y398        FDCE (Prop_DFF2_SLICEL_C_Q)
                                                      0.049     3.583 r  cv32e40p_core_ip/core_i/id_stage_i/alu_operand_b_ex_o_reg[0]/Q
                         net (fo=59, routed)          0.074     3.657    cv32e40p_core_ip/core_i/id_stage_i/alu_operand_b_ex_o_reg[1]_0[0]
    SLICE_X76Y398        LUT3 (Prop_A6LUT_SLICEL_I1_O)
                                                      0.015     3.672 r  cv32e40p_core_ip/core_i/id_stage_i/rdata_offset_q[1]_i_9/O
                         net (fo=1, routed)           0.001     3.673    cv32e40p_core_ip/core_i/id_stage_i/rdata_offset_q[1]_i_9_n_0
    SLICE_X76Y398        CARRY8 (Prop_CARRY8_SLICEL_S[0]_O[0])
                                                      0.032     3.705 r  cv32e40p_core_ip/core_i/id_stage_i/rdata_offset_q_reg[1]_i_1/O[0]
                         net (fo=39, routed)          0.010     3.715    cv32e40p_core_ip/core_i/load_store_unit_i/D[0]
    SLICE_X76Y398        FDCE                                         r  cv32e40p_core_ip/core_i/load_store_unit_i/rdata_offset_q_reg[0]/D
  -------------------------------------------------------------------    -------------------

                         (clock clk_out1_clk_wiz_0_1 rise edge)
                                                      0.000     0.000 r  
    BC9                                               0.000     0.000 r  clk_p (IN)
                         net (fo=0)                   0.001     0.001    dutclk/inst/clkin1_ibufds/I
    HPIOBDIFFINBUF_X1Y59 DIFFINBUF (Prop_DIFFINBUF_HPIOBDIFFINBUF_DIFF_IN_P_O)
                                                      0.527     0.528 r  dutclk/inst/clkin1_ibufds/DIFFINBUF_INST/O
                         net (fo=1, routed)           0.048     0.576    dutclk/inst/clkin1_ibufds/OUT
    BC9                  IBUFCTRL (Prop_IBUFCTRL_HPIOB_I_O)
                                                      0.000     0.576 r  dutclk/inst/clkin1_ibufds/IBUFCTRL_INST/O
                         net (fo=1, routed)           0.457     1.033    dutclk/inst/clk_in1_clk_wiz_0
    MMCME3_ADV_X1Y2      MMCME3_ADV (Prop_MMCME3_ADV_CLKIN1_CLKOUT0)
                                                     -0.207     0.826 r  dutclk/inst/mmcme3_adv_inst/CLKOUT0
                         net (fo=1, routed)           0.209     1.035    dutclk/inst/clk_out1_clk_wiz_0
    BUFGCE_X1Y48         BUFGCE (Prop_BUFCE_BUFGCE_I_O)
                                                      0.031     1.066 r  dutclk/inst/clkout1_buf/O
                         net (fo=3482, routed)        1.387     2.453    cv32e40p_core_ip/core_i/sleep_unit_i/core_clock_gate_i/clk_out1
    SLICE_X56Y394        LUT2 (Prop_D5LUT_SLICEL_I0_O)
                                                      0.112     2.565 r  cv32e40p_core_ip/core_i/sleep_unit_i/core_clock_gate_i/cnt_q[1]_i_7/O
                         net (fo=1, routed)           0.410     2.975    cv32e40p_core_ip_n_98
    BUFGCE_X0Y167        BUFGCE (Prop_BUFCE_BUFGCE_I_O)
                                                      0.031     3.006 r  cnt_q_reg[1]_i_3/O
    X2Y6 (CLOCK_ROOT)    net (fo=1120, routed)        0.896     3.902    cv32e40p_core_ip/core_i/load_store_unit_i/clk
    SLICE_X76Y398        FDCE                                         r  cv32e40p_core_ip/core_i/load_store_unit_i/rdata_offset_q_reg[0]/C
                         clock pessimism             -0.279     3.623    
    SLICE_X76Y398        FDCE (Hold_AFF_SLICEL_C_D)
                                                      0.056     3.679    cv32e40p_core_ip/core_i/load_store_unit_i/rdata_offset_q_reg[0]
  -------------------------------------------------------------------
                         required time                         -3.679    
                         arrival time                           3.715    
  -------------------------------------------------------------------
                         slack                                  0.036    

Slack (MET) :             0.037ns  (arrival time - required time)
  Source:                 icache/way1/rline_o_reg[26]/C
                            (rising edge-triggered cell FDRE clocked by clk_out1_clk_wiz_0_1  {rise@0.000ns fall@8.333ns period=16.667ns})
  Destination:            cv32e40p_core_ip/core_i/if_stage_i/prefetch_buffer_i/fifo_i/mem_q_reg[1][26]/D
                            (rising edge-triggered cell FDCE clocked by clk_out1_clk_wiz_0_1  {rise@0.000ns fall@8.333ns period=16.667ns})
  Path Group:             clk_out1_clk_wiz_0_1
  Path Type:              Hold (Min at Slow Process Corner)
  Requirement:            0.000ns  (clk_out1_clk_wiz_0_1 rise@0.000ns - clk_out1_clk_wiz_0_1 rise@0.000ns)
  Data Path Delay:        3.054ns  (logic 0.206ns (6.745%)  route 2.848ns (93.255%))
  Logic Levels:           1  (LUT6=1)
  Clock Path Skew:        2.909ns (DCD - SCD - CPR)
    Destination Clock Delay (DCD):    7.329ns
    Source Clock Delay      (SCD):    4.485ns
    Clock Pessimism Removal (CPR):    -0.065ns
  Clock Net Delay (Source):      2.480ns (routing 1.169ns, distribution 1.311ns)
  Clock Net Delay (Destination): 1.790ns (routing 0.335ns, distribution 1.455ns)

    Location             Delay type                Incr(ns)  Path(ns)    Netlist Resource(s)
  -------------------------------------------------------------------    -------------------
                         (clock clk_out1_clk_wiz_0_1 rise edge)
                                                      0.000     0.000 r  
    BC9                                               0.000     0.000 r  clk_p (IN)
                         net (fo=0)                   0.001     0.001    dutclk/inst/clkin1_ibufds/I
    HPIOBDIFFINBUF_X1Y59 DIFFINBUF (Prop_DIFFINBUF_HPIOBDIFFINBUF_DIFF_IN_P_O)
                                                      0.393     0.394 r  dutclk/inst/clkin1_ibufds/DIFFINBUF_INST/O
                         net (fo=1, routed)           0.051     0.445    dutclk/inst/clkin1_ibufds/OUT
    BC9                  IBUFCTRL (Prop_IBUFCTRL_HPIOB_I_O)
                                                      0.000     0.445 r  dutclk/inst/clkin1_ibufds/IBUFCTRL_INST/O
                         net (fo=1, routed)           0.778     1.223    dutclk/inst/clk_in1_clk_wiz_0
    MMCME3_ADV_X1Y2      MMCME3_ADV (Prop_MMCME3_ADV_CLKIN1_CLKOUT0)
                                                      0.335     1.558 r  dutclk/inst/mmcme3_adv_inst/CLKOUT0
                         net (fo=1, routed)           0.372     1.930    dutclk/inst/clk_out1_clk_wiz_0
    BUFGCE_X1Y48         BUFGCE (Prop_BUFCE_BUFGCE_I_O)
                                                      0.075     2.005 r  dutclk/inst/clkout1_buf/O
    X2Y5 (CLOCK_ROOT)    net (fo=3482, routed)        2.480     4.485    icache/way1/clk_out1
    SLICE_X76Y348        FDRE                                         r  icache/way1/rline_o_reg[26]/C
  -------------------------------------------------------------------    -------------------
    SLICE_X76Y348        FDRE (Prop_DFF_SLICEL_C_Q)
                                                      0.104     4.589 r  icache/way1/rline_o_reg[26]/Q
                         net (fo=1, routed)           1.058     5.647    icache/way0/mem_q_reg[1][31][26]
    SLICE_X76Y350        LUT6 (Prop_H6LUT_SLICEL_I4_O)
                                                      0.102     5.749 r  icache/way0/mem_q[0][26]_i_1/O
                         net (fo=3, routed)           1.790     7.539    cv32e40p_core_ip/core_i/if_stage_i/prefetch_buffer_i/fifo_i/mem_q_reg[1][31]_0[26]
    SLICE_X80Y374        FDCE                                         r  cv32e40p_core_ip/core_i/if_stage_i/prefetch_buffer_i/fifo_i/mem_q_reg[1][26]/D
  -------------------------------------------------------------------    -------------------

                         (clock clk_out1_clk_wiz_0_1 rise edge)
                                                      0.000     0.000 r  
    BC9                                               0.000     0.000 r  clk_p (IN)
                         net (fo=0)                   0.001     0.001    dutclk/inst/clkin1_ibufds/I
    HPIOBDIFFINBUF_X1Y59 DIFFINBUF (Prop_DIFFINBUF_HPIOBDIFFINBUF_DIFF_IN_P_O)
                                                      0.591     0.592 r  dutclk/inst/clkin1_ibufds/DIFFINBUF_INST/O
                         net (fo=1, routed)           0.090     0.682    dutclk/inst/clkin1_ibufds/OUT
    BC9                  IBUFCTRL (Prop_IBUFCTRL_HPIOB_I_O)
                                                      0.000     0.682 r  dutclk/inst/clkin1_ibufds/IBUFCTRL_INST/O
                         net (fo=1, routed)           0.865     1.547    dutclk/inst/clk_in1_clk_wiz_0
    MMCME3_ADV_X1Y2      MMCME3_ADV (Prop_MMCME3_ADV_CLKIN1_CLKOUT0)
                                                     -0.231     1.316 r  dutclk/inst/mmcme3_adv_inst/CLKOUT0
                         net (fo=1, routed)           0.437     1.753    dutclk/inst/clk_out1_clk_wiz_0
    BUFGCE_X1Y48         BUFGCE (Prop_BUFCE_BUFGCE_I_O)
                                                      0.083     1.836 r  dutclk/inst/clkout1_buf/O
                         net (fo=3482, routed)        2.652     4.488    cv32e40p_core_ip/core_i/sleep_unit_i/core_clock_gate_i/clk_out1
    SLICE_X56Y394        LUT2 (Prop_D5LUT_SLICEL_I0_O)
                                                      0.205     4.693 r  cv32e40p_core_ip/core_i/sleep_unit_i/core_clock_gate_i/cnt_q[1]_i_7/O
                         net (fo=1, routed)           0.763     5.456    cv32e40p_core_ip_n_98
    BUFGCE_X0Y167        BUFGCE (Prop_BUFCE_BUFGCE_I_O)
                                                      0.083     5.539 r  cnt_q_reg[1]_i_3/O
    X2Y6 (CLOCK_ROOT)    net (fo=1120, routed)        1.790     7.329    cv32e40p_core_ip/core_i/if_stage_i/prefetch_buffer_i/fifo_i/clk
    SLICE_X80Y374        FDCE                                         r  cv32e40p_core_ip/core_i/if_stage_i/prefetch_buffer_i/fifo_i/mem_q_reg[1][26]/C
                         clock pessimism              0.065     7.394    
    SLICE_X80Y374        FDCE (Hold_BFF2_SLICEM_C_D)
                                                      0.108     7.502    cv32e40p_core_ip/core_i/if_stage_i/prefetch_buffer_i/fifo_i/mem_q_reg[1][26]
  -------------------------------------------------------------------
                         required time                         -7.502    
                         arrival time                           7.539    
  -------------------------------------------------------------------
                         slack                                  0.037    

Slack (MET) :             0.037ns  (arrival time - required time)
  Source:                 icache/way0/rline_o_reg[63]/C
                            (rising edge-triggered cell FDRE clocked by clk_out1_clk_wiz_0_1  {rise@0.000ns fall@8.333ns period=16.667ns})
  Destination:            cv32e40p_core_ip/core_i/if_stage_i/prefetch_buffer_i/fifo_i/mem_q_reg[1][31]/D
                            (rising edge-triggered cell FDCE clocked by clk_out1_clk_wiz_0_1  {rise@0.000ns fall@8.333ns period=16.667ns})
  Path Group:             clk_out1_clk_wiz_0_1
  Path Type:              Hold (Min at Slow Process Corner)
  Requirement:            0.000ns  (clk_out1_clk_wiz_0_1 rise@0.000ns - clk_out1_clk_wiz_0_1 rise@0.000ns)
  Data Path Delay:        3.033ns  (logic 0.132ns (4.352%)  route 2.901ns (95.648%))
  Logic Levels:           1  (LUT6=1)
  Clock Path Skew:        2.890ns (DCD - SCD - CPR)
    Destination Clock Delay (DCD):    7.322ns
    Source Clock Delay      (SCD):    4.497ns
    Clock Pessimism Removal (CPR):    -0.065ns
  Clock Net Delay (Source):      2.492ns (routing 1.169ns, distribution 1.323ns)
  Clock Net Delay (Destination): 1.783ns (routing 0.335ns, distribution 1.448ns)

    Location             Delay type                Incr(ns)  Path(ns)    Netlist Resource(s)
  -------------------------------------------------------------------    -------------------
                         (clock clk_out1_clk_wiz_0_1 rise edge)
                                                      0.000     0.000 r  
    BC9                                               0.000     0.000 r  clk_p (IN)
                         net (fo=0)                   0.001     0.001    dutclk/inst/clkin1_ibufds/I
    HPIOBDIFFINBUF_X1Y59 DIFFINBUF (Prop_DIFFINBUF_HPIOBDIFFINBUF_DIFF_IN_P_O)
                                                      0.393     0.394 r  dutclk/inst/clkin1_ibufds/DIFFINBUF_INST/O
                         net (fo=1, routed)           0.051     0.445    dutclk/inst/clkin1_ibufds/OUT
    BC9                  IBUFCTRL (Prop_IBUFCTRL_HPIOB_I_O)
                                                      0.000     0.445 r  dutclk/inst/clkin1_ibufds/IBUFCTRL_INST/O
                         net (fo=1, routed)           0.778     1.223    dutclk/inst/clk_in1_clk_wiz_0
    MMCME3_ADV_X1Y2      MMCME3_ADV (Prop_MMCME3_ADV_CLKIN1_CLKOUT0)
                                                      0.335     1.558 r  dutclk/inst/mmcme3_adv_inst/CLKOUT0
                         net (fo=1, routed)           0.372     1.930    dutclk/inst/clk_out1_clk_wiz_0
    BUFGCE_X1Y48         BUFGCE (Prop_BUFCE_BUFGCE_I_O)
                                                      0.075     2.005 r  dutclk/inst/clkout1_buf/O
    X2Y5 (CLOCK_ROOT)    net (fo=3482, routed)        2.492     4.497    icache/way0/clk_out1
    SLICE_X77Y356        FDRE                                         r  icache/way0/rline_o_reg[63]/C
  -------------------------------------------------------------------    -------------------
    SLICE_X77Y356        FDRE (Prop_CFF_SLICEL_C_Q)
                                                      0.103     4.600 r  icache/way0/rline_o_reg[63]/Q
                         net (fo=1, routed)           1.197     5.797    icache/way0/rline_o_reg_n_0_[63]
    SLICE_X78Y356        LUT6 (Prop_H6LUT_SLICEL_I1_O)
                                                      0.029     5.826 r  icache/way0/mem_q[0][31]_i_2/O
                         net (fo=3, routed)           1.704     7.530    cv32e40p_core_ip/core_i/if_stage_i/prefetch_buffer_i/fifo_i/mem_q_reg[1][31]_0[31]
    SLICE_X81Y375        FDCE                                         r  cv32e40p_core_ip/core_i/if_stage_i/prefetch_buffer_i/fifo_i/mem_q_reg[1][31]/D
  -------------------------------------------------------------------    -------------------

                         (clock clk_out1_clk_wiz_0_1 rise edge)
                                                      0.000     0.000 r  
    BC9                                               0.000     0.000 r  clk_p (IN)
                         net (fo=0)                   0.001     0.001    dutclk/inst/clkin1_ibufds/I
    HPIOBDIFFINBUF_X1Y59 DIFFINBUF (Prop_DIFFINBUF_HPIOBDIFFINBUF_DIFF_IN_P_O)
                                                      0.591     0.592 r  dutclk/inst/clkin1_ibufds/DIFFINBUF_INST/O
                         net (fo=1, routed)           0.090     0.682    dutclk/inst/clkin1_ibufds/OUT
    BC9                  IBUFCTRL (Prop_IBUFCTRL_HPIOB_I_O)
                                                      0.000     0.682 r  dutclk/inst/clkin1_ibufds/IBUFCTRL_INST/O
                         net (fo=1, routed)           0.865     1.547    dutclk/inst/clk_in1_clk_wiz_0
    MMCME3_ADV_X1Y2      MMCME3_ADV (Prop_MMCME3_ADV_CLKIN1_CLKOUT0)
                                                     -0.231     1.316 r  dutclk/inst/mmcme3_adv_inst/CLKOUT0
                         net (fo=1, routed)           0.437     1.753    dutclk/inst/clk_out1_clk_wiz_0
    BUFGCE_X1Y48         BUFGCE (Prop_BUFCE_BUFGCE_I_O)
                                                      0.083     1.836 r  dutclk/inst/clkout1_buf/O
                         net (fo=3482, routed)        2.652     4.488    cv32e40p_core_ip/core_i/sleep_unit_i/core_clock_gate_i/clk_out1
    SLICE_X56Y394        LUT2 (Prop_D5LUT_SLICEL_I0_O)
                                                      0.205     4.693 r  cv32e40p_core_ip/core_i/sleep_unit_i/core_clock_gate_i/cnt_q[1]_i_7/O
                         net (fo=1, routed)           0.763     5.456    cv32e40p_core_ip_n_98
    BUFGCE_X0Y167        BUFGCE (Prop_BUFCE_BUFGCE_I_O)
                                                      0.083     5.539 r  cnt_q_reg[1]_i_3/O
    X2Y6 (CLOCK_ROOT)    net (fo=1120, routed)        1.783     7.322    cv32e40p_core_ip/core_i/if_stage_i/prefetch_buffer_i/fifo_i/clk
    SLICE_X81Y375        FDCE                                         r  cv32e40p_core_ip/core_i/if_stage_i/prefetch_buffer_i/fifo_i/mem_q_reg[1][31]/C
                         clock pessimism              0.065     7.387    
    SLICE_X81Y375        FDCE (Hold_FFF2_SLICEL_C_D)
                                                      0.106     7.493    cv32e40p_core_ip/core_i/if_stage_i/prefetch_buffer_i/fifo_i/mem_q_reg[1][31]
  -------------------------------------------------------------------
                         required time                         -7.493    
                         arrival time                           7.530    
  -------------------------------------------------------------------
                         slack                                  0.037    

Slack (MET) :             0.038ns  (arrival time - required time)
  Source:                 qspi/qspi_iface_dut/QSPI_DR0_reg[10]/C
                            (rising edge-triggered cell FDRE clocked by clk_out1_clk_wiz_0_1  {rise@0.000ns fall@8.333ns period=16.667ns})
  Destination:            qspi/qspi_iface_dut/buffer_reg[242]/D
                            (rising edge-triggered cell FDRE clocked by clk_out1_clk_wiz_0_1  {rise@0.000ns fall@8.333ns period=16.667ns})
  Path Group:             clk_out1_clk_wiz_0_1
  Path Type:              Hold (Min at Fast Process Corner)
  Requirement:            0.000ns  (clk_out1_clk_wiz_0_1 rise@0.000ns - clk_out1_clk_wiz_0_1 rise@0.000ns)
  Data Path Delay:        0.175ns  (logic 0.079ns (45.143%)  route 0.096ns (54.857%))
  Logic Levels:           1  (LUT6=1)
  Clock Path Skew:        0.081ns (DCD - SCD - CPR)
    Destination Clock Delay (DCD):    2.505ns
    Source Clock Delay      (SCD):    2.404ns
    Clock Pessimism Removal (CPR):    0.020ns
  Clock Net Delay (Source):      1.235ns (routing 0.631ns, distribution 0.604ns)
  Clock Net Delay (Destination): 1.439ns (routing 0.701ns, distribution 0.738ns)

    Location             Delay type                Incr(ns)  Path(ns)    Netlist Resource(s)
  -------------------------------------------------------------------    -------------------
                         (clock clk_out1_clk_wiz_0_1 rise edge)
                                                      0.000     0.000 r  
    BC9                                               0.000     0.000 r  clk_p (IN)
                         net (fo=0)                   0.001     0.001    dutclk/inst/clkin1_ibufds/I
    HPIOBDIFFINBUF_X1Y59 DIFFINBUF (Prop_DIFFINBUF_HPIOBDIFFINBUF_DIFF_IN_P_O)
                                                      0.271     0.272 r  dutclk/inst/clkin1_ibufds/DIFFINBUF_INST/O
                         net (fo=1, routed)           0.028     0.300    dutclk/inst/clkin1_ibufds/OUT
    BC9                  IBUFCTRL (Prop_IBUFCTRL_HPIOB_I_O)
                                                      0.000     0.300 r  dutclk/inst/clkin1_ibufds/IBUFCTRL_INST/O
                         net (fo=1, routed)           0.405     0.705    dutclk/inst/clk_in1_clk_wiz_0
    MMCME3_ADV_X1Y2      MMCME3_ADV (Prop_MMCME3_ADV_CLKIN1_CLKOUT0)
                                                      0.270     0.975 r  dutclk/inst/mmcme3_adv_inst/CLKOUT0
                         net (fo=1, routed)           0.167     1.142    dutclk/inst/clk_out1_clk_wiz_0
    BUFGCE_X1Y48         BUFGCE (Prop_BUFCE_BUFGCE_I_O)
                                                      0.027     1.169 r  dutclk/inst/clkout1_buf/O
    X2Y5 (CLOCK_ROOT)    net (fo=3482, routed)        1.235     2.404    qspi/qspi_iface_dut/clk_out1
    SLICE_X67Y269        FDRE                                         r  qspi/qspi_iface_dut/QSPI_DR0_reg[10]/C
  -------------------------------------------------------------------    -------------------
    SLICE_X67Y269        FDRE (Prop_DFF_SLICEL_C_Q)
                                                      0.049     2.453 r  qspi/qspi_iface_dut/QSPI_DR0_reg[10]/Q
                         net (fo=2, routed)           0.084     2.537    qspi/qspi_iface_dut/QSPI_DRs[10]
    SLICE_X67Y270        LUT6 (Prop_A6LUT_SLICEL_I3_O)
                                                      0.030     2.567 r  qspi/qspi_iface_dut/buffer[242]_i_1/O
                         net (fo=1, routed)           0.012     2.579    qspi/qspi_iface_dut/buffer[242]_i_1_n_0
    SLICE_X67Y270        FDRE                                         r  qspi/qspi_iface_dut/buffer_reg[242]/D
  -------------------------------------------------------------------    -------------------

                         (clock clk_out1_clk_wiz_0_1 rise edge)
                                                      0.000     0.000 r  
    BC9                                               0.000     0.000 r  clk_p (IN)
                         net (fo=0)                   0.001     0.001    dutclk/inst/clkin1_ibufds/I
    HPIOBDIFFINBUF_X1Y59 DIFFINBUF (Prop_DIFFINBUF_HPIOBDIFFINBUF_DIFF_IN_P_O)
                                                      0.527     0.528 r  dutclk/inst/clkin1_ibufds/DIFFINBUF_INST/O
                         net (fo=1, routed)           0.048     0.576    dutclk/inst/clkin1_ibufds/OUT
    BC9                  IBUFCTRL (Prop_IBUFCTRL_HPIOB_I_O)
                                                      0.000     0.576 r  dutclk/inst/clkin1_ibufds/IBUFCTRL_INST/O
                         net (fo=1, routed)           0.457     1.033    dutclk/inst/clk_in1_clk_wiz_0
    MMCME3_ADV_X1Y2      MMCME3_ADV (Prop_MMCME3_ADV_CLKIN1_CLKOUT0)
                                                     -0.207     0.826 r  dutclk/inst/mmcme3_adv_inst/CLKOUT0
                         net (fo=1, routed)           0.209     1.035    dutclk/inst/clk_out1_clk_wiz_0
    BUFGCE_X1Y48         BUFGCE (Prop_BUFCE_BUFGCE_I_O)
                                                      0.031     1.066 r  dutclk/inst/clkout1_buf/O
    X2Y5 (CLOCK_ROOT)    net (fo=3482, routed)        1.439     2.505    qspi/qspi_iface_dut/clk_out1
    SLICE_X67Y270        FDRE                                         r  qspi/qspi_iface_dut/buffer_reg[242]/C
                         clock pessimism             -0.020     2.485    
    SLICE_X67Y270        FDRE (Hold_AFF_SLICEL_C_D)
                                                      0.056     2.541    qspi/qspi_iface_dut/buffer_reg[242]
  -------------------------------------------------------------------
                         required time                         -2.541    
                         arrival time                           2.579    
  -------------------------------------------------------------------
                         slack                                  0.038    

Slack (MET) :             0.039ns  (arrival time - required time)
  Source:                 dcache/way1/rline_o_reg[10]/C
                            (rising edge-triggered cell FDRE clocked by clk_out1_clk_wiz_0_1  {rise@0.000ns fall@8.333ns period=16.667ns})
  Destination:            cv32e40p_core_ip/core_i/load_store_unit_i/rdata_q_reg[10]/D
                            (rising edge-triggered cell FDCE clocked by clk_out1_clk_wiz_0_1  {rise@0.000ns fall@8.333ns period=16.667ns})
  Path Group:             clk_out1_clk_wiz_0_1
  Path Type:              Hold (Min at Slow Process Corner)
  Requirement:            0.000ns  (clk_out1_clk_wiz_0_1 rise@0.000ns - clk_out1_clk_wiz_0_1 rise@0.000ns)
  Data Path Delay:        3.050ns  (logic 0.355ns (11.639%)  route 2.695ns (88.361%))
  Logic Levels:           3  (LUT4=1 LUT6=2)
  Clock Path Skew:        2.904ns (DCD - SCD - CPR)
    Destination Clock Delay (DCD):    7.300ns
    Source Clock Delay      (SCD):    4.461ns
    Clock Pessimism Removal (CPR):    -0.065ns
  Clock Net Delay (Source):      2.456ns (routing 1.169ns, distribution 1.287ns)
  Clock Net Delay (Destination): 1.761ns (routing 0.335ns, distribution 1.426ns)

    Location             Delay type                Incr(ns)  Path(ns)    Netlist Resource(s)
  -------------------------------------------------------------------    -------------------
                         (clock clk_out1_clk_wiz_0_1 rise edge)
                                                      0.000     0.000 r  
    BC9                                               0.000     0.000 r  clk_p (IN)
                         net (fo=0)                   0.001     0.001    dutclk/inst/clkin1_ibufds/I
    HPIOBDIFFINBUF_X1Y59 DIFFINBUF (Prop_DIFFINBUF_HPIOBDIFFINBUF_DIFF_IN_P_O)
                                                      0.393     0.394 r  dutclk/inst/clkin1_ibufds/DIFFINBUF_INST/O
                         net (fo=1, routed)           0.051     0.445    dutclk/inst/clkin1_ibufds/OUT
    BC9                  IBUFCTRL (Prop_IBUFCTRL_HPIOB_I_O)
                                                      0.000     0.445 r  dutclk/inst/clkin1_ibufds/IBUFCTRL_INST/O
                         net (fo=1, routed)           0.778     1.223    dutclk/inst/clk_in1_clk_wiz_0
    MMCME3_ADV_X1Y2      MMCME3_ADV (Prop_MMCME3_ADV_CLKIN1_CLKOUT0)
                                                      0.335     1.558 r  dutclk/inst/mmcme3_adv_inst/CLKOUT0
                         net (fo=1, routed)           0.372     1.930    dutclk/inst/clk_out1_clk_wiz_0
    BUFGCE_X1Y48         BUFGCE (Prop_BUFCE_BUFGCE_I_O)
                                                      0.075     2.005 r  dutclk/inst/clkout1_buf/O
    X2Y5 (CLOCK_ROOT)    net (fo=3482, routed)        2.456     4.461    dcache/way1/clk_out1
    SLICE_X67Y351        FDRE                                         r  dcache/way1/rline_o_reg[10]/C
  -------------------------------------------------------------------    -------------------
    SLICE_X67Y351        FDRE (Prop_BFF_SLICEL_C_Q)
                                                      0.104     4.565 r  dcache/way1/rline_o_reg[10]/Q
                         net (fo=2, routed)           0.427     4.992    dcache/way0/rdata_q[31]_i_3[10]
    SLICE_X67Y351        LUT6 (Prop_H6LUT_SLICEL_I5_O)
                                                      0.133     5.125 r  dcache/way0/rdata_q[10]_i_3/O
                         net (fo=1, routed)           0.596     5.721    obi_demux_dut/cache_rdata[10]
    SLICE_X70Y349        LUT6 (Prop_H6LUT_SLICEL_I1_O)
                                                      0.088     5.809 r  obi_demux_dut/rdata_q[10]_i_2/O
                         net (fo=7, routed)           1.644     7.453    cv32e40p_core_ip/core_i/id_stage_i/data_rdata[10]
    SLICE_X70Y396        LUT4 (Prop_D6LUT_SLICEL_I0_O)
                                                      0.030     7.483 r  cv32e40p_core_ip/core_i/id_stage_i/rdata_q[10]_i_1/O
                         net (fo=1, routed)           0.028     7.511    cv32e40p_core_ip/core_i/load_store_unit_i/rdata_q_reg[31]_2[10]
    SLICE_X70Y396        FDCE                                         r  cv32e40p_core_ip/core_i/load_store_unit_i/rdata_q_reg[10]/D
  -------------------------------------------------------------------    -------------------

                         (clock clk_out1_clk_wiz_0_1 rise edge)
                                                      0.000     0.000 r  
    BC9                                               0.000     0.000 r  clk_p (IN)
                         net (fo=0)                   0.001     0.001    dutclk/inst/clkin1_ibufds/I
    HPIOBDIFFINBUF_X1Y59 DIFFINBUF (Prop_DIFFINBUF_HPIOBDIFFINBUF_DIFF_IN_P_O)
                                                      0.591     0.592 r  dutclk/inst/clkin1_ibufds/DIFFINBUF_INST/O
                         net (fo=1, routed)           0.090     0.682    dutclk/inst/clkin1_ibufds/OUT
    BC9                  IBUFCTRL (Prop_IBUFCTRL_HPIOB_I_O)
                                                      0.000     0.682 r  dutclk/inst/clkin1_ibufds/IBUFCTRL_INST/O
                         net (fo=1, routed)           0.865     1.547    dutclk/inst/clk_in1_clk_wiz_0
    MMCME3_ADV_X1Y2      MMCME3_ADV (Prop_MMCME3_ADV_CLKIN1_CLKOUT0)
                                                     -0.231     1.316 r  dutclk/inst/mmcme3_adv_inst/CLKOUT0
                         net (fo=1, routed)           0.437     1.753    dutclk/inst/clk_out1_clk_wiz_0
    BUFGCE_X1Y48         BUFGCE (Prop_BUFCE_BUFGCE_I_O)
                                                      0.083     1.836 r  dutclk/inst/clkout1_buf/O
                         net (fo=3482, routed)        2.652     4.488    cv32e40p_core_ip/core_i/sleep_unit_i/core_clock_gate_i/clk_out1
    SLICE_X56Y394        LUT2 (Prop_D5LUT_SLICEL_I0_O)
                                                      0.205     4.693 r  cv32e40p_core_ip/core_i/sleep_unit_i/core_clock_gate_i/cnt_q[1]_i_7/O
                         net (fo=1, routed)           0.763     5.456    cv32e40p_core_ip_n_98
    BUFGCE_X0Y167        BUFGCE (Prop_BUFCE_BUFGCE_I_O)
                                                      0.083     5.539 r  cnt_q_reg[1]_i_3/O
    X2Y6 (CLOCK_ROOT)    net (fo=1120, routed)        1.761     7.300    cv32e40p_core_ip/core_i/load_store_unit_i/clk
    SLICE_X70Y396        FDCE                                         r  cv32e40p_core_ip/core_i/load_store_unit_i/rdata_q_reg[10]/C
                         clock pessimism              0.065     7.365    
    SLICE_X70Y396        FDCE (Hold_DFF_SLICEL_C_D)
                                                      0.107     7.472    cv32e40p_core_ip/core_i/load_store_unit_i/rdata_q_reg[10]
  -------------------------------------------------------------------
                         required time                         -7.472    
                         arrival time                           7.511    
  -------------------------------------------------------------------
                         slack                                  0.039    

Slack (MET) :             0.040ns  (arrival time - required time)
  Source:                 icache/way1/rline_o_reg[37]/C
                            (rising edge-triggered cell FDRE clocked by clk_out1_clk_wiz_0_1  {rise@0.000ns fall@8.333ns period=16.667ns})
  Destination:            cv32e40p_core_ip/core_i/if_stage_i/prefetch_buffer_i/fifo_i/mem_q_reg[0][5]/D
                            (rising edge-triggered cell FDCE clocked by clk_out1_clk_wiz_0_1  {rise@0.000ns fall@8.333ns period=16.667ns})
  Path Group:             clk_out1_clk_wiz_0_1
  Path Type:              Hold (Min at Slow Process Corner)
  Requirement:            0.000ns  (clk_out1_clk_wiz_0_1 rise@0.000ns - clk_out1_clk_wiz_0_1 rise@0.000ns)
  Data Path Delay:        2.961ns  (logic 0.133ns (4.492%)  route 2.828ns (95.508%))
  Logic Levels:           1  (LUT6=1)
  Clock Path Skew:        2.813ns (DCD - SCD - CPR)
    Destination Clock Delay (DCD):    7.346ns
    Source Clock Delay      (SCD):    4.536ns
    Clock Pessimism Removal (CPR):    -0.003ns
  Clock Net Delay (Source):      2.531ns (routing 1.169ns, distribution 1.362ns)
  Clock Net Delay (Destination): 1.807ns (routing 0.335ns, distribution 1.472ns)

    Location             Delay type                Incr(ns)  Path(ns)    Netlist Resource(s)
  -------------------------------------------------------------------    -------------------
                         (clock clk_out1_clk_wiz_0_1 rise edge)
                                                      0.000     0.000 r  
    BC9                                               0.000     0.000 r  clk_p (IN)
                         net (fo=0)                   0.001     0.001    dutclk/inst/clkin1_ibufds/I
    HPIOBDIFFINBUF_X1Y59 DIFFINBUF (Prop_DIFFINBUF_HPIOBDIFFINBUF_DIFF_IN_P_O)
                                                      0.393     0.394 r  dutclk/inst/clkin1_ibufds/DIFFINBUF_INST/O
                         net (fo=1, routed)           0.051     0.445    dutclk/inst/clkin1_ibufds/OUT
    BC9                  IBUFCTRL (Prop_IBUFCTRL_HPIOB_I_O)
                                                      0.000     0.445 r  dutclk/inst/clkin1_ibufds/IBUFCTRL_INST/O
                         net (fo=1, routed)           0.778     1.223    dutclk/inst/clk_in1_clk_wiz_0
    MMCME3_ADV_X1Y2      MMCME3_ADV (Prop_MMCME3_ADV_CLKIN1_CLKOUT0)
                                                      0.335     1.558 r  dutclk/inst/mmcme3_adv_inst/CLKOUT0
                         net (fo=1, routed)           0.372     1.930    dutclk/inst/clk_out1_clk_wiz_0
    BUFGCE_X1Y48         BUFGCE (Prop_BUFCE_BUFGCE_I_O)
                                                      0.075     2.005 r  dutclk/inst/clkout1_buf/O
    X2Y5 (CLOCK_ROOT)    net (fo=3482, routed)        2.531     4.536    icache/way1/clk_out1
    SLICE_X81Y365        FDRE                                         r  icache/way1/rline_o_reg[37]/C
  -------------------------------------------------------------------    -------------------
    SLICE_X81Y365        FDRE (Prop_BFF_SLICEL_C_Q)
                                                      0.104     4.640 r  icache/way1/rline_o_reg[37]/Q
                         net (fo=1, routed)           1.098     5.738    icache/way0/mem_q_reg[1][31][37]
    SLICE_X81Y365        LUT6 (Prop_H6LUT_SLICEL_I5_O)
                                                      0.029     5.767 r  icache/way0/mem_q[0][5]_i_1/O
                         net (fo=3, routed)           1.730     7.497    cv32e40p_core_ip/core_i/if_stage_i/prefetch_buffer_i/fifo_i/mem_q_reg[1][31]_0[5]
    SLICE_X81Y377        FDCE                                         r  cv32e40p_core_ip/core_i/if_stage_i/prefetch_buffer_i/fifo_i/mem_q_reg[0][5]/D
  -------------------------------------------------------------------    -------------------

                         (clock clk_out1_clk_wiz_0_1 rise edge)
                                                      0.000     0.000 r  
    BC9                                               0.000     0.000 r  clk_p (IN)
                         net (fo=0)                   0.001     0.001    dutclk/inst/clkin1_ibufds/I
    HPIOBDIFFINBUF_X1Y59 DIFFINBUF (Prop_DIFFINBUF_HPIOBDIFFINBUF_DIFF_IN_P_O)
                                                      0.591     0.592 r  dutclk/inst/clkin1_ibufds/DIFFINBUF_INST/O
                         net (fo=1, routed)           0.090     0.682    dutclk/inst/clkin1_ibufds/OUT
    BC9                  IBUFCTRL (Prop_IBUFCTRL_HPIOB_I_O)
                                                      0.000     0.682 r  dutclk/inst/clkin1_ibufds/IBUFCTRL_INST/O
                         net (fo=1, routed)           0.865     1.547    dutclk/inst/clk_in1_clk_wiz_0
    MMCME3_ADV_X1Y2      MMCME3_ADV (Prop_MMCME3_ADV_CLKIN1_CLKOUT0)
                                                     -0.231     1.316 r  dutclk/inst/mmcme3_adv_inst/CLKOUT0
                         net (fo=1, routed)           0.437     1.753    dutclk/inst/clk_out1_clk_wiz_0
    BUFGCE_X1Y48         BUFGCE (Prop_BUFCE_BUFGCE_I_O)
                                                      0.083     1.836 r  dutclk/inst/clkout1_buf/O
                         net (fo=3482, routed)        2.652     4.488    cv32e40p_core_ip/core_i/sleep_unit_i/core_clock_gate_i/clk_out1
    SLICE_X56Y394        LUT2 (Prop_D5LUT_SLICEL_I0_O)
                                                      0.205     4.693 r  cv32e40p_core_ip/core_i/sleep_unit_i/core_clock_gate_i/cnt_q[1]_i_7/O
                         net (fo=1, routed)           0.763     5.456    cv32e40p_core_ip_n_98
    BUFGCE_X0Y167        BUFGCE (Prop_BUFCE_BUFGCE_I_O)
                                                      0.083     5.539 r  cnt_q_reg[1]_i_3/O
    X2Y6 (CLOCK_ROOT)    net (fo=1120, routed)        1.807     7.346    cv32e40p_core_ip/core_i/if_stage_i/prefetch_buffer_i/fifo_i/clk
    SLICE_X81Y377        FDCE                                         r  cv32e40p_core_ip/core_i/if_stage_i/prefetch_buffer_i/fifo_i/mem_q_reg[0][5]/C
                         clock pessimism              0.003     7.349    
    SLICE_X81Y377        FDCE (Hold_GFF_SLICEL_C_D)
                                                      0.108     7.457    cv32e40p_core_ip/core_i/if_stage_i/prefetch_buffer_i/fifo_i/mem_q_reg[0][5]
  -------------------------------------------------------------------
                         required time                         -7.457    
                         arrival time                           7.497    
  -------------------------------------------------------------------
                         slack                                  0.040    

Slack (MET) :             0.040ns  (arrival time - required time)
  Source:                 timer/rdata_o_reg[26]/C
                            (rising edge-triggered cell FDCE clocked by clk_out1_clk_wiz_0_1  {rise@0.000ns fall@8.333ns period=16.667ns})
  Destination:            cv32e40p_core_ip/core_i/load_store_unit_i/rdata_q_reg[26]/D
                            (rising edge-triggered cell FDCE clocked by clk_out1_clk_wiz_0_1  {rise@0.000ns fall@8.333ns period=16.667ns})
  Path Group:             clk_out1_clk_wiz_0_1
  Path Type:              Hold (Min at Slow Process Corner)
  Requirement:            0.000ns  (clk_out1_clk_wiz_0_1 rise@0.000ns - clk_out1_clk_wiz_0_1 rise@0.000ns)
  Data Path Delay:        3.037ns  (logic 0.411ns (13.533%)  route 2.626ns (86.467%))
  Logic Levels:           3  (LUT4=1 LUT5=1 LUT6=1)
  Clock Path Skew:        2.890ns (DCD - SCD - CPR)
    Destination Clock Delay (DCD):    7.301ns
    Source Clock Delay      (SCD):    4.476ns
    Clock Pessimism Removal (CPR):    -0.065ns
  Clock Net Delay (Source):      2.471ns (routing 1.169ns, distribution 1.302ns)
  Clock Net Delay (Destination): 1.762ns (routing 0.335ns, distribution 1.427ns)

    Location             Delay type                Incr(ns)  Path(ns)    Netlist Resource(s)
  -------------------------------------------------------------------    -------------------
                         (clock clk_out1_clk_wiz_0_1 rise edge)
                                                      0.000     0.000 r  
    BC9                                               0.000     0.000 r  clk_p (IN)
                         net (fo=0)                   0.001     0.001    dutclk/inst/clkin1_ibufds/I
    HPIOBDIFFINBUF_X1Y59 DIFFINBUF (Prop_DIFFINBUF_HPIOBDIFFINBUF_DIFF_IN_P_O)
                                                      0.393     0.394 r  dutclk/inst/clkin1_ibufds/DIFFINBUF_INST/O
                         net (fo=1, routed)           0.051     0.445    dutclk/inst/clkin1_ibufds/OUT
    BC9                  IBUFCTRL (Prop_IBUFCTRL_HPIOB_I_O)
                                                      0.000     0.445 r  dutclk/inst/clkin1_ibufds/IBUFCTRL_INST/O
                         net (fo=1, routed)           0.778     1.223    dutclk/inst/clk_in1_clk_wiz_0
    MMCME3_ADV_X1Y2      MMCME3_ADV (Prop_MMCME3_ADV_CLKIN1_CLKOUT0)
                                                      0.335     1.558 r  dutclk/inst/mmcme3_adv_inst/CLKOUT0
                         net (fo=1, routed)           0.372     1.930    dutclk/inst/clk_out1_clk_wiz_0
    BUFGCE_X1Y48         BUFGCE (Prop_BUFCE_BUFGCE_I_O)
                                                      0.075     2.005 r  dutclk/inst/clkout1_buf/O
    X2Y5 (CLOCK_ROOT)    net (fo=3482, routed)        2.471     4.476    timer/clk_out1
    SLICE_X73Y346        FDCE                                         r  timer/rdata_o_reg[26]/C
  -------------------------------------------------------------------    -------------------
    SLICE_X73Y346        FDCE (Prop_AFF_SLICEL_C_Q)
                                                      0.104     4.580 r  timer/rdata_o_reg[26]/Q
                         net (fo=1, routed)           0.612     5.192    obi_demux_dut/rdata_q[31]_i_3_1[26]
    SLICE_X73Y352        LUT5 (Prop_G6LUT_SLICEL_I2_O)
                                                      0.123     5.315 r  obi_demux_dut/rdata_q[26]_i_4/O
                         net (fo=1, routed)           0.467     5.782    obi_demux_dut/rdata_q[26]_i_4_n_0
    SLICE_X73Y352        LUT6 (Prop_H6LUT_SLICEL_I5_O)
                                                      0.057     5.839 r  obi_demux_dut/rdata_q[26]_i_2/O
                         net (fo=4, routed)           1.519     7.358    cv32e40p_core_ip/core_i/id_stage_i/data_rdata[26]
    SLICE_X71Y396        LUT4 (Prop_D6LUT_SLICEM_I0_O)
                                                      0.127     7.485 r  cv32e40p_core_ip/core_i/id_stage_i/rdata_q[26]_i_1/O
                         net (fo=1, routed)           0.028     7.513    cv32e40p_core_ip/core_i/load_store_unit_i/rdata_q_reg[31]_2[26]
    SLICE_X71Y396        FDCE                                         r  cv32e40p_core_ip/core_i/load_store_unit_i/rdata_q_reg[26]/D
  -------------------------------------------------------------------    -------------------

                         (clock clk_out1_clk_wiz_0_1 rise edge)
                                                      0.000     0.000 r  
    BC9                                               0.000     0.000 r  clk_p (IN)
                         net (fo=0)                   0.001     0.001    dutclk/inst/clkin1_ibufds/I
    HPIOBDIFFINBUF_X1Y59 DIFFINBUF (Prop_DIFFINBUF_HPIOBDIFFINBUF_DIFF_IN_P_O)
                                                      0.591     0.592 r  dutclk/inst/clkin1_ibufds/DIFFINBUF_INST/O
                         net (fo=1, routed)           0.090     0.682    dutclk/inst/clkin1_ibufds/OUT
    BC9                  IBUFCTRL (Prop_IBUFCTRL_HPIOB_I_O)
                                                      0.000     0.682 r  dutclk/inst/clkin1_ibufds/IBUFCTRL_INST/O
                         net (fo=1, routed)           0.865     1.547    dutclk/inst/clk_in1_clk_wiz_0
    MMCME3_ADV_X1Y2      MMCME3_ADV (Prop_MMCME3_ADV_CLKIN1_CLKOUT0)
                                                     -0.231     1.316 r  dutclk/inst/mmcme3_adv_inst/CLKOUT0
                         net (fo=1, routed)           0.437     1.753    dutclk/inst/clk_out1_clk_wiz_0
    BUFGCE_X1Y48         BUFGCE (Prop_BUFCE_BUFGCE_I_O)
                                                      0.083     1.836 r  dutclk/inst/clkout1_buf/O
                         net (fo=3482, routed)        2.652     4.488    cv32e40p_core_ip/core_i/sleep_unit_i/core_clock_gate_i/clk_out1
    SLICE_X56Y394        LUT2 (Prop_D5LUT_SLICEL_I0_O)
                                                      0.205     4.693 r  cv32e40p_core_ip/core_i/sleep_unit_i/core_clock_gate_i/cnt_q[1]_i_7/O
                         net (fo=1, routed)           0.763     5.456    cv32e40p_core_ip_n_98
    BUFGCE_X0Y167        BUFGCE (Prop_BUFCE_BUFGCE_I_O)
                                                      0.083     5.539 r  cnt_q_reg[1]_i_3/O
    X2Y6 (CLOCK_ROOT)    net (fo=1120, routed)        1.762     7.301    cv32e40p_core_ip/core_i/load_store_unit_i/clk
    SLICE_X71Y396        FDCE                                         r  cv32e40p_core_ip/core_i/load_store_unit_i/rdata_q_reg[26]/C
                         clock pessimism              0.065     7.366    
    SLICE_X71Y396        FDCE (Hold_DFF_SLICEM_C_D)
                                                      0.107     7.473    cv32e40p_core_ip/core_i/load_store_unit_i/rdata_q_reg[26]
  -------------------------------------------------------------------
                         required time                         -7.473    
                         arrival time                           7.513    
  -------------------------------------------------------------------
                         slack                                  0.040    





Pulse Width Checks
--------------------------------------------------------------------------------------
Clock Name:         clk_out1_clk_wiz_0_1
Waveform(ns):       { 0.000 8.333 }
Period(ns):         16.667
Sources:            { dutclk/inst/mmcme3_adv_inst/CLKOUT0 }

Check Type        Corner  Lib Pin             Reference Pin  Required(ns)  Actual(ns)  Slack(ns)  Location       Pin
Min Period        n/a     RAMB36E2/CLKARDCLK  n/a            1.961         16.667      14.706     RAMB36_X10Y65  main_memory/mem_reg_0_bram_0/CLKARDCLK
Min Period        n/a     RAMB36E2/CLKARDCLK  n/a            1.961         16.667      14.706     RAMB36_X10Y66  main_memory/mem_reg_0_bram_1/CLKARDCLK
Min Period        n/a     RAMB36E2/CLKARDCLK  n/a            1.961         16.667      14.706     RAMB36_X10Y67  main_memory/mem_reg_0_bram_2/CLKARDCLK
Min Period        n/a     RAMB36E2/CLKARDCLK  n/a            1.961         16.667      14.706     RAMB36_X10Y68  main_memory/mem_reg_0_bram_3/CLKARDCLK
Min Period        n/a     RAMB36E2/CLKARDCLK  n/a            1.961         16.667      14.706     RAMB36_X10Y69  main_memory/mem_reg_0_bram_4/CLKARDCLK
Min Period        n/a     RAMB36E2/CLKARDCLK  n/a            1.961         16.667      14.706     RAMB36_X10Y70  main_memory/mem_reg_0_bram_5/CLKARDCLK
Min Period        n/a     RAMB36E2/CLKARDCLK  n/a            1.961         16.667      14.706     RAMB36_X10Y71  main_memory/mem_reg_0_bram_6/CLKARDCLK
Min Period        n/a     RAMB36E2/CLKARDCLK  n/a            1.961         16.667      14.706     RAMB36_X10Y72  main_memory/mem_reg_0_bram_7/CLKARDCLK
Min Period        n/a     RAMB36E2/CLKARDCLK  n/a            1.961         16.667      14.706     RAMB36_X8Y65   main_memory/mem_reg_1_bram_0/CLKARDCLK
Min Period        n/a     RAMB36E2/CLKARDCLK  n/a            1.961         16.667      14.706     RAMB36_X8Y66   main_memory/mem_reg_1_bram_1/CLKARDCLK
Low Pulse Width   Slow    RAMB36E2/CLKARDCLK  n/a            0.980         8.333       7.353      RAMB36_X10Y65  main_memory/mem_reg_0_bram_0/CLKARDCLK
Low Pulse Width   Fast    RAMB36E2/CLKARDCLK  n/a            0.980         8.333       7.353      RAMB36_X10Y65  main_memory/mem_reg_0_bram_0/CLKARDCLK
Low Pulse Width   Slow    RAMB36E2/CLKARDCLK  n/a            0.980         8.333       7.353      RAMB36_X10Y66  main_memory/mem_reg_0_bram_1/CLKARDCLK
Low Pulse Width   Fast    RAMB36E2/CLKARDCLK  n/a            0.980         8.333       7.353      RAMB36_X10Y66  main_memory/mem_reg_0_bram_1/CLKARDCLK
Low Pulse Width   Slow    RAMB36E2/CLKARDCLK  n/a            0.980         8.333       7.353      RAMB36_X10Y67  main_memory/mem_reg_0_bram_2/CLKARDCLK
Low Pulse Width   Fast    RAMB36E2/CLKARDCLK  n/a            0.980         8.333       7.353      RAMB36_X10Y67  main_memory/mem_reg_0_bram_2/CLKARDCLK
Low Pulse Width   Slow    RAMB36E2/CLKARDCLK  n/a            0.980         8.333       7.353      RAMB36_X10Y68  main_memory/mem_reg_0_bram_3/CLKARDCLK
Low Pulse Width   Fast    RAMB36E2/CLKARDCLK  n/a            0.980         8.333       7.353      RAMB36_X10Y68  main_memory/mem_reg_0_bram_3/CLKARDCLK
Low Pulse Width   Slow    RAMB36E2/CLKARDCLK  n/a            0.980         8.333       7.353      RAMB36_X10Y69  main_memory/mem_reg_0_bram_4/CLKARDCLK
Low Pulse Width   Fast    RAMB36E2/CLKARDCLK  n/a            0.980         8.333       7.353      RAMB36_X10Y69  main_memory/mem_reg_0_bram_4/CLKARDCLK
High Pulse Width  Slow    RAMB36E2/CLKARDCLK  n/a            0.980         8.333       7.353      RAMB36_X10Y65  main_memory/mem_reg_0_bram_0/CLKARDCLK
High Pulse Width  Fast    RAMB36E2/CLKARDCLK  n/a            0.980         8.333       7.353      RAMB36_X10Y65  main_memory/mem_reg_0_bram_0/CLKARDCLK
High Pulse Width  Slow    RAMB36E2/CLKARDCLK  n/a            0.980         8.333       7.353      RAMB36_X10Y66  main_memory/mem_reg_0_bram_1/CLKARDCLK
High Pulse Width  Fast    RAMB36E2/CLKARDCLK  n/a            0.980         8.333       7.353      RAMB36_X10Y66  main_memory/mem_reg_0_bram_1/CLKARDCLK
High Pulse Width  Slow    RAMB36E2/CLKARDCLK  n/a            0.980         8.333       7.353      RAMB36_X10Y67  main_memory/mem_reg_0_bram_2/CLKARDCLK
High Pulse Width  Fast    RAMB36E2/CLKARDCLK  n/a            0.980         8.333       7.353      RAMB36_X10Y67  main_memory/mem_reg_0_bram_2/CLKARDCLK
High Pulse Width  Slow    RAMB36E2/CLKARDCLK  n/a            0.980         8.333       7.353      RAMB36_X10Y68  main_memory/mem_reg_0_bram_3/CLKARDCLK
High Pulse Width  Fast    RAMB36E2/CLKARDCLK  n/a            0.980         8.333       7.353      RAMB36_X10Y68  main_memory/mem_reg_0_bram_3/CLKARDCLK
High Pulse Width  Slow    RAMB36E2/CLKARDCLK  n/a            0.980         8.333       7.353      RAMB36_X10Y69  main_memory/mem_reg_0_bram_4/CLKARDCLK
High Pulse Width  Fast    RAMB36E2/CLKARDCLK  n/a            0.980         8.333       7.353      RAMB36_X10Y69  main_memory/mem_reg_0_bram_4/CLKARDCLK



--------------------------------------------------------------------------------------
Path Group:  (none)
From Clock:  clk_out1_clk_wiz_0_1
  To Clock:  

Max Delay             7 Endpoints
Min Delay             7 Endpoints
--------------------------------------------------------------------------------------


Max Delay Paths
--------------------------------------------------------------------------------------
Slack:                    inf
  Source:                 uart/uart_iface_dut/uart_tx_dut/read_ptr_reg[0]/C
                            (rising edge-triggered cell FDRE clocked by clk_out1_clk_wiz_0_1  {rise@0.000ns fall@8.333ns period=16.667ns})
  Destination:            uart_tx_o
                            (output port)
  Path Group:             (none)
  Path Type:              Max at Slow Process Corner
  Data Path Delay:        8.491ns  (logic 1.952ns (22.991%)  route 6.539ns (77.009%))
  Logic Levels:           5  (LUT6=2 MUXF7=1 OBUF=1 RAMD32=1)
  Clock Uncertainty:      0.350ns  ((TSJ^2 + DJ^2)^1/2) / 2 + PE
    Total System Jitter     (TSJ):    0.050ns
    Discrete Jitter          (DJ):    0.226ns
    Phase Error              (PE):    0.234ns
  Clock Net Delay (Source):      2.771ns (routing 1.273ns, distribution 1.498ns)

    Location             Delay type                Incr(ns)  Path(ns)    Netlist Resource(s)
  -------------------------------------------------------------------    -------------------
                         (clock clk_out1_clk_wiz_0_1 rise edge)
                                                      0.000     0.000 r  
    BC9                                               0.000     0.000 r  clk_p (IN)
                         net (fo=0)                   0.001     0.001    dutclk/inst/clkin1_ibufds/I
    HPIOBDIFFINBUF_X1Y59 DIFFINBUF (Prop_DIFFINBUF_HPIOBDIFFINBUF_DIFF_IN_P_O)
                                                      0.591     0.592 r  dutclk/inst/clkin1_ibufds/DIFFINBUF_INST/O
                         net (fo=1, routed)           0.090     0.682    dutclk/inst/clkin1_ibufds/OUT
    BC9                  IBUFCTRL (Prop_IBUFCTRL_HPIOB_I_O)
                                                      0.000     0.682 r  dutclk/inst/clkin1_ibufds/IBUFCTRL_INST/O
                         net (fo=1, routed)           0.865     1.547    dutclk/inst/clk_in1_clk_wiz_0
    MMCME3_ADV_X1Y2      MMCME3_ADV (Prop_MMCME3_ADV_CLKIN1_CLKOUT0)
                                                     -0.231     1.316 r  dutclk/inst/mmcme3_adv_inst/CLKOUT0
                         net (fo=1, routed)           0.437     1.753    dutclk/inst/clk_out1_clk_wiz_0
    BUFGCE_X1Y48         BUFGCE (Prop_BUFCE_BUFGCE_I_O)
                                                      0.083     1.836 r  dutclk/inst/clkout1_buf/O
    X2Y5 (CLOCK_ROOT)    net (fo=3482, routed)        2.771     4.607    uart/uart_iface_dut/uart_tx_dut/clk_out1
    SLICE_X70Y341        FDRE                                         r  uart/uart_iface_dut/uart_tx_dut/read_ptr_reg[0]/C
  -------------------------------------------------------------------    -------------------
    SLICE_X70Y341        FDRE (Prop_BFF_SLICEL_C_Q)
                                                      0.113     4.720 r  uart/uart_iface_dut/uart_tx_dut/read_ptr_reg[0]/Q
                         net (fo=17, routed)          0.382     5.102    uart/uart_iface_dut/uart_tx_dut/queue_reg_0_1_0_7/ADDRC0
    SLICE_X71Y341        RAMD32 (Prop_C6LUT_SLICEM_RADR0_O)
                                                      0.191     5.293 r  uart/uart_iface_dut/uart_tx_dut/queue_reg_0_1_0_7/RAMC_D1/O
                         net (fo=1, routed)           0.314     5.607    uart/uart_iface_dut/uart_tx_dut/data5
    SLICE_X70Y341        LUT6 (Prop_G6LUT_SLICEL_I0_O)
                                                      0.189     5.796 r  uart/uart_iface_dut/uart_tx_dut/uart_tx_o_OBUF_inst_i_4/O
                         net (fo=1, routed)           0.069     5.865    uart/uart_iface_dut/uart_tx_dut/uart_tx_o_OBUF_inst_i_4_n_0
    SLICE_X70Y341        LUT6 (Prop_D6LUT_SLICEL_I0_O)
                                                      0.132     5.997 r  uart/uart_iface_dut/uart_tx_dut/uart_tx_o_OBUF_inst_i_2/O
                         net (fo=1, routed)           0.000     5.997    uart/uart_iface_dut/uart_tx_dut/uart_tx_o_OBUF_inst_i_2_n_0
    SLICE_X70Y341        MUXF7 (Prop_F7MUX_CD_SLICEL_I0_O)
                                                      0.067     6.064 r  uart/uart_iface_dut/uart_tx_dut/uart_tx_o_OBUF_inst_i_1/O
                         net (fo=1, routed)           5.774    11.838    uart_tx_o_OBUF
    BE24                 OBUF (Prop_OUTBUF_HRIO_I_O)
                                                      1.260    13.098 r  uart_tx_o_OBUF_inst/O
                         net (fo=0)                   0.000    13.098    uart_tx_o
    BE24                                                              r  uart_tx_o (OUT)
  -------------------------------------------------------------------    -------------------

Slack:                    inf
  Source:                 qspi/qspi_iface_dut/data_out_enable_reg[1]/C
                            (rising edge-triggered cell FDRE clocked by clk_out1_clk_wiz_0_1  {rise@0.000ns fall@8.333ns period=16.667ns})
  Destination:            qspi_data_io[2]
                            (output port)
  Path Group:             (none)
  Path Type:              Max at Slow Process Corner
  Data Path Delay:        5.484ns  (logic 1.110ns (20.240%)  route 4.374ns (79.760%))
  Logic Levels:           2  (LUT3=1 OBUFT=1)
  Clock Uncertainty:      0.350ns  ((TSJ^2 + DJ^2)^1/2) / 2 + PE
    Total System Jitter     (TSJ):    0.050ns
    Discrete Jitter          (DJ):    0.226ns
    Phase Error              (PE):    0.234ns
  Clock Net Delay (Source):      2.774ns (routing 1.273ns, distribution 1.501ns)

    Location             Delay type                Incr(ns)  Path(ns)    Netlist Resource(s)
  -------------------------------------------------------------------    -------------------
                         (clock clk_out1_clk_wiz_0_1 rise edge)
                                                      0.000     0.000 r  
    BC9                                               0.000     0.000 r  clk_p (IN)
                         net (fo=0)                   0.001     0.001    dutclk/inst/clkin1_ibufds/I
    HPIOBDIFFINBUF_X1Y59 DIFFINBUF (Prop_DIFFINBUF_HPIOBDIFFINBUF_DIFF_IN_P_O)
                                                      0.591     0.592 r  dutclk/inst/clkin1_ibufds/DIFFINBUF_INST/O
                         net (fo=1, routed)           0.090     0.682    dutclk/inst/clkin1_ibufds/OUT
    BC9                  IBUFCTRL (Prop_IBUFCTRL_HPIOB_I_O)
                                                      0.000     0.682 r  dutclk/inst/clkin1_ibufds/IBUFCTRL_INST/O
                         net (fo=1, routed)           0.865     1.547    dutclk/inst/clk_in1_clk_wiz_0
    MMCME3_ADV_X1Y2      MMCME3_ADV (Prop_MMCME3_ADV_CLKIN1_CLKOUT0)
                                                     -0.231     1.316 r  dutclk/inst/mmcme3_adv_inst/CLKOUT0
                         net (fo=1, routed)           0.437     1.753    dutclk/inst/clk_out1_clk_wiz_0
    BUFGCE_X1Y48         BUFGCE (Prop_BUFCE_BUFGCE_I_O)
                                                      0.083     1.836 r  dutclk/inst/clkout1_buf/O
    X2Y5 (CLOCK_ROOT)    net (fo=3482, routed)        2.774     4.610    qspi/qspi_iface_dut/clk_out1
    SLICE_X74Y273        FDRE                                         r  qspi/qspi_iface_dut/data_out_enable_reg[1]/C
  -------------------------------------------------------------------    -------------------
    SLICE_X74Y273        FDRE (Prop_DFF_SLICEL_C_Q)
                                                      0.114     4.724 r  qspi/qspi_iface_dut/data_out_enable_reg[1]/Q
                         net (fo=8, routed)           0.499     5.223    qspi/qspi_iface_dut/data_out_enable[1]
    SLICE_X75Y284        LUT3 (Prop_A5LUT_SLICEL_I2_O)
                                                      0.152     5.375 f  qspi/qspi_iface_dut/io_buf2_i_1/O
                         net (fo=4, routed)           3.875     9.250    io_buf2/T
    J20                  OBUFT (TriStatE_OUTBUF_HPIOB_T_O)
                                                      0.844    10.094 r  io_buf2/OBUFT/O
                         net (fo=1, unset)            0.000    10.094    qspi_data_io[2]
    J20                                                               r  qspi_data_io[2] (INOUT)
  -------------------------------------------------------------------    -------------------

Slack:                    inf
  Source:                 qspi/qspi_iface_dut/state_reg[1]/C
                            (rising edge-triggered cell FDRE clocked by clk_out1_clk_wiz_0_1  {rise@0.000ns fall@8.333ns period=16.667ns})
  Destination:            qspi_cs_n_o
                            (output port)
  Path Group:             (none)
  Path Type:              Max at Slow Process Corner
  Data Path Delay:        4.990ns  (logic 1.140ns (22.844%)  route 3.850ns (77.156%))
  Logic Levels:           2  (LUT3=1 OBUF=1)
  Clock Uncertainty:      0.350ns  ((TSJ^2 + DJ^2)^1/2) / 2 + PE
    Total System Jitter     (TSJ):    0.050ns
    Discrete Jitter          (DJ):    0.226ns
    Phase Error              (PE):    0.234ns
  Clock Net Delay (Source):      2.757ns (routing 1.273ns, distribution 1.484ns)

    Location             Delay type                Incr(ns)  Path(ns)    Netlist Resource(s)
  -------------------------------------------------------------------    -------------------
                         (clock clk_out1_clk_wiz_0_1 rise edge)
                                                      0.000     0.000 r  
    BC9                                               0.000     0.000 r  clk_p (IN)
                         net (fo=0)                   0.001     0.001    dutclk/inst/clkin1_ibufds/I
    HPIOBDIFFINBUF_X1Y59 DIFFINBUF (Prop_DIFFINBUF_HPIOBDIFFINBUF_DIFF_IN_P_O)
                                                      0.591     0.592 r  dutclk/inst/clkin1_ibufds/DIFFINBUF_INST/O
                         net (fo=1, routed)           0.090     0.682    dutclk/inst/clkin1_ibufds/OUT
    BC9                  IBUFCTRL (Prop_IBUFCTRL_HPIOB_I_O)
                                                      0.000     0.682 r  dutclk/inst/clkin1_ibufds/IBUFCTRL_INST/O
                         net (fo=1, routed)           0.865     1.547    dutclk/inst/clk_in1_clk_wiz_0
    MMCME3_ADV_X1Y2      MMCME3_ADV (Prop_MMCME3_ADV_CLKIN1_CLKOUT0)
                                                     -0.231     1.316 r  dutclk/inst/mmcme3_adv_inst/CLKOUT0
                         net (fo=1, routed)           0.437     1.753    dutclk/inst/clk_out1_clk_wiz_0
    BUFGCE_X1Y48         BUFGCE (Prop_BUFCE_BUFGCE_I_O)
                                                      0.083     1.836 r  dutclk/inst/clkout1_buf/O
    X2Y5 (CLOCK_ROOT)    net (fo=3482, routed)        2.757     4.593    qspi/qspi_iface_dut/clk_out1
    SLICE_X72Y272        FDRE                                         r  qspi/qspi_iface_dut/state_reg[1]/C
  -------------------------------------------------------------------    -------------------
    SLICE_X72Y272        FDRE (Prop_CFF_SLICEL_C_Q)
                                                      0.114     4.707 f  qspi/qspi_iface_dut/state_reg[1]/Q
                         net (fo=46, routed)          0.470     5.177    qspi/qspi_iface_dut/Q[1]
    SLICE_X71Y273        LUT3 (Prop_B6LUT_SLICEM_I1_O)
                                                      0.177     5.354 r  qspi/qspi_iface_dut/qspi_cs_n_o_OBUF_inst_i_1/O
                         net (fo=1, routed)           3.380     8.734    qspi_cs_n_o_OBUF
    J24                  OBUF (Prop_OUTBUF_HPIOB_I_O)
                                                      0.849     9.583 r  qspi_cs_n_o_OBUF_inst/O
                         net (fo=0)                   0.000     9.583    qspi_cs_n_o
    J24                                                               r  qspi_cs_n_o (OUT)
  -------------------------------------------------------------------    -------------------

Slack:                    inf
  Source:                 qspi/qspi_iface_dut/data_out_enable_reg[0]/C
                            (rising edge-triggered cell FDRE clocked by clk_out1_clk_wiz_0_1  {rise@0.000ns fall@8.333ns period=16.667ns})
  Destination:            qspi_data_io[0]
                            (output port)
  Path Group:             (none)
  Path Type:              Max at Slow Process Corner
  Data Path Delay:        4.699ns  (logic 1.136ns (24.171%)  route 3.563ns (75.829%))
  Logic Levels:           2  (LUT3=1 OBUFT=1)
  Clock Uncertainty:      0.350ns  ((TSJ^2 + DJ^2)^1/2) / 2 + PE
    Total System Jitter     (TSJ):    0.050ns
    Discrete Jitter          (DJ):    0.226ns
    Phase Error              (PE):    0.234ns
  Clock Net Delay (Source):      2.774ns (routing 1.273ns, distribution 1.501ns)

    Location             Delay type                Incr(ns)  Path(ns)    Netlist Resource(s)
  -------------------------------------------------------------------    -------------------
                         (clock clk_out1_clk_wiz_0_1 rise edge)
                                                      0.000     0.000 r  
    BC9                                               0.000     0.000 r  clk_p (IN)
                         net (fo=0)                   0.001     0.001    dutclk/inst/clkin1_ibufds/I
    HPIOBDIFFINBUF_X1Y59 DIFFINBUF (Prop_DIFFINBUF_HPIOBDIFFINBUF_DIFF_IN_P_O)
                                                      0.591     0.592 r  dutclk/inst/clkin1_ibufds/DIFFINBUF_INST/O
                         net (fo=1, routed)           0.090     0.682    dutclk/inst/clkin1_ibufds/OUT
    BC9                  IBUFCTRL (Prop_IBUFCTRL_HPIOB_I_O)
                                                      0.000     0.682 r  dutclk/inst/clkin1_ibufds/IBUFCTRL_INST/O
                         net (fo=1, routed)           0.865     1.547    dutclk/inst/clk_in1_clk_wiz_0
    MMCME3_ADV_X1Y2      MMCME3_ADV (Prop_MMCME3_ADV_CLKIN1_CLKOUT0)
                                                     -0.231     1.316 r  dutclk/inst/mmcme3_adv_inst/CLKOUT0
                         net (fo=1, routed)           0.437     1.753    dutclk/inst/clk_out1_clk_wiz_0
    BUFGCE_X1Y48         BUFGCE (Prop_BUFCE_BUFGCE_I_O)
                                                      0.083     1.836 r  dutclk/inst/clkout1_buf/O
    X2Y5 (CLOCK_ROOT)    net (fo=3482, routed)        2.774     4.610    qspi/qspi_iface_dut/clk_out1
    SLICE_X74Y273        FDRE                                         r  qspi/qspi_iface_dut/data_out_enable_reg[0]/C
  -------------------------------------------------------------------    -------------------
    SLICE_X74Y273        FDRE (Prop_CFF_SLICEL_C_Q)
                                                      0.114     4.724 r  qspi/qspi_iface_dut/data_out_enable_reg[0]/Q
                         net (fo=8, routed)           0.510     5.234    qspi/qspi_iface_dut/data_out_enable[0]
    SLICE_X75Y284        LUT3 (Prop_C5LUT_SLICEL_I1_O)
                                                      0.204     5.438 f  qspi/qspi_iface_dut/io_buf0_i_1/O
                         net (fo=2, routed)           3.053     8.491    io_buf0/T
    P22                  OBUFT (TriStatE_OUTBUF_HPIOB_T_O)
                                                      0.818     9.308 r  io_buf0/OBUFT/O
                         net (fo=1, unset)            0.000     9.308    qspi_data_io[0]
    P22                                                               r  qspi_data_io[0] (INOUT)
  -------------------------------------------------------------------    -------------------

Slack:                    inf
  Source:                 qspi/qspi_iface_dut/data_out_enable_reg[1]/C
                            (rising edge-triggered cell FDRE clocked by clk_out1_clk_wiz_0_1  {rise@0.000ns fall@8.333ns period=16.667ns})
  Destination:            qspi_data_io[3]
                            (output port)
  Path Group:             (none)
  Path Type:              Max at Slow Process Corner
  Data Path Delay:        4.479ns  (logic 1.101ns (24.588%)  route 3.378ns (75.412%))
  Logic Levels:           2  (LUT3=1 OBUFT=1)
  Clock Uncertainty:      0.350ns  ((TSJ^2 + DJ^2)^1/2) / 2 + PE
    Total System Jitter     (TSJ):    0.050ns
    Discrete Jitter          (DJ):    0.226ns
    Phase Error              (PE):    0.234ns
  Clock Net Delay (Source):      2.774ns (routing 1.273ns, distribution 1.501ns)

    Location             Delay type                Incr(ns)  Path(ns)    Netlist Resource(s)
  -------------------------------------------------------------------    -------------------
                         (clock clk_out1_clk_wiz_0_1 rise edge)
                                                      0.000     0.000 r  
    BC9                                               0.000     0.000 r  clk_p (IN)
                         net (fo=0)                   0.001     0.001    dutclk/inst/clkin1_ibufds/I
    HPIOBDIFFINBUF_X1Y59 DIFFINBUF (Prop_DIFFINBUF_HPIOBDIFFINBUF_DIFF_IN_P_O)
                                                      0.591     0.592 r  dutclk/inst/clkin1_ibufds/DIFFINBUF_INST/O
                         net (fo=1, routed)           0.090     0.682    dutclk/inst/clkin1_ibufds/OUT
    BC9                  IBUFCTRL (Prop_IBUFCTRL_HPIOB_I_O)
                                                      0.000     0.682 r  dutclk/inst/clkin1_ibufds/IBUFCTRL_INST/O
                         net (fo=1, routed)           0.865     1.547    dutclk/inst/clk_in1_clk_wiz_0
    MMCME3_ADV_X1Y2      MMCME3_ADV (Prop_MMCME3_ADV_CLKIN1_CLKOUT0)
                                                     -0.231     1.316 r  dutclk/inst/mmcme3_adv_inst/CLKOUT0
                         net (fo=1, routed)           0.437     1.753    dutclk/inst/clk_out1_clk_wiz_0
    BUFGCE_X1Y48         BUFGCE (Prop_BUFCE_BUFGCE_I_O)
                                                      0.083     1.836 r  dutclk/inst/clkout1_buf/O
    X2Y5 (CLOCK_ROOT)    net (fo=3482, routed)        2.774     4.610    qspi/qspi_iface_dut/clk_out1
    SLICE_X74Y273        FDRE                                         r  qspi/qspi_iface_dut/data_out_enable_reg[1]/C
  -------------------------------------------------------------------    -------------------
    SLICE_X74Y273        FDRE (Prop_DFF_SLICEL_C_Q)
                                                      0.114     4.724 r  qspi/qspi_iface_dut/data_out_enable_reg[1]/Q
                         net (fo=8, routed)           0.499     5.223    qspi/qspi_iface_dut/data_out_enable[1]
    SLICE_X75Y284        LUT3 (Prop_A5LUT_SLICEL_I2_O)
                                                      0.152     5.375 f  qspi/qspi_iface_dut/io_buf2_i_1/O
                         net (fo=4, routed)           2.879     8.254    io_buf3/T
    K24                  OBUFT (TriStatE_OUTBUF_HPIOB_T_O)
                                                      0.835     9.089 r  io_buf3/OBUFT/O
                         net (fo=1, unset)            0.000     9.089    qspi_data_io[3]
    K24                                                               r  qspi_data_io[3] (INOUT)
  -------------------------------------------------------------------    -------------------

Slack:                    inf
  Source:                 qspi/qspi_iface_dut/sclk_reg/C
                            (rising edge-triggered cell FDRE clocked by clk_out1_clk_wiz_0_1  {rise@0.000ns fall@8.333ns period=16.667ns})
  Destination:            qspi_sck_o
                            (output port)
  Path Group:             (none)
  Path Type:              Max at Slow Process Corner
  Data Path Delay:        4.451ns  (logic 0.933ns (20.960%)  route 3.518ns (79.040%))
  Logic Levels:           1  (OBUF=1)
  Clock Uncertainty:      0.350ns  ((TSJ^2 + DJ^2)^1/2) / 2 + PE
    Total System Jitter     (TSJ):    0.050ns
    Discrete Jitter          (DJ):    0.226ns
    Phase Error              (PE):    0.234ns
  Clock Net Delay (Source):      2.740ns (routing 1.273ns, distribution 1.467ns)

    Location             Delay type                Incr(ns)  Path(ns)    Netlist Resource(s)
  -------------------------------------------------------------------    -------------------
                         (clock clk_out1_clk_wiz_0_1 rise edge)
                                                      0.000     0.000 r  
    BC9                                               0.000     0.000 r  clk_p (IN)
                         net (fo=0)                   0.001     0.001    dutclk/inst/clkin1_ibufds/I
    HPIOBDIFFINBUF_X1Y59 DIFFINBUF (Prop_DIFFINBUF_HPIOBDIFFINBUF_DIFF_IN_P_O)
                                                      0.591     0.592 r  dutclk/inst/clkin1_ibufds/DIFFINBUF_INST/O
                         net (fo=1, routed)           0.090     0.682    dutclk/inst/clkin1_ibufds/OUT
    BC9                  IBUFCTRL (Prop_IBUFCTRL_HPIOB_I_O)
                                                      0.000     0.682 r  dutclk/inst/clkin1_ibufds/IBUFCTRL_INST/O
                         net (fo=1, routed)           0.865     1.547    dutclk/inst/clk_in1_clk_wiz_0
    MMCME3_ADV_X1Y2      MMCME3_ADV (Prop_MMCME3_ADV_CLKIN1_CLKOUT0)
                                                     -0.231     1.316 r  dutclk/inst/mmcme3_adv_inst/CLKOUT0
                         net (fo=1, routed)           0.437     1.753    dutclk/inst/clk_out1_clk_wiz_0
    BUFGCE_X1Y48         BUFGCE (Prop_BUFCE_BUFGCE_I_O)
                                                      0.083     1.836 r  dutclk/inst/clkout1_buf/O
    X2Y5 (CLOCK_ROOT)    net (fo=3482, routed)        2.740     4.576    qspi/qspi_iface_dut/clk_out1
    SLICE_X73Y278        FDRE                                         r  qspi/qspi_iface_dut/sclk_reg/C
  -------------------------------------------------------------------    -------------------
    SLICE_X73Y278        FDRE (Prop_DFF_SLICEL_C_Q)
                                                      0.114     4.690 r  qspi/qspi_iface_dut/sclk_reg/Q
                         net (fo=23, routed)          3.518     8.208    qspi_sck_o_OBUF
    T23                  OBUF (Prop_OUTBUF_HPIOB_I_O)
                                                      0.819     9.027 r  qspi_sck_o_OBUF_inst/O
                         net (fo=0)                   0.000     9.027    qspi_sck_o
    T23                                                               r  qspi_sck_o (OUT)
  -------------------------------------------------------------------    -------------------

Slack:                    inf
  Source:                 qspi/qspi_iface_dut/data_out_enable_reg[1]/C
                            (rising edge-triggered cell FDRE clocked by clk_out1_clk_wiz_0_1  {rise@0.000ns fall@8.333ns period=16.667ns})
  Destination:            qspi_data_io[1]
                            (output port)
  Path Group:             (none)
  Path Type:              Max at Slow Process Corner
  Data Path Delay:        4.344ns  (logic 1.063ns (24.467%)  route 3.281ns (75.533%))
  Logic Levels:           2  (LUT2=1 OBUFT=1)
  Clock Uncertainty:      0.350ns  ((TSJ^2 + DJ^2)^1/2) / 2 + PE
    Total System Jitter     (TSJ):    0.050ns
    Discrete Jitter          (DJ):    0.226ns
    Phase Error              (PE):    0.234ns
  Clock Net Delay (Source):      2.774ns (routing 1.273ns, distribution 1.501ns)

    Location             Delay type                Incr(ns)  Path(ns)    Netlist Resource(s)
  -------------------------------------------------------------------    -------------------
                         (clock clk_out1_clk_wiz_0_1 rise edge)
                                                      0.000     0.000 r  
    BC9                                               0.000     0.000 r  clk_p (IN)
                         net (fo=0)                   0.001     0.001    dutclk/inst/clkin1_ibufds/I
    HPIOBDIFFINBUF_X1Y59 DIFFINBUF (Prop_DIFFINBUF_HPIOBDIFFINBUF_DIFF_IN_P_O)
                                                      0.591     0.592 r  dutclk/inst/clkin1_ibufds/DIFFINBUF_INST/O
                         net (fo=1, routed)           0.090     0.682    dutclk/inst/clkin1_ibufds/OUT
    BC9                  IBUFCTRL (Prop_IBUFCTRL_HPIOB_I_O)
                                                      0.000     0.682 r  dutclk/inst/clkin1_ibufds/IBUFCTRL_INST/O
                         net (fo=1, routed)           0.865     1.547    dutclk/inst/clk_in1_clk_wiz_0
    MMCME3_ADV_X1Y2      MMCME3_ADV (Prop_MMCME3_ADV_CLKIN1_CLKOUT0)
                                                     -0.231     1.316 r  dutclk/inst/mmcme3_adv_inst/CLKOUT0
                         net (fo=1, routed)           0.437     1.753    dutclk/inst/clk_out1_clk_wiz_0
    BUFGCE_X1Y48         BUFGCE (Prop_BUFCE_BUFGCE_I_O)
                                                      0.083     1.836 r  dutclk/inst/clkout1_buf/O
    X2Y5 (CLOCK_ROOT)    net (fo=3482, routed)        2.774     4.610    qspi/qspi_iface_dut/clk_out1
    SLICE_X74Y273        FDRE                                         r  qspi/qspi_iface_dut/data_out_enable_reg[1]/C
  -------------------------------------------------------------------    -------------------
    SLICE_X74Y273        FDRE (Prop_DFF_SLICEL_C_Q)
                                                      0.114     4.724 r  qspi/qspi_iface_dut/data_out_enable_reg[1]/Q
                         net (fo=8, routed)           0.499     5.223    qspi/qspi_iface_dut/data_out_enable[1]
    SLICE_X75Y284        LUT2 (Prop_A6LUT_SLICEL_I1_O)
                                                      0.131     5.354 f  qspi/qspi_iface_dut/io_buf1_i_1/O
                         net (fo=2, routed)           2.782     8.136    io_buf1/T
    N22                  OBUFT (TriStatE_OUTBUF_HPIOB_T_O)
                                                      0.818     8.954 r  io_buf1/OBUFT/O
                         net (fo=1, unset)            0.000     8.954    qspi_data_io[1]
    N22                                                               r  qspi_data_io[1] (INOUT)
  -------------------------------------------------------------------    -------------------





Min Delay Paths
--------------------------------------------------------------------------------------
Slack:                    inf
  Source:                 qspi/qspi_iface_dut/data_out_enable_reg[0]/C
                            (rising edge-triggered cell FDRE clocked by clk_out1_clk_wiz_0_1  {rise@0.000ns fall@8.333ns period=16.667ns})
  Destination:            qspi_data_io[1]
                            (output port)
  Path Group:             (none)
  Path Type:              Min at Fast Process Corner
  Data Path Delay:        1.753ns  (logic 0.247ns (14.083%)  route 1.506ns (85.917%))
  Logic Levels:           2  (LUT2=1 OBUFT=1)
  Clock Uncertainty:      0.350ns  ((TSJ^2 + DJ^2)^1/2) / 2 + PE
    Total System Jitter     (TSJ):    0.050ns
    Discrete Jitter          (DJ):    0.226ns
    Phase Error              (PE):    0.234ns
  Clock Net Delay (Source):      1.263ns (routing 0.631ns, distribution 0.632ns)

    Location             Delay type                Incr(ns)  Path(ns)    Netlist Resource(s)
  -------------------------------------------------------------------    -------------------
                         (clock clk_out1_clk_wiz_0_1 rise edge)
                                                      0.000     0.000 r  
    BC9                                               0.000     0.000 r  clk_p (IN)
                         net (fo=0)                   0.001     0.001    dutclk/inst/clkin1_ibufds/I
    HPIOBDIFFINBUF_X1Y59 DIFFINBUF (Prop_DIFFINBUF_HPIOBDIFFINBUF_DIFF_IN_P_O)
                                                      0.271     0.272 r  dutclk/inst/clkin1_ibufds/DIFFINBUF_INST/O
                         net (fo=1, routed)           0.028     0.300    dutclk/inst/clkin1_ibufds/OUT
    BC9                  IBUFCTRL (Prop_IBUFCTRL_HPIOB_I_O)
                                                      0.000     0.300 r  dutclk/inst/clkin1_ibufds/IBUFCTRL_INST/O
                         net (fo=1, routed)           0.405     0.705    dutclk/inst/clk_in1_clk_wiz_0
    MMCME3_ADV_X1Y2      MMCME3_ADV (Prop_MMCME3_ADV_CLKIN1_CLKOUT0)
                                                      0.270     0.975 r  dutclk/inst/mmcme3_adv_inst/CLKOUT0
                         net (fo=1, routed)           0.167     1.142    dutclk/inst/clk_out1_clk_wiz_0
    BUFGCE_X1Y48         BUFGCE (Prop_BUFCE_BUFGCE_I_O)
                                                      0.027     1.169 r  dutclk/inst/clkout1_buf/O
    X2Y5 (CLOCK_ROOT)    net (fo=3482, routed)        1.263     2.432    qspi/qspi_iface_dut/clk_out1
    SLICE_X74Y273        FDRE                                         r  qspi/qspi_iface_dut/data_out_enable_reg[0]/C
  -------------------------------------------------------------------    -------------------
    SLICE_X74Y273        FDRE (Prop_CFF_SLICEL_C_Q)
                                                      0.048     2.480 f  qspi/qspi_iface_dut/data_out_enable_reg[0]/Q
                         net (fo=8, routed)           0.263     2.743    qspi/qspi_iface_dut/data_out_enable[0]
    SLICE_X75Y284        LUT2 (Prop_A6LUT_SLICEL_I0_O)
                                                      0.045     2.788 r  qspi/qspi_iface_dut/io_buf1_i_1/O
                         net (fo=2, routed)           1.243     4.031    io_buf1/T
    N22                  OBUFT (TriStatD_OUTBUF_HPIOB_T_O)
                                                      0.154     4.184 r  io_buf1/OBUFT/O
                         net (fo=1, unset)            0.000     4.184    qspi_data_io[1]
    N22                                                               r  qspi_data_io[1] (INOUT)
  -------------------------------------------------------------------    -------------------

Slack:                    inf
  Source:                 qspi/qspi_iface_dut/data_out_enable_reg[3]/C
                            (rising edge-triggered cell FDRE clocked by clk_out1_clk_wiz_0_1  {rise@0.000ns fall@8.333ns period=16.667ns})
  Destination:            qspi_data_io[3]
                            (output port)
  Path Group:             (none)
  Path Type:              Min at Fast Process Corner
  Data Path Delay:        1.796ns  (logic 0.258ns (14.379%)  route 1.538ns (85.621%))
  Logic Levels:           2  (LUT3=1 OBUFT=1)
  Clock Uncertainty:      0.350ns  ((TSJ^2 + DJ^2)^1/2) / 2 + PE
    Total System Jitter     (TSJ):    0.050ns
    Discrete Jitter          (DJ):    0.226ns
    Phase Error              (PE):    0.234ns
  Clock Net Delay (Source):      1.263ns (routing 0.631ns, distribution 0.632ns)

    Location             Delay type                Incr(ns)  Path(ns)    Netlist Resource(s)
  -------------------------------------------------------------------    -------------------
                         (clock clk_out1_clk_wiz_0_1 rise edge)
                                                      0.000     0.000 r  
    BC9                                               0.000     0.000 r  clk_p (IN)
                         net (fo=0)                   0.001     0.001    dutclk/inst/clkin1_ibufds/I
    HPIOBDIFFINBUF_X1Y59 DIFFINBUF (Prop_DIFFINBUF_HPIOBDIFFINBUF_DIFF_IN_P_O)
                                                      0.271     0.272 r  dutclk/inst/clkin1_ibufds/DIFFINBUF_INST/O
                         net (fo=1, routed)           0.028     0.300    dutclk/inst/clkin1_ibufds/OUT
    BC9                  IBUFCTRL (Prop_IBUFCTRL_HPIOB_I_O)
                                                      0.000     0.300 r  dutclk/inst/clkin1_ibufds/IBUFCTRL_INST/O
                         net (fo=1, routed)           0.405     0.705    dutclk/inst/clk_in1_clk_wiz_0
    MMCME3_ADV_X1Y2      MMCME3_ADV (Prop_MMCME3_ADV_CLKIN1_CLKOUT0)
                                                      0.270     0.975 r  dutclk/inst/mmcme3_adv_inst/CLKOUT0
                         net (fo=1, routed)           0.167     1.142    dutclk/inst/clk_out1_clk_wiz_0
    BUFGCE_X1Y48         BUFGCE (Prop_BUFCE_BUFGCE_I_O)
                                                      0.027     1.169 r  dutclk/inst/clkout1_buf/O
    X2Y5 (CLOCK_ROOT)    net (fo=3482, routed)        1.263     2.432    qspi/qspi_iface_dut/clk_out1
    SLICE_X74Y273        FDRE                                         r  qspi/qspi_iface_dut/data_out_enable_reg[3]/C
  -------------------------------------------------------------------    -------------------
    SLICE_X74Y273        FDRE (Prop_DFF2_SLICEL_C_Q)
                                                      0.049     2.481 f  qspi/qspi_iface_dut/data_out_enable_reg[3]/Q
                         net (fo=7, routed)           0.266     2.747    qspi/qspi_iface_dut/data_out_enable[3]
    SLICE_X75Y284        LUT3 (Prop_A5LUT_SLICEL_I0_O)
                                                      0.038     2.785 r  qspi/qspi_iface_dut/io_buf2_i_1/O
                         net (fo=4, routed)           1.272     4.057    io_buf3/T
    K24                  OBUFT (TriStatD_OUTBUF_HPIOB_T_O)
                                                      0.171     4.228 r  io_buf3/OBUFT/O
                         net (fo=1, unset)            0.000     4.228    qspi_data_io[3]
    K24                                                               r  qspi_data_io[3] (INOUT)
  -------------------------------------------------------------------    -------------------

Slack:                    inf
  Source:                 qspi/qspi_iface_dut/data_out_reg[0]/C
                            (rising edge-triggered cell FDRE clocked by clk_out1_clk_wiz_0_1  {rise@0.000ns fall@8.333ns period=16.667ns})
  Destination:            qspi_data_io[0]
                            (output port)
  Path Group:             (none)
  Path Type:              Min at Fast Process Corner
  Data Path Delay:        1.788ns  (logic 0.443ns (24.766%)  route 1.345ns (75.234%))
  Logic Levels:           1  (OBUFT=1)
  Clock Uncertainty:      0.350ns  ((TSJ^2 + DJ^2)^1/2) / 2 + PE
    Total System Jitter     (TSJ):    0.050ns
    Discrete Jitter          (DJ):    0.226ns
    Phase Error              (PE):    0.234ns
  Clock Net Delay (Source):      1.272ns (routing 0.631ns, distribution 0.641ns)

    Location             Delay type                Incr(ns)  Path(ns)    Netlist Resource(s)
  -------------------------------------------------------------------    -------------------
                         (clock clk_out1_clk_wiz_0_1 rise edge)
                                                      0.000     0.000 r  
    BC9                                               0.000     0.000 r  clk_p (IN)
                         net (fo=0)                   0.001     0.001    dutclk/inst/clkin1_ibufds/I
    HPIOBDIFFINBUF_X1Y59 DIFFINBUF (Prop_DIFFINBUF_HPIOBDIFFINBUF_DIFF_IN_P_O)
                                                      0.271     0.272 r  dutclk/inst/clkin1_ibufds/DIFFINBUF_INST/O
                         net (fo=1, routed)           0.028     0.300    dutclk/inst/clkin1_ibufds/OUT
    BC9                  IBUFCTRL (Prop_IBUFCTRL_HPIOB_I_O)
                                                      0.000     0.300 r  dutclk/inst/clkin1_ibufds/IBUFCTRL_INST/O
                         net (fo=1, routed)           0.405     0.705    dutclk/inst/clk_in1_clk_wiz_0
    MMCME3_ADV_X1Y2      MMCME3_ADV (Prop_MMCME3_ADV_CLKIN1_CLKOUT0)
                                                      0.270     0.975 r  dutclk/inst/mmcme3_adv_inst/CLKOUT0
                         net (fo=1, routed)           0.167     1.142    dutclk/inst/clk_out1_clk_wiz_0
    BUFGCE_X1Y48         BUFGCE (Prop_BUFCE_BUFGCE_I_O)
                                                      0.027     1.169 r  dutclk/inst/clkout1_buf/O
    X2Y5 (CLOCK_ROOT)    net (fo=3482, routed)        1.272     2.441    qspi/qspi_iface_dut/clk_out1
    SLICE_X75Y284        FDRE                                         r  qspi/qspi_iface_dut/data_out_reg[0]/C
  -------------------------------------------------------------------    -------------------
    SLICE_X75Y284        FDRE (Prop_BFF_SLICEL_C_Q)
                                                      0.049     2.490 r  qspi/qspi_iface_dut/data_out_reg[0]/Q
                         net (fo=1, routed)           1.345     3.835    io_buf0/I
    P22                  OBUFT (Prop_OUTBUF_HPIOB_I_O)
                                                      0.394     4.228 r  io_buf0/OBUFT/O
                         net (fo=1, unset)            0.000     4.228    qspi_data_io[0]
    P22                                                               r  qspi_data_io[0] (INOUT)
  -------------------------------------------------------------------    -------------------

Slack:                    inf
  Source:                 qspi/qspi_iface_dut/data_out_reg[2]/C
                            (rising edge-triggered cell FDRE clocked by clk_out1_clk_wiz_0_1  {rise@0.000ns fall@8.333ns period=16.667ns})
  Destination:            qspi_data_io[2]
                            (output port)
  Path Group:             (none)
  Path Type:              Min at Fast Process Corner
  Data Path Delay:        2.021ns  (logic 0.469ns (23.196%)  route 1.552ns (76.804%))
  Logic Levels:           1  (OBUFT=1)
  Clock Uncertainty:      0.350ns  ((TSJ^2 + DJ^2)^1/2) / 2 + PE
    Total System Jitter     (TSJ):    0.050ns
    Discrete Jitter          (DJ):    0.226ns
    Phase Error              (PE):    0.234ns
  Clock Net Delay (Source):      1.270ns (routing 0.631ns, distribution 0.639ns)

    Location             Delay type                Incr(ns)  Path(ns)    Netlist Resource(s)
  -------------------------------------------------------------------    -------------------
                         (clock clk_out1_clk_wiz_0_1 rise edge)
                                                      0.000     0.000 r  
    BC9                                               0.000     0.000 r  clk_p (IN)
                         net (fo=0)                   0.001     0.001    dutclk/inst/clkin1_ibufds/I
    HPIOBDIFFINBUF_X1Y59 DIFFINBUF (Prop_DIFFINBUF_HPIOBDIFFINBUF_DIFF_IN_P_O)
                                                      0.271     0.272 r  dutclk/inst/clkin1_ibufds/DIFFINBUF_INST/O
                         net (fo=1, routed)           0.028     0.300    dutclk/inst/clkin1_ibufds/OUT
    BC9                  IBUFCTRL (Prop_IBUFCTRL_HPIOB_I_O)
                                                      0.000     0.300 r  dutclk/inst/clkin1_ibufds/IBUFCTRL_INST/O
                         net (fo=1, routed)           0.405     0.705    dutclk/inst/clk_in1_clk_wiz_0
    MMCME3_ADV_X1Y2      MMCME3_ADV (Prop_MMCME3_ADV_CLKIN1_CLKOUT0)
                                                      0.270     0.975 r  dutclk/inst/mmcme3_adv_inst/CLKOUT0
                         net (fo=1, routed)           0.167     1.142    dutclk/inst/clk_out1_clk_wiz_0
    BUFGCE_X1Y48         BUFGCE (Prop_BUFCE_BUFGCE_I_O)
                                                      0.027     1.169 r  dutclk/inst/clkout1_buf/O
    X2Y5 (CLOCK_ROOT)    net (fo=3482, routed)        1.270     2.439    qspi/qspi_iface_dut/clk_out1
    SLICE_X75Y284        FDRE                                         r  qspi/qspi_iface_dut/data_out_reg[2]/C
  -------------------------------------------------------------------    -------------------
    SLICE_X75Y284        FDRE (Prop_EFF_SLICEL_C_Q)
                                                      0.049     2.488 r  qspi/qspi_iface_dut/data_out_reg[2]/Q
                         net (fo=1, routed)           1.552     4.040    io_buf2/I
    J20                  OBUFT (Prop_OUTBUF_HPIOB_I_O)
                                                      0.420     4.459 r  io_buf2/OBUFT/O
                         net (fo=1, unset)            0.000     4.459    qspi_data_io[2]
    J20                                                               r  qspi_data_io[2] (INOUT)
  -------------------------------------------------------------------    -------------------

Slack:                    inf
  Source:                 qspi/qspi_iface_dut/sclk_reg/C
                            (rising edge-triggered cell FDRE clocked by clk_out1_clk_wiz_0_1  {rise@0.000ns fall@8.333ns period=16.667ns})
  Destination:            qspi_sck_o
                            (output port)
  Path Group:             (none)
  Path Type:              Min at Fast Process Corner
  Data Path Delay:        2.136ns  (logic 0.440ns (20.598%)  route 1.696ns (79.402%))
  Logic Levels:           1  (OBUF=1)
  Clock Uncertainty:      0.350ns  ((TSJ^2 + DJ^2)^1/2) / 2 + PE
    Total System Jitter     (TSJ):    0.050ns
    Discrete Jitter          (DJ):    0.226ns
    Phase Error              (PE):    0.234ns
  Clock Net Delay (Source):      1.256ns (routing 0.631ns, distribution 0.625ns)

    Location             Delay type                Incr(ns)  Path(ns)    Netlist Resource(s)
  -------------------------------------------------------------------    -------------------
                         (clock clk_out1_clk_wiz_0_1 rise edge)
                                                      0.000     0.000 r  
    BC9                                               0.000     0.000 r  clk_p (IN)
                         net (fo=0)                   0.001     0.001    dutclk/inst/clkin1_ibufds/I
    HPIOBDIFFINBUF_X1Y59 DIFFINBUF (Prop_DIFFINBUF_HPIOBDIFFINBUF_DIFF_IN_P_O)
                                                      0.271     0.272 r  dutclk/inst/clkin1_ibufds/DIFFINBUF_INST/O
                         net (fo=1, routed)           0.028     0.300    dutclk/inst/clkin1_ibufds/OUT
    BC9                  IBUFCTRL (Prop_IBUFCTRL_HPIOB_I_O)
                                                      0.000     0.300 r  dutclk/inst/clkin1_ibufds/IBUFCTRL_INST/O
                         net (fo=1, routed)           0.405     0.705    dutclk/inst/clk_in1_clk_wiz_0
    MMCME3_ADV_X1Y2      MMCME3_ADV (Prop_MMCME3_ADV_CLKIN1_CLKOUT0)
                                                      0.270     0.975 r  dutclk/inst/mmcme3_adv_inst/CLKOUT0
                         net (fo=1, routed)           0.167     1.142    dutclk/inst/clk_out1_clk_wiz_0
    BUFGCE_X1Y48         BUFGCE (Prop_BUFCE_BUFGCE_I_O)
                                                      0.027     1.169 r  dutclk/inst/clkout1_buf/O
    X2Y5 (CLOCK_ROOT)    net (fo=3482, routed)        1.256     2.425    qspi/qspi_iface_dut/clk_out1
    SLICE_X73Y278        FDRE                                         r  qspi/qspi_iface_dut/sclk_reg/C
  -------------------------------------------------------------------    -------------------
    SLICE_X73Y278        FDRE (Prop_DFF_SLICEL_C_Q)
                                                      0.049     2.474 r  qspi/qspi_iface_dut/sclk_reg/Q
                         net (fo=23, routed)          1.696     4.170    qspi_sck_o_OBUF
    T23                  OBUF (Prop_OUTBUF_HPIOB_I_O)
                                                      0.391     4.560 r  qspi_sck_o_OBUF_inst/O
                         net (fo=0)                   0.000     4.560    qspi_sck_o
    T23                                                               r  qspi_sck_o (OUT)
  -------------------------------------------------------------------    -------------------

Slack:                    inf
  Source:                 qspi/qspi_iface_dut/state_reg[2]/C
                            (rising edge-triggered cell FDRE clocked by clk_out1_clk_wiz_0_1  {rise@0.000ns fall@8.333ns period=16.667ns})
  Destination:            qspi_cs_n_o
                            (output port)
  Path Group:             (none)
  Path Type:              Min at Fast Process Corner
  Data Path Delay:        2.240ns  (logic 0.522ns (23.291%)  route 1.718ns (76.709%))
  Logic Levels:           2  (LUT3=1 OBUF=1)
  Clock Uncertainty:      0.350ns  ((TSJ^2 + DJ^2)^1/2) / 2 + PE
    Total System Jitter     (TSJ):    0.050ns
    Discrete Jitter          (DJ):    0.226ns
    Phase Error              (PE):    0.234ns
  Clock Net Delay (Source):      1.261ns (routing 0.631ns, distribution 0.630ns)

    Location             Delay type                Incr(ns)  Path(ns)    Netlist Resource(s)
  -------------------------------------------------------------------    -------------------
                         (clock clk_out1_clk_wiz_0_1 rise edge)
                                                      0.000     0.000 r  
    BC9                                               0.000     0.000 r  clk_p (IN)
                         net (fo=0)                   0.001     0.001    dutclk/inst/clkin1_ibufds/I
    HPIOBDIFFINBUF_X1Y59 DIFFINBUF (Prop_DIFFINBUF_HPIOBDIFFINBUF_DIFF_IN_P_O)
                                                      0.271     0.272 r  dutclk/inst/clkin1_ibufds/DIFFINBUF_INST/O
                         net (fo=1, routed)           0.028     0.300    dutclk/inst/clkin1_ibufds/OUT
    BC9                  IBUFCTRL (Prop_IBUFCTRL_HPIOB_I_O)
                                                      0.000     0.300 r  dutclk/inst/clkin1_ibufds/IBUFCTRL_INST/O
                         net (fo=1, routed)           0.405     0.705    dutclk/inst/clk_in1_clk_wiz_0
    MMCME3_ADV_X1Y2      MMCME3_ADV (Prop_MMCME3_ADV_CLKIN1_CLKOUT0)
                                                      0.270     0.975 r  dutclk/inst/mmcme3_adv_inst/CLKOUT0
                         net (fo=1, routed)           0.167     1.142    dutclk/inst/clk_out1_clk_wiz_0
    BUFGCE_X1Y48         BUFGCE (Prop_BUFCE_BUFGCE_I_O)
                                                      0.027     1.169 r  dutclk/inst/clkout1_buf/O
    X2Y5 (CLOCK_ROOT)    net (fo=3482, routed)        1.261     2.430    qspi/qspi_iface_dut/clk_out1
    SLICE_X71Y273        FDRE                                         r  qspi/qspi_iface_dut/state_reg[2]/C
  -------------------------------------------------------------------    -------------------
    SLICE_X71Y273        FDRE (Prop_GFF_SLICEM_C_Q)
                                                      0.048     2.478 f  qspi/qspi_iface_dut/state_reg[2]/Q
                         net (fo=48, routed)          0.049     2.527    qspi/qspi_iface_dut/Q[2]
    SLICE_X71Y273        LUT3 (Prop_B6LUT_SLICEM_I0_O)
                                                      0.053     2.580 r  qspi/qspi_iface_dut/qspi_cs_n_o_OBUF_inst_i_1/O
                         net (fo=1, routed)           1.669     4.249    qspi_cs_n_o_OBUF
    J24                  OBUF (Prop_OUTBUF_HPIOB_I_O)
                                                      0.421     4.669 r  qspi_cs_n_o_OBUF_inst/O
                         net (fo=0)                   0.000     4.669    qspi_cs_n_o
    J24                                                               r  qspi_cs_n_o (OUT)
  -------------------------------------------------------------------    -------------------

Slack:                    inf
  Source:                 uart/uart_iface_dut/uart_tx_dut/state_reg[2]/C
                            (rising edge-triggered cell FDRE clocked by clk_out1_clk_wiz_0_1  {rise@0.000ns fall@8.333ns period=16.667ns})
  Destination:            uart_tx_o
                            (output port)
  Path Group:             (none)
  Path Type:              Min at Fast Process Corner
  Data Path Delay:        3.541ns  (logic 0.535ns (15.106%)  route 3.006ns (84.894%))
  Logic Levels:           3  (LUT5=1 MUXF7=1 OBUF=1)
  Clock Uncertainty:      0.350ns  ((TSJ^2 + DJ^2)^1/2) / 2 + PE
    Total System Jitter     (TSJ):    0.050ns
    Discrete Jitter          (DJ):    0.226ns
    Phase Error              (PE):    0.234ns
  Clock Net Delay (Source):      1.237ns (routing 0.631ns, distribution 0.606ns)

    Location             Delay type                Incr(ns)  Path(ns)    Netlist Resource(s)
  -------------------------------------------------------------------    -------------------
                         (clock clk_out1_clk_wiz_0_1 rise edge)
                                                      0.000     0.000 r  
    BC9                                               0.000     0.000 r  clk_p (IN)
                         net (fo=0)                   0.001     0.001    dutclk/inst/clkin1_ibufds/I
    HPIOBDIFFINBUF_X1Y59 DIFFINBUF (Prop_DIFFINBUF_HPIOBDIFFINBUF_DIFF_IN_P_O)
                                                      0.271     0.272 r  dutclk/inst/clkin1_ibufds/DIFFINBUF_INST/O
                         net (fo=1, routed)           0.028     0.300    dutclk/inst/clkin1_ibufds/OUT
    BC9                  IBUFCTRL (Prop_IBUFCTRL_HPIOB_I_O)
                                                      0.000     0.300 r  dutclk/inst/clkin1_ibufds/IBUFCTRL_INST/O
                         net (fo=1, routed)           0.405     0.705    dutclk/inst/clk_in1_clk_wiz_0
    MMCME3_ADV_X1Y2      MMCME3_ADV (Prop_MMCME3_ADV_CLKIN1_CLKOUT0)
                                                      0.270     0.975 r  dutclk/inst/mmcme3_adv_inst/CLKOUT0
                         net (fo=1, routed)           0.167     1.142    dutclk/inst/clk_out1_clk_wiz_0
    BUFGCE_X1Y48         BUFGCE (Prop_BUFCE_BUFGCE_I_O)
                                                      0.027     1.169 r  dutclk/inst/clkout1_buf/O
    X2Y5 (CLOCK_ROOT)    net (fo=3482, routed)        1.237     2.406    uart/uart_iface_dut/uart_tx_dut/clk_out1
    SLICE_X70Y340        FDRE                                         r  uart/uart_iface_dut/uart_tx_dut/state_reg[2]/C
  -------------------------------------------------------------------    -------------------
    SLICE_X70Y340        FDRE (Prop_CFF_SLICEL_C_Q)
                                                      0.048     2.454 r  uart/uart_iface_dut/uart_tx_dut/state_reg[2]/Q
                         net (fo=8, routed)           0.078     2.532    uart/uart_iface_dut/uart_tx_dut/state[2]
    SLICE_X70Y341        LUT5 (Prop_C6LUT_SLICEL_I3_O)
                                                      0.015     2.547 r  uart/uart_iface_dut/uart_tx_dut/uart_tx_o_OBUF_inst_i_3/O
                         net (fo=1, routed)           0.000     2.547    uart/uart_iface_dut/uart_tx_dut/uart_tx_o_OBUF_inst_i_3_n_0
    SLICE_X70Y341        MUXF7 (Prop_F7MUX_CD_SLICEL_I1_O)
                                                      0.023     2.570 r  uart/uart_iface_dut/uart_tx_dut/uart_tx_o_OBUF_inst_i_1/O
                         net (fo=1, routed)           2.928     5.498    uart_tx_o_OBUF
    BE24                 OBUF (Prop_OUTBUF_HRIO_I_O)
                                                      0.449     5.946 r  uart_tx_o_OBUF_inst/O
                         net (fo=0)                   0.000     5.946    uart_tx_o
    BE24                                                              r  uart_tx_o (OUT)
  -------------------------------------------------------------------    -------------------





--------------------------------------------------------------------------------------
Path Group:  (none)
From Clock:  
  To Clock:  clk_out1_clk_wiz_0_1

Max Delay          5767 Endpoints
Min Delay          5767 Endpoints
--------------------------------------------------------------------------------------


Max Delay Paths
--------------------------------------------------------------------------------------
Slack:                    inf
  Source:                 rst_ni
                            (input port)
  Destination:            cv32e40p_core_ip/core_i/id_stage_i/register_file_i/mem_reg[7][24]/CLR
                            (recovery check against falling-edge clock clk_out1_clk_wiz_0_1  {rise@0.000ns fall@8.333ns period=16.667ns})
  Path Group:             (none)
  Path Type:              Recovery (Max at Slow Process Corner)
  Data Path Delay:        16.621ns  (logic 0.783ns (4.714%)  route 15.838ns (95.286%))
  Logic Levels:           2  (IBUFCTRL=1 INBUF=1)
  Clock Path Skew:        6.959ns (DCD - SCD + CPR)
    Destination Clock Delay (DCD):    6.959ns = ( 15.292 - 8.333 ) 
    Source Clock Delay      (SCD):    0.000ns
    Clock Pessimism Removal (CPR):    0.000ns
  Clock Uncertainty:      0.350ns  ((TSJ^2 + DJ^2)^1/2) / 2 + PE
    Total System Jitter     (TSJ):    0.050ns
    Discrete Jitter          (DJ):    0.226ns
    Phase Error              (PE):    0.234ns
  Clock Net Delay (Destination): 1.579ns (routing 0.309ns, distribution 1.270ns)

    Location             Delay type                Incr(ns)  Path(ns)    Netlist Resource(s)
  -------------------------------------------------------------------    -------------------
    BC40                                              0.000     0.000 r  rst_ni (IN)
                         net (fo=0)                   0.000     0.000    rst_ni_IBUF_inst/I
    BC40                 INBUF (Prop_INBUF_HPIOB_PAD_O)
                                                      0.783     0.783 r  rst_ni_IBUF_inst/INBUF_INST/O
                         net (fo=1, routed)           0.089     0.872    rst_ni_IBUF_inst/OUT
    BC40                 IBUFCTRL (Prop_IBUFCTRL_HPIOB_I_O)
                                                      0.000     0.872 r  rst_ni_IBUF_inst/IBUFCTRL_INST/O
                         net (fo=5260, routed)       15.749    16.621    cv32e40p_core_ip/core_i/id_stage_i/register_file_i/rst_ni_IBUF
    SLICE_X67Y425        LDCE                                         f  cv32e40p_core_ip/core_i/id_stage_i/register_file_i/mem_reg[7][24]/CLR  (IS_INVERTED)
  -------------------------------------------------------------------    -------------------

                         (clock clk_out1_clk_wiz_0_1 fall edge)
                                                      8.333     8.333 f  
    BC9                                               0.000     8.333 f  clk_p (IN)
                         net (fo=0)                   0.001     8.334    dutclk/inst/clkin1_ibufds/I
    HPIOBDIFFINBUF_X1Y59 DIFFINBUF (Prop_DIFFINBUF_HPIOBDIFFINBUF_DIFF_IN_P_O)
                                                      0.393     8.727 f  dutclk/inst/clkin1_ibufds/DIFFINBUF_INST/O
                         net (fo=1, routed)           0.051     8.778    dutclk/inst/clkin1_ibufds/OUT
    BC9                  IBUFCTRL (Prop_IBUFCTRL_HPIOB_I_O)
                                                      0.000     8.778 f  dutclk/inst/clkin1_ibufds/IBUFCTRL_INST/O
                         net (fo=1, routed)           0.778     9.556    dutclk/inst/clk_in1_clk_wiz_0
    MMCME3_ADV_X1Y2      MMCME3_ADV (Prop_MMCME3_ADV_CLKIN1_CLKOUT0)
                                                      0.335     9.891 f  dutclk/inst/mmcme3_adv_inst/CLKOUT0
                         net (fo=1, routed)           0.372    10.263    dutclk/inst/clk_out1_clk_wiz_0
    BUFGCE_X1Y48         BUFGCE (Prop_BUFCE_BUFGCE_I_O)
                                                      0.075    10.338 f  dutclk/inst/clkout1_buf/O
                         net (fo=3482, routed)        2.449    12.787    cv32e40p_core_ip/core_i/id_stage_i/register_file_i/CG_WE_GLOBAL/clk_out1
    SLICE_X56Y395        LUT4 (Prop_A5LUT_SLICEL_I0_O)
                                                      0.141    12.928 f  cv32e40p_core_ip/core_i/id_stage_i/register_file_i/CG_WE_GLOBAL/mem_reg[7][31]_i_3/O
                         net (fo=1, routed)           0.710    13.638    cv32e40p_core_ip_n_92
    BUFGCE_X0Y163        BUFGCE (Prop_BUFCE_BUFGCE_I_O)
                                                      0.075    13.713 f  mem_reg[7][31]_i_2/O
    X2Y6 (CLOCK_ROOT)    net (fo=32, routed)          1.579    15.292    cv32e40p_core_ip/core_i/id_stage_i/register_file_i/alu_operand_a_ex_o[0]_i_30_3[0]
    SLICE_X67Y425        LDCE                                         f  cv32e40p_core_ip/core_i/id_stage_i/register_file_i/mem_reg[7][24]/G

Slack:                    inf
  Source:                 rst_ni
                            (input port)
  Destination:            cv32e40p_core_ip/core_i/id_stage_i/register_file_i/mem_reg[7][26]/CLR
                            (recovery check against falling-edge clock clk_out1_clk_wiz_0_1  {rise@0.000ns fall@8.333ns period=16.667ns})
  Path Group:             (none)
  Path Type:              Recovery (Max at Slow Process Corner)
  Data Path Delay:        16.621ns  (logic 0.783ns (4.714%)  route 15.838ns (95.286%))
  Logic Levels:           2  (IBUFCTRL=1 INBUF=1)
  Clock Path Skew:        6.959ns (DCD - SCD + CPR)
    Destination Clock Delay (DCD):    6.959ns = ( 15.292 - 8.333 ) 
    Source Clock Delay      (SCD):    0.000ns
    Clock Pessimism Removal (CPR):    0.000ns
  Clock Uncertainty:      0.350ns  ((TSJ^2 + DJ^2)^1/2) / 2 + PE
    Total System Jitter     (TSJ):    0.050ns
    Discrete Jitter          (DJ):    0.226ns
    Phase Error              (PE):    0.234ns
  Clock Net Delay (Destination): 1.579ns (routing 0.309ns, distribution 1.270ns)

    Location             Delay type                Incr(ns)  Path(ns)    Netlist Resource(s)
  -------------------------------------------------------------------    -------------------
    BC40                                              0.000     0.000 r  rst_ni (IN)
                         net (fo=0)                   0.000     0.000    rst_ni_IBUF_inst/I
    BC40                 INBUF (Prop_INBUF_HPIOB_PAD_O)
                                                      0.783     0.783 r  rst_ni_IBUF_inst/INBUF_INST/O
                         net (fo=1, routed)           0.089     0.872    rst_ni_IBUF_inst/OUT
    BC40                 IBUFCTRL (Prop_IBUFCTRL_HPIOB_I_O)
                                                      0.000     0.872 r  rst_ni_IBUF_inst/IBUFCTRL_INST/O
                         net (fo=5260, routed)       15.749    16.621    cv32e40p_core_ip/core_i/id_stage_i/register_file_i/rst_ni_IBUF
    SLICE_X67Y425        LDCE                                         f  cv32e40p_core_ip/core_i/id_stage_i/register_file_i/mem_reg[7][26]/CLR  (IS_INVERTED)
  -------------------------------------------------------------------    -------------------

                         (clock clk_out1_clk_wiz_0_1 fall edge)
                                                      8.333     8.333 f  
    BC9                                               0.000     8.333 f  clk_p (IN)
                         net (fo=0)                   0.001     8.334    dutclk/inst/clkin1_ibufds/I
    HPIOBDIFFINBUF_X1Y59 DIFFINBUF (Prop_DIFFINBUF_HPIOBDIFFINBUF_DIFF_IN_P_O)
                                                      0.393     8.727 f  dutclk/inst/clkin1_ibufds/DIFFINBUF_INST/O
                         net (fo=1, routed)           0.051     8.778    dutclk/inst/clkin1_ibufds/OUT
    BC9                  IBUFCTRL (Prop_IBUFCTRL_HPIOB_I_O)
                                                      0.000     8.778 f  dutclk/inst/clkin1_ibufds/IBUFCTRL_INST/O
                         net (fo=1, routed)           0.778     9.556    dutclk/inst/clk_in1_clk_wiz_0
    MMCME3_ADV_X1Y2      MMCME3_ADV (Prop_MMCME3_ADV_CLKIN1_CLKOUT0)
                                                      0.335     9.891 f  dutclk/inst/mmcme3_adv_inst/CLKOUT0
                         net (fo=1, routed)           0.372    10.263    dutclk/inst/clk_out1_clk_wiz_0
    BUFGCE_X1Y48         BUFGCE (Prop_BUFCE_BUFGCE_I_O)
                                                      0.075    10.338 f  dutclk/inst/clkout1_buf/O
                         net (fo=3482, routed)        2.449    12.787    cv32e40p_core_ip/core_i/id_stage_i/register_file_i/CG_WE_GLOBAL/clk_out1
    SLICE_X56Y395        LUT4 (Prop_A5LUT_SLICEL_I0_O)
                                                      0.141    12.928 f  cv32e40p_core_ip/core_i/id_stage_i/register_file_i/CG_WE_GLOBAL/mem_reg[7][31]_i_3/O
                         net (fo=1, routed)           0.710    13.638    cv32e40p_core_ip_n_92
    BUFGCE_X0Y163        BUFGCE (Prop_BUFCE_BUFGCE_I_O)
                                                      0.075    13.713 f  mem_reg[7][31]_i_2/O
    X2Y6 (CLOCK_ROOT)    net (fo=32, routed)          1.579    15.292    cv32e40p_core_ip/core_i/id_stage_i/register_file_i/alu_operand_a_ex_o[0]_i_30_3[0]
    SLICE_X67Y425        LDCE                                         f  cv32e40p_core_ip/core_i/id_stage_i/register_file_i/mem_reg[7][26]/G

Slack:                    inf
  Source:                 rst_ni
                            (input port)
  Destination:            cv32e40p_core_ip/core_i/id_stage_i/register_file_i/mem_reg[8][24]/CLR
                            (recovery check against falling-edge clock clk_out1_clk_wiz_0_1  {rise@0.000ns fall@8.333ns period=16.667ns})
  Path Group:             (none)
  Path Type:              Recovery (Max at Slow Process Corner)
  Data Path Delay:        16.611ns  (logic 0.783ns (4.716%)  route 15.828ns (95.284%))
  Logic Levels:           2  (IBUFCTRL=1 INBUF=1)
  Clock Path Skew:        6.832ns (DCD - SCD + CPR)
    Destination Clock Delay (DCD):    6.832ns = ( 15.165 - 8.333 ) 
    Source Clock Delay      (SCD):    0.000ns
    Clock Pessimism Removal (CPR):    0.000ns
  Clock Uncertainty:      0.350ns  ((TSJ^2 + DJ^2)^1/2) / 2 + PE
    Total System Jitter     (TSJ):    0.050ns
    Discrete Jitter          (DJ):    0.226ns
    Phase Error              (PE):    0.234ns
  Clock Net Delay (Destination): 1.572ns (routing 0.309ns, distribution 1.263ns)

    Location             Delay type                Incr(ns)  Path(ns)    Netlist Resource(s)
  -------------------------------------------------------------------    -------------------
    BC40                                              0.000     0.000 r  rst_ni (IN)
                         net (fo=0)                   0.000     0.000    rst_ni_IBUF_inst/I
    BC40                 INBUF (Prop_INBUF_HPIOB_PAD_O)
                                                      0.783     0.783 r  rst_ni_IBUF_inst/INBUF_INST/O
                         net (fo=1, routed)           0.089     0.872    rst_ni_IBUF_inst/OUT
    BC40                 IBUFCTRL (Prop_IBUFCTRL_HPIOB_I_O)
                                                      0.000     0.872 r  rst_ni_IBUF_inst/IBUFCTRL_INST/O
                         net (fo=5260, routed)       15.739    16.611    cv32e40p_core_ip/core_i/id_stage_i/register_file_i/rst_ni_IBUF
    SLICE_X67Y425        LDCE                                         f  cv32e40p_core_ip/core_i/id_stage_i/register_file_i/mem_reg[8][24]/CLR  (IS_INVERTED)
  -------------------------------------------------------------------    -------------------

                         (clock clk_out1_clk_wiz_0_1 fall edge)
                                                      8.333     8.333 f  
    BC9                                               0.000     8.333 f  clk_p (IN)
                         net (fo=0)                   0.001     8.334    dutclk/inst/clkin1_ibufds/I
    HPIOBDIFFINBUF_X1Y59 DIFFINBUF (Prop_DIFFINBUF_HPIOBDIFFINBUF_DIFF_IN_P_O)
                                                      0.393     8.727 f  dutclk/inst/clkin1_ibufds/DIFFINBUF_INST/O
                         net (fo=1, routed)           0.051     8.778    dutclk/inst/clkin1_ibufds/OUT
    BC9                  IBUFCTRL (Prop_IBUFCTRL_HPIOB_I_O)
                                                      0.000     8.778 f  dutclk/inst/clkin1_ibufds/IBUFCTRL_INST/O
                         net (fo=1, routed)           0.778     9.556    dutclk/inst/clk_in1_clk_wiz_0
    MMCME3_ADV_X1Y2      MMCME3_ADV (Prop_MMCME3_ADV_CLKIN1_CLKOUT0)
                                                      0.335     9.891 f  dutclk/inst/mmcme3_adv_inst/CLKOUT0
                         net (fo=1, routed)           0.372    10.263    dutclk/inst/clk_out1_clk_wiz_0
    BUFGCE_X1Y48         BUFGCE (Prop_BUFCE_BUFGCE_I_O)
                                                      0.075    10.338 f  dutclk/inst/clkout1_buf/O
                         net (fo=3482, routed)        2.446    12.784    cv32e40p_core_ip/core_i/id_stage_i/register_file_i/CG_WE_GLOBAL/clk_out1
    SLICE_X56Y395        LUT4 (Prop_D5LUT_SLICEL_I0_O)
                                                      0.070    12.854 f  cv32e40p_core_ip/core_i/id_stage_i/register_file_i/CG_WE_GLOBAL/mem_reg[8][31]_i_3/O
                         net (fo=1, routed)           0.664    13.518    cv32e40p_core_ip_n_91
    BUFGCE_X0Y164        BUFGCE (Prop_BUFCE_BUFGCE_I_O)
                                                      0.075    13.593 f  mem_reg[8][31]_i_2/O
    X2Y6 (CLOCK_ROOT)    net (fo=32, routed)          1.572    15.165    cv32e40p_core_ip/core_i/id_stage_i/register_file_i/alu_operand_a_ex_o[0]_i_27_0[0]
    SLICE_X67Y425        LDCE                                         f  cv32e40p_core_ip/core_i/id_stage_i/register_file_i/mem_reg[8][24]/G

Slack:                    inf
  Source:                 rst_ni
                            (input port)
  Destination:            cv32e40p_core_ip/core_i/id_stage_i/register_file_i/mem_reg[8][26]/CLR
                            (recovery check against falling-edge clock clk_out1_clk_wiz_0_1  {rise@0.000ns fall@8.333ns period=16.667ns})
  Path Group:             (none)
  Path Type:              Recovery (Max at Slow Process Corner)
  Data Path Delay:        16.611ns  (logic 0.783ns (4.716%)  route 15.828ns (95.284%))
  Logic Levels:           2  (IBUFCTRL=1 INBUF=1)
  Clock Path Skew:        6.832ns (DCD - SCD + CPR)
    Destination Clock Delay (DCD):    6.832ns = ( 15.165 - 8.333 ) 
    Source Clock Delay      (SCD):    0.000ns
    Clock Pessimism Removal (CPR):    0.000ns
  Clock Uncertainty:      0.350ns  ((TSJ^2 + DJ^2)^1/2) / 2 + PE
    Total System Jitter     (TSJ):    0.050ns
    Discrete Jitter          (DJ):    0.226ns
    Phase Error              (PE):    0.234ns
  Clock Net Delay (Destination): 1.572ns (routing 0.309ns, distribution 1.263ns)

    Location             Delay type                Incr(ns)  Path(ns)    Netlist Resource(s)
  -------------------------------------------------------------------    -------------------
    BC40                                              0.000     0.000 r  rst_ni (IN)
                         net (fo=0)                   0.000     0.000    rst_ni_IBUF_inst/I
    BC40                 INBUF (Prop_INBUF_HPIOB_PAD_O)
                                                      0.783     0.783 r  rst_ni_IBUF_inst/INBUF_INST/O
                         net (fo=1, routed)           0.089     0.872    rst_ni_IBUF_inst/OUT
    BC40                 IBUFCTRL (Prop_IBUFCTRL_HPIOB_I_O)
                                                      0.000     0.872 r  rst_ni_IBUF_inst/IBUFCTRL_INST/O
                         net (fo=5260, routed)       15.739    16.611    cv32e40p_core_ip/core_i/id_stage_i/register_file_i/rst_ni_IBUF
    SLICE_X67Y425        LDCE                                         f  cv32e40p_core_ip/core_i/id_stage_i/register_file_i/mem_reg[8][26]/CLR  (IS_INVERTED)
  -------------------------------------------------------------------    -------------------

                         (clock clk_out1_clk_wiz_0_1 fall edge)
                                                      8.333     8.333 f  
    BC9                                               0.000     8.333 f  clk_p (IN)
                         net (fo=0)                   0.001     8.334    dutclk/inst/clkin1_ibufds/I
    HPIOBDIFFINBUF_X1Y59 DIFFINBUF (Prop_DIFFINBUF_HPIOBDIFFINBUF_DIFF_IN_P_O)
                                                      0.393     8.727 f  dutclk/inst/clkin1_ibufds/DIFFINBUF_INST/O
                         net (fo=1, routed)           0.051     8.778    dutclk/inst/clkin1_ibufds/OUT
    BC9                  IBUFCTRL (Prop_IBUFCTRL_HPIOB_I_O)
                                                      0.000     8.778 f  dutclk/inst/clkin1_ibufds/IBUFCTRL_INST/O
                         net (fo=1, routed)           0.778     9.556    dutclk/inst/clk_in1_clk_wiz_0
    MMCME3_ADV_X1Y2      MMCME3_ADV (Prop_MMCME3_ADV_CLKIN1_CLKOUT0)
                                                      0.335     9.891 f  dutclk/inst/mmcme3_adv_inst/CLKOUT0
                         net (fo=1, routed)           0.372    10.263    dutclk/inst/clk_out1_clk_wiz_0
    BUFGCE_X1Y48         BUFGCE (Prop_BUFCE_BUFGCE_I_O)
                                                      0.075    10.338 f  dutclk/inst/clkout1_buf/O
                         net (fo=3482, routed)        2.446    12.784    cv32e40p_core_ip/core_i/id_stage_i/register_file_i/CG_WE_GLOBAL/clk_out1
    SLICE_X56Y395        LUT4 (Prop_D5LUT_SLICEL_I0_O)
                                                      0.070    12.854 f  cv32e40p_core_ip/core_i/id_stage_i/register_file_i/CG_WE_GLOBAL/mem_reg[8][31]_i_3/O
                         net (fo=1, routed)           0.664    13.518    cv32e40p_core_ip_n_91
    BUFGCE_X0Y164        BUFGCE (Prop_BUFCE_BUFGCE_I_O)
                                                      0.075    13.593 f  mem_reg[8][31]_i_2/O
    X2Y6 (CLOCK_ROOT)    net (fo=32, routed)          1.572    15.165    cv32e40p_core_ip/core_i/id_stage_i/register_file_i/alu_operand_a_ex_o[0]_i_27_0[0]
    SLICE_X67Y425        LDCE                                         f  cv32e40p_core_ip/core_i/id_stage_i/register_file_i/mem_reg[8][26]/G

Slack:                    inf
  Source:                 rst_ni
                            (input port)
  Destination:            cv32e40p_core_ip/core_i/id_stage_i/register_file_i/mem_reg[11][24]/CLR
                            (recovery check against falling-edge clock clk_out1_clk_wiz_0_1  {rise@0.000ns fall@8.333ns period=16.667ns})
  Path Group:             (none)
  Path Type:              Recovery (Max at Slow Process Corner)
  Data Path Delay:        16.498ns  (logic 0.783ns (4.749%)  route 15.715ns (95.251%))
  Logic Levels:           2  (IBUFCTRL=1 INBUF=1)
  Clock Path Skew:        6.802ns (DCD - SCD + CPR)
    Destination Clock Delay (DCD):    6.802ns = ( 15.135 - 8.333 ) 
    Source Clock Delay      (SCD):    0.000ns
    Clock Pessimism Removal (CPR):    0.000ns
  Clock Uncertainty:      0.350ns  ((TSJ^2 + DJ^2)^1/2) / 2 + PE
    Total System Jitter     (TSJ):    0.050ns
    Discrete Jitter          (DJ):    0.226ns
    Phase Error              (PE):    0.234ns
  Clock Net Delay (Destination): 1.590ns (routing 0.309ns, distribution 1.281ns)

    Location             Delay type                Incr(ns)  Path(ns)    Netlist Resource(s)
  -------------------------------------------------------------------    -------------------
    BC40                                              0.000     0.000 r  rst_ni (IN)
                         net (fo=0)                   0.000     0.000    rst_ni_IBUF_inst/I
    BC40                 INBUF (Prop_INBUF_HPIOB_PAD_O)
                                                      0.783     0.783 r  rst_ni_IBUF_inst/INBUF_INST/O
                         net (fo=1, routed)           0.089     0.872    rst_ni_IBUF_inst/OUT
    BC40                 IBUFCTRL (Prop_IBUFCTRL_HPIOB_I_O)
                                                      0.000     0.872 r  rst_ni_IBUF_inst/IBUFCTRL_INST/O
                         net (fo=5260, routed)       15.626    16.498    cv32e40p_core_ip/core_i/id_stage_i/register_file_i/rst_ni_IBUF
    SLICE_X68Y425        LDCE                                         f  cv32e40p_core_ip/core_i/id_stage_i/register_file_i/mem_reg[11][24]/CLR  (IS_INVERTED)
  -------------------------------------------------------------------    -------------------

                         (clock clk_out1_clk_wiz_0_1 fall edge)
                                                      8.333     8.333 f  
    BC9                                               0.000     8.333 f  clk_p (IN)
                         net (fo=0)                   0.001     8.334    dutclk/inst/clkin1_ibufds/I
    HPIOBDIFFINBUF_X1Y59 DIFFINBUF (Prop_DIFFINBUF_HPIOBDIFFINBUF_DIFF_IN_P_O)
                                                      0.393     8.727 f  dutclk/inst/clkin1_ibufds/DIFFINBUF_INST/O
                         net (fo=1, routed)           0.051     8.778    dutclk/inst/clkin1_ibufds/OUT
    BC9                  IBUFCTRL (Prop_IBUFCTRL_HPIOB_I_O)
                                                      0.000     8.778 f  dutclk/inst/clkin1_ibufds/IBUFCTRL_INST/O
                         net (fo=1, routed)           0.778     9.556    dutclk/inst/clk_in1_clk_wiz_0
    MMCME3_ADV_X1Y2      MMCME3_ADV (Prop_MMCME3_ADV_CLKIN1_CLKOUT0)
                                                      0.335     9.891 f  dutclk/inst/mmcme3_adv_inst/CLKOUT0
                         net (fo=1, routed)           0.372    10.263    dutclk/inst/clk_out1_clk_wiz_0
    BUFGCE_X1Y48         BUFGCE (Prop_BUFCE_BUFGCE_I_O)
                                                      0.075    10.338 f  dutclk/inst/clkout1_buf/O
                         net (fo=3482, routed)        2.451    12.789    cv32e40p_core_ip/core_i/id_stage_i/register_file_i/CG_WE_GLOBAL/clk_out1
    SLICE_X56Y395        LUT4 (Prop_G6LUT_SLICEL_I0_O)
                                                      0.102    12.891 f  cv32e40p_core_ip/core_i/id_stage_i/register_file_i/CG_WE_GLOBAL/mem_reg[11][31]_i_3/O
                         net (fo=1, routed)           0.579    13.470    cv32e40p_core_ip_n_88
    BUFGCE_X0Y157        BUFGCE (Prop_BUFCE_BUFGCE_I_O)
                                                      0.075    13.545 f  mem_reg[11][31]_i_2/O
    X2Y6 (CLOCK_ROOT)    net (fo=32, routed)          1.590    15.135    cv32e40p_core_ip/core_i/id_stage_i/register_file_i/alu_operand_a_ex_o[0]_i_27_3[0]
    SLICE_X68Y425        LDCE                                         f  cv32e40p_core_ip/core_i/id_stage_i/register_file_i/mem_reg[11][24]/G

Slack:                    inf
  Source:                 rst_ni
                            (input port)
  Destination:            cv32e40p_core_ip/core_i/id_stage_i/register_file_i/mem_reg[11][26]/CLR
                            (recovery check against falling-edge clock clk_out1_clk_wiz_0_1  {rise@0.000ns fall@8.333ns period=16.667ns})
  Path Group:             (none)
  Path Type:              Recovery (Max at Slow Process Corner)
  Data Path Delay:        16.498ns  (logic 0.783ns (4.749%)  route 15.715ns (95.251%))
  Logic Levels:           2  (IBUFCTRL=1 INBUF=1)
  Clock Path Skew:        6.802ns (DCD - SCD + CPR)
    Destination Clock Delay (DCD):    6.802ns = ( 15.135 - 8.333 ) 
    Source Clock Delay      (SCD):    0.000ns
    Clock Pessimism Removal (CPR):    0.000ns
  Clock Uncertainty:      0.350ns  ((TSJ^2 + DJ^2)^1/2) / 2 + PE
    Total System Jitter     (TSJ):    0.050ns
    Discrete Jitter          (DJ):    0.226ns
    Phase Error              (PE):    0.234ns
  Clock Net Delay (Destination): 1.590ns (routing 0.309ns, distribution 1.281ns)

    Location             Delay type                Incr(ns)  Path(ns)    Netlist Resource(s)
  -------------------------------------------------------------------    -------------------
    BC40                                              0.000     0.000 r  rst_ni (IN)
                         net (fo=0)                   0.000     0.000    rst_ni_IBUF_inst/I
    BC40                 INBUF (Prop_INBUF_HPIOB_PAD_O)
                                                      0.783     0.783 r  rst_ni_IBUF_inst/INBUF_INST/O
                         net (fo=1, routed)           0.089     0.872    rst_ni_IBUF_inst/OUT
    BC40                 IBUFCTRL (Prop_IBUFCTRL_HPIOB_I_O)
                                                      0.000     0.872 r  rst_ni_IBUF_inst/IBUFCTRL_INST/O
                         net (fo=5260, routed)       15.626    16.498    cv32e40p_core_ip/core_i/id_stage_i/register_file_i/rst_ni_IBUF
    SLICE_X68Y425        LDCE                                         f  cv32e40p_core_ip/core_i/id_stage_i/register_file_i/mem_reg[11][26]/CLR  (IS_INVERTED)
  -------------------------------------------------------------------    -------------------

                         (clock clk_out1_clk_wiz_0_1 fall edge)
                                                      8.333     8.333 f  
    BC9                                               0.000     8.333 f  clk_p (IN)
                         net (fo=0)                   0.001     8.334    dutclk/inst/clkin1_ibufds/I
    HPIOBDIFFINBUF_X1Y59 DIFFINBUF (Prop_DIFFINBUF_HPIOBDIFFINBUF_DIFF_IN_P_O)
                                                      0.393     8.727 f  dutclk/inst/clkin1_ibufds/DIFFINBUF_INST/O
                         net (fo=1, routed)           0.051     8.778    dutclk/inst/clkin1_ibufds/OUT
    BC9                  IBUFCTRL (Prop_IBUFCTRL_HPIOB_I_O)
                                                      0.000     8.778 f  dutclk/inst/clkin1_ibufds/IBUFCTRL_INST/O
                         net (fo=1, routed)           0.778     9.556    dutclk/inst/clk_in1_clk_wiz_0
    MMCME3_ADV_X1Y2      MMCME3_ADV (Prop_MMCME3_ADV_CLKIN1_CLKOUT0)
                                                      0.335     9.891 f  dutclk/inst/mmcme3_adv_inst/CLKOUT0
                         net (fo=1, routed)           0.372    10.263    dutclk/inst/clk_out1_clk_wiz_0
    BUFGCE_X1Y48         BUFGCE (Prop_BUFCE_BUFGCE_I_O)
                                                      0.075    10.338 f  dutclk/inst/clkout1_buf/O
                         net (fo=3482, routed)        2.451    12.789    cv32e40p_core_ip/core_i/id_stage_i/register_file_i/CG_WE_GLOBAL/clk_out1
    SLICE_X56Y395        LUT4 (Prop_G6LUT_SLICEL_I0_O)
                                                      0.102    12.891 f  cv32e40p_core_ip/core_i/id_stage_i/register_file_i/CG_WE_GLOBAL/mem_reg[11][31]_i_3/O
                         net (fo=1, routed)           0.579    13.470    cv32e40p_core_ip_n_88
    BUFGCE_X0Y157        BUFGCE (Prop_BUFCE_BUFGCE_I_O)
                                                      0.075    13.545 f  mem_reg[11][31]_i_2/O
    X2Y6 (CLOCK_ROOT)    net (fo=32, routed)          1.590    15.135    cv32e40p_core_ip/core_i/id_stage_i/register_file_i/alu_operand_a_ex_o[0]_i_27_3[0]
    SLICE_X68Y425        LDCE                                         f  cv32e40p_core_ip/core_i/id_stage_i/register_file_i/mem_reg[11][26]/G

Slack:                    inf
  Source:                 rst_ni
                            (input port)
  Destination:            cv32e40p_core_ip/core_i/id_stage_i/register_file_i/mem_reg[11][28]/CLR
                            (recovery check against falling-edge clock clk_out1_clk_wiz_0_1  {rise@0.000ns fall@8.333ns period=16.667ns})
  Path Group:             (none)
  Path Type:              Recovery (Max at Slow Process Corner)
  Data Path Delay:        16.498ns  (logic 0.783ns (4.749%)  route 15.715ns (95.251%))
  Logic Levels:           2  (IBUFCTRL=1 INBUF=1)
  Clock Path Skew:        6.802ns (DCD - SCD + CPR)
    Destination Clock Delay (DCD):    6.802ns = ( 15.135 - 8.333 ) 
    Source Clock Delay      (SCD):    0.000ns
    Clock Pessimism Removal (CPR):    0.000ns
  Clock Uncertainty:      0.350ns  ((TSJ^2 + DJ^2)^1/2) / 2 + PE
    Total System Jitter     (TSJ):    0.050ns
    Discrete Jitter          (DJ):    0.226ns
    Phase Error              (PE):    0.234ns
  Clock Net Delay (Destination): 1.590ns (routing 0.309ns, distribution 1.281ns)

    Location             Delay type                Incr(ns)  Path(ns)    Netlist Resource(s)
  -------------------------------------------------------------------    -------------------
    BC40                                              0.000     0.000 r  rst_ni (IN)
                         net (fo=0)                   0.000     0.000    rst_ni_IBUF_inst/I
    BC40                 INBUF (Prop_INBUF_HPIOB_PAD_O)
                                                      0.783     0.783 r  rst_ni_IBUF_inst/INBUF_INST/O
                         net (fo=1, routed)           0.089     0.872    rst_ni_IBUF_inst/OUT
    BC40                 IBUFCTRL (Prop_IBUFCTRL_HPIOB_I_O)
                                                      0.000     0.872 r  rst_ni_IBUF_inst/IBUFCTRL_INST/O
                         net (fo=5260, routed)       15.626    16.498    cv32e40p_core_ip/core_i/id_stage_i/register_file_i/rst_ni_IBUF
    SLICE_X68Y425        LDCE                                         f  cv32e40p_core_ip/core_i/id_stage_i/register_file_i/mem_reg[11][28]/CLR  (IS_INVERTED)
  -------------------------------------------------------------------    -------------------

                         (clock clk_out1_clk_wiz_0_1 fall edge)
                                                      8.333     8.333 f  
    BC9                                               0.000     8.333 f  clk_p (IN)
                         net (fo=0)                   0.001     8.334    dutclk/inst/clkin1_ibufds/I
    HPIOBDIFFINBUF_X1Y59 DIFFINBUF (Prop_DIFFINBUF_HPIOBDIFFINBUF_DIFF_IN_P_O)
                                                      0.393     8.727 f  dutclk/inst/clkin1_ibufds/DIFFINBUF_INST/O
                         net (fo=1, routed)           0.051     8.778    dutclk/inst/clkin1_ibufds/OUT
    BC9                  IBUFCTRL (Prop_IBUFCTRL_HPIOB_I_O)
                                                      0.000     8.778 f  dutclk/inst/clkin1_ibufds/IBUFCTRL_INST/O
                         net (fo=1, routed)           0.778     9.556    dutclk/inst/clk_in1_clk_wiz_0
    MMCME3_ADV_X1Y2      MMCME3_ADV (Prop_MMCME3_ADV_CLKIN1_CLKOUT0)
                                                      0.335     9.891 f  dutclk/inst/mmcme3_adv_inst/CLKOUT0
                         net (fo=1, routed)           0.372    10.263    dutclk/inst/clk_out1_clk_wiz_0
    BUFGCE_X1Y48         BUFGCE (Prop_BUFCE_BUFGCE_I_O)
                                                      0.075    10.338 f  dutclk/inst/clkout1_buf/O
                         net (fo=3482, routed)        2.451    12.789    cv32e40p_core_ip/core_i/id_stage_i/register_file_i/CG_WE_GLOBAL/clk_out1
    SLICE_X56Y395        LUT4 (Prop_G6LUT_SLICEL_I0_O)
                                                      0.102    12.891 f  cv32e40p_core_ip/core_i/id_stage_i/register_file_i/CG_WE_GLOBAL/mem_reg[11][31]_i_3/O
                         net (fo=1, routed)           0.579    13.470    cv32e40p_core_ip_n_88
    BUFGCE_X0Y157        BUFGCE (Prop_BUFCE_BUFGCE_I_O)
                                                      0.075    13.545 f  mem_reg[11][31]_i_2/O
    X2Y6 (CLOCK_ROOT)    net (fo=32, routed)          1.590    15.135    cv32e40p_core_ip/core_i/id_stage_i/register_file_i/alu_operand_a_ex_o[0]_i_27_3[0]
    SLICE_X68Y425        LDCE                                         f  cv32e40p_core_ip/core_i/id_stage_i/register_file_i/mem_reg[11][28]/G

Slack:                    inf
  Source:                 rst_ni
                            (input port)
  Destination:            cv32e40p_core_ip/core_i/id_stage_i/register_file_i/mem_reg[12][24]/CLR
                            (recovery check against falling-edge clock clk_out1_clk_wiz_0_1  {rise@0.000ns fall@8.333ns period=16.667ns})
  Path Group:             (none)
  Path Type:              Recovery (Max at Slow Process Corner)
  Data Path Delay:        16.488ns  (logic 0.783ns (4.752%)  route 15.705ns (95.248%))
  Logic Levels:           2  (IBUFCTRL=1 INBUF=1)
  Clock Path Skew:        6.758ns (DCD - SCD + CPR)
    Destination Clock Delay (DCD):    6.758ns = ( 15.091 - 8.333 ) 
    Source Clock Delay      (SCD):    0.000ns
    Clock Pessimism Removal (CPR):    0.000ns
  Clock Uncertainty:      0.350ns  ((TSJ^2 + DJ^2)^1/2) / 2 + PE
    Total System Jitter     (TSJ):    0.050ns
    Discrete Jitter          (DJ):    0.226ns
    Phase Error              (PE):    0.234ns
  Clock Net Delay (Destination): 1.595ns (routing 0.309ns, distribution 1.286ns)

    Location             Delay type                Incr(ns)  Path(ns)    Netlist Resource(s)
  -------------------------------------------------------------------    -------------------
    BC40                                              0.000     0.000 r  rst_ni (IN)
                         net (fo=0)                   0.000     0.000    rst_ni_IBUF_inst/I
    BC40                 INBUF (Prop_INBUF_HPIOB_PAD_O)
                                                      0.783     0.783 r  rst_ni_IBUF_inst/INBUF_INST/O
                         net (fo=1, routed)           0.089     0.872    rst_ni_IBUF_inst/OUT
    BC40                 IBUFCTRL (Prop_IBUFCTRL_HPIOB_I_O)
                                                      0.000     0.872 r  rst_ni_IBUF_inst/IBUFCTRL_INST/O
                         net (fo=5260, routed)       15.616    16.488    cv32e40p_core_ip/core_i/id_stage_i/register_file_i/rst_ni_IBUF
    SLICE_X68Y425        LDCE                                         f  cv32e40p_core_ip/core_i/id_stage_i/register_file_i/mem_reg[12][24]/CLR  (IS_INVERTED)
  -------------------------------------------------------------------    -------------------

                         (clock clk_out1_clk_wiz_0_1 fall edge)
                                                      8.333     8.333 f  
    BC9                                               0.000     8.333 f  clk_p (IN)
                         net (fo=0)                   0.001     8.334    dutclk/inst/clkin1_ibufds/I
    HPIOBDIFFINBUF_X1Y59 DIFFINBUF (Prop_DIFFINBUF_HPIOBDIFFINBUF_DIFF_IN_P_O)
                                                      0.393     8.727 f  dutclk/inst/clkin1_ibufds/DIFFINBUF_INST/O
                         net (fo=1, routed)           0.051     8.778    dutclk/inst/clkin1_ibufds/OUT
    BC9                  IBUFCTRL (Prop_IBUFCTRL_HPIOB_I_O)
                                                      0.000     8.778 f  dutclk/inst/clkin1_ibufds/IBUFCTRL_INST/O
                         net (fo=1, routed)           0.778     9.556    dutclk/inst/clk_in1_clk_wiz_0
    MMCME3_ADV_X1Y2      MMCME3_ADV (Prop_MMCME3_ADV_CLKIN1_CLKOUT0)
                                                      0.335     9.891 f  dutclk/inst/mmcme3_adv_inst/CLKOUT0
                         net (fo=1, routed)           0.372    10.263    dutclk/inst/clk_out1_clk_wiz_0
    BUFGCE_X1Y48         BUFGCE (Prop_BUFCE_BUFGCE_I_O)
                                                      0.075    10.338 f  dutclk/inst/clkout1_buf/O
                         net (fo=3482, routed)        2.446    12.784    cv32e40p_core_ip/core_i/id_stage_i/register_file_i/CG_WE_GLOBAL/clk_out1
    SLICE_X56Y395        LUT4 (Prop_D6LUT_SLICEL_I0_O)
                                                      0.058    12.842 f  cv32e40p_core_ip/core_i/id_stage_i/register_file_i/CG_WE_GLOBAL/mem_reg[12][31]_i_2/O
                         net (fo=1, routed)           0.579    13.421    cv32e40p_core_ip/core_i/id_stage_i/register_file_i/CG_WE_GLOBAL/clk_en_reg_18[0]
    BUFGCE_X0Y155        BUFGCE (Prop_BUFCE_BUFGCE_I_O)
                                                      0.075    13.496 f  cv32e40p_core_ip/core_i/id_stage_i/register_file_i/CG_WE_GLOBAL/clk_en_reg_18[0]_BUFG_inst/O
    X2Y6 (CLOCK_ROOT)    net (fo=32, routed)          1.595    15.091    cv32e40p_core_ip/core_i/id_stage_i/register_file_i/p_50_in
    SLICE_X68Y425        LDCE                                         f  cv32e40p_core_ip/core_i/id_stage_i/register_file_i/mem_reg[12][24]/G

Slack:                    inf
  Source:                 rst_ni
                            (input port)
  Destination:            cv32e40p_core_ip/core_i/id_stage_i/register_file_i/mem_reg[12][26]/CLR
                            (recovery check against falling-edge clock clk_out1_clk_wiz_0_1  {rise@0.000ns fall@8.333ns period=16.667ns})
  Path Group:             (none)
  Path Type:              Recovery (Max at Slow Process Corner)
  Data Path Delay:        16.488ns  (logic 0.783ns (4.752%)  route 15.705ns (95.248%))
  Logic Levels:           2  (IBUFCTRL=1 INBUF=1)
  Clock Path Skew:        6.758ns (DCD - SCD + CPR)
    Destination Clock Delay (DCD):    6.758ns = ( 15.091 - 8.333 ) 
    Source Clock Delay      (SCD):    0.000ns
    Clock Pessimism Removal (CPR):    0.000ns
  Clock Uncertainty:      0.350ns  ((TSJ^2 + DJ^2)^1/2) / 2 + PE
    Total System Jitter     (TSJ):    0.050ns
    Discrete Jitter          (DJ):    0.226ns
    Phase Error              (PE):    0.234ns
  Clock Net Delay (Destination): 1.595ns (routing 0.309ns, distribution 1.286ns)

    Location             Delay type                Incr(ns)  Path(ns)    Netlist Resource(s)
  -------------------------------------------------------------------    -------------------
    BC40                                              0.000     0.000 r  rst_ni (IN)
                         net (fo=0)                   0.000     0.000    rst_ni_IBUF_inst/I
    BC40                 INBUF (Prop_INBUF_HPIOB_PAD_O)
                                                      0.783     0.783 r  rst_ni_IBUF_inst/INBUF_INST/O
                         net (fo=1, routed)           0.089     0.872    rst_ni_IBUF_inst/OUT
    BC40                 IBUFCTRL (Prop_IBUFCTRL_HPIOB_I_O)
                                                      0.000     0.872 r  rst_ni_IBUF_inst/IBUFCTRL_INST/O
                         net (fo=5260, routed)       15.616    16.488    cv32e40p_core_ip/core_i/id_stage_i/register_file_i/rst_ni_IBUF
    SLICE_X68Y425        LDCE                                         f  cv32e40p_core_ip/core_i/id_stage_i/register_file_i/mem_reg[12][26]/CLR  (IS_INVERTED)
  -------------------------------------------------------------------    -------------------

                         (clock clk_out1_clk_wiz_0_1 fall edge)
                                                      8.333     8.333 f  
    BC9                                               0.000     8.333 f  clk_p (IN)
                         net (fo=0)                   0.001     8.334    dutclk/inst/clkin1_ibufds/I
    HPIOBDIFFINBUF_X1Y59 DIFFINBUF (Prop_DIFFINBUF_HPIOBDIFFINBUF_DIFF_IN_P_O)
                                                      0.393     8.727 f  dutclk/inst/clkin1_ibufds/DIFFINBUF_INST/O
                         net (fo=1, routed)           0.051     8.778    dutclk/inst/clkin1_ibufds/OUT
    BC9                  IBUFCTRL (Prop_IBUFCTRL_HPIOB_I_O)
                                                      0.000     8.778 f  dutclk/inst/clkin1_ibufds/IBUFCTRL_INST/O
                         net (fo=1, routed)           0.778     9.556    dutclk/inst/clk_in1_clk_wiz_0
    MMCME3_ADV_X1Y2      MMCME3_ADV (Prop_MMCME3_ADV_CLKIN1_CLKOUT0)
                                                      0.335     9.891 f  dutclk/inst/mmcme3_adv_inst/CLKOUT0
                         net (fo=1, routed)           0.372    10.263    dutclk/inst/clk_out1_clk_wiz_0
    BUFGCE_X1Y48         BUFGCE (Prop_BUFCE_BUFGCE_I_O)
                                                      0.075    10.338 f  dutclk/inst/clkout1_buf/O
                         net (fo=3482, routed)        2.446    12.784    cv32e40p_core_ip/core_i/id_stage_i/register_file_i/CG_WE_GLOBAL/clk_out1
    SLICE_X56Y395        LUT4 (Prop_D6LUT_SLICEL_I0_O)
                                                      0.058    12.842 f  cv32e40p_core_ip/core_i/id_stage_i/register_file_i/CG_WE_GLOBAL/mem_reg[12][31]_i_2/O
                         net (fo=1, routed)           0.579    13.421    cv32e40p_core_ip/core_i/id_stage_i/register_file_i/CG_WE_GLOBAL/clk_en_reg_18[0]
    BUFGCE_X0Y155        BUFGCE (Prop_BUFCE_BUFGCE_I_O)
                                                      0.075    13.496 f  cv32e40p_core_ip/core_i/id_stage_i/register_file_i/CG_WE_GLOBAL/clk_en_reg_18[0]_BUFG_inst/O
    X2Y6 (CLOCK_ROOT)    net (fo=32, routed)          1.595    15.091    cv32e40p_core_ip/core_i/id_stage_i/register_file_i/p_50_in
    SLICE_X68Y425        LDCE                                         f  cv32e40p_core_ip/core_i/id_stage_i/register_file_i/mem_reg[12][26]/G

Slack:                    inf
  Source:                 rst_ni
                            (input port)
  Destination:            cv32e40p_core_ip/core_i/id_stage_i/register_file_i/mem_reg[12][28]/CLR
                            (recovery check against falling-edge clock clk_out1_clk_wiz_0_1  {rise@0.000ns fall@8.333ns period=16.667ns})
  Path Group:             (none)
  Path Type:              Recovery (Max at Slow Process Corner)
  Data Path Delay:        16.488ns  (logic 0.783ns (4.752%)  route 15.705ns (95.248%))
  Logic Levels:           2  (IBUFCTRL=1 INBUF=1)
  Clock Path Skew:        6.758ns (DCD - SCD + CPR)
    Destination Clock Delay (DCD):    6.758ns = ( 15.091 - 8.333 ) 
    Source Clock Delay      (SCD):    0.000ns
    Clock Pessimism Removal (CPR):    0.000ns
  Clock Uncertainty:      0.350ns  ((TSJ^2 + DJ^2)^1/2) / 2 + PE
    Total System Jitter     (TSJ):    0.050ns
    Discrete Jitter          (DJ):    0.226ns
    Phase Error              (PE):    0.234ns
  Clock Net Delay (Destination): 1.595ns (routing 0.309ns, distribution 1.286ns)

    Location             Delay type                Incr(ns)  Path(ns)    Netlist Resource(s)
  -------------------------------------------------------------------    -------------------
    BC40                                              0.000     0.000 r  rst_ni (IN)
                         net (fo=0)                   0.000     0.000    rst_ni_IBUF_inst/I
    BC40                 INBUF (Prop_INBUF_HPIOB_PAD_O)
                                                      0.783     0.783 r  rst_ni_IBUF_inst/INBUF_INST/O
                         net (fo=1, routed)           0.089     0.872    rst_ni_IBUF_inst/OUT
    BC40                 IBUFCTRL (Prop_IBUFCTRL_HPIOB_I_O)
                                                      0.000     0.872 r  rst_ni_IBUF_inst/IBUFCTRL_INST/O
                         net (fo=5260, routed)       15.616    16.488    cv32e40p_core_ip/core_i/id_stage_i/register_file_i/rst_ni_IBUF
    SLICE_X68Y425        LDCE                                         f  cv32e40p_core_ip/core_i/id_stage_i/register_file_i/mem_reg[12][28]/CLR  (IS_INVERTED)
  -------------------------------------------------------------------    -------------------

                         (clock clk_out1_clk_wiz_0_1 fall edge)
                                                      8.333     8.333 f  
    BC9                                               0.000     8.333 f  clk_p (IN)
                         net (fo=0)                   0.001     8.334    dutclk/inst/clkin1_ibufds/I
    HPIOBDIFFINBUF_X1Y59 DIFFINBUF (Prop_DIFFINBUF_HPIOBDIFFINBUF_DIFF_IN_P_O)
                                                      0.393     8.727 f  dutclk/inst/clkin1_ibufds/DIFFINBUF_INST/O
                         net (fo=1, routed)           0.051     8.778    dutclk/inst/clkin1_ibufds/OUT
    BC9                  IBUFCTRL (Prop_IBUFCTRL_HPIOB_I_O)
                                                      0.000     8.778 f  dutclk/inst/clkin1_ibufds/IBUFCTRL_INST/O
                         net (fo=1, routed)           0.778     9.556    dutclk/inst/clk_in1_clk_wiz_0
    MMCME3_ADV_X1Y2      MMCME3_ADV (Prop_MMCME3_ADV_CLKIN1_CLKOUT0)
                                                      0.335     9.891 f  dutclk/inst/mmcme3_adv_inst/CLKOUT0
                         net (fo=1, routed)           0.372    10.263    dutclk/inst/clk_out1_clk_wiz_0
    BUFGCE_X1Y48         BUFGCE (Prop_BUFCE_BUFGCE_I_O)
                                                      0.075    10.338 f  dutclk/inst/clkout1_buf/O
                         net (fo=3482, routed)        2.446    12.784    cv32e40p_core_ip/core_i/id_stage_i/register_file_i/CG_WE_GLOBAL/clk_out1
    SLICE_X56Y395        LUT4 (Prop_D6LUT_SLICEL_I0_O)
                                                      0.058    12.842 f  cv32e40p_core_ip/core_i/id_stage_i/register_file_i/CG_WE_GLOBAL/mem_reg[12][31]_i_2/O
                         net (fo=1, routed)           0.579    13.421    cv32e40p_core_ip/core_i/id_stage_i/register_file_i/CG_WE_GLOBAL/clk_en_reg_18[0]
    BUFGCE_X0Y155        BUFGCE (Prop_BUFCE_BUFGCE_I_O)
                                                      0.075    13.496 f  cv32e40p_core_ip/core_i/id_stage_i/register_file_i/CG_WE_GLOBAL/clk_en_reg_18[0]_BUFG_inst/O
    X2Y6 (CLOCK_ROOT)    net (fo=32, routed)          1.595    15.091    cv32e40p_core_ip/core_i/id_stage_i/register_file_i/p_50_in
    SLICE_X68Y425        LDCE                                         f  cv32e40p_core_ip/core_i/id_stage_i/register_file_i/mem_reg[12][28]/G





Min Delay Paths
--------------------------------------------------------------------------------------
Slack:                    inf
  Source:                 qspi_data_io[2]
                            (input port)
  Destination:            qspi/qspi_iface_dut/buffer_reg[2]/D
                            (rising edge-triggered cell FDRE clocked by clk_out1_clk_wiz_0_1  {rise@0.000ns fall@8.333ns period=16.667ns})
  Path Group:             (none)
  Path Type:              Hold (Min at Fast Process Corner)
  Data Path Delay:        1.702ns  (logic 0.273ns (16.027%)  route 1.429ns (83.973%))
  Logic Levels:           4  (IBUFCTRL=1 INBUF=1 LUT4=1 LUT6=1)
  Clock Path Skew:        2.540ns (DCD - SCD - CPR)
    Destination Clock Delay (DCD):    2.540ns
    Source Clock Delay      (SCD):    0.000ns
    Clock Pessimism Removal (CPR):    -0.000ns
  Clock Net Delay (Destination): 1.474ns (routing 0.701ns, distribution 0.773ns)

    Location             Delay type                Incr(ns)  Path(ns)    Netlist Resource(s)
  -------------------------------------------------------------------    -------------------
    J20                                               0.000     0.000 r  qspi_data_io[2] (INOUT)
                         net (fo=1, unset)            0.000     0.000    io_buf2/IO
    J20                  INBUF (Prop_INBUF_HPIOB_PAD_O)
                                                      0.157     0.157 r  io_buf2/INBUF_INST/O
                         net (fo=1, routed)           0.027     0.184    io_buf2/OUT
    J20                  IBUFCTRL (Prop_IBUFCTRL_HPIOB_I_O)
                                                      0.000     0.184 r  io_buf2/IBUFCTRL_INST/O
                         net (fo=1, routed)           1.353     1.537    qspi/qspi_iface_dut/qspi_data_i[2]
    SLICE_X78Y275        LUT4 (Prop_D6LUT_SLICEL_I3_O)
                                                      0.071     1.608 f  qspi/qspi_iface_dut/buffer[2]_i_2/O
                         net (fo=1, routed)           0.034     1.642    qspi/qspi_iface_dut/buffer[2]_i_2_n_0
    SLICE_X78Y275        LUT6 (Prop_B6LUT_SLICEL_I5_O)
                                                      0.045     1.687 r  qspi/qspi_iface_dut/buffer[2]_i_1/O
                         net (fo=1, routed)           0.015     1.702    qspi/qspi_iface_dut/buffer[2]_i_1_n_0
    SLICE_X78Y275        FDRE                                         r  qspi/qspi_iface_dut/buffer_reg[2]/D
  -------------------------------------------------------------------    -------------------

                         (clock clk_out1_clk_wiz_0_1 rise edge)
                                                      0.000     0.000 r  
    BC9                                               0.000     0.000 r  clk_p (IN)
                         net (fo=0)                   0.001     0.001    dutclk/inst/clkin1_ibufds/I
    HPIOBDIFFINBUF_X1Y59 DIFFINBUF (Prop_DIFFINBUF_HPIOBDIFFINBUF_DIFF_IN_P_O)
                                                      0.527     0.528 r  dutclk/inst/clkin1_ibufds/DIFFINBUF_INST/O
                         net (fo=1, routed)           0.048     0.576    dutclk/inst/clkin1_ibufds/OUT
    BC9                  IBUFCTRL (Prop_IBUFCTRL_HPIOB_I_O)
                                                      0.000     0.576 r  dutclk/inst/clkin1_ibufds/IBUFCTRL_INST/O
                         net (fo=1, routed)           0.457     1.033    dutclk/inst/clk_in1_clk_wiz_0
    MMCME3_ADV_X1Y2      MMCME3_ADV (Prop_MMCME3_ADV_CLKIN1_CLKOUT0)
                                                     -0.207     0.826 r  dutclk/inst/mmcme3_adv_inst/CLKOUT0
                         net (fo=1, routed)           0.209     1.035    dutclk/inst/clk_out1_clk_wiz_0
    BUFGCE_X1Y48         BUFGCE (Prop_BUFCE_BUFGCE_I_O)
                                                      0.031     1.066 r  dutclk/inst/clkout1_buf/O
    X2Y5 (CLOCK_ROOT)    net (fo=3482, routed)        1.474     2.540    qspi/qspi_iface_dut/clk_out1
    SLICE_X78Y275        FDRE                                         r  qspi/qspi_iface_dut/buffer_reg[2]/C

Slack:                    inf
  Source:                 qspi_data_io[1]
                            (input port)
  Destination:            qspi/qspi_iface_dut/buffer_reg[0]/D
                            (rising edge-triggered cell FDRE clocked by clk_out1_clk_wiz_0_1  {rise@0.000ns fall@8.333ns period=16.667ns})
  Path Group:             (none)
  Path Type:              Hold (Min at Fast Process Corner)
  Data Path Delay:        1.731ns  (logic 0.239ns (13.800%)  route 1.492ns (86.200%))
  Logic Levels:           4  (IBUFCTRL=1 INBUF=1 LUT3=1 LUT6=1)
  Clock Path Skew:        2.542ns (DCD - SCD - CPR)
    Destination Clock Delay (DCD):    2.542ns
    Source Clock Delay      (SCD):    0.000ns
    Clock Pessimism Removal (CPR):    -0.000ns
  Clock Net Delay (Destination): 1.476ns (routing 0.701ns, distribution 0.775ns)

    Location             Delay type                Incr(ns)  Path(ns)    Netlist Resource(s)
  -------------------------------------------------------------------    -------------------
    N22                                               0.000     0.000 r  qspi_data_io[1] (INOUT)
                         net (fo=1, unset)            0.000     0.000    io_buf1/IO
    N22                  INBUF (Prop_INBUF_HPIOB_PAD_O)
                                                      0.131     0.131 r  io_buf1/INBUF_INST/O
                         net (fo=1, routed)           0.027     0.158    io_buf1/OUT
    N22                  IBUFCTRL (Prop_IBUFCTRL_HPIOB_I_O)
                                                      0.000     0.158 r  io_buf1/IBUFCTRL_INST/O
                         net (fo=2, routed)           1.356     1.514    qspi/qspi_iface_dut/qspi_data_i[1]
    SLICE_X78Y274        LUT6 (Prop_G6LUT_SLICEL_I1_O)
                                                      0.053     1.567 f  qspi/qspi_iface_dut/buffer[0]_i_2/O
                         net (fo=1, routed)           0.097     1.664    qspi/qspi_iface_dut/buffer[0]_i_2_n_0
    SLICE_X78Y273        LUT3 (Prop_H5LUT_SLICEL_I2_O)
                                                      0.055     1.719 r  qspi/qspi_iface_dut/buffer[0]_i_1/O
                         net (fo=1, routed)           0.012     1.731    qspi/qspi_iface_dut/buffer[0]_i_1_n_0
    SLICE_X78Y273        FDRE                                         r  qspi/qspi_iface_dut/buffer_reg[0]/D
  -------------------------------------------------------------------    -------------------

                         (clock clk_out1_clk_wiz_0_1 rise edge)
                                                      0.000     0.000 r  
    BC9                                               0.000     0.000 r  clk_p (IN)
                         net (fo=0)                   0.001     0.001    dutclk/inst/clkin1_ibufds/I
    HPIOBDIFFINBUF_X1Y59 DIFFINBUF (Prop_DIFFINBUF_HPIOBDIFFINBUF_DIFF_IN_P_O)
                                                      0.527     0.528 r  dutclk/inst/clkin1_ibufds/DIFFINBUF_INST/O
                         net (fo=1, routed)           0.048     0.576    dutclk/inst/clkin1_ibufds/OUT
    BC9                  IBUFCTRL (Prop_IBUFCTRL_HPIOB_I_O)
                                                      0.000     0.576 r  dutclk/inst/clkin1_ibufds/IBUFCTRL_INST/O
                         net (fo=1, routed)           0.457     1.033    dutclk/inst/clk_in1_clk_wiz_0
    MMCME3_ADV_X1Y2      MMCME3_ADV (Prop_MMCME3_ADV_CLKIN1_CLKOUT0)
                                                     -0.207     0.826 r  dutclk/inst/mmcme3_adv_inst/CLKOUT0
                         net (fo=1, routed)           0.209     1.035    dutclk/inst/clk_out1_clk_wiz_0
    BUFGCE_X1Y48         BUFGCE (Prop_BUFCE_BUFGCE_I_O)
                                                      0.031     1.066 r  dutclk/inst/clkout1_buf/O
    X2Y5 (CLOCK_ROOT)    net (fo=3482, routed)        1.476     2.542    qspi/qspi_iface_dut/clk_out1
    SLICE_X78Y273        FDRE                                         r  qspi/qspi_iface_dut/buffer_reg[0]/C

Slack:                    inf
  Source:                 qspi_data_io[3]
                            (input port)
  Destination:            qspi/qspi_iface_dut/buffer_reg[3]/D
                            (rising edge-triggered cell FDRE clocked by clk_out1_clk_wiz_0_1  {rise@0.000ns fall@8.333ns period=16.667ns})
  Path Group:             (none)
  Path Type:              Hold (Min at Fast Process Corner)
  Data Path Delay:        1.844ns  (logic 0.233ns (12.649%)  route 1.611ns (87.351%))
  Logic Levels:           4  (IBUFCTRL=1 INBUF=1 LUT4=1 LUT6=1)
  Clock Path Skew:        2.538ns (DCD - SCD - CPR)
    Destination Clock Delay (DCD):    2.538ns
    Source Clock Delay      (SCD):    0.000ns
    Clock Pessimism Removal (CPR):    -0.000ns
  Clock Net Delay (Destination): 1.472ns (routing 0.701ns, distribution 0.771ns)

    Location             Delay type                Incr(ns)  Path(ns)    Netlist Resource(s)
  -------------------------------------------------------------------    -------------------
    K24                                               0.000     0.000 r  qspi_data_io[3] (INOUT)
                         net (fo=1, unset)            0.000     0.000    io_buf3/IO
    K24                  INBUF (Prop_INBUF_HPIOB_PAD_O)
                                                      0.148     0.148 r  io_buf3/INBUF_INST/O
                         net (fo=1, routed)           0.027     0.175    io_buf3/OUT
    K24                  IBUFCTRL (Prop_IBUFCTRL_HPIOB_I_O)
                                                      0.000     0.175 r  io_buf3/IBUFCTRL_INST/O
                         net (fo=1, routed)           1.445     1.620    qspi/qspi_iface_dut/qspi_data_i[3]
    SLICE_X78Y275        LUT4 (Prop_G6LUT_SLICEL_I3_O)
                                                      0.070     1.690 f  qspi/qspi_iface_dut/buffer[3]_i_2/O
                         net (fo=1, routed)           0.123     1.813    qspi/qspi_iface_dut/buffer[3]_i_2_n_0
    SLICE_X78Y275        LUT6 (Prop_H6LUT_SLICEL_I5_O)
                                                      0.015     1.828 r  qspi/qspi_iface_dut/buffer[3]_i_1/O
                         net (fo=1, routed)           0.016     1.844    qspi/qspi_iface_dut/buffer[3]_i_1_n_0
    SLICE_X78Y275        FDRE                                         r  qspi/qspi_iface_dut/buffer_reg[3]/D
  -------------------------------------------------------------------    -------------------

                         (clock clk_out1_clk_wiz_0_1 rise edge)
                                                      0.000     0.000 r  
    BC9                                               0.000     0.000 r  clk_p (IN)
                         net (fo=0)                   0.001     0.001    dutclk/inst/clkin1_ibufds/I
    HPIOBDIFFINBUF_X1Y59 DIFFINBUF (Prop_DIFFINBUF_HPIOBDIFFINBUF_DIFF_IN_P_O)
                                                      0.527     0.528 r  dutclk/inst/clkin1_ibufds/DIFFINBUF_INST/O
                         net (fo=1, routed)           0.048     0.576    dutclk/inst/clkin1_ibufds/OUT
    BC9                  IBUFCTRL (Prop_IBUFCTRL_HPIOB_I_O)
                                                      0.000     0.576 r  dutclk/inst/clkin1_ibufds/IBUFCTRL_INST/O
                         net (fo=1, routed)           0.457     1.033    dutclk/inst/clk_in1_clk_wiz_0
    MMCME3_ADV_X1Y2      MMCME3_ADV (Prop_MMCME3_ADV_CLKIN1_CLKOUT0)
                                                     -0.207     0.826 r  dutclk/inst/mmcme3_adv_inst/CLKOUT0
                         net (fo=1, routed)           0.209     1.035    dutclk/inst/clk_out1_clk_wiz_0
    BUFGCE_X1Y48         BUFGCE (Prop_BUFCE_BUFGCE_I_O)
                                                      0.031     1.066 r  dutclk/inst/clkout1_buf/O
    X2Y5 (CLOCK_ROOT)    net (fo=3482, routed)        1.472     2.538    qspi/qspi_iface_dut/clk_out1
    SLICE_X78Y275        FDRE                                         r  qspi/qspi_iface_dut/buffer_reg[3]/C

Slack:                    inf
  Source:                 qspi_data_io[1]
                            (input port)
  Destination:            qspi/qspi_iface_dut/buffer_reg[1]/D
                            (rising edge-triggered cell FDRE clocked by clk_out1_clk_wiz_0_1  {rise@0.000ns fall@8.333ns period=16.667ns})
  Path Group:             (none)
  Path Type:              Hold (Min at Fast Process Corner)
  Data Path Delay:        1.855ns  (logic 0.221ns (11.907%)  route 1.634ns (88.093%))
  Logic Levels:           4  (IBUFCTRL=1 INBUF=1 LUT3=1 LUT6=1)
  Clock Path Skew:        2.542ns (DCD - SCD - CPR)
    Destination Clock Delay (DCD):    2.542ns
    Source Clock Delay      (SCD):    0.000ns
    Clock Pessimism Removal (CPR):    -0.000ns
  Clock Net Delay (Destination): 1.476ns (routing 0.701ns, distribution 0.775ns)

    Location             Delay type                Incr(ns)  Path(ns)    Netlist Resource(s)
  -------------------------------------------------------------------    -------------------
    N22                                               0.000     0.000 r  qspi_data_io[1] (INOUT)
                         net (fo=1, unset)            0.000     0.000    io_buf1/IO
    N22                  INBUF (Prop_INBUF_HPIOB_PAD_O)
                                                      0.131     0.131 r  io_buf1/INBUF_INST/O
                         net (fo=1, routed)           0.027     0.158    io_buf1/OUT
    N22                  IBUFCTRL (Prop_IBUFCTRL_HPIOB_I_O)
                                                      0.000     0.158 r  io_buf1/IBUFCTRL_INST/O
                         net (fo=2, routed)           1.396     1.554    qspi/qspi_iface_dut/qspi_data_i[1]
    SLICE_X78Y273        LUT6 (Prop_G6LUT_SLICEL_I3_O)
                                                      0.045     1.599 f  qspi/qspi_iface_dut/buffer[1]_i_2/O
                         net (fo=1, routed)           0.061     1.660    qspi/qspi_iface_dut/buffer[1]_i_2_n_0
    SLICE_X78Y273        LUT3 (Prop_D6LUT_SLICEL_I2_O)
                                                      0.045     1.705 r  qspi/qspi_iface_dut/buffer[1]_i_1/O
                         net (fo=1, routed)           0.150     1.855    qspi/qspi_iface_dut/buffer[1]_i_1_n_0
    SLICE_X78Y273        FDRE                                         r  qspi/qspi_iface_dut/buffer_reg[1]/D
  -------------------------------------------------------------------    -------------------

                         (clock clk_out1_clk_wiz_0_1 rise edge)
                                                      0.000     0.000 r  
    BC9                                               0.000     0.000 r  clk_p (IN)
                         net (fo=0)                   0.001     0.001    dutclk/inst/clkin1_ibufds/I
    HPIOBDIFFINBUF_X1Y59 DIFFINBUF (Prop_DIFFINBUF_HPIOBDIFFINBUF_DIFF_IN_P_O)
                                                      0.527     0.528 r  dutclk/inst/clkin1_ibufds/DIFFINBUF_INST/O
                         net (fo=1, routed)           0.048     0.576    dutclk/inst/clkin1_ibufds/OUT
    BC9                  IBUFCTRL (Prop_IBUFCTRL_HPIOB_I_O)
                                                      0.000     0.576 r  dutclk/inst/clkin1_ibufds/IBUFCTRL_INST/O
                         net (fo=1, routed)           0.457     1.033    dutclk/inst/clk_in1_clk_wiz_0
    MMCME3_ADV_X1Y2      MMCME3_ADV (Prop_MMCME3_ADV_CLKIN1_CLKOUT0)
                                                     -0.207     0.826 r  dutclk/inst/mmcme3_adv_inst/CLKOUT0
                         net (fo=1, routed)           0.209     1.035    dutclk/inst/clk_out1_clk_wiz_0
    BUFGCE_X1Y48         BUFGCE (Prop_BUFCE_BUFGCE_I_O)
                                                      0.031     1.066 r  dutclk/inst/clkout1_buf/O
    X2Y5 (CLOCK_ROOT)    net (fo=3482, routed)        1.476     2.542    qspi/qspi_iface_dut/clk_out1
    SLICE_X78Y273        FDRE                                         r  qspi/qspi_iface_dut/buffer_reg[1]/C

Slack:                    inf
  Source:                 rst_ni
                            (input port)
  Destination:            qspi/qspi_iface_dut/QSPI_DR4_reg[23]/R
                            (rising edge-triggered cell FDRE clocked by clk_out1_clk_wiz_0_1  {rise@0.000ns fall@8.333ns period=16.667ns})
  Path Group:             (none)
  Path Type:              Hold (Min at Fast Process Corner)
  Data Path Delay:        2.526ns  (logic 0.326ns (12.917%)  route 2.200ns (87.083%))
  Logic Levels:           2  (IBUFCTRL=1 INBUF=1)
  Clock Path Skew:        2.541ns (DCD - SCD - CPR)
    Destination Clock Delay (DCD):    2.541ns
    Source Clock Delay      (SCD):    0.000ns
    Clock Pessimism Removal (CPR):    -0.000ns
  Clock Net Delay (Destination): 1.475ns (routing 0.701ns, distribution 0.774ns)

    Location             Delay type                Incr(ns)  Path(ns)    Netlist Resource(s)
  -------------------------------------------------------------------    -------------------
    BC40                                              0.000     0.000 f  rst_ni (IN)
                         net (fo=0)                   0.000     0.000    rst_ni_IBUF_inst/I
    BC40                 INBUF (Prop_INBUF_HPIOB_PAD_O)
                                                      0.326     0.326 f  rst_ni_IBUF_inst/INBUF_INST/O
                         net (fo=1, routed)           0.027     0.353    rst_ni_IBUF_inst/OUT
    BC40                 IBUFCTRL (Prop_IBUFCTRL_HPIOB_I_O)
                                                      0.000     0.353 f  rst_ni_IBUF_inst/IBUFCTRL_INST/O
                         net (fo=5260, routed)        2.173     2.526    qspi/qspi_iface_dut/QSPI_CCR_reg[16]_rep__1_0
    SLICE_X77Y250        FDRE                                         r  qspi/qspi_iface_dut/QSPI_DR4_reg[23]/R  (IS_INVERTED)
  -------------------------------------------------------------------    -------------------

                         (clock clk_out1_clk_wiz_0_1 rise edge)
                                                      0.000     0.000 r  
    BC9                                               0.000     0.000 r  clk_p (IN)
                         net (fo=0)                   0.001     0.001    dutclk/inst/clkin1_ibufds/I
    HPIOBDIFFINBUF_X1Y59 DIFFINBUF (Prop_DIFFINBUF_HPIOBDIFFINBUF_DIFF_IN_P_O)
                                                      0.527     0.528 r  dutclk/inst/clkin1_ibufds/DIFFINBUF_INST/O
                         net (fo=1, routed)           0.048     0.576    dutclk/inst/clkin1_ibufds/OUT
    BC9                  IBUFCTRL (Prop_IBUFCTRL_HPIOB_I_O)
                                                      0.000     0.576 r  dutclk/inst/clkin1_ibufds/IBUFCTRL_INST/O
                         net (fo=1, routed)           0.457     1.033    dutclk/inst/clk_in1_clk_wiz_0
    MMCME3_ADV_X1Y2      MMCME3_ADV (Prop_MMCME3_ADV_CLKIN1_CLKOUT0)
                                                     -0.207     0.826 r  dutclk/inst/mmcme3_adv_inst/CLKOUT0
                         net (fo=1, routed)           0.209     1.035    dutclk/inst/clk_out1_clk_wiz_0
    BUFGCE_X1Y48         BUFGCE (Prop_BUFCE_BUFGCE_I_O)
                                                      0.031     1.066 r  dutclk/inst/clkout1_buf/O
    X2Y5 (CLOCK_ROOT)    net (fo=3482, routed)        1.475     2.541    qspi/qspi_iface_dut/clk_out1
    SLICE_X77Y250        FDRE                                         r  qspi/qspi_iface_dut/QSPI_DR4_reg[23]/C

Slack:                    inf
  Source:                 rst_ni
                            (input port)
  Destination:            qspi/qspi_iface_dut/QSPI_DR4_reg[7]/R
                            (rising edge-triggered cell FDRE clocked by clk_out1_clk_wiz_0_1  {rise@0.000ns fall@8.333ns period=16.667ns})
  Path Group:             (none)
  Path Type:              Hold (Min at Fast Process Corner)
  Data Path Delay:        2.532ns  (logic 0.326ns (12.886%)  route 2.206ns (87.114%))
  Logic Levels:           2  (IBUFCTRL=1 INBUF=1)
  Clock Path Skew:        2.544ns (DCD - SCD - CPR)
    Destination Clock Delay (DCD):    2.544ns
    Source Clock Delay      (SCD):    0.000ns
    Clock Pessimism Removal (CPR):    -0.000ns
  Clock Net Delay (Destination): 1.478ns (routing 0.701ns, distribution 0.777ns)

    Location             Delay type                Incr(ns)  Path(ns)    Netlist Resource(s)
  -------------------------------------------------------------------    -------------------
    BC40                                              0.000     0.000 f  rst_ni (IN)
                         net (fo=0)                   0.000     0.000    rst_ni_IBUF_inst/I
    BC40                 INBUF (Prop_INBUF_HPIOB_PAD_O)
                                                      0.326     0.326 f  rst_ni_IBUF_inst/INBUF_INST/O
                         net (fo=1, routed)           0.027     0.353    rst_ni_IBUF_inst/OUT
    BC40                 IBUFCTRL (Prop_IBUFCTRL_HPIOB_I_O)
                                                      0.000     0.353 f  rst_ni_IBUF_inst/IBUFCTRL_INST/O
                         net (fo=5260, routed)        2.179     2.532    qspi/qspi_iface_dut/QSPI_CCR_reg[16]_rep__1_0
    SLICE_X77Y250        FDRE                                         r  qspi/qspi_iface_dut/QSPI_DR4_reg[7]/R  (IS_INVERTED)
  -------------------------------------------------------------------    -------------------

                         (clock clk_out1_clk_wiz_0_1 rise edge)
                                                      0.000     0.000 r  
    BC9                                               0.000     0.000 r  clk_p (IN)
                         net (fo=0)                   0.001     0.001    dutclk/inst/clkin1_ibufds/I
    HPIOBDIFFINBUF_X1Y59 DIFFINBUF (Prop_DIFFINBUF_HPIOBDIFFINBUF_DIFF_IN_P_O)
                                                      0.527     0.528 r  dutclk/inst/clkin1_ibufds/DIFFINBUF_INST/O
                         net (fo=1, routed)           0.048     0.576    dutclk/inst/clkin1_ibufds/OUT
    BC9                  IBUFCTRL (Prop_IBUFCTRL_HPIOB_I_O)
                                                      0.000     0.576 r  dutclk/inst/clkin1_ibufds/IBUFCTRL_INST/O
                         net (fo=1, routed)           0.457     1.033    dutclk/inst/clk_in1_clk_wiz_0
    MMCME3_ADV_X1Y2      MMCME3_ADV (Prop_MMCME3_ADV_CLKIN1_CLKOUT0)
                                                     -0.207     0.826 r  dutclk/inst/mmcme3_adv_inst/CLKOUT0
                         net (fo=1, routed)           0.209     1.035    dutclk/inst/clk_out1_clk_wiz_0
    BUFGCE_X1Y48         BUFGCE (Prop_BUFCE_BUFGCE_I_O)
                                                      0.031     1.066 r  dutclk/inst/clkout1_buf/O
    X2Y5 (CLOCK_ROOT)    net (fo=3482, routed)        1.478     2.544    qspi/qspi_iface_dut/clk_out1
    SLICE_X77Y250        FDRE                                         r  qspi/qspi_iface_dut/QSPI_DR4_reg[7]/C

Slack:                    inf
  Source:                 rst_ni
                            (input port)
  Destination:            qspi/qspi_iface_dut/QSPI_DR3_reg[31]/R
                            (rising edge-triggered cell FDRE clocked by clk_out1_clk_wiz_0_1  {rise@0.000ns fall@8.333ns period=16.667ns})
  Path Group:             (none)
  Path Type:              Hold (Min at Fast Process Corner)
  Data Path Delay:        2.538ns  (logic 0.326ns (12.856%)  route 2.212ns (87.144%))
  Logic Levels:           2  (IBUFCTRL=1 INBUF=1)
  Clock Path Skew:        2.534ns (DCD - SCD - CPR)
    Destination Clock Delay (DCD):    2.534ns
    Source Clock Delay      (SCD):    0.000ns
    Clock Pessimism Removal (CPR):    -0.000ns
  Clock Net Delay (Destination): 1.468ns (routing 0.701ns, distribution 0.767ns)

    Location             Delay type                Incr(ns)  Path(ns)    Netlist Resource(s)
  -------------------------------------------------------------------    -------------------
    BC40                                              0.000     0.000 f  rst_ni (IN)
                         net (fo=0)                   0.000     0.000    rst_ni_IBUF_inst/I
    BC40                 INBUF (Prop_INBUF_HPIOB_PAD_O)
                                                      0.326     0.326 f  rst_ni_IBUF_inst/INBUF_INST/O
                         net (fo=1, routed)           0.027     0.353    rst_ni_IBUF_inst/OUT
    BC40                 IBUFCTRL (Prop_IBUFCTRL_HPIOB_I_O)
                                                      0.000     0.353 f  rst_ni_IBUF_inst/IBUFCTRL_INST/O
                         net (fo=5260, routed)        2.185     2.538    qspi/qspi_iface_dut/QSPI_CCR_reg[16]_rep__1_0
    SLICE_X78Y250        FDRE                                         r  qspi/qspi_iface_dut/QSPI_DR3_reg[31]/R  (IS_INVERTED)
  -------------------------------------------------------------------    -------------------

                         (clock clk_out1_clk_wiz_0_1 rise edge)
                                                      0.000     0.000 r  
    BC9                                               0.000     0.000 r  clk_p (IN)
                         net (fo=0)                   0.001     0.001    dutclk/inst/clkin1_ibufds/I
    HPIOBDIFFINBUF_X1Y59 DIFFINBUF (Prop_DIFFINBUF_HPIOBDIFFINBUF_DIFF_IN_P_O)
                                                      0.527     0.528 r  dutclk/inst/clkin1_ibufds/DIFFINBUF_INST/O
                         net (fo=1, routed)           0.048     0.576    dutclk/inst/clkin1_ibufds/OUT
    BC9                  IBUFCTRL (Prop_IBUFCTRL_HPIOB_I_O)
                                                      0.000     0.576 r  dutclk/inst/clkin1_ibufds/IBUFCTRL_INST/O
                         net (fo=1, routed)           0.457     1.033    dutclk/inst/clk_in1_clk_wiz_0
    MMCME3_ADV_X1Y2      MMCME3_ADV (Prop_MMCME3_ADV_CLKIN1_CLKOUT0)
                                                     -0.207     0.826 r  dutclk/inst/mmcme3_adv_inst/CLKOUT0
                         net (fo=1, routed)           0.209     1.035    dutclk/inst/clk_out1_clk_wiz_0
    BUFGCE_X1Y48         BUFGCE (Prop_BUFCE_BUFGCE_I_O)
                                                      0.031     1.066 r  dutclk/inst/clkout1_buf/O
    X2Y5 (CLOCK_ROOT)    net (fo=3482, routed)        1.468     2.534    qspi/qspi_iface_dut/clk_out1
    SLICE_X78Y250        FDRE                                         r  qspi/qspi_iface_dut/QSPI_DR3_reg[31]/C

Slack:                    inf
  Source:                 rst_ni
                            (input port)
  Destination:            qspi/qspi_iface_dut/QSPI_DR3_reg[15]/R
                            (rising edge-triggered cell FDRE clocked by clk_out1_clk_wiz_0_1  {rise@0.000ns fall@8.333ns period=16.667ns})
  Path Group:             (none)
  Path Type:              Hold (Min at Fast Process Corner)
  Data Path Delay:        2.597ns  (logic 0.326ns (12.564%)  route 2.271ns (87.436%))
  Logic Levels:           2  (IBUFCTRL=1 INBUF=1)
  Clock Path Skew:        2.534ns (DCD - SCD - CPR)
    Destination Clock Delay (DCD):    2.534ns
    Source Clock Delay      (SCD):    0.000ns
    Clock Pessimism Removal (CPR):    -0.000ns
  Clock Net Delay (Destination): 1.468ns (routing 0.701ns, distribution 0.767ns)

    Location             Delay type                Incr(ns)  Path(ns)    Netlist Resource(s)
  -------------------------------------------------------------------    -------------------
    BC40                                              0.000     0.000 f  rst_ni (IN)
                         net (fo=0)                   0.000     0.000    rst_ni_IBUF_inst/I
    BC40                 INBUF (Prop_INBUF_HPIOB_PAD_O)
                                                      0.326     0.326 f  rst_ni_IBUF_inst/INBUF_INST/O
                         net (fo=1, routed)           0.027     0.353    rst_ni_IBUF_inst/OUT
    BC40                 IBUFCTRL (Prop_IBUFCTRL_HPIOB_I_O)
                                                      0.000     0.353 f  rst_ni_IBUF_inst/IBUFCTRL_INST/O
                         net (fo=5260, routed)        2.244     2.597    qspi/qspi_iface_dut/QSPI_CCR_reg[16]_rep__1_0
    SLICE_X78Y251        FDRE                                         r  qspi/qspi_iface_dut/QSPI_DR3_reg[15]/R  (IS_INVERTED)
  -------------------------------------------------------------------    -------------------

                         (clock clk_out1_clk_wiz_0_1 rise edge)
                                                      0.000     0.000 r  
    BC9                                               0.000     0.000 r  clk_p (IN)
                         net (fo=0)                   0.001     0.001    dutclk/inst/clkin1_ibufds/I
    HPIOBDIFFINBUF_X1Y59 DIFFINBUF (Prop_DIFFINBUF_HPIOBDIFFINBUF_DIFF_IN_P_O)
                                                      0.527     0.528 r  dutclk/inst/clkin1_ibufds/DIFFINBUF_INST/O
                         net (fo=1, routed)           0.048     0.576    dutclk/inst/clkin1_ibufds/OUT
    BC9                  IBUFCTRL (Prop_IBUFCTRL_HPIOB_I_O)
                                                      0.000     0.576 r  dutclk/inst/clkin1_ibufds/IBUFCTRL_INST/O
                         net (fo=1, routed)           0.457     1.033    dutclk/inst/clk_in1_clk_wiz_0
    MMCME3_ADV_X1Y2      MMCME3_ADV (Prop_MMCME3_ADV_CLKIN1_CLKOUT0)
                                                     -0.207     0.826 r  dutclk/inst/mmcme3_adv_inst/CLKOUT0
                         net (fo=1, routed)           0.209     1.035    dutclk/inst/clk_out1_clk_wiz_0
    BUFGCE_X1Y48         BUFGCE (Prop_BUFCE_BUFGCE_I_O)
                                                      0.031     1.066 r  dutclk/inst/clkout1_buf/O
    X2Y5 (CLOCK_ROOT)    net (fo=3482, routed)        1.468     2.534    qspi/qspi_iface_dut/clk_out1
    SLICE_X78Y251        FDRE                                         r  qspi/qspi_iface_dut/QSPI_DR3_reg[15]/C

Slack:                    inf
  Source:                 rst_ni
                            (input port)
  Destination:            qspi/qspi_iface_dut/QSPI_DR5_reg[15]/R
                            (rising edge-triggered cell FDRE clocked by clk_out1_clk_wiz_0_1  {rise@0.000ns fall@8.333ns period=16.667ns})
  Path Group:             (none)
  Path Type:              Hold (Min at Fast Process Corner)
  Data Path Delay:        2.641ns  (logic 0.326ns (12.354%)  route 2.315ns (87.646%))
  Logic Levels:           2  (IBUFCTRL=1 INBUF=1)
  Clock Path Skew:        2.539ns (DCD - SCD - CPR)
    Destination Clock Delay (DCD):    2.539ns
    Source Clock Delay      (SCD):    0.000ns
    Clock Pessimism Removal (CPR):    -0.000ns
  Clock Net Delay (Destination): 1.473ns (routing 0.701ns, distribution 0.772ns)

    Location             Delay type                Incr(ns)  Path(ns)    Netlist Resource(s)
  -------------------------------------------------------------------    -------------------
    BC40                                              0.000     0.000 f  rst_ni (IN)
                         net (fo=0)                   0.000     0.000    rst_ni_IBUF_inst/I
    BC40                 INBUF (Prop_INBUF_HPIOB_PAD_O)
                                                      0.326     0.326 f  rst_ni_IBUF_inst/INBUF_INST/O
                         net (fo=1, routed)           0.027     0.353    rst_ni_IBUF_inst/OUT
    BC40                 IBUFCTRL (Prop_IBUFCTRL_HPIOB_I_O)
                                                      0.000     0.353 f  rst_ni_IBUF_inst/IBUFCTRL_INST/O
                         net (fo=5260, routed)        2.288     2.641    qspi/qspi_iface_dut/QSPI_CCR_reg[16]_rep__1_0
    SLICE_X76Y255        FDRE                                         r  qspi/qspi_iface_dut/QSPI_DR5_reg[15]/R  (IS_INVERTED)
  -------------------------------------------------------------------    -------------------

                         (clock clk_out1_clk_wiz_0_1 rise edge)
                                                      0.000     0.000 r  
    BC9                                               0.000     0.000 r  clk_p (IN)
                         net (fo=0)                   0.001     0.001    dutclk/inst/clkin1_ibufds/I
    HPIOBDIFFINBUF_X1Y59 DIFFINBUF (Prop_DIFFINBUF_HPIOBDIFFINBUF_DIFF_IN_P_O)
                                                      0.527     0.528 r  dutclk/inst/clkin1_ibufds/DIFFINBUF_INST/O
                         net (fo=1, routed)           0.048     0.576    dutclk/inst/clkin1_ibufds/OUT
    BC9                  IBUFCTRL (Prop_IBUFCTRL_HPIOB_I_O)
                                                      0.000     0.576 r  dutclk/inst/clkin1_ibufds/IBUFCTRL_INST/O
                         net (fo=1, routed)           0.457     1.033    dutclk/inst/clk_in1_clk_wiz_0
    MMCME3_ADV_X1Y2      MMCME3_ADV (Prop_MMCME3_ADV_CLKIN1_CLKOUT0)
                                                     -0.207     0.826 r  dutclk/inst/mmcme3_adv_inst/CLKOUT0
                         net (fo=1, routed)           0.209     1.035    dutclk/inst/clk_out1_clk_wiz_0
    BUFGCE_X1Y48         BUFGCE (Prop_BUFCE_BUFGCE_I_O)
                                                      0.031     1.066 r  dutclk/inst/clkout1_buf/O
    X2Y5 (CLOCK_ROOT)    net (fo=3482, routed)        1.473     2.539    qspi/qspi_iface_dut/clk_out1
    SLICE_X76Y255        FDRE                                         r  qspi/qspi_iface_dut/QSPI_DR5_reg[15]/C

Slack:                    inf
  Source:                 rst_ni
                            (input port)
  Destination:            qspi/qspi_iface_dut/QSPI_DR3_reg[16]/R
                            (rising edge-triggered cell FDRE clocked by clk_out1_clk_wiz_0_1  {rise@0.000ns fall@8.333ns period=16.667ns})
  Path Group:             (none)
  Path Type:              Hold (Min at Fast Process Corner)
  Data Path Delay:        2.643ns  (logic 0.326ns (12.345%)  route 2.317ns (87.655%))
  Logic Levels:           2  (IBUFCTRL=1 INBUF=1)
  Clock Path Skew:        2.542ns (DCD - SCD - CPR)
    Destination Clock Delay (DCD):    2.542ns
    Source Clock Delay      (SCD):    0.000ns
    Clock Pessimism Removal (CPR):    -0.000ns
  Clock Net Delay (Destination): 1.476ns (routing 0.701ns, distribution 0.775ns)

    Location             Delay type                Incr(ns)  Path(ns)    Netlist Resource(s)
  -------------------------------------------------------------------    -------------------
    BC40                                              0.000     0.000 f  rst_ni (IN)
                         net (fo=0)                   0.000     0.000    rst_ni_IBUF_inst/I
    BC40                 INBUF (Prop_INBUF_HPIOB_PAD_O)
                                                      0.326     0.326 f  rst_ni_IBUF_inst/INBUF_INST/O
                         net (fo=1, routed)           0.027     0.353    rst_ni_IBUF_inst/OUT
    BC40                 IBUFCTRL (Prop_IBUFCTRL_HPIOB_I_O)
                                                      0.000     0.353 f  rst_ni_IBUF_inst/IBUFCTRL_INST/O
                         net (fo=5260, routed)        2.290     2.643    qspi/qspi_iface_dut/QSPI_CCR_reg[16]_rep__1_0
    SLICE_X77Y255        FDRE                                         r  qspi/qspi_iface_dut/QSPI_DR3_reg[16]/R  (IS_INVERTED)
  -------------------------------------------------------------------    -------------------

                         (clock clk_out1_clk_wiz_0_1 rise edge)
                                                      0.000     0.000 r  
    BC9                                               0.000     0.000 r  clk_p (IN)
                         net (fo=0)                   0.001     0.001    dutclk/inst/clkin1_ibufds/I
    HPIOBDIFFINBUF_X1Y59 DIFFINBUF (Prop_DIFFINBUF_HPIOBDIFFINBUF_DIFF_IN_P_O)
                                                      0.527     0.528 r  dutclk/inst/clkin1_ibufds/DIFFINBUF_INST/O
                         net (fo=1, routed)           0.048     0.576    dutclk/inst/clkin1_ibufds/OUT
    BC9                  IBUFCTRL (Prop_IBUFCTRL_HPIOB_I_O)
                                                      0.000     0.576 r  dutclk/inst/clkin1_ibufds/IBUFCTRL_INST/O
                         net (fo=1, routed)           0.457     1.033    dutclk/inst/clk_in1_clk_wiz_0
    MMCME3_ADV_X1Y2      MMCME3_ADV (Prop_MMCME3_ADV_CLKIN1_CLKOUT0)
                                                     -0.207     0.826 r  dutclk/inst/mmcme3_adv_inst/CLKOUT0
                         net (fo=1, routed)           0.209     1.035    dutclk/inst/clk_out1_clk_wiz_0
    BUFGCE_X1Y48         BUFGCE (Prop_BUFCE_BUFGCE_I_O)
                                                      0.031     1.066 r  dutclk/inst/clkout1_buf/O
    X2Y5 (CLOCK_ROOT)    net (fo=3482, routed)        1.476     2.542    qspi/qspi_iface_dut/clk_out1
    SLICE_X77Y255        FDRE                                         r  qspi/qspi_iface_dut/QSPI_DR3_reg[16]/C





